
============================================================
  Stockfish UCI_Elo 1900  |  400 games  |  1.0s/move
============================================================
    1/400  Win   W:1 D:0 L:0  Score: 1.000
    2/400  Win   W:2 D:0 L:0  Score: 1.000
    3/400  Win   W:3 D:0 L:0  Score: 1.000
    4/400  Win   W:4 D:0 L:0  Score: 1.000
    5/400  Loss  W:4 D:0 L:1  Score: 0.800
    6/400  Win   W:5 D:0 L:1  Score: 0.833
    7/400  Win   W:6 D:0 L:1  Score: 0.857
    8/400  Win   W:7 D:0 L:1  Score: 0.875
    9/400  Loss  W:7 D:0 L:2  Score: 0.778
   10/400  Win   W:8 D:0 L:2  Score: 0.800
   11/400  Win   W:9 D:0 L:2  Score: 0.818
   12/400  Loss  W:9 D:0 L:3  Score: 0.750
   13/400  Loss  W:9 D:0 L:4  Score: 0.692
   14/400  Loss  W:9 D:0 L:5  Score: 0.643
   15/400  Loss  W:9 D:0 L:6  Score: 0.600
   16/400  Loss  W:9 D:0 L:7  Score: 0.562
   17/400  Loss  W:9 D:0 L:8  Score: 0.529
   18/400  Loss  W:9 D:0 L:9  Score: 0.500
   19/400  Win   W:10 D:0 L:9  Score: 0.526
   20/400  Win   W:11 D:0 L:9  Score: 0.550
   21/400  Win   W:12 D:0 L:9  Score: 0.571
   22/400  Win   W:13 D:0 L:9  Score: 0.591
   23/400  Loss  W:13 D:0 L:10  Score: 0.565
   24/400  Win   W:14 D:0 L:10  Score: 0.583
   25/400  Win   W:15 D:0 L:10  Score: 0.600
   26/400  Win   W:16 D:0 L:10  Score: 0.615
   27/400  Win   W:17 D:0 L:10  Score: 0.630
   28/400  Loss  W:17 D:0 L:11  Score: 0.607
   29/400  Win   W:18 D:0 L:11  Score: 0.621
   30/400  Loss  W:18 D:0 L:12  Score: 0.600
   31/400  Win   W:19 D:0 L:12  Score: 0.613
   32/400  Draw  W:19 D:1 L:12  Score: 0.609
   33/400  Loss  W:19 D:1 L:13  Score: 0.591
   34/400  Win   W:20 D:1 L:13  Score: 0.603
   35/400  Loss  W:20 D:1 L:14  Score: 0.586
   36/400  Loss  W:20 D:1 L:15  Score: 0.569
   37/400  Win   W:21 D:1 L:15  Score: 0.581
   38/400  Win   W:22 D:1 L:15  Score: 0.592
   39/400  Loss  W:22 D:1 L:16  Score: 0.577
   40/400  Win   W:23 D:1 L:16  Score: 0.588
   41/400  Win   W:24 D:1 L:16  Score: 0.598
   42/400  Win   W:25 D:1 L:16  Score: 0.607
   43/400  Loss  W:25 D:1 L:17  Score: 0.593
   44/400  Win   W:26 D:1 L:17  Score: 0.602
   45/400  Draw  W:26 D:2 L:17  Score: 0.600
   46/400  Win   W:27 D:2 L:17  Score: 0.609
   47/400  Loss  W:27 D:2 L:18  Score: 0.596
   48/400  Win   W:28 D:2 L:18  Score: 0.604
   49/400  Win   W:29 D:2 L:18  Score: 0.612
   50/400  Win   W:30 D:2 L:18  Score: 0.620
   51/400  Loss  W:30 D:2 L:19  Score: 0.608
   52/400  Win   W:31 D:2 L:19  Score: 0.615
   53/400  Draw  W:31 D:3 L:19  Score: 0.613
   54/400  Loss  W:31 D:3 L:20  Score: 0.602
   55/400  Loss  W:31 D:3 L:21  Score: 0.591
   56/400  Win   W:32 D:3 L:21  Score: 0.598
   57/400  Draw  W:32 D:4 L:21  Score: 0.596
   58/400  Win   W:33 D:4 L:21  Score: 0.603
   59/400  Loss  W:33 D:4 L:22  Score: 0.593
   60/400  Win   W:34 D:4 L:22  Score: 0.600
   61/400  Win   W:35 D:4 L:22  Score: 0.607
   62/400  Win   W:36 D:4 L:22  Score: 0.613
   63/400  Win   W:37 D:4 L:22  Score: 0.619
   64/400  Win   W:38 D:4 L:22  Score: 0.625
   65/400  Loss  W:38 D:4 L:23  Score: 0.615
   66/400  Loss  W:38 D:4 L:24  Score: 0.606
   67/400  Draw  W:38 D:5 L:24  Score: 0.604
   68/400  Win   W:39 D:5 L:24  Score: 0.610
   69/400  Win   W:40 D:5 L:24  Score: 0.616
   70/400  Win   W:41 D:5 L:24  Score: 0.621
   71/400  Win   W:42 D:5 L:24  Score: 0.627
   72/400  Loss  W:42 D:5 L:25  Score: 0.618
   73/400  Draw  W:42 D:6 L:25  Score: 0.616
   74/400  Win   W:43 D:6 L:25  Score: 0.622
   75/400  Loss  W:43 D:6 L:26  Score: 0.613
   76/400  Loss  W:43 D:6 L:27  Score: 0.605
   77/400  Win   W:44 D:6 L:27  Score: 0.610
   78/400  Loss  W:44 D:6 L:28  Score: 0.603
   79/400  Win   W:45 D:6 L:28  Score: 0.608
   80/400  Loss  W:45 D:6 L:29  Score: 0.600
   81/400  Win   W:46 D:6 L:29  Score: 0.605
   82/400  Loss  W:46 D:6 L:30  Score: 0.598
   83/400  Win   W:47 D:6 L:30  Score: 0.602
   84/400  Win   W:48 D:6 L:30  Score: 0.607
   85/400  Win   W:49 D:6 L:30  Score: 0.612
   86/400  Win   W:50 D:6 L:30  Score: 0.616
   87/400  Win   W:51 D:6 L:30  Score: 0.621
   88/400  Loss  W:51 D:6 L:31  Score: 0.614
   89/400  Win   W:52 D:6 L:31  Score: 0.618
   90/400  Loss  W:52 D:6 L:32  Score: 0.611
   91/400  Win   W:53 D:6 L:32  Score: 0.615
   92/400  Loss  W:53 D:6 L:33  Score: 0.609
   93/400  Loss  W:53 D:6 L:34  Score: 0.602
   94/400  Win   W:54 D:6 L:34  Score: 0.606
   95/400  Win   W:55 D:6 L:34  Score: 0.611
   96/400  Win   W:56 D:6 L:34  Score: 0.615
   97/400  Win   W:57 D:6 L:34  Score: 0.619
   98/400  Loss  W:57 D:6 L:35  Score: 0.612
   99/400  Loss  W:57 D:6 L:36  Score: 0.606
  100/400  Win   W:58 D:6 L:36  Score: 0.610
  101/400  Win   W:59 D:6 L:36  Score: 0.614
  102/400  Win   W:60 D:6 L:36  Score: 0.618
  103/400  Loss  W:60 D:6 L:37  Score: 0.612
  104/400  Loss  W:60 D:6 L:38  Score: 0.606
  105/400  Win   W:61 D:6 L:38  Score: 0.610
  106/400  Loss  W:61 D:6 L:39  Score: 0.604
  107/400  Loss  W:61 D:6 L:40  Score: 0.598
  108/400  Win   W:62 D:6 L:40  Score: 0.602
  109/400  Loss  W:62 D:6 L:41  Score: 0.596
  110/400  Win   W:63 D:6 L:41  Score: 0.600
  111/400  Win   W:64 D:6 L:41  Score: 0.604
  112/400  Loss  W:64 D:6 L:42  Score: 0.598
  113/400  Win   W:65 D:6 L:42  Score: 0.602
  114/400  Win   W:66 D:6 L:42  Score: 0.605
  115/400  Win   W:67 D:6 L:42  Score: 0.609
  116/400  Win   W:68 D:6 L:42  Score: 0.612
  117/400  Win   W:69 D:6 L:42  Score: 0.615
  118/400  Draw  W:69 D:7 L:42  Score: 0.614
  119/400  Win   W:70 D:7 L:42  Score: 0.618
  120/400  Win   W:71 D:7 L:42  Score: 0.621
  121/400  Loss  W:71 D:7 L:43  Score: 0.616
  122/400  Loss  W:71 D:7 L:44  Score: 0.611
  123/400  Win   W:72 D:7 L:44  Score: 0.614
  124/400  Win   W:73 D:7 L:44  Score: 0.617
  125/400  Win   W:74 D:7 L:44  Score: 0.620
  126/400  Loss  W:74 D:7 L:45  Score: 0.615
  127/400  Win   W:75 D:7 L:45  Score: 0.618
  128/400  Win   W:76 D:7 L:45  Score: 0.621
  129/400  Loss  W:76 D:7 L:46  Score: 0.616
  130/400  Loss  W:76 D:7 L:47  Score: 0.612
  131/400  Win   W:77 D:7 L:47  Score: 0.615
  132/400  Win   W:78 D:7 L:47  Score: 0.617
  133/400  Win   W:79 D:7 L:47  Score: 0.620
  134/400  Win   W:80 D:7 L:47  Score: 0.623
  135/400  Win   W:81 D:7 L:47  Score: 0.626
  136/400  Loss  W:81 D:7 L:48  Score: 0.621
  137/400  Win   W:82 D:7 L:48  Score: 0.624
  138/400  Win   W:83 D:7 L:48  Score: 0.627
  139/400  Win   W:84 D:7 L:48  Score: 0.629
  140/400  Loss  W:84 D:7 L:49  Score: 0.625
  141/400  Loss  W:84 D:7 L:50  Score: 0.621
  142/400  Win   W:85 D:7 L:50  Score: 0.623
  143/400  Win   W:86 D:7 L:50  Score: 0.626
  144/400  Loss  W:86 D:7 L:51  Score: 0.622
  145/400  Loss  W:86 D:7 L:52  Score: 0.617
  146/400  Win   W:87 D:7 L:52  Score: 0.620
  147/400  Loss  W:87 D:7 L:53  Score: 0.616
  148/400  Win   W:88 D:7 L:53  Score: 0.618
  149/400  Win   W:89 D:7 L:53  Score: 0.621
  150/400  Win   W:90 D:7 L:53  Score: 0.623
  151/400  Win   W:91 D:7 L:53  Score: 0.626
  152/400  Win   W:92 D:7 L:53  Score: 0.628
  153/400  Win   W:93 D:7 L:53  Score: 0.631
  154/400  Win   W:94 D:7 L:53  Score: 0.633
  155/400  Win   W:95 D:7 L:53  Score: 0.635
  156/400  Win   W:96 D:7 L:53  Score: 0.638
  157/400  Loss  W:96 D:7 L:54  Score: 0.634
  158/400  Win   W:97 D:7 L:54  Score: 0.636
  159/400  Win   W:98 D:7 L:54  Score: 0.638
  160/400  Win   W:99 D:7 L:54  Score: 0.641
  161/400  Draw  W:99 D:8 L:54  Score: 0.640
  162/400  Win   W:100 D:8 L:54  Score: 0.642
  163/400  Win   W:101 D:8 L:54  Score: 0.644
  164/400  Loss  W:101 D:8 L:55  Score: 0.640
  165/400  Win   W:102 D:8 L:55  Score: 0.642
  166/400  Win   W:103 D:8 L:55  Score: 0.645
  167/400  Loss  W:103 D:8 L:56  Score: 0.641
  168/400  Win   W:104 D:8 L:56  Score: 0.643
  169/400  Win   W:105 D:8 L:56  Score: 0.645
  170/400  Win   W:106 D:8 L:56  Score: 0.647
  171/400  Loss  W:106 D:8 L:57  Score: 0.643
  172/400  Win   W:107 D:8 L:57  Score: 0.645
  173/400  Win   W:108 D:8 L:57  Score: 0.647
  174/400  Win   W:109 D:8 L:57  Score: 0.649
  175/400  Loss  W:109 D:8 L:58  Score: 0.646
  176/400  Loss  W:109 D:8 L:59  Score: 0.642
  177/400  Win   W:110 D:8 L:59  Score: 0.644
  178/400  Win   W:111 D:8 L:59  Score: 0.646
  179/400  Loss  W:111 D:8 L:60  Score: 0.642
  180/400  Win   W:112 D:8 L:60  Score: 0.644
  181/400  Loss  W:112 D:8 L:61  Score: 0.641
  182/400  Win   W:113 D:8 L:61  Score: 0.643
  183/400  Win   W:114 D:8 L:61  Score: 0.645
  184/400  Win   W:115 D:8 L:61  Score: 0.647
  185/400  Win   W:116 D:8 L:61  Score: 0.649
  186/400  Win   W:117 D:8 L:61  Score: 0.651
  187/400  Loss  W:117 D:8 L:62  Score: 0.647
  188/400  Loss  W:117 D:8 L:63  Score: 0.644
  189/400  Win   W:118 D:8 L:63  Score: 0.646
  190/400  Loss  W:118 D:8 L:64  Score: 0.642
  191/400  Win   W:119 D:8 L:64  Score: 0.644
  192/400  Win   W:120 D:8 L:64  Score: 0.646
  193/400  Win   W:121 D:8 L:64  Score: 0.648
  194/400  Loss  W:121 D:8 L:65  Score: 0.644
  195/400  Win   W:122 D:8 L:65  Score: 0.646
  196/400  Win   W:123 D:8 L:65  Score: 0.648
  197/400  Win   W:124 D:8 L:65  Score: 0.650
  198/400  Win   W:125 D:8 L:65  Score: 0.652
  199/400  Win   W:126 D:8 L:65  Score: 0.653
  200/400  Loss  W:126 D:8 L:66  Score: 0.650
  201/400  Win   W:127 D:8 L:66  Score: 0.652
  202/400  Win   W:128 D:8 L:66  Score: 0.653
  203/400  Loss  W:128 D:8 L:67  Score: 0.650
  204/400  Loss  W:128 D:8 L:68  Score: 0.647
  205/400  Win   W:129 D:8 L:68  Score: 0.649
  206/400  Loss  W:129 D:8 L:69  Score: 0.646
  207/400  Win   W:130 D:8 L:69  Score: 0.647
  208/400  Win   W:131 D:8 L:69  Score: 0.649
  209/400  Win   W:132 D:8 L:69  Score: 0.651
  210/400  Loss  W:132 D:8 L:70  Score: 0.648
  211/400  Win   W:133 D:8 L:70  Score: 0.649
  212/400  Win   W:134 D:8 L:70  Score: 0.651
  213/400  Win   W:135 D:8 L:70  Score: 0.653
  214/400  Win   W:136 D:8 L:70  Score: 0.654
  215/400  Win   W:137 D:8 L:70  Score: 0.656
  216/400  Loss  W:137 D:8 L:71  Score: 0.653
  217/400  Win   W:138 D:8 L:71  Score: 0.654
  218/400  Loss  W:138 D:8 L:72  Score: 0.651
  219/400  Loss  W:138 D:8 L:73  Score: 0.648
  220/400  Loss  W:138 D:8 L:74  Score: 0.645
  221/400  Win   W:139 D:8 L:74  Score: 0.647
  222/400  Win   W:140 D:8 L:74  Score: 0.649
  223/400  Loss  W:140 D:8 L:75  Score: 0.646
  224/400  Loss  W:140 D:8 L:76  Score: 0.643
  225/400  Win   W:141 D:8 L:76  Score: 0.644
  226/400  Win   W:142 D:8 L:76  Score: 0.646
  227/400  Loss  W:142 D:8 L:77  Score: 0.643
  228/400  Loss  W:142 D:8 L:78  Score: 0.640
  229/400  Win   W:143 D:8 L:78  Score: 0.642
  230/400  Loss  W:143 D:8 L:79  Score: 0.639
  231/400  Loss  W:143 D:8 L:80  Score: 0.636
  232/400  Win   W:144 D:8 L:80  Score: 0.638
  233/400  Win   W:145 D:8 L:80  Score: 0.639
  234/400  Win   W:146 D:8 L:80  Score: 0.641
  235/400  Win   W:147 D:8 L:80  Score: 0.643
  236/400  Win   W:148 D:8 L:80  Score: 0.644
  237/400  Loss  W:148 D:8 L:81  Score: 0.641
  238/400  Win   W:149 D:8 L:81  Score: 0.643
  239/400  Loss  W:149 D:8 L:82  Score: 0.640
  240/400  Win   W:150 D:8 L:82  Score: 0.642
  241/400  Loss  W:150 D:8 L:83  Score: 0.639
  242/400  Loss  W:150 D:8 L:84  Score: 0.636
  243/400  Win   W:151 D:8 L:84  Score: 0.638
  244/400  Loss  W:151 D:8 L:85  Score: 0.635
  245/400  Loss  W:151 D:8 L:86  Score: 0.633
  246/400  Win   W:152 D:8 L:86  Score: 0.634
  247/400  Win   W:153 D:8 L:86  Score: 0.636
  248/400  Loss  W:153 D:8 L:87  Score: 0.633
  249/400  Win   W:154 D:8 L:87  Score: 0.635
  250/400  Draw  W:154 D:9 L:87  Score: 0.634
  251/400  Win   W:155 D:9 L:87  Score: 0.635
  252/400  Win   W:156 D:9 L:87  Score: 0.637
  253/400  Loss  W:156 D:9 L:88  Score: 0.634
  254/400  Win   W:157 D:9 L:88  Score: 0.636
  255/400  Loss  W:157 D:9 L:89  Score: 0.633
  256/400  Win   W:158 D:9 L:89  Score: 0.635
  257/400  Loss  W:158 D:9 L:90  Score: 0.632
  258/400  Loss  W:158 D:9 L:91  Score: 0.630
  259/400  Win   W:159 D:9 L:91  Score: 0.631
  260/400  Win   W:160 D:9 L:91  Score: 0.633
  261/400  Win   W:161 D:9 L:91  Score: 0.634
  262/400  Win   W:162 D:9 L:91  Score: 0.635
  263/400  Win   W:163 D:9 L:91  Score: 0.637
  264/400  Win   W:164 D:9 L:91  Score: 0.638
  265/400  Win   W:165 D:9 L:91  Score: 0.640
  266/400  Win   W:166 D:9 L:91  Score: 0.641
  267/400  Loss  W:166 D:9 L:92  Score: 0.639
  268/400  Loss  W:166 D:9 L:93  Score: 0.636
  269/400  Loss  W:166 D:9 L:94  Score: 0.634
  270/400  Win   W:167 D:9 L:94  Score: 0.635
  271/400  Win   W:168 D:9 L:94  Score: 0.637
  272/400  Loss  W:168 D:9 L:95  Score: 0.634
  273/400  Draw  W:168 D:10 L:95  Score: 0.634
  274/400  Win   W:169 D:10 L:95  Score: 0.635
  275/400  Win   W:170 D:10 L:95  Score: 0.636
  276/400  Win   W:171 D:10 L:95  Score: 0.638
  277/400  Win   W:172 D:10 L:95  Score: 0.639
  278/400  Win   W:173 D:10 L:95  Score: 0.640
  279/400  Win   W:174 D:10 L:95  Score: 0.642
  280/400  Win   W:175 D:10 L:95  Score: 0.643
  281/400  Loss  W:175 D:10 L:96  Score: 0.641
  282/400  Win   W:176 D:10 L:96  Score: 0.642
  283/400  Loss  W:176 D:10 L:97  Score: 0.640
  284/400  Win   W:177 D:10 L:97  Score: 0.641
  285/400  Win   W:178 D:10 L:97  Score: 0.642
  286/400  Win   W:179 D:10 L:97  Score: 0.643
  287/400  Win   W:180 D:10 L:97  Score: 0.645
  288/400  Win   W:181 D:10 L:97  Score: 0.646
  289/400  Loss  W:181 D:10 L:98  Score: 0.644
  290/400  Loss  W:181 D:10 L:99  Score: 0.641
  291/400  Win   W:182 D:10 L:99  Score: 0.643
  292/400  Win   W:183 D:10 L:99  Score: 0.644
  293/400  Win   W:184 D:10 L:99  Score: 0.645
  294/400  Win   W:185 D:10 L:99  Score: 0.646
  295/400  Loss  W:185 D:10 L:100  Score: 0.644
  296/400  Loss  W:185 D:10 L:101  Score: 0.642
  297/400  Loss  W:185 D:10 L:102  Score: 0.640
  298/400  Loss  W:185 D:10 L:103  Score: 0.638
  299/400  Win   W:186 D:10 L:103  Score: 0.639
  300/400  Loss  W:186 D:10 L:104  Score: 0.637
  301/400  Loss  W:186 D:10 L:105  Score: 0.635
  302/400  Win   W:187 D:10 L:105  Score: 0.636
  303/400  Win   W:188 D:10 L:105  Score: 0.637
  304/400  Loss  W:188 D:10 L:106  Score: 0.635
  305/400  Loss  W:188 D:10 L:107  Score: 0.633
  306/400  Win   W:189 D:10 L:107  Score: 0.634
  307/400  Win   W:190 D:10 L:107  Score: 0.635
  308/400  Loss  W:190 D:10 L:108  Score: 0.633
  309/400  Win   W:191 D:10 L:108  Score: 0.634
  310/400  Win   W:192 D:10 L:108  Score: 0.635
  311/400  Loss  W:192 D:10 L:109  Score: 0.633
  312/400  Win   W:193 D:10 L:109  Score: 0.635
  313/400  Loss  W:193 D:10 L:110  Score: 0.633
  314/400  Win   W:194 D:10 L:110  Score: 0.634
  315/400  Win   W:195 D:10 L:110  Score: 0.635
  316/400  Win   W:196 D:10 L:110  Score: 0.636
  317/400  Win   W:197 D:10 L:110  Score: 0.637
  318/400  Loss  W:197 D:10 L:111  Score: 0.635
  319/400  Win   W:198 D:10 L:111  Score: 0.636
  320/400  Loss  W:198 D:10 L:112  Score: 0.634
  321/400  Win   W:199 D:10 L:112  Score: 0.636
  322/400  Win   W:200 D:10 L:112  Score: 0.637
  323/400  Loss  W:200 D:10 L:113  Score: 0.635
  324/400  Loss  W:200 D:10 L:114  Score: 0.633
  325/400  Win   W:201 D:10 L:114  Score: 0.634
  326/400  Win   W:202 D:10 L:114  Score: 0.635
  327/400  Loss  W:202 D:10 L:115  Score: 0.633
  328/400  Win   W:203 D:10 L:115  Score: 0.634
  329/400  Win   W:204 D:10 L:115  Score: 0.635
  330/400  Win   W:205 D:10 L:115  Score: 0.636
  331/400  Win   W:206 D:10 L:115  Score: 0.637
  332/400  Win   W:207 D:10 L:115  Score: 0.639
  333/400  Loss  W:207 D:10 L:116  Score: 0.637
  334/400  Loss  W:207 D:10 L:117  Score: 0.635
  335/400  Draw  W:207 D:11 L:117  Score: 0.634
  336/400  Win   W:208 D:11 L:117  Score: 0.635
  337/400  Win   W:209 D:11 L:117  Score: 0.636
  338/400  Win   W:210 D:11 L:117  Score: 0.638
  339/400  Loss  W:210 D:11 L:118  Score: 0.636
  340/400  Win   W:211 D:11 L:118  Score: 0.637
  341/400  Win   W:212 D:11 L:118  Score: 0.638
  342/400  Loss  W:212 D:11 L:119  Score: 0.636
  343/400  Loss  W:212 D:11 L:120  Score: 0.634
  344/400  Win   W:213 D:11 L:120  Score: 0.635
  345/400  Loss  W:213 D:11 L:121  Score: 0.633
  346/400  Win   W:214 D:11 L:121  Score: 0.634
  347/400  Loss  W:214 D:11 L:122  Score: 0.633
  348/400  Win   W:215 D:11 L:122  Score: 0.634
  349/400  Win   W:216 D:11 L:122  Score: 0.635
  350/400  Win   W:217 D:11 L:122  Score: 0.636
  351/400  Win   W:218 D:11 L:122  Score: 0.637
  352/400  Win   W:219 D:11 L:122  Score: 0.638
  353/400  Loss  W:219 D:11 L:123  Score: 0.636
  354/400  Loss  W:219 D:11 L:124  Score: 0.634
  355/400  Win   W:220 D:11 L:124  Score: 0.635
  356/400  Win   W:221 D:11 L:124  Score: 0.636
  357/400  Loss  W:221 D:11 L:125  Score: 0.634
  358/400  Draw  W:221 D:12 L:125  Score: 0.634
  359/400  Loss  W:221 D:12 L:126  Score: 0.632
  360/400  Win   W:222 D:12 L:126  Score: 0.633
  361/400  Loss  W:222 D:12 L:127  Score: 0.632
  362/400  Win   W:223 D:12 L:127  Score: 0.633
  363/400  Loss  W:223 D:12 L:128  Score: 0.631
  364/400  Loss  W:223 D:12 L:129  Score: 0.629
  365/400  Loss  W:223 D:12 L:130  Score: 0.627
  366/400  Draw  W:223 D:13 L:130  Score: 0.627
  367/400  Win   W:224 D:13 L:130  Score: 0.628
  368/400  Win   W:225 D:13 L:130  Score: 0.629
  369/400  Loss  W:225 D:13 L:131  Score: 0.627
  370/400  Loss  W:225 D:13 L:132  Score: 0.626
  371/400  Win   W:226 D:13 L:132  Score: 0.627
  372/400  Loss  W:226 D:13 L:133  Score: 0.625
  373/400  Win   W:227 D:13 L:133  Score: 0.626
  374/400  Win   W:228 D:13 L:133  Score: 0.627
  375/400  Win   W:229 D:13 L:133  Score: 0.628
  376/400  Win   W:230 D:13 L:133  Score: 0.629
  377/400  Win   W:231 D:13 L:133  Score: 0.630
  378/400  Loss  W:231 D:13 L:134  Score: 0.628
  379/400  Win   W:232 D:13 L:134  Score: 0.629
  380/400  Win   W:233 D:13 L:134  Score: 0.630
  381/400  Loss  W:233 D:13 L:135  Score: 0.629
  382/400  Win   W:234 D:13 L:135  Score: 0.630
  383/400  Win   W:235 D:13 L:135  Score: 0.631
  384/400  Loss  W:235 D:13 L:136  Score: 0.629
  385/400  Win   W:236 D:13 L:136  Score: 0.630
  386/400  Loss  W:236 D:13 L:137  Score: 0.628
  387/400  Loss  W:236 D:13 L:138  Score: 0.627
  388/400  Win   W:237 D:13 L:138  Score: 0.628
  389/400  Win   W:238 D:13 L:138  Score: 0.629
  390/400  Win   W:239 D:13 L:138  Score: 0.629
  391/400  Loss  W:239 D:13 L:139  Score: 0.628
  392/400  Win   W:240 D:13 L:139  Score: 0.629
  393/400  Loss  W:240 D:13 L:140  Score: 0.627
  394/400  Win   W:241 D:13 L:140  Score: 0.628
  395/400  Win   W:242 D:13 L:140  Score: 0.629
  396/400  Loss  W:242 D:13 L:141  Score: 0.628
  397/400  Win   W:243 D:13 L:141  Score: 0.628
  398/400  Win   W:244 D:13 L:141  Score: 0.629
  399/400  Loss  W:244 D:13 L:142  Score: 0.628
  400/400  Loss  W:244 D:13 L:143  Score: 0.626

============================================================
  Stockfish UCI_Elo 2000  |  400 games  |  1.0s/move
============================================================
    1/400  Win   W:1 D:0 L:0  Score: 1.000
    2/400  Win   W:2 D:0 L:0  Score: 1.000
    3/400  Loss  W:2 D:0 L:1  Score: 0.667
    4/400  Win   W:3 D:0 L:1  Score: 0.750
    5/400  Win   W:4 D:0 L:1  Score: 0.800
    6/400  Win   W:5 D:0 L:1  Score: 0.833
    7/400  Win   W:6 D:0 L:1  Score: 0.857
    8/400  Win   W:7 D:0 L:1  Score: 0.875
    9/400  Win   W:8 D:0 L:1  Score: 0.889
   10/400  Loss  W:8 D:0 L:2  Score: 0.800
   11/400  Win   W:9 D:0 L:2  Score: 0.818
   12/400  Win   W:10 D:0 L:2  Score: 0.833
   13/400  Loss  W:10 D:0 L:3  Score: 0.769
   14/400  Loss  W:10 D:0 L:4  Score: 0.714
   15/400  Loss  W:10 D:0 L:5  Score: 0.667
   16/400  Loss  W:10 D:0 L:6  Score: 0.625
   17/400  Win   W:11 D:0 L:6  Score: 0.647
   18/400  Loss  W:11 D:0 L:7  Score: 0.611
   19/400  Win   W:12 D:0 L:7  Score: 0.632
   20/400  Loss  W:12 D:0 L:8  Score: 0.600
   21/400  Win   W:13 D:0 L:8  Score: 0.619
   22/400  Win   W:14 D:0 L:8  Score: 0.636
   23/400  Win   W:15 D:0 L:8  Score: 0.652
   24/400  Win   W:16 D:0 L:8  Score: 0.667
   25/400  Loss  W:16 D:0 L:9  Score: 0.640
   26/400  Win   W:17 D:0 L:9  Score: 0.654
   27/400  Loss  W:17 D:0 L:10  Score: 0.630
   28/400  Loss  W:17 D:0 L:11  Score: 0.607
   29/400  Loss  W:17 D:0 L:12  Score: 0.586
   30/400  Loss  W:17 D:0 L:13  Score: 0.567
   31/400  Draw  W:17 D:1 L:13  Score: 0.565
   32/400  Win   W:18 D:1 L:13  Score: 0.578
   33/400  Win   W:19 D:1 L:13  Score: 0.591
   34/400  Win   W:20 D:1 L:13  Score: 0.603
   35/400  Win   W:21 D:1 L:13  Score: 0.614
   36/400  Win   W:22 D:1 L:13  Score: 0.625
   37/400  Loss  W:22 D:1 L:14  Score: 0.608
   38/400  Loss  W:22 D:1 L:15  Score: 0.592
   39/400  Win   W:23 D:1 L:15  Score: 0.603
   40/400  Loss  W:23 D:1 L:16  Score: 0.588
   41/400  Loss  W:23 D:1 L:17  Score: 0.573
   42/400  Win   W:24 D:1 L:17  Score: 0.583
   43/400  Win   W:25 D:1 L:17  Score: 0.593
   44/400  Win   W:26 D:1 L:17  Score: 0.602
   45/400  Win   W:27 D:1 L:17  Score: 0.611
   46/400  Loss  W:27 D:1 L:18  Score: 0.598
   47/400  Loss  W:27 D:1 L:19  Score: 0.585
   48/400  Win   W:28 D:1 L:19  Score: 0.594
   49/400  Loss  W:28 D:1 L:20  Score: 0.582
   50/400  Win   W:29 D:1 L:20  Score: 0.590
   51/400  Loss  W:29 D:1 L:21  Score: 0.578
   52/400  Loss  W:29 D:1 L:22  Score: 0.567
   53/400  Win   W:30 D:1 L:22  Score: 0.575
   54/400  Win   W:31 D:1 L:22  Score: 0.583
   55/400  Loss  W:31 D:1 L:23  Score: 0.573
   56/400  Loss  W:31 D:1 L:24  Score: 0.562
   57/400  Loss  W:31 D:1 L:25  Score: 0.553
   58/400  Loss  W:31 D:1 L:26  Score: 0.543
   59/400  Loss  W:31 D:1 L:27  Score: 0.534
   60/400  Win   W:32 D:1 L:27  Score: 0.542
   61/400  Win   W:33 D:1 L:27  Score: 0.549
   62/400  Win   W:34 D:1 L:27  Score: 0.556
   63/400  Draw  W:34 D:2 L:27  Score: 0.556
   64/400  Win   W:35 D:2 L:27  Score: 0.562
   65/400  Loss  W:35 D:2 L:28  Score: 0.554
   66/400  Win   W:36 D:2 L:28  Score: 0.561
   67/400  Win   W:37 D:2 L:28  Score: 0.567
   68/400  Loss  W:37 D:2 L:29  Score: 0.559
   69/400  Win   W:38 D:2 L:29  Score: 0.565
   70/400  Loss  W:38 D:2 L:30  Score: 0.557
   71/400  Win   W:39 D:2 L:30  Score: 0.563
   72/400  Loss  W:39 D:2 L:31  Score: 0.556
   73/400  Win   W:40 D:2 L:31  Score: 0.562
   74/400  Win   W:41 D:2 L:31  Score: 0.568
   75/400  Win   W:42 D:2 L:31  Score: 0.573
   76/400  Win   W:43 D:2 L:31  Score: 0.579
   77/400  Win   W:44 D:2 L:31  Score: 0.584
   78/400  Win   W:45 D:2 L:31  Score: 0.590
   79/400  Win   W:46 D:2 L:31  Score: 0.595
   80/400  Win   W:47 D:2 L:31  Score: 0.600
   81/400  Loss  W:47 D:2 L:32  Score: 0.593
   82/400  Win   W:48 D:2 L:32  Score: 0.598
   83/400  Win   W:49 D:2 L:32  Score: 0.602
   84/400  Win   W:50 D:2 L:32  Score: 0.607
   85/400  Loss  W:50 D:2 L:33  Score: 0.600
   86/400  Draw  W:50 D:3 L:33  Score: 0.599
   87/400  Loss  W:50 D:3 L:34  Score: 0.592
   88/400  Win   W:51 D:3 L:34  Score: 0.597
   89/400  Loss  W:51 D:3 L:35  Score: 0.590
   90/400  Loss  W:51 D:3 L:36  Score: 0.583
   91/400  Loss  W:51 D:3 L:37  Score: 0.577
   92/400  Win   W:52 D:3 L:37  Score: 0.582
   93/400  Loss  W:52 D:3 L:38  Score: 0.575
   94/400  Loss  W:52 D:3 L:39  Score: 0.569
   95/400  Loss  W:52 D:3 L:40  Score: 0.563
   96/400  Loss  W:52 D:3 L:41  Score: 0.557
   97/400  Loss  W:52 D:3 L:42  Score: 0.552
   98/400  Loss  W:52 D:3 L:43  Score: 0.546
   99/400  Win   W:53 D:3 L:43  Score: 0.551
  100/400  Win   W:54 D:3 L:43  Score: 0.555
  101/400  Win   W:55 D:3 L:43  Score: 0.559
  102/400  Loss  W:55 D:3 L:44  Score: 0.554
  103/400  Win   W:56 D:3 L:44  Score: 0.558
  104/400  Loss  W:56 D:3 L:45  Score: 0.553
  105/400  Loss  W:56 D:3 L:46  Score: 0.548
  106/400  Win   W:57 D:3 L:46  Score: 0.552
  107/400  Loss  W:57 D:3 L:47  Score: 0.547
  108/400  Win   W:58 D:3 L:47  Score: 0.551
  109/400  Win   W:59 D:3 L:47  Score: 0.555
  110/400  Loss  W:59 D:3 L:48  Score: 0.550
  111/400  Win   W:60 D:3 L:48  Score: 0.554
  112/400  Loss  W:60 D:3 L:49  Score: 0.549
  113/400  Draw  W:60 D:4 L:49  Score: 0.549
  114/400  Loss  W:60 D:4 L:50  Score: 0.544
  115/400  Loss  W:60 D:4 L:51  Score: 0.539
  116/400  Win   W:61 D:4 L:51  Score: 0.543
  117/400  Loss  W:61 D:4 L:52  Score: 0.538
  118/400  Loss  W:61 D:4 L:53  Score: 0.534
  119/400  Win   W:62 D:4 L:53  Score: 0.538
  120/400  Loss  W:62 D:4 L:54  Score: 0.533
  121/400  Win   W:63 D:4 L:54  Score: 0.537
  122/400  Win   W:64 D:4 L:54  Score: 0.541
  123/400  Win   W:65 D:4 L:54  Score: 0.545
  124/400  Loss  W:65 D:4 L:55  Score: 0.540
  125/400  Win   W:66 D:4 L:55  Score: 0.544
  126/400  Win   W:67 D:4 L:55  Score: 0.548
  127/400  Win   W:68 D:4 L:55  Score: 0.551
  128/400  Win   W:69 D:4 L:55  Score: 0.555
  129/400  Loss  W:69 D:4 L:56  Score: 0.550
  130/400  Loss  W:69 D:4 L:57  Score: 0.546
  131/400  Win   W:70 D:4 L:57  Score: 0.550
  132/400  Loss  W:70 D:4 L:58  Score: 0.545
  133/400  Win   W:71 D:4 L:58  Score: 0.549
  134/400  Win   W:72 D:4 L:58  Score: 0.552
  135/400  Loss  W:72 D:4 L:59  Score: 0.548
  136/400  Loss  W:72 D:4 L:60  Score: 0.544
  137/400  Win   W:73 D:4 L:60  Score: 0.547
  138/400  Win   W:74 D:4 L:60  Score: 0.551
  139/400  Loss  W:74 D:4 L:61  Score: 0.547
  140/400  Win   W:75 D:4 L:61  Score: 0.550
  141/400  Loss  W:75 D:4 L:62  Score: 0.546
  142/400  Loss  W:75 D:4 L:63  Score: 0.542
  143/400  Win   W:76 D:4 L:63  Score: 0.545
  144/400  Loss  W:76 D:4 L:64  Score: 0.542
  145/400  Loss  W:76 D:4 L:65  Score: 0.538
  146/400  Loss  W:76 D:4 L:66  Score: 0.534
  147/400  Win   W:77 D:4 L:66  Score: 0.537
  148/400  Loss  W:77 D:4 L:67  Score: 0.534
  149/400  Loss  W:77 D:4 L:68  Score: 0.530
  150/400  Win   W:78 D:4 L:68  Score: 0.533
  151/400  Loss  W:78 D:4 L:69  Score: 0.530
  152/400  Win   W:79 D:4 L:69  Score: 0.533
  153/400  Win   W:80 D:4 L:69  Score: 0.536
  154/400  Loss  W:80 D:4 L:70  Score: 0.532
  155/400  Win   W:81 D:4 L:70  Score: 0.535
  156/400  Loss  W:81 D:4 L:71  Score: 0.532
  157/400  Win   W:82 D:4 L:71  Score: 0.535
  158/400  Win   W:83 D:4 L:71  Score: 0.538
  159/400  Win   W:84 D:4 L:71  Score: 0.541
  160/400  Loss  W:84 D:4 L:72  Score: 0.537
  161/400  Win   W:85 D:4 L:72  Score: 0.540
  162/400  Win   W:86 D:4 L:72  Score: 0.543
  163/400  Loss  W:86 D:4 L:73  Score: 0.540
  164/400  Win   W:87 D:4 L:73  Score: 0.543
  165/400  Loss  W:87 D:4 L:74  Score: 0.539
  166/400  Win   W:88 D:4 L:74  Score: 0.542
  167/400  Win   W:89 D:4 L:74  Score: 0.545
  168/400  Loss  W:89 D:4 L:75  Score: 0.542
  169/400  Win   W:90 D:4 L:75  Score: 0.544
  170/400  Loss  W:90 D:4 L:76  Score: 0.541
  171/400  Win   W:91 D:4 L:76  Score: 0.544
  172/400  Loss  W:91 D:4 L:77  Score: 0.541
  173/400  Loss  W:91 D:4 L:78  Score: 0.538
  174/400  Loss  W:91 D:4 L:79  Score: 0.534
  175/400  Win   W:92 D:4 L:79  Score: 0.537
  176/400  Win   W:93 D:4 L:79  Score: 0.540
  177/400  Loss  W:93 D:4 L:80  Score: 0.537
  178/400  Win   W:94 D:4 L:80  Score: 0.539
  179/400  Win   W:95 D:4 L:80  Score: 0.542
  180/400  Win   W:96 D:4 L:80  Score: 0.544
  181/400  Win   W:97 D:4 L:80  Score: 0.547
  182/400  Loss  W:97 D:4 L:81  Score: 0.544
  183/400  Loss  W:97 D:4 L:82  Score: 0.541
  184/400  Win   W:98 D:4 L:82  Score: 0.543
  185/400  Win   W:99 D:4 L:82  Score: 0.546
  186/400  Loss  W:99 D:4 L:83  Score: 0.543
  187/400  Loss  W:99 D:4 L:84  Score: 0.540
  188/400  Loss  W:99 D:4 L:85  Score: 0.537
  189/400  Win   W:100 D:4 L:85  Score: 0.540
  190/400  Draw  W:100 D:5 L:85  Score: 0.539
  191/400  Win   W:101 D:5 L:85  Score: 0.542
  192/400  Win   W:102 D:5 L:85  Score: 0.544
  193/400  Loss  W:102 D:5 L:86  Score: 0.541
  194/400  Loss  W:102 D:5 L:87  Score: 0.539
  195/400  Draw  W:102 D:6 L:87  Score: 0.538
  196/400  Win   W:103 D:6 L:87  Score: 0.541
  197/400  Draw  W:103 D:7 L:87  Score: 0.541
  198/400  Loss  W:103 D:7 L:88  Score: 0.538
  199/400  Win   W:104 D:7 L:88  Score: 0.540
  200/400  Win   W:105 D:7 L:88  Score: 0.542
  201/400  Loss  W:105 D:7 L:89  Score: 0.540
  202/400  Loss  W:105 D:7 L:90  Score: 0.537
  203/400  Win   W:106 D:7 L:90  Score: 0.539
  204/400  Win   W:107 D:7 L:90  Score: 0.542
  205/400  Loss  W:107 D:7 L:91  Score: 0.539
  206/400  Win   W:108 D:7 L:91  Score: 0.541
  207/400  Win   W:109 D:7 L:91  Score: 0.543
  208/400  Win   W:110 D:7 L:91  Score: 0.546
  209/400  Win   W:111 D:7 L:91  Score: 0.548
  210/400  Loss  W:111 D:7 L:92  Score: 0.545
  211/400  Loss  W:111 D:7 L:93  Score: 0.543
  212/400  Win   W:112 D:7 L:93  Score: 0.545
  213/400  Loss  W:112 D:7 L:94  Score: 0.542
  214/400  Win   W:113 D:7 L:94  Score: 0.544
  215/400  Win   W:114 D:7 L:94  Score: 0.547
  216/400  Win   W:115 D:7 L:94  Score: 0.549
  217/400  Loss  W:115 D:7 L:95  Score: 0.546
  218/400  Loss  W:115 D:7 L:96  Score: 0.544
  219/400  Loss  W:115 D:7 L:97  Score: 0.541
  220/400  Loss  W:115 D:7 L:98  Score: 0.539
  221/400  Win   W:116 D:7 L:98  Score: 0.541
  222/400  Loss  W:116 D:7 L:99  Score: 0.538
  223/400  Loss  W:116 D:7 L:100  Score: 0.536
  224/400  Win   W:117 D:7 L:100  Score: 0.538
  225/400  Loss  W:117 D:7 L:101  Score: 0.536
  226/400  Draw  W:117 D:8 L:101  Score: 0.535
  227/400  Loss  W:117 D:8 L:102  Score: 0.533
  228/400  Win   W:118 D:8 L:102  Score: 0.535
  229/400  Loss  W:118 D:8 L:103  Score: 0.533
  230/400  Loss  W:118 D:8 L:104  Score: 0.530
  231/400  Win   W:119 D:8 L:104  Score: 0.532
  232/400  Win   W:120 D:8 L:104  Score: 0.534
  233/400  Win   W:121 D:8 L:104  Score: 0.536
  234/400  Loss  W:121 D:8 L:105  Score: 0.534
  235/400  Loss  W:121 D:8 L:106  Score: 0.532
  236/400  Loss  W:121 D:8 L:107  Score: 0.530
  237/400  Win   W:122 D:8 L:107  Score: 0.532
  238/400  Loss  W:122 D:8 L:108  Score: 0.529
  239/400  Win   W:123 D:8 L:108  Score: 0.531
  240/400  Win   W:124 D:8 L:108  Score: 0.533
  241/400  Loss  W:124 D:8 L:109  Score: 0.531
  242/400  Loss  W:124 D:8 L:110  Score: 0.529
  243/400  Loss  W:124 D:8 L:111  Score: 0.527
  244/400  Win   W:125 D:8 L:111  Score: 0.529
  245/400  Win   W:126 D:8 L:111  Score: 0.531
  246/400  Loss  W:126 D:8 L:112  Score: 0.528
  247/400  Win   W:127 D:8 L:112  Score: 0.530
  248/400  Win   W:128 D:8 L:112  Score: 0.532
  249/400  Loss  W:128 D:8 L:113  Score: 0.530
  250/400  Win   W:129 D:8 L:113  Score: 0.532
  251/400  Loss  W:129 D:8 L:114  Score: 0.530
  252/400  Win   W:130 D:8 L:114  Score: 0.532
  253/400  Win   W:131 D:8 L:114  Score: 0.534
  254/400  Win   W:132 D:8 L:114  Score: 0.535
  255/400  Draw  W:132 D:9 L:114  Score: 0.535
  256/400  Win   W:133 D:9 L:114  Score: 0.537
  257/400  Win   W:134 D:9 L:114  Score: 0.539
  258/400  Win   W:135 D:9 L:114  Score: 0.541
  259/400  Loss  W:135 D:9 L:115  Score: 0.539
  260/400  Win   W:136 D:9 L:115  Score: 0.540
  261/400  Win   W:137 D:9 L:115  Score: 0.542
  262/400  Win   W:138 D:9 L:115  Score: 0.544
  263/400  Win   W:139 D:9 L:115  Score: 0.546
  264/400  Loss  W:139 D:9 L:116  Score: 0.544
  265/400  Win   W:140 D:9 L:116  Score: 0.545
  266/400  Win   W:141 D:9 L:116  Score: 0.547
  267/400  Draw  W:141 D:10 L:116  Score: 0.547
  268/400  Win   W:142 D:10 L:116  Score: 0.549
  269/400  Loss  W:142 D:10 L:117  Score: 0.546
  270/400  Loss  W:142 D:10 L:118  Score: 0.544
  271/400  Win   W:143 D:10 L:118  Score: 0.546
  272/400  Draw  W:143 D:11 L:118  Score: 0.546
  273/400  Loss  W:143 D:11 L:119  Score: 0.544
  274/400  Win   W:144 D:11 L:119  Score: 0.546
  275/400  Win   W:145 D:11 L:119  Score: 0.547
  276/400  Win   W:146 D:11 L:119  Score: 0.549
  277/400  Loss  W:146 D:11 L:120  Score: 0.547
  278/400  Loss  W:146 D:11 L:121  Score: 0.545
  279/400  Loss  W:146 D:11 L:122  Score: 0.543
  280/400  Win   W:147 D:11 L:122  Score: 0.545
  281/400  Loss  W:147 D:11 L:123  Score: 0.543
  282/400  Win   W:148 D:11 L:123  Score: 0.544
  283/400  Win   W:149 D:11 L:123  Score: 0.546
  284/400  Win   W:150 D:11 L:123  Score: 0.548
  285/400  Draw  W:150 D:12 L:123  Score: 0.547
  286/400  Win   W:151 D:12 L:123  Score: 0.549
  287/400  Draw  W:151 D:13 L:123  Score: 0.549
  288/400  Win   W:152 D:13 L:123  Score: 0.550
  289/400  Loss  W:152 D:13 L:124  Score: 0.548
  290/400  Win   W:153 D:13 L:124  Score: 0.550
  291/400  Win   W:154 D:13 L:124  Score: 0.552
  292/400  Loss  W:154 D:13 L:125  Score: 0.550
  293/400  Win   W:155 D:13 L:125  Score: 0.551
  294/400  Loss  W:155 D:13 L:126  Score: 0.549
  295/400  Win   W:156 D:13 L:126  Score: 0.551
  296/400  Win   W:157 D:13 L:126  Score: 0.552
  297/400  Loss  W:157 D:13 L:127  Score: 0.551
  298/400  Draw  W:157 D:14 L:127  Score: 0.550
  299/400  Win   W:158 D:14 L:127  Score: 0.552
  300/400  Win   W:159 D:14 L:127  Score: 0.553
  301/400  Win   W:160 D:14 L:127  Score: 0.555
  302/400  Win   W:161 D:14 L:127  Score: 0.556
  303/400  Win   W:162 D:14 L:127  Score: 0.558
  304/400  Win   W:163 D:14 L:127  Score: 0.559
  305/400  Loss  W:163 D:14 L:128  Score: 0.557
  306/400  Win   W:164 D:14 L:128  Score: 0.559
  307/400  Win   W:165 D:14 L:128  Score: 0.560
  308/400  Win   W:166 D:14 L:128  Score: 0.562
  309/400  Win   W:167 D:14 L:128  Score: 0.563
  310/400  Loss  W:167 D:14 L:129  Score: 0.561
  311/400  Win   W:168 D:14 L:129  Score: 0.563
  312/400  Win   W:169 D:14 L:129  Score: 0.564
  313/400  Win   W:170 D:14 L:129  Score: 0.565
  314/400  Loss  W:170 D:14 L:130  Score: 0.564
  315/400  Loss  W:170 D:14 L:131  Score: 0.562
  316/400  Loss  W:170 D:14 L:132  Score: 0.560
  317/400  Win   W:171 D:14 L:132  Score: 0.562
  318/400  Win   W:172 D:14 L:132  Score: 0.563
  319/400  Loss  W:172 D:14 L:133  Score: 0.561
  320/400  Win   W:173 D:14 L:133  Score: 0.562
  321/400  Loss  W:173 D:14 L:134  Score: 0.561
  322/400  Win   W:174 D:14 L:134  Score: 0.562
  323/400  Win   W:175 D:14 L:134  Score: 0.563
  324/400  Loss  W:175 D:14 L:135  Score: 0.562
  325/400  Draw  W:175 D:15 L:135  Score: 0.562
  326/400  Win   W:176 D:15 L:135  Score: 0.563
  327/400  Win   W:177 D:15 L:135  Score: 0.564
  328/400  Win   W:178 D:15 L:135  Score: 0.566
  329/400  Win   W:179 D:15 L:135  Score: 0.567
  330/400  Loss  W:179 D:15 L:136  Score: 0.565
  331/400  Win   W:180 D:15 L:136  Score: 0.566
  332/400  Loss  W:180 D:15 L:137  Score: 0.565
  333/400  Win   W:181 D:15 L:137  Score: 0.566
  334/400  Loss  W:181 D:15 L:138  Score: 0.564
  335/400  Loss  W:181 D:15 L:139  Score: 0.563
  336/400  Win   W:182 D:15 L:139  Score: 0.564
  337/400  Win   W:183 D:15 L:139  Score: 0.565
  338/400  Win   W:184 D:15 L:139  Score: 0.567
  339/400  Win   W:185 D:15 L:139  Score: 0.568
  340/400  Loss  W:185 D:15 L:140  Score: 0.566
  341/400  Win   W:186 D:15 L:140  Score: 0.567
  342/400  Loss  W:186 D:15 L:141  Score: 0.566
  343/400  Win   W:187 D:15 L:141  Score: 0.567
  344/400  Loss  W:187 D:15 L:142  Score: 0.565
  345/400  Loss  W:187 D:15 L:143  Score: 0.564
  346/400  Loss  W:187 D:15 L:144  Score: 0.562
  347/400  Draw  W:187 D:16 L:144  Score: 0.562
  348/400  Win   W:188 D:16 L:144  Score: 0.563
  349/400  Win   W:189 D:16 L:144  Score: 0.564
  350/400  Loss  W:189 D:16 L:145  Score: 0.563
  351/400  Win   W:190 D:16 L:145  Score: 0.564
  352/400  Draw  W:190 D:17 L:145  Score: 0.564
  353/400  Win   W:191 D:17 L:145  Score: 0.565
  354/400  Win   W:192 D:17 L:145  Score: 0.566
  355/400  Win   W:193 D:17 L:145  Score: 0.568
  356/400  Loss  W:193 D:17 L:146  Score: 0.566
  357/400  Loss  W:193 D:17 L:147  Score: 0.564
  358/400  Loss  W:193 D:17 L:148  Score: 0.563
  359/400  Loss  W:193 D:17 L:149  Score: 0.561
  360/400  Win   W:194 D:17 L:149  Score: 0.562
  361/400  Draw  W:194 D:18 L:149  Score: 0.562
  362/400  Loss  W:194 D:18 L:150  Score: 0.561
  363/400  Loss  W:194 D:18 L:151  Score: 0.559
  364/400  Loss  W:194 D:18 L:152  Score: 0.558
  365/400  Loss  W:194 D:18 L:153  Score: 0.556
  366/400  Win   W:195 D:18 L:153  Score: 0.557
  367/400  Win   W:196 D:18 L:153  Score: 0.559
  368/400  Draw  W:196 D:19 L:153  Score: 0.558
  369/400  Loss  W:196 D:19 L:154  Score: 0.557
  370/400  Win   W:197 D:19 L:154  Score: 0.558
  371/400  Draw  W:197 D:20 L:154  Score: 0.558
  372/400  Win   W:198 D:20 L:154  Score: 0.559
  373/400  Loss  W:198 D:20 L:155  Score: 0.558
  374/400  Win   W:199 D:20 L:155  Score: 0.559
  375/400  Loss  W:199 D:20 L:156  Score: 0.557
  376/400  Win   W:200 D:20 L:156  Score: 0.559
  377/400  Win   W:201 D:20 L:156  Score: 0.560
  378/400  Loss  W:201 D:20 L:157  Score: 0.558
  379/400  Loss  W:201 D:20 L:158  Score: 0.557
  380/400  Loss  W:201 D:20 L:159  Score: 0.555
  381/400  Win   W:202 D:20 L:159  Score: 0.556
  382/400  Loss  W:202 D:20 L:160  Score: 0.555
  383/400  Win   W:203 D:20 L:160  Score: 0.556
  384/400  Win   W:204 D:20 L:160  Score: 0.557
  385/400  Loss  W:204 D:20 L:161  Score: 0.556
  386/400  Loss  W:204 D:20 L:162  Score: 0.554
  387/400  Win   W:205 D:20 L:162  Score: 0.556
  388/400  Win   W:206 D:20 L:162  Score: 0.557
  389/400  Loss  W:206 D:20 L:163  Score: 0.555
  390/400  Win   W:207 D:20 L:163  Score: 0.556
  391/400  Loss  W:207 D:20 L:164  Score: 0.555
  392/400  Loss  W:207 D:20 L:165  Score: 0.554
  393/400  Win   W:208 D:20 L:165  Score: 0.555
  394/400  Win   W:209 D:20 L:165  Score: 0.556
  395/400  Win   W:210 D:20 L:165  Score: 0.557
  396/400  Loss  W:210 D:20 L:166  Score: 0.556
  397/400  Loss  W:210 D:20 L:167  Score: 0.554
  398/400  Loss  W:210 D:20 L:168  Score: 0.553
  399/400  Loss  W:210 D:20 L:169  Score: 0.551
  400/400  Loss  W:210 D:20 L:170  Score: 0.550

============================================================
  Stockfish UCI_Elo 2100  |  400 games  |  1.0s/move
============================================================
    1/400  Win   W:1 D:0 L:0  Score: 1.000
    2/400  Win   W:2 D:0 L:0  Score: 1.000
    3/400  Loss  W:2 D:0 L:1  Score: 0.667
    4/400  Loss  W:2 D:0 L:2  Score: 0.500
    5/400  Loss  W:2 D:0 L:3  Score: 0.400
    6/400  Loss  W:2 D:0 L:4  Score: 0.333
    7/400  Win   W:3 D:0 L:4  Score: 0.429
    8/400  Win   W:4 D:0 L:4  Score: 0.500
    9/400  Win   W:5 D:0 L:4  Score: 0.556
   10/400  Loss  W:5 D:0 L:5  Score: 0.500
   11/400  Loss  W:5 D:0 L:6  Score: 0.455
   12/400  Win   W:6 D:0 L:6  Score: 0.500
   13/400  Win   W:7 D:0 L:6  Score: 0.538
   14/400  Win   W:8 D:0 L:6  Score: 0.571
   15/400  Win   W:9 D:0 L:6  Score: 0.600
   16/400  Loss  W:9 D:0 L:7  Score: 0.562
   17/400  Loss  W:9 D:0 L:8  Score: 0.529
   18/400  Win   W:10 D:0 L:8  Score: 0.556
   19/400  Loss  W:10 D:0 L:9  Score: 0.526
   20/400  Loss  W:10 D:0 L:10  Score: 0.500
   21/400  Loss  W:10 D:0 L:11  Score: 0.476
   22/400  Loss  W:10 D:0 L:12  Score: 0.455
   23/400  Win   W:11 D:0 L:12  Score: 0.478
   24/400  Win   W:12 D:0 L:12  Score: 0.500
   25/400  Loss  W:12 D:0 L:13  Score: 0.480
   26/400  Win   W:13 D:0 L:13  Score: 0.500
   27/400  Win   W:14 D:0 L:13  Score: 0.519
   28/400  Win   W:15 D:0 L:13  Score: 0.536
   29/400  Loss  W:15 D:0 L:14  Score: 0.517
   30/400  Loss  W:15 D:0 L:15  Score: 0.500
   31/400  Loss  W:15 D:0 L:16  Score: 0.484
   32/400  Win   W:16 D:0 L:16  Score: 0.500
   33/400  Loss  W:16 D:0 L:17  Score: 0.485
   34/400  Win   W:17 D:0 L:17  Score: 0.500
   35/400  Loss  W:17 D:0 L:18  Score: 0.486
   36/400  Loss  W:17 D:0 L:19  Score: 0.472
   37/400  Win   W:18 D:0 L:19  Score: 0.486
   38/400  Win   W:19 D:0 L:19  Score: 0.500
   39/400  Loss  W:19 D:0 L:20  Score: 0.487
   40/400  Win   W:20 D:0 L:20  Score: 0.500
   41/400  Win   W:21 D:0 L:20  Score: 0.512
   42/400  Win   W:22 D:0 L:20  Score: 0.524
   43/400  Loss  W:22 D:0 L:21  Score: 0.512
   44/400  Win   W:23 D:0 L:21  Score: 0.523
   45/400  Loss  W:23 D:0 L:22  Score: 0.511
   46/400  Loss  W:23 D:0 L:23  Score: 0.500
   47/400  Loss  W:23 D:0 L:24  Score: 0.489
   48/400  Win   W:24 D:0 L:24  Score: 0.500
   49/400  Loss  W:24 D:0 L:25  Score: 0.490
   50/400  Win   W:25 D:0 L:25  Score: 0.500
   51/400  Loss  W:25 D:0 L:26  Score: 0.490
   52/400  Win   W:26 D:0 L:26  Score: 0.500
   53/400  Loss  W:26 D:0 L:27  Score: 0.491
   54/400  Loss  W:26 D:0 L:28  Score: 0.481
   55/400  Loss  W:26 D:0 L:29  Score: 0.473
   56/400  Loss  W:26 D:0 L:30  Score: 0.464
   57/400  Loss  W:26 D:0 L:31  Score: 0.456
   58/400  Loss  W:26 D:0 L:32  Score: 0.448
   59/400  Loss  W:26 D:0 L:33  Score: 0.441
   60/400  Loss  W:26 D:0 L:34  Score: 0.433
   61/400  Loss  W:26 D:0 L:35  Score: 0.426
   62/400  Loss  W:26 D:0 L:36  Score: 0.419
   63/400  Loss  W:26 D:0 L:37  Score: 0.413
   64/400  Win   W:27 D:0 L:37  Score: 0.422
   65/400  Loss  W:27 D:0 L:38  Score: 0.415
   66/400  Loss  W:27 D:0 L:39  Score: 0.409
   67/400  Win   W:28 D:0 L:39  Score: 0.418
   68/400  Win   W:29 D:0 L:39  Score: 0.426
   69/400  Win   W:30 D:0 L:39  Score: 0.435
   70/400  Loss  W:30 D:0 L:40  Score: 0.429
   71/400  Loss  W:30 D:0 L:41  Score: 0.423
   72/400  Win   W:31 D:0 L:41  Score: 0.431
   73/400  Loss  W:31 D:0 L:42  Score: 0.425
   74/400  Win   W:32 D:0 L:42  Score: 0.432
   75/400  Loss  W:32 D:0 L:43  Score: 0.427
   76/400  Loss  W:32 D:0 L:44  Score: 0.421
   77/400  Loss  W:32 D:0 L:45  Score: 0.416
   78/400  Win   W:33 D:0 L:45  Score: 0.423
   79/400  Win   W:34 D:0 L:45  Score: 0.430
   80/400  Win   W:35 D:0 L:45  Score: 0.438
   81/400  Win   W:36 D:0 L:45  Score: 0.444
   82/400  Win   W:37 D:0 L:45  Score: 0.451
   83/400  Win   W:38 D:0 L:45  Score: 0.458
   84/400  Draw  W:38 D:1 L:45  Score: 0.458
   85/400  Win   W:39 D:1 L:45  Score: 0.465
   86/400  Win   W:40 D:1 L:45  Score: 0.471
   87/400  Win   W:41 D:1 L:45  Score: 0.477
   88/400  Win   W:42 D:1 L:45  Score: 0.483
   89/400  Loss  W:42 D:1 L:46  Score: 0.478
   90/400  Draw  W:42 D:2 L:46  Score: 0.478
   91/400  Win   W:43 D:2 L:46  Score: 0.484
   92/400  Loss  W:43 D:2 L:47  Score: 0.478
   93/400  Loss  W:43 D:2 L:48  Score: 0.473
   94/400  Win   W:44 D:2 L:48  Score: 0.479
   95/400  Win   W:45 D:2 L:48  Score: 0.484
   96/400  Win   W:46 D:2 L:48  Score: 0.490
   97/400  Win   W:47 D:2 L:48  Score: 0.495
   98/400  Win   W:48 D:2 L:48  Score: 0.500
   99/400  Win   W:49 D:2 L:48  Score: 0.505
  100/400  Loss  W:49 D:2 L:49  Score: 0.500
  101/400  Loss  W:49 D:2 L:50  Score: 0.495
  102/400  Loss  W:49 D:2 L:51  Score: 0.490
  103/400  Draw  W:49 D:3 L:51  Score: 0.490
  104/400  Win   W:50 D:3 L:51  Score: 0.495
  105/400  Loss  W:50 D:3 L:52  Score: 0.490
  106/400  Loss  W:50 D:3 L:53  Score: 0.486
  107/400  Win   W:51 D:3 L:53  Score: 0.491
  108/400  Loss  W:51 D:3 L:54  Score: 0.486
  109/400  Loss  W:51 D:3 L:55  Score: 0.482
  110/400  Win   W:52 D:3 L:55  Score: 0.486
  111/400  Win   W:53 D:3 L:55  Score: 0.491
  112/400  Win   W:54 D:3 L:55  Score: 0.496
  113/400  Win   W:55 D:3 L:55  Score: 0.500
  114/400  Loss  W:55 D:3 L:56  Score: 0.496
  115/400  Win   W:56 D:3 L:56  Score: 0.500
  116/400  Win   W:57 D:3 L:56  Score: 0.504
  117/400  Loss  W:57 D:3 L:57  Score: 0.500
  118/400  Win   W:58 D:3 L:57  Score: 0.504
  119/400  Loss  W:58 D:3 L:58  Score: 0.500
  120/400  Loss  W:58 D:3 L:59  Score: 0.496
  121/400  Win   W:59 D:3 L:59  Score: 0.500
  122/400  Loss  W:59 D:3 L:60  Score: 0.496
  123/400  Loss  W:59 D:3 L:61  Score: 0.492
  124/400  Loss  W:59 D:3 L:62  Score: 0.488
  125/400  Loss  W:59 D:3 L:63  Score: 0.484
  126/400  Loss  W:59 D:3 L:64  Score: 0.480
  127/400  Win   W:60 D:3 L:64  Score: 0.484
  128/400  Loss  W:60 D:3 L:65  Score: 0.480
  129/400  Win   W:61 D:3 L:65  Score: 0.484
  130/400  Win   W:62 D:3 L:65  Score: 0.488
  131/400  Win   W:63 D:3 L:65  Score: 0.492
  132/400  Loss  W:63 D:3 L:66  Score: 0.489
  133/400  Loss  W:63 D:3 L:67  Score: 0.485
  134/400  Win   W:64 D:3 L:67  Score: 0.489
  135/400  Win   W:65 D:3 L:67  Score: 0.493
  136/400  Win   W:66 D:3 L:67  Score: 0.496
  137/400  Win   W:67 D:3 L:67  Score: 0.500
  138/400  Win   W:68 D:3 L:67  Score: 0.504
  139/400  Win   W:69 D:3 L:67  Score: 0.507
  140/400  Win   W:70 D:3 L:67  Score: 0.511
  141/400  Win   W:71 D:3 L:67  Score: 0.514
  142/400  Loss  W:71 D:3 L:68  Score: 0.511
  143/400  Win   W:72 D:3 L:68  Score: 0.514
  144/400  Loss  W:72 D:3 L:69  Score: 0.510
  145/400  Win   W:73 D:3 L:69  Score: 0.514
  146/400  Loss  W:73 D:3 L:70  Score: 0.510
  147/400  Loss  W:73 D:3 L:71  Score: 0.507
  148/400  Loss  W:73 D:3 L:72  Score: 0.503
  149/400  Loss  W:73 D:3 L:73  Score: 0.500
  150/400  Loss  W:73 D:3 L:74  Score: 0.497
  151/400  Loss  W:73 D:3 L:75  Score: 0.493
  152/400  Loss  W:73 D:3 L:76  Score: 0.490
  153/400  Loss  W:73 D:3 L:77  Score: 0.487
  154/400  Win   W:74 D:3 L:77  Score: 0.490
  155/400  Loss  W:74 D:3 L:78  Score: 0.487
  156/400  Win   W:75 D:3 L:78  Score: 0.490
  157/400  Win   W:76 D:3 L:78  Score: 0.494
  158/400  Loss  W:76 D:3 L:79  Score: 0.491
  159/400  Win   W:77 D:3 L:79  Score: 0.494
  160/400  Loss  W:77 D:3 L:80  Score: 0.491
  161/400  Loss  W:77 D:3 L:81  Score: 0.488
  162/400  Win   W:78 D:3 L:81  Score: 0.491
  163/400  Win   W:79 D:3 L:81  Score: 0.494
  164/400  Win   W:80 D:3 L:81  Score: 0.497
  165/400  Win   W:81 D:3 L:81  Score: 0.500
  166/400  Loss  W:81 D:3 L:82  Score: 0.497
  167/400  Loss  W:81 D:3 L:83  Score: 0.494
  168/400  Win   W:82 D:3 L:83  Score: 0.497
  169/400  Loss  W:82 D:3 L:84  Score: 0.494
  170/400  Loss  W:82 D:3 L:85  Score: 0.491
  171/400  Loss  W:82 D:3 L:86  Score: 0.488
  172/400  Loss  W:82 D:3 L:87  Score: 0.485
  173/400  Loss  W:82 D:3 L:88  Score: 0.483
  174/400  Loss  W:82 D:3 L:89  Score: 0.480
  175/400  Win   W:83 D:3 L:89  Score: 0.483
  176/400  Loss  W:83 D:3 L:90  Score: 0.480
  177/400  Draw  W:83 D:4 L:90  Score: 0.480
  178/400  Loss  W:83 D:4 L:91  Score: 0.478
  179/400  Loss  W:83 D:4 L:92  Score: 0.475
  180/400  Win   W:84 D:4 L:92  Score: 0.478
  181/400  Win   W:85 D:4 L:92  Score: 0.481
  182/400  Loss  W:85 D:4 L:93  Score: 0.478
  183/400  Draw  W:85 D:5 L:93  Score: 0.478
  184/400  Win   W:86 D:5 L:93  Score: 0.481
  185/400  Win   W:87 D:5 L:93  Score: 0.484
  186/400  Loss  W:87 D:5 L:94  Score: 0.481
  187/400  Loss  W:87 D:5 L:95  Score: 0.479
  188/400  Win   W:88 D:5 L:95  Score: 0.481
  189/400  Win   W:89 D:5 L:95  Score: 0.484
  190/400  Win   W:90 D:5 L:95  Score: 0.487
  191/400  Loss  W:90 D:5 L:96  Score: 0.484
  192/400  Win   W:91 D:5 L:96  Score: 0.487
  193/400  Loss  W:91 D:5 L:97  Score: 0.484
  194/400  Draw  W:91 D:6 L:97  Score: 0.485
  195/400  Win   W:92 D:6 L:97  Score: 0.487
  196/400  Win   W:93 D:6 L:97  Score: 0.490
  197/400  Draw  W:93 D:7 L:97  Score: 0.490
  198/400  Loss  W:93 D:7 L:98  Score: 0.487
  199/400  Win   W:94 D:7 L:98  Score: 0.490
  200/400  Win   W:95 D:7 L:98  Score: 0.492
  201/400  Loss  W:95 D:7 L:99  Score: 0.490
  202/400  Win   W:96 D:7 L:99  Score: 0.493
  203/400  Win   W:97 D:7 L:99  Score: 0.495
  204/400  Loss  W:97 D:7 L:100  Score: 0.493
  205/400  Win   W:98 D:7 L:100  Score: 0.495
  206/400  Draw  W:98 D:8 L:100  Score: 0.495
  207/400  Win   W:99 D:8 L:100  Score: 0.498
  208/400  Loss  W:99 D:8 L:101  Score: 0.495
  209/400  Win   W:100 D:8 L:101  Score: 0.498
  210/400  Loss  W:100 D:8 L:102  Score: 0.495
  211/400  Win   W:101 D:8 L:102  Score: 0.498
  212/400  Loss  W:101 D:8 L:103  Score: 0.495
  213/400  Loss  W:101 D:8 L:104  Score: 0.493
  214/400  Loss  W:101 D:8 L:105  Score: 0.491
  215/400  Win   W:102 D:8 L:105  Score: 0.493
  216/400  Loss  W:102 D:8 L:106  Score: 0.491
  217/400  Loss  W:102 D:8 L:107  Score: 0.488
  218/400  Win   W:103 D:8 L:107  Score: 0.491
  219/400  Win   W:104 D:8 L:107  Score: 0.493
  220/400  Loss  W:104 D:8 L:108  Score: 0.491
  221/400  Win   W:105 D:8 L:108  Score: 0.493
  222/400  Loss  W:105 D:8 L:109  Score: 0.491
  223/400  Loss  W:105 D:8 L:110  Score: 0.489
  224/400  Win   W:106 D:8 L:110  Score: 0.491
  225/400  Win   W:107 D:8 L:110  Score: 0.493
  226/400  Draw  W:107 D:9 L:110  Score: 0.493
  227/400  Win   W:108 D:9 L:110  Score: 0.496
  228/400  Win   W:109 D:9 L:110  Score: 0.498
  229/400  Loss  W:109 D:9 L:111  Score: 0.496
  230/400  Win   W:110 D:9 L:111  Score: 0.498
  231/400  Loss  W:110 D:9 L:112  Score: 0.496
  232/400  Win   W:111 D:9 L:112  Score: 0.498
  233/400  Loss  W:111 D:9 L:113  Score: 0.496
  234/400  Win   W:112 D:9 L:113  Score: 0.498
  235/400  Win   W:113 D:9 L:113  Score: 0.500
  236/400  Win   W:114 D:9 L:113  Score: 0.502
  237/400  Loss  W:114 D:9 L:114  Score: 0.500
  238/400  Loss  W:114 D:9 L:115  Score: 0.498
  239/400  Loss  W:114 D:9 L:116  Score: 0.496
  240/400  Loss  W:114 D:9 L:117  Score: 0.494
  241/400  Loss  W:114 D:9 L:118  Score: 0.492
  242/400  Win   W:115 D:9 L:118  Score: 0.494
  243/400  Win   W:116 D:9 L:118  Score: 0.496
  244/400  Win   W:117 D:9 L:118  Score: 0.498
  245/400  Loss  W:117 D:9 L:119  Score: 0.496
  246/400  Loss  W:117 D:9 L:120  Score: 0.494
  247/400  Loss  W:117 D:9 L:121  Score: 0.492
  248/400  Win   W:118 D:9 L:121  Score: 0.494
  249/400  Win   W:119 D:9 L:121  Score: 0.496
  250/400  Loss  W:119 D:9 L:122  Score: 0.494
  251/400  Draw  W:119 D:10 L:122  Score: 0.494
  252/400  Win   W:120 D:10 L:122  Score: 0.496
  253/400  Loss  W:120 D:10 L:123  Score: 0.494
  254/400  Loss  W:120 D:10 L:124  Score: 0.492
  255/400  Loss  W:120 D:10 L:125  Score: 0.490
  256/400  Loss  W:120 D:10 L:126  Score: 0.488
  257/400  Win   W:121 D:10 L:126  Score: 0.490
  258/400  Win   W:122 D:10 L:126  Score: 0.492
  259/400  Win   W:123 D:10 L:126  Score: 0.494
  260/400  Win   W:124 D:10 L:126  Score: 0.496
  261/400  Win   W:125 D:10 L:126  Score: 0.498
  262/400  Loss  W:125 D:10 L:127  Score: 0.496
  263/400  Loss  W:125 D:10 L:128  Score: 0.494
  264/400  Win   W:126 D:10 L:128  Score: 0.496
  265/400  Win   W:127 D:10 L:128  Score: 0.498
  266/400  Loss  W:127 D:10 L:129  Score: 0.496
  267/400  Win   W:128 D:10 L:129  Score: 0.498
  268/400  Win   W:129 D:10 L:129  Score: 0.500
  269/400  Win   W:130 D:10 L:129  Score: 0.502
  270/400  Win   W:131 D:10 L:129  Score: 0.504
  271/400  Loss  W:131 D:10 L:130  Score: 0.502
  272/400  Win   W:132 D:10 L:130  Score: 0.504
  273/400  Loss  W:132 D:10 L:131  Score: 0.502
  274/400  Win   W:133 D:10 L:131  Score: 0.504
  275/400  Win   W:134 D:10 L:131  Score: 0.505
  276/400  Win   W:135 D:10 L:131  Score: 0.507
  277/400  Loss  W:135 D:10 L:132  Score: 0.505
  278/400  Draw  W:135 D:11 L:132  Score: 0.505
  279/400  Win   W:136 D:11 L:132  Score: 0.507
  280/400  Loss  W:136 D:11 L:133  Score: 0.505
  281/400  Win   W:137 D:11 L:133  Score: 0.507
  282/400  Loss  W:137 D:11 L:134  Score: 0.505
  283/400  Loss  W:137 D:11 L:135  Score: 0.504
  284/400  Win   W:138 D:11 L:135  Score: 0.505
  285/400  Loss  W:138 D:11 L:136  Score: 0.504
  286/400  Loss  W:138 D:11 L:137  Score: 0.502
  287/400  Draw  W:138 D:12 L:137  Score: 0.502
  288/400  Win   W:139 D:12 L:137  Score: 0.503
  289/400  Loss  W:139 D:12 L:138  Score: 0.502
  290/400  Loss  W:139 D:12 L:139  Score: 0.500
  291/400  Win   W:140 D:12 L:139  Score: 0.502
  292/400  Draw  W:140 D:13 L:139  Score: 0.502
  293/400  Loss  W:140 D:13 L:140  Score: 0.500
  294/400  Draw  W:140 D:14 L:140  Score: 0.500
  295/400  Win   W:141 D:14 L:140  Score: 0.502
  296/400  Win   W:142 D:14 L:140  Score: 0.503
  297/400  Win   W:143 D:14 L:140  Score: 0.505
  298/400  Win   W:144 D:14 L:140  Score: 0.507
  299/400  Win   W:145 D:14 L:140  Score: 0.508
  300/400  Loss  W:145 D:14 L:141  Score: 0.507
  301/400  Win   W:146 D:14 L:141  Score: 0.508
  302/400  Loss  W:146 D:14 L:142  Score: 0.507
  303/400  Loss  W:146 D:14 L:143  Score: 0.505
  304/400  Win   W:147 D:14 L:143  Score: 0.507
  305/400  Win   W:148 D:14 L:143  Score: 0.508
  306/400  Draw  W:148 D:15 L:143  Score: 0.508
  307/400  Win   W:149 D:15 L:143  Score: 0.510
  308/400  Loss  W:149 D:15 L:144  Score: 0.508
  309/400  Win   W:150 D:15 L:144  Score: 0.510
  310/400  Loss  W:150 D:15 L:145  Score: 0.508
  311/400  Win   W:151 D:15 L:145  Score: 0.510
  312/400  Win   W:152 D:15 L:145  Score: 0.511
  313/400  Win   W:153 D:15 L:145  Score: 0.513
  314/400  Win   W:154 D:15 L:145  Score: 0.514
  315/400  Loss  W:154 D:15 L:146  Score: 0.513
  316/400  Win   W:155 D:15 L:146  Score: 0.514
  317/400  Win   W:156 D:15 L:146  Score: 0.516
  318/400  Loss  W:156 D:15 L:147  Score: 0.514
  319/400  Win   W:157 D:15 L:147  Score: 0.516
  320/400  Win   W:158 D:15 L:147  Score: 0.517
  321/400  Win   W:159 D:15 L:147  Score: 0.519
  322/400  Win   W:160 D:15 L:147  Score: 0.520
  323/400  Win   W:161 D:15 L:147  Score: 0.522
  324/400  Win   W:162 D:15 L:147  Score: 0.523
  325/400  Win   W:163 D:15 L:147  Score: 0.525
  326/400  Win   W:164 D:15 L:147  Score: 0.526
  327/400  Loss  W:164 D:15 L:148  Score: 0.524
  328/400  Win   W:165 D:15 L:148  Score: 0.526
  329/400  Draw  W:165 D:16 L:148  Score: 0.526
  330/400  Win   W:166 D:16 L:148  Score: 0.527
  331/400  Win   W:167 D:16 L:148  Score: 0.529
  332/400  Win   W:168 D:16 L:148  Score: 0.530
  333/400  Win   W:169 D:16 L:148  Score: 0.532
  334/400  Loss  W:169 D:16 L:149  Score: 0.530
  335/400  Loss  W:169 D:16 L:150  Score: 0.528
  336/400  Loss  W:169 D:16 L:151  Score: 0.527
  337/400  Win   W:170 D:16 L:151  Score: 0.528
  338/400  Win   W:171 D:16 L:151  Score: 0.530
  339/400  Win   W:172 D:16 L:151  Score: 0.531
  340/400  Loss  W:172 D:16 L:152  Score: 0.529
  341/400  Draw  W:172 D:17 L:152  Score: 0.529
  342/400  Loss  W:172 D:17 L:153  Score: 0.528
  343/400  Draw  W:172 D:18 L:153  Score: 0.528
  344/400  Win   W:173 D:18 L:153  Score: 0.529
  345/400  Win   W:174 D:18 L:153  Score: 0.530
  346/400  Win   W:175 D:18 L:153  Score: 0.532
  347/400  Win   W:176 D:18 L:153  Score: 0.533
  348/400  Loss  W:176 D:18 L:154  Score: 0.532
  349/400  Loss  W:176 D:18 L:155  Score: 0.530
  350/400  Win   W:177 D:18 L:155  Score: 0.531
  351/400  Win   W:178 D:18 L:155  Score: 0.533
  352/400  Win   W:179 D:18 L:155  Score: 0.534
  353/400  Win   W:180 D:18 L:155  Score: 0.535
  354/400  Win   W:181 D:18 L:155  Score: 0.537
  355/400  Loss  W:181 D:18 L:156  Score: 0.535
  356/400  Win   W:182 D:18 L:156  Score: 0.537
  357/400  Loss  W:182 D:18 L:157  Score: 0.535
  358/400  Win   W:183 D:18 L:157  Score: 0.536
  359/400  Loss  W:183 D:18 L:158  Score: 0.535
  360/400  Win   W:184 D:18 L:158  Score: 0.536
  361/400  Win   W:185 D:18 L:158  Score: 0.537
  362/400  Win   W:186 D:18 L:158  Score: 0.539
  363/400  Win   W:187 D:18 L:158  Score: 0.540
  364/400  Loss  W:187 D:18 L:159  Score: 0.538
  365/400  Loss  W:187 D:18 L:160  Score: 0.537
  366/400  Loss  W:187 D:18 L:161  Score: 0.536
  367/400  Draw  W:187 D:19 L:161  Score: 0.535
  368/400  Win   W:188 D:19 L:161  Score: 0.537
  369/400  Win   W:189 D:19 L:161  Score: 0.538
  370/400  Win   W:190 D:19 L:161  Score: 0.539
  371/400  Loss  W:190 D:19 L:162  Score: 0.538
  372/400  Draw  W:190 D:20 L:162  Score: 0.538
  373/400  Win   W:191 D:20 L:162  Score: 0.539
  374/400  Win   W:192 D:20 L:162  Score: 0.540
  375/400  Loss  W:192 D:20 L:163  Score: 0.539
  376/400  Loss  W:192 D:20 L:164  Score: 0.537
  377/400  Win   W:193 D:20 L:164  Score: 0.538
  378/400  Loss  W:193 D:20 L:165  Score: 0.537
  379/400  Loss  W:193 D:20 L:166  Score: 0.536
  380/400  Draw  W:193 D:21 L:166  Score: 0.536
  381/400  Win   W:194 D:21 L:166  Score: 0.537
  382/400  Loss  W:194 D:21 L:167  Score: 0.535
  383/400  Win   W:195 D:21 L:167  Score: 0.537
  384/400  Win   W:196 D:21 L:167  Score: 0.538
  385/400  Win   W:197 D:21 L:167  Score: 0.539
  386/400  Loss  W:197 D:21 L:168  Score: 0.538
  387/400  Loss  W:197 D:21 L:169  Score: 0.536
  388/400  Win   W:198 D:21 L:169  Score: 0.537
  389/400  Loss  W:198 D:21 L:170  Score: 0.536
  390/400  Win   W:199 D:21 L:170  Score: 0.537
  391/400  Win   W:200 D:21 L:170  Score: 0.538
  392/400  Win   W:201 D:21 L:170  Score: 0.540
  393/400  Win   W:202 D:21 L:170  Score: 0.541
  394/400  Loss  W:202 D:21 L:171  Score: 0.539
  395/400  Win   W:203 D:21 L:171  Score: 0.541
  396/400  Loss  W:203 D:21 L:172  Score: 0.539
  397/400  Loss  W:203 D:21 L:173  Score: 0.538
  398/400  Win   W:204 D:21 L:173  Score: 0.539
  399/400  Loss  W:204 D:21 L:174  Score: 0.538
  400/400  Loss  W:204 D:21 L:175  Score: 0.536

============================================================
  Stockfish UCI_Elo 2200  |  400 games  |  1.0s/move
============================================================
    1/400  Win   W:1 D:0 L:0  Score: 1.000
    2/400  Win   W:2 D:0 L:0  Score: 1.000
    3/400  Loss  W:2 D:0 L:1  Score: 0.667
    4/400  Loss  W:2 D:0 L:2  Score: 0.500
    5/400  Win   W:3 D:0 L:2  Score: 0.600
    6/400  Win   W:4 D:0 L:2  Score: 0.667
    7/400  Win   W:5 D:0 L:2  Score: 0.714
    8/400  Win   W:6 D:0 L:2  Score: 0.750
    9/400  Win   W:7 D:0 L:2  Score: 0.778
   10/400  Loss  W:7 D:0 L:3  Score: 0.700
   11/400  Loss  W:7 D:0 L:4  Score: 0.636
   12/400  Loss  W:7 D:0 L:5  Score: 0.583
   13/400  Loss  W:7 D:0 L:6  Score: 0.538
   14/400  Loss  W:7 D:0 L:7  Score: 0.500
   15/400  Win   W:8 D:0 L:7  Score: 0.533
   16/400  Win   W:9 D:0 L:7  Score: 0.562
   17/400  Loss  W:9 D:0 L:8  Score: 0.529
   18/400  Loss  W:9 D:0 L:9  Score: 0.500
   19/400  Loss  W:9 D:0 L:10  Score: 0.474
   20/400  Loss  W:9 D:0 L:11  Score: 0.450
   21/400  Loss  W:9 D:0 L:12  Score: 0.429
   22/400  Loss  W:9 D:0 L:13  Score: 0.409
   23/400  Loss  W:9 D:0 L:14  Score: 0.391
   24/400  Loss  W:9 D:0 L:15  Score: 0.375
   25/400  Loss  W:9 D:0 L:16  Score: 0.360
   26/400  Win   W:10 D:0 L:16  Score: 0.385
   27/400  Win   W:11 D:0 L:16  Score: 0.407
   28/400  Draw  W:11 D:1 L:16  Score: 0.411
   29/400  Win   W:12 D:1 L:16  Score: 0.431
   30/400  Loss  W:12 D:1 L:17  Score: 0.417
   31/400  Win   W:13 D:1 L:17  Score: 0.435
   32/400  Draw  W:13 D:2 L:17  Score: 0.438
   33/400  Loss  W:13 D:2 L:18  Score: 0.424
   34/400  Win   W:14 D:2 L:18  Score: 0.441
   35/400  Loss  W:14 D:2 L:19  Score: 0.429
   36/400  Win   W:15 D:2 L:19  Score: 0.444
   37/400  Win   W:16 D:2 L:19  Score: 0.459
   38/400  Loss  W:16 D:2 L:20  Score: 0.447
   39/400  Win   W:17 D:2 L:20  Score: 0.462
   40/400  Win   W:18 D:2 L:20  Score: 0.475
   41/400  Win   W:19 D:2 L:20  Score: 0.488
   42/400  Draw  W:19 D:3 L:20  Score: 0.488
   43/400  Loss  W:19 D:3 L:21  Score: 0.477
   44/400  Win   W:20 D:3 L:21  Score: 0.489
   45/400  Loss  W:20 D:3 L:22  Score: 0.478
   46/400  Win   W:21 D:3 L:22  Score: 0.489
   47/400  Win   W:22 D:3 L:22  Score: 0.500
   48/400  Loss  W:22 D:3 L:23  Score: 0.490
   49/400  Win   W:23 D:3 L:23  Score: 0.500
   50/400  Loss  W:23 D:3 L:24  Score: 0.490
   51/400  Win   W:24 D:3 L:24  Score: 0.500
   52/400  Loss  W:24 D:3 L:25  Score: 0.490
   53/400  Win   W:25 D:3 L:25  Score: 0.500
   54/400  Loss  W:25 D:3 L:26  Score: 0.491
   55/400  Loss  W:25 D:3 L:27  Score: 0.482
   56/400  Win   W:26 D:3 L:27  Score: 0.491
   57/400  Win   W:27 D:3 L:27  Score: 0.500
   58/400  Win   W:28 D:3 L:27  Score: 0.509
   59/400  Win   W:29 D:3 L:27  Score: 0.517
   60/400  Loss  W:29 D:3 L:28  Score: 0.508
   61/400  Win   W:30 D:3 L:28  Score: 0.516
   62/400  Draw  W:30 D:4 L:28  Score: 0.516
   63/400  Win   W:31 D:4 L:28  Score: 0.524
   64/400  Loss  W:31 D:4 L:29  Score: 0.516
   65/400  Loss  W:31 D:4 L:30  Score: 0.508
   66/400  Win   W:32 D:4 L:30  Score: 0.515
   67/400  Draw  W:32 D:5 L:30  Score: 0.515
   68/400  Win   W:33 D:5 L:30  Score: 0.522
   69/400  Win   W:34 D:5 L:30  Score: 0.529
   70/400  Loss  W:34 D:5 L:31  Score: 0.521
   71/400  Win   W:35 D:5 L:31  Score: 0.528
   72/400  Win   W:36 D:5 L:31  Score: 0.535
   73/400  Loss  W:36 D:5 L:32  Score: 0.527
   74/400  Draw  W:36 D:6 L:32  Score: 0.527
   75/400  Draw  W:36 D:7 L:32  Score: 0.527
   76/400  Win   W:37 D:7 L:32  Score: 0.533
   77/400  Loss  W:37 D:7 L:33  Score: 0.526
   78/400  Loss  W:37 D:7 L:34  Score: 0.519
   79/400  Draw  W:37 D:8 L:34  Score: 0.519
   80/400  Loss  W:37 D:8 L:35  Score: 0.512
   81/400  Loss  W:37 D:8 L:36  Score: 0.506
   82/400  Loss  W:37 D:8 L:37  Score: 0.500
   83/400  Draw  W:37 D:9 L:37  Score: 0.500
   84/400  Loss  W:37 D:9 L:38  Score: 0.494
   85/400  Win   W:38 D:9 L:38  Score: 0.500
   86/400  Loss  W:38 D:9 L:39  Score: 0.494
   87/400  Loss  W:38 D:9 L:40  Score: 0.489
   88/400  Loss  W:38 D:9 L:41  Score: 0.483
   89/400  Win   W:39 D:9 L:41  Score: 0.489
   90/400  Win   W:40 D:9 L:41  Score: 0.494
   91/400  Win   W:41 D:9 L:41  Score: 0.500
   92/400  Loss  W:41 D:9 L:42  Score: 0.495
   93/400  Win   W:42 D:9 L:42  Score: 0.500
   94/400  Win   W:43 D:9 L:42  Score: 0.505
   95/400  Win   W:44 D:9 L:42  Score: 0.511
   96/400  Loss  W:44 D:9 L:43  Score: 0.505
   97/400  Win   W:45 D:9 L:43  Score: 0.510
   98/400  Loss  W:45 D:9 L:44  Score: 0.505
   99/400  Win   W:46 D:9 L:44  Score: 0.510
  100/400  Win   W:47 D:9 L:44  Score: 0.515
  101/400  Loss  W:47 D:9 L:45  Score: 0.510
  102/400  Win   W:48 D:9 L:45  Score: 0.515
  103/400  Draw  W:48 D:10 L:45  Score: 0.515
  104/400  Loss  W:48 D:10 L:46  Score: 0.510
  105/400  Win   W:49 D:10 L:46  Score: 0.514
  106/400  Win   W:50 D:10 L:46  Score: 0.519
  107/400  Loss  W:50 D:10 L:47  Score: 0.514
  108/400  Loss  W:50 D:10 L:48  Score: 0.509
  109/400  Win   W:51 D:10 L:48  Score: 0.514
  110/400  Loss  W:51 D:10 L:49  Score: 0.509
  111/400  Loss  W:51 D:10 L:50  Score: 0.505
  112/400  Loss  W:51 D:10 L:51  Score: 0.500
  113/400  Loss  W:51 D:10 L:52  Score: 0.496
  114/400  Loss  W:51 D:10 L:53  Score: 0.491
  115/400  Win   W:52 D:10 L:53  Score: 0.496
  116/400  Loss  W:52 D:10 L:54  Score: 0.491
  117/400  Loss  W:52 D:10 L:55  Score: 0.487
  118/400  Win   W:53 D:10 L:55  Score: 0.492
  119/400  Loss  W:53 D:10 L:56  Score: 0.487
  120/400  Win   W:54 D:10 L:56  Score: 0.492
  121/400  Win   W:55 D:10 L:56  Score: 0.496
  122/400  Win   W:56 D:10 L:56  Score: 0.500
  123/400  Win   W:57 D:10 L:56  Score: 0.504
  124/400  Loss  W:57 D:10 L:57  Score: 0.500
  125/400  Win   W:58 D:10 L:57  Score: 0.504
  126/400  Loss  W:58 D:10 L:58  Score: 0.500
  127/400  Win   W:59 D:10 L:58  Score: 0.504
  128/400  Loss  W:59 D:10 L:59  Score: 0.500
  129/400  Draw  W:59 D:11 L:59  Score: 0.500
  130/400  Loss  W:59 D:11 L:60  Score: 0.496
  131/400  Loss  W:59 D:11 L:61  Score: 0.492
  132/400  Win   W:60 D:11 L:61  Score: 0.496
  133/400  Win   W:61 D:11 L:61  Score: 0.500
  134/400  Loss  W:61 D:11 L:62  Score: 0.496
  135/400  Loss  W:61 D:11 L:63  Score: 0.493
  136/400  Win   W:62 D:11 L:63  Score: 0.496
  137/400  Loss  W:62 D:11 L:64  Score: 0.493
  138/400  Loss  W:62 D:11 L:65  Score: 0.489
  139/400  Loss  W:62 D:11 L:66  Score: 0.486
  140/400  Loss  W:62 D:11 L:67  Score: 0.482
  141/400  Win   W:63 D:11 L:67  Score: 0.486
  142/400  Win   W:64 D:11 L:67  Score: 0.489
  143/400  Loss  W:64 D:11 L:68  Score: 0.486
  144/400  Loss  W:64 D:11 L:69  Score: 0.483
  145/400  Win   W:65 D:11 L:69  Score: 0.486
  146/400  Loss  W:65 D:11 L:70  Score: 0.483
  147/400  Loss  W:65 D:11 L:71  Score: 0.480
  148/400  Loss  W:65 D:11 L:72  Score: 0.476
  149/400  Loss  W:65 D:11 L:73  Score: 0.473
  150/400  Loss  W:65 D:11 L:74  Score: 0.470
  151/400  Loss  W:65 D:11 L:75  Score: 0.467
  152/400  Loss  W:65 D:11 L:76  Score: 0.464
  153/400  Loss  W:65 D:11 L:77  Score: 0.461
  154/400  Win   W:66 D:11 L:77  Score: 0.464
  155/400  Win   W:67 D:11 L:77  Score: 0.468
  156/400  Win   W:68 D:11 L:77  Score: 0.471
  157/400  Win   W:69 D:11 L:77  Score: 0.475
  158/400  Win   W:70 D:11 L:77  Score: 0.478
  159/400  Loss  W:70 D:11 L:78  Score: 0.475
  160/400  Loss  W:70 D:11 L:79  Score: 0.472
  161/400  Loss  W:70 D:11 L:80  Score: 0.469
  162/400  Loss  W:70 D:11 L:81  Score: 0.466
  163/400  Loss  W:70 D:11 L:82  Score: 0.463
  164/400  Win   W:71 D:11 L:82  Score: 0.466
  165/400  Loss  W:71 D:11 L:83  Score: 0.464
  166/400  Win   W:72 D:11 L:83  Score: 0.467
  167/400  Win   W:73 D:11 L:83  Score: 0.470
  168/400  Loss  W:73 D:11 L:84  Score: 0.467
  169/400  Loss  W:73 D:11 L:85  Score: 0.464
  170/400  Draw  W:73 D:12 L:85  Score: 0.465
  171/400  Loss  W:73 D:12 L:86  Score: 0.462
  172/400  Loss  W:73 D:12 L:87  Score: 0.459
  173/400  Win   W:74 D:12 L:87  Score: 0.462
  174/400  Loss  W:74 D:12 L:88  Score: 0.460
  175/400  Win   W:75 D:12 L:88  Score: 0.463
  176/400  Loss  W:75 D:12 L:89  Score: 0.460
  177/400  Draw  W:75 D:13 L:89  Score: 0.460
  178/400  Loss  W:75 D:13 L:90  Score: 0.458
  179/400  Loss  W:75 D:13 L:91  Score: 0.455
  180/400  Loss  W:75 D:13 L:92  Score: 0.453
  181/400  Loss  W:75 D:13 L:93  Score: 0.450
  182/400  Loss  W:75 D:13 L:94  Score: 0.448
  183/400  Loss  W:75 D:13 L:95  Score: 0.445
  184/400  Loss  W:75 D:13 L:96  Score: 0.443
  185/400  Win   W:76 D:13 L:96  Score: 0.446
  186/400  Loss  W:76 D:13 L:97  Score: 0.444
  187/400  Win   W:77 D:13 L:97  Score: 0.447
  188/400  Loss  W:77 D:13 L:98  Score: 0.444
  189/400  Win   W:78 D:13 L:98  Score: 0.447
  190/400  Win   W:79 D:13 L:98  Score: 0.450
  191/400  Loss  W:79 D:13 L:99  Score: 0.448
  192/400  Loss  W:79 D:13 L:100  Score: 0.445
  193/400  Draw  W:79 D:14 L:100  Score: 0.446
  194/400  Loss  W:79 D:14 L:101  Score: 0.443
  195/400  Loss  W:79 D:14 L:102  Score: 0.441
  196/400  Loss  W:79 D:14 L:103  Score: 0.439
  197/400  Win   W:80 D:14 L:103  Score: 0.442
  198/400  Loss  W:80 D:14 L:104  Score: 0.439
  199/400  Loss  W:80 D:14 L:105  Score: 0.437
  200/400  Loss  W:80 D:14 L:106  Score: 0.435
  201/400  Loss  W:80 D:14 L:107  Score: 0.433
  202/400  Win   W:81 D:14 L:107  Score: 0.436
  203/400  Win   W:82 D:14 L:107  Score: 0.438
  204/400  Loss  W:82 D:14 L:108  Score: 0.436
  205/400  Loss  W:82 D:14 L:109  Score: 0.434
  206/400  Loss  W:82 D:14 L:110  Score: 0.432
  207/400  Loss  W:82 D:14 L:111  Score: 0.430
  208/400  Win   W:83 D:14 L:111  Score: 0.433
  209/400  Loss  W:83 D:14 L:112  Score: 0.431
  210/400  Win   W:84 D:14 L:112  Score: 0.433
  211/400  Loss  W:84 D:14 L:113  Score: 0.431
  212/400  Loss  W:84 D:14 L:114  Score: 0.429
  213/400  Win   W:85 D:14 L:114  Score: 0.432
  214/400  Win   W:86 D:14 L:114  Score: 0.435
  215/400  Loss  W:86 D:14 L:115  Score: 0.433
  216/400  Win   W:87 D:14 L:115  Score: 0.435
  217/400  Loss  W:87 D:14 L:116  Score: 0.433
  218/400  Draw  W:87 D:15 L:116  Score: 0.433
  219/400  Loss  W:87 D:15 L:117  Score: 0.432
  220/400  Win   W:88 D:15 L:117  Score: 0.434
  221/400  Loss  W:88 D:15 L:118  Score: 0.432
  222/400  Loss  W:88 D:15 L:119  Score: 0.430
  223/400  Loss  W:88 D:15 L:120  Score: 0.428
  224/400  Loss  W:88 D:15 L:121  Score: 0.426
  225/400  Loss  W:88 D:15 L:122  Score: 0.424
  226/400  Win   W:89 D:15 L:122  Score: 0.427
  227/400  Win   W:90 D:15 L:122  Score: 0.430
  228/400  Loss  W:90 D:15 L:123  Score: 0.428
  229/400  Win   W:91 D:15 L:123  Score: 0.430
  230/400  Win   W:92 D:15 L:123  Score: 0.433
  231/400  Loss  W:92 D:15 L:124  Score: 0.431
  232/400  Loss  W:92 D:15 L:125  Score: 0.429
  233/400  Loss  W:92 D:15 L:126  Score: 0.427
  234/400  Win   W:93 D:15 L:126  Score: 0.429
  235/400  Win   W:94 D:15 L:126  Score: 0.432
  236/400  Loss  W:94 D:15 L:127  Score: 0.430
  237/400  Win   W:95 D:15 L:127  Score: 0.432
  238/400  Win   W:96 D:15 L:127  Score: 0.435
  239/400  Loss  W:96 D:15 L:128  Score: 0.433
  240/400  Loss  W:96 D:15 L:129  Score: 0.431
  241/400  Loss  W:96 D:15 L:130  Score: 0.429
  242/400  Win   W:97 D:15 L:130  Score: 0.432
  243/400  Loss  W:97 D:15 L:131  Score: 0.430
  244/400  Loss  W:97 D:15 L:132  Score: 0.428
  245/400  Loss  W:97 D:15 L:133  Score: 0.427
  246/400  Win   W:98 D:15 L:133  Score: 0.429
  247/400  Win   W:99 D:15 L:133  Score: 0.431
  248/400  Win   W:100 D:15 L:133  Score: 0.433
  249/400  Loss  W:100 D:15 L:134  Score: 0.432
  250/400  Loss  W:100 D:15 L:135  Score: 0.430
  251/400  Win   W:101 D:15 L:135  Score: 0.432
  252/400  Win   W:102 D:15 L:135  Score: 0.435
  253/400  Loss  W:102 D:15 L:136  Score: 0.433
  254/400  Loss  W:102 D:15 L:137  Score: 0.431
  255/400  Win   W:103 D:15 L:137  Score: 0.433
  256/400  Loss  W:103 D:15 L:138  Score: 0.432
  257/400  Loss  W:103 D:15 L:139  Score: 0.430
  258/400  Draw  W:103 D:16 L:139  Score: 0.430
  259/400  Loss  W:103 D:16 L:140  Score: 0.429
  260/400  Loss  W:103 D:16 L:141  Score: 0.427
  261/400  Loss  W:103 D:16 L:142  Score: 0.425
  262/400  Loss  W:103 D:16 L:143  Score: 0.424
  263/400  Win   W:104 D:16 L:143  Score: 0.426
  264/400  Loss  W:104 D:16 L:144  Score: 0.424
  265/400  Loss  W:104 D:16 L:145  Score: 0.423
  266/400  Win   W:105 D:16 L:145  Score: 0.425
  267/400  Loss  W:105 D:16 L:146  Score: 0.423
  268/400  Win   W:106 D:16 L:146  Score: 0.425
  269/400  Win   W:107 D:16 L:146  Score: 0.428
  270/400  Loss  W:107 D:16 L:147  Score: 0.426
  271/400  Loss  W:107 D:16 L:148  Score: 0.424
  272/400  Win   W:108 D:16 L:148  Score: 0.426
  273/400  Loss  W:108 D:16 L:149  Score: 0.425
  274/400  Loss  W:108 D:16 L:150  Score: 0.423
  275/400  Win   W:109 D:16 L:150  Score: 0.425
  276/400  Win   W:110 D:16 L:150  Score: 0.428
  277/400  Loss  W:110 D:16 L:151  Score: 0.426
  278/400  Loss  W:110 D:16 L:152  Score: 0.424
  279/400  Loss  W:110 D:16 L:153  Score: 0.423
  280/400  Loss  W:110 D:16 L:154  Score: 0.421
  281/400  Loss  W:110 D:16 L:155  Score: 0.420
  282/400  Win   W:111 D:16 L:155  Score: 0.422
  283/400  Draw  W:111 D:17 L:155  Score: 0.422
  284/400  Loss  W:111 D:17 L:156  Score: 0.421
  285/400  Loss  W:111 D:17 L:157  Score: 0.419
  286/400  Win   W:112 D:17 L:157  Score: 0.421
  287/400  Loss  W:112 D:17 L:158  Score: 0.420
  288/400  Loss  W:112 D:17 L:159  Score: 0.418
  289/400  Loss  W:112 D:17 L:160  Score: 0.417
  290/400  Loss  W:112 D:17 L:161  Score: 0.416
  291/400  Win   W:113 D:17 L:161  Score: 0.418
  292/400  Loss  W:113 D:17 L:162  Score: 0.416
  293/400  Win   W:114 D:17 L:162  Score: 0.418
  294/400  Loss  W:114 D:17 L:163  Score: 0.417
  295/400  Win   W:115 D:17 L:163  Score: 0.419
  296/400  Win   W:116 D:17 L:163  Score: 0.421
  297/400  Loss  W:116 D:17 L:164  Score: 0.419
  298/400  Loss  W:116 D:17 L:165  Score: 0.418
  299/400  Loss  W:116 D:17 L:166  Score: 0.416
  300/400  Loss  W:116 D:17 L:167  Score: 0.415
  301/400  Win   W:117 D:17 L:167  Score: 0.417
  302/400  Loss  W:117 D:17 L:168  Score: 0.416
  303/400  Loss  W:117 D:17 L:169  Score: 0.414
  304/400  Loss  W:117 D:17 L:170  Score: 0.413
  305/400  Win   W:118 D:17 L:170  Score: 0.415
  306/400  Win   W:119 D:17 L:170  Score: 0.417
  307/400  Win   W:120 D:17 L:170  Score: 0.419
  308/400  Win   W:121 D:17 L:170  Score: 0.420
  309/400  Win   W:122 D:17 L:170  Score: 0.422
  310/400  Loss  W:122 D:17 L:171  Score: 0.421
  311/400  Win   W:123 D:17 L:171  Score: 0.423
  312/400  Draw  W:123 D:18 L:171  Score: 0.423
  313/400  Win   W:124 D:18 L:171  Score: 0.425
  314/400  Loss  W:124 D:18 L:172  Score: 0.424
  315/400  Loss  W:124 D:18 L:173  Score: 0.422
  316/400  Loss  W:124 D:18 L:174  Score: 0.421
  317/400  Win   W:125 D:18 L:174  Score: 0.423
  318/400  Loss  W:125 D:18 L:175  Score: 0.421
  319/400  Win   W:126 D:18 L:175  Score: 0.423
  320/400  Win   W:127 D:18 L:175  Score: 0.425
  321/400  Loss  W:127 D:18 L:176  Score: 0.424
  322/400  Win   W:128 D:18 L:176  Score: 0.425
  323/400  Win   W:129 D:18 L:176  Score: 0.427
  324/400  Loss  W:129 D:18 L:177  Score: 0.426
  325/400  Win   W:130 D:18 L:177  Score: 0.428
  326/400  Loss  W:130 D:18 L:178  Score: 0.426
  327/400  Win   W:131 D:18 L:178  Score: 0.428
  328/400  Loss  W:131 D:18 L:179  Score: 0.427
  329/400  Loss  W:131 D:18 L:180  Score: 0.426
  330/400  Win   W:132 D:18 L:180  Score: 0.427
  331/400  Win   W:133 D:18 L:180  Score: 0.429
  332/400  Loss  W:133 D:18 L:181  Score: 0.428
  333/400  Win   W:134 D:18 L:181  Score: 0.429
  334/400  Loss  W:134 D:18 L:182  Score: 0.428
  335/400  Loss  W:134 D:18 L:183  Score: 0.427
  336/400  Win   W:135 D:18 L:183  Score: 0.429
  337/400  Win   W:136 D:18 L:183  Score: 0.430
  338/400  Loss  W:136 D:18 L:184  Score: 0.429
  339/400  Loss  W:136 D:18 L:185  Score: 0.428
  340/400  Win   W:137 D:18 L:185  Score: 0.429
  341/400  Draw  W:137 D:19 L:185  Score: 0.430
  342/400  Loss  W:137 D:19 L:186  Score: 0.428
  343/400  Loss  W:137 D:19 L:187  Score: 0.427
  344/400  Win   W:138 D:19 L:187  Score: 0.429
  345/400  Loss  W:138 D:19 L:188  Score: 0.428
  346/400  Win   W:139 D:19 L:188  Score: 0.429
  347/400  Win   W:140 D:19 L:188  Score: 0.431
  348/400  Loss  W:140 D:19 L:189  Score: 0.430
  349/400  Draw  W:140 D:20 L:189  Score: 0.430
  350/400  Loss  W:140 D:20 L:190  Score: 0.429
  351/400  Win   W:141 D:20 L:190  Score: 0.430
  352/400  Win   W:142 D:20 L:190  Score: 0.432
  353/400  Loss  W:142 D:20 L:191  Score: 0.431
  354/400  Loss  W:142 D:20 L:192  Score: 0.429
  355/400  Loss  W:142 D:20 L:193  Score: 0.428
  356/400  Loss  W:142 D:20 L:194  Score: 0.427
  357/400  Win   W:143 D:20 L:194  Score: 0.429
  358/400  Loss  W:143 D:20 L:195  Score: 0.427
  359/400  Loss  W:143 D:20 L:196  Score: 0.426
  360/400  Win   W:144 D:20 L:196  Score: 0.428
  361/400  Loss  W:144 D:20 L:197  Score: 0.427
  362/400  Win   W:145 D:20 L:197  Score: 0.428
  363/400  Loss  W:145 D:20 L:198  Score: 0.427
  364/400  Loss  W:145 D:20 L:199  Score: 0.426
  365/400  Win   W:146 D:20 L:199  Score: 0.427
  366/400  Loss  W:146 D:20 L:200  Score: 0.426
  367/400  Loss  W:146 D:20 L:201  Score: 0.425
  368/400  Loss  W:146 D:20 L:202  Score: 0.424
  369/400  Loss  W:146 D:20 L:203  Score: 0.423
  370/400  Loss  W:146 D:20 L:204  Score: 0.422
  371/400  Loss  W:146 D:20 L:205  Score: 0.420
  372/400  Loss  W:146 D:20 L:206  Score: 0.419
  373/400  Win   W:147 D:20 L:206  Score: 0.421
  374/400  Loss  W:147 D:20 L:207  Score: 0.420
  375/400  Loss  W:147 D:20 L:208  Score: 0.419
  376/400  Win   W:148 D:20 L:208  Score: 0.420
  377/400  Win   W:149 D:20 L:208  Score: 0.422
  378/400  Loss  W:149 D:20 L:209  Score: 0.421
  379/400  Loss  W:149 D:20 L:210  Score: 0.420
  380/400  Loss  W:149 D:20 L:211  Score: 0.418
  381/400  Win   W:150 D:20 L:211  Score: 0.420
  382/400  Win   W:151 D:20 L:211  Score: 0.421
  383/400  Win   W:152 D:20 L:211  Score: 0.423
  384/400  Loss  W:152 D:20 L:212  Score: 0.422
  385/400  Loss  W:152 D:20 L:213  Score: 0.421
  386/400  Win   W:153 D:20 L:213  Score: 0.422
  387/400  Win   W:154 D:20 L:213  Score: 0.424
  388/400  Win   W:155 D:20 L:213  Score: 0.425
  389/400  Win   W:156 D:20 L:213  Score: 0.427
  390/400  Loss  W:156 D:20 L:214  Score: 0.426
  391/400  Loss  W:156 D:20 L:215  Score: 0.425
  392/400  Win   W:157 D:20 L:215  Score: 0.426
  393/400  Loss  W:157 D:20 L:216  Score: 0.425
  394/400  Win   W:158 D:20 L:216  Score: 0.426
  395/400  Win   W:159 D:20 L:216  Score: 0.428
  396/400  Win   W:160 D:20 L:216  Score: 0.429
  397/400  Win   W:161 D:20 L:216  Score: 0.431
  398/400  Loss  W:161 D:20 L:217  Score: 0.430
  399/400  Loss  W:161 D:20 L:218  Score: 0.429
  400/400  Win   W:162 D:20 L:218  Score: 0.430

============================================================
  Stockfish UCI_Elo 2300  |  400 games  |  1.0s/move
============================================================
    1/400  Win   W:1 D:0 L:0  Score: 1.000
    2/400  Win   W:2 D:0 L:0  Score: 1.000
    3/400  Win   W:3 D:0 L:0  Score: 1.000
    4/400  Loss  W:3 D:0 L:1  Score: 0.750
    5/400  Win   W:4 D:0 L:1  Score: 0.800
    6/400  Win   W:5 D:0 L:1  Score: 0.833
    7/400  Win   W:6 D:0 L:1  Score: 0.857
    8/400  Loss  W:6 D:0 L:2  Score: 0.750
    9/400  Loss  W:6 D:0 L:3  Score: 0.667
   10/400  Loss  W:6 D:0 L:4  Score: 0.600
   11/400  Loss  W:6 D:0 L:5  Score: 0.545
   12/400  Win   W:7 D:0 L:5  Score: 0.583
   13/400  Win   W:8 D:0 L:5  Score: 0.615
   14/400  Win   W:9 D:0 L:5  Score: 0.643
   15/400  Win   W:10 D:0 L:5  Score: 0.667
   16/400  Loss  W:10 D:0 L:6  Score: 0.625
   17/400  Win   W:11 D:0 L:6  Score: 0.647
   18/400  Win   W:12 D:0 L:6  Score: 0.667
   19/400  Loss  W:12 D:0 L:7  Score: 0.632
   20/400  Win   W:13 D:0 L:7  Score: 0.650
   21/400  Win   W:14 D:0 L:7  Score: 0.667
   22/400  Win   W:15 D:0 L:7  Score: 0.682
   23/400  Win   W:16 D:0 L:7  Score: 0.696
   24/400  Loss  W:16 D:0 L:8  Score: 0.667
   25/400  Win   W:17 D:0 L:8  Score: 0.680
   26/400  Loss  W:17 D:0 L:9  Score: 0.654
   27/400  Loss  W:17 D:0 L:10  Score: 0.630
   28/400  Loss  W:17 D:0 L:11  Score: 0.607
   29/400  Win   W:18 D:0 L:11  Score: 0.621
   30/400  Win   W:19 D:0 L:11  Score: 0.633
   31/400  Loss  W:19 D:0 L:12  Score: 0.613
   32/400  Win   W:20 D:0 L:12  Score: 0.625
   33/400  Loss  W:20 D:0 L:13  Score: 0.606
   34/400  Win   W:21 D:0 L:13  Score: 0.618
   35/400  Loss  W:21 D:0 L:14  Score: 0.600
   36/400  Loss  W:21 D:0 L:15  Score: 0.583
   37/400  Loss  W:21 D:0 L:16  Score: 0.568
   38/400  Loss  W:21 D:0 L:17  Score: 0.553
   39/400  Loss  W:21 D:0 L:18  Score: 0.538
   40/400  Win   W:22 D:0 L:18  Score: 0.550
   41/400  Win   W:23 D:0 L:18  Score: 0.561
   42/400  Win   W:24 D:0 L:18  Score: 0.571
   43/400  Loss  W:24 D:0 L:19  Score: 0.558
   44/400  Win   W:25 D:0 L:19  Score: 0.568
   45/400  Loss  W:25 D:0 L:20  Score: 0.556
   46/400  Loss  W:25 D:0 L:21  Score: 0.543
   47/400  Win   W:26 D:0 L:21  Score: 0.553
   48/400  Win   W:27 D:0 L:21  Score: 0.562
   49/400  Win   W:28 D:0 L:21  Score: 0.571
   50/400  Loss  W:28 D:0 L:22  Score: 0.560
   51/400  Loss  W:28 D:0 L:23  Score: 0.549
   52/400  Loss  W:28 D:0 L:24  Score: 0.538
   53/400  Loss  W:28 D:0 L:25  Score: 0.528
   54/400  Win   W:29 D:0 L:25  Score: 0.537
   55/400  Loss  W:29 D:0 L:26  Score: 0.527
   56/400  Loss  W:29 D:0 L:27  Score: 0.518
   57/400  Loss  W:29 D:0 L:28  Score: 0.509
   58/400  Loss  W:29 D:0 L:29  Score: 0.500
   59/400  Loss  W:29 D:0 L:30  Score: 0.492
   60/400  Loss  W:29 D:0 L:31  Score: 0.483
   61/400  Loss  W:29 D:0 L:32  Score: 0.475
   62/400  Loss  W:29 D:0 L:33  Score: 0.468
   63/400  Win   W:30 D:0 L:33  Score: 0.476
   64/400  Loss  W:30 D:0 L:34  Score: 0.469
   65/400  Loss  W:30 D:0 L:35  Score: 0.462
   66/400  Loss  W:30 D:0 L:36  Score: 0.455
   67/400  Win   W:31 D:0 L:36  Score: 0.463
   68/400  Win   W:32 D:0 L:36  Score: 0.471
   69/400  Loss  W:32 D:0 L:37  Score: 0.464
   70/400  Win   W:33 D:0 L:37  Score: 0.471
   71/400  Loss  W:33 D:0 L:38  Score: 0.465
   72/400  Loss  W:33 D:0 L:39  Score: 0.458
   73/400  Loss  W:33 D:0 L:40  Score: 0.452
   74/400  Loss  W:33 D:0 L:41  Score: 0.446
   75/400  Loss  W:33 D:0 L:42  Score: 0.440
   76/400  Win   W:34 D:0 L:42  Score: 0.447
   77/400  Win   W:35 D:0 L:42  Score: 0.455
   78/400  Win   W:36 D:0 L:42  Score: 0.462
   79/400  Win   W:37 D:0 L:42  Score: 0.468
   80/400  Loss  W:37 D:0 L:43  Score: 0.463
   81/400  Loss  W:37 D:0 L:44  Score: 0.457
   82/400  Loss  W:37 D:0 L:45  Score: 0.451
   83/400  Loss  W:37 D:0 L:46  Score: 0.446
   84/400  Loss  W:37 D:0 L:47  Score: 0.440
   85/400  Win   W:38 D:0 L:47  Score: 0.447
   86/400  Win   W:39 D:0 L:47  Score: 0.453
   87/400  Loss  W:39 D:0 L:48  Score: 0.448
   88/400  Loss  W:39 D:0 L:49  Score: 0.443
   89/400  Win   W:40 D:0 L:49  Score: 0.449
   90/400  Win   W:41 D:0 L:49  Score: 0.456
   91/400  Win   W:42 D:0 L:49  Score: 0.462
   92/400  Win   W:43 D:0 L:49  Score: 0.467
   93/400  Win   W:44 D:0 L:49  Score: 0.473
   94/400  Win   W:45 D:0 L:49  Score: 0.479
   95/400  Loss  W:45 D:0 L:50  Score: 0.474
   96/400  Draw  W:45 D:1 L:50  Score: 0.474
   97/400  Win   W:46 D:1 L:50  Score: 0.479
   98/400  Loss  W:46 D:1 L:51  Score: 0.474
   99/400  Loss  W:46 D:1 L:52  Score: 0.470
  100/400  Loss  W:46 D:1 L:53  Score: 0.465
  101/400  Win   W:47 D:1 L:53  Score: 0.470
  102/400  Win   W:48 D:1 L:53  Score: 0.475
  103/400  Loss  W:48 D:1 L:54  Score: 0.471
  104/400  Win   W:49 D:1 L:54  Score: 0.476
  105/400  Loss  W:49 D:1 L:55  Score: 0.471
  106/400  Loss  W:49 D:1 L:56  Score: 0.467
  107/400  Loss  W:49 D:1 L:57  Score: 0.463
  108/400  Loss  W:49 D:1 L:58  Score: 0.458
  109/400  Win   W:50 D:1 L:58  Score: 0.463
  110/400  Loss  W:50 D:1 L:59  Score: 0.459
  111/400  Loss  W:50 D:1 L:60  Score: 0.455
  112/400  Loss  W:50 D:1 L:61  Score: 0.451
  113/400  Loss  W:50 D:1 L:62  Score: 0.447
  114/400  Loss  W:50 D:1 L:63  Score: 0.443
  115/400  Loss  W:50 D:1 L:64  Score: 0.439
  116/400  Loss  W:50 D:1 L:65  Score: 0.435
  117/400  Loss  W:50 D:1 L:66  Score: 0.432
  118/400  Loss  W:50 D:1 L:67  Score: 0.428
  119/400  Draw  W:50 D:2 L:67  Score: 0.429
  120/400  Draw  W:50 D:3 L:67  Score: 0.429
  121/400  Win   W:51 D:3 L:67  Score: 0.434
  122/400  Win   W:52 D:3 L:67  Score: 0.439
  123/400  Win   W:53 D:3 L:67  Score: 0.443
  124/400  Loss  W:53 D:3 L:68  Score: 0.440
  125/400  Loss  W:53 D:3 L:69  Score: 0.436
  126/400  Loss  W:53 D:3 L:70  Score: 0.433
  127/400  Loss  W:53 D:3 L:71  Score: 0.429
  128/400  Win   W:54 D:3 L:71  Score: 0.434
  129/400  Win   W:55 D:3 L:71  Score: 0.438
  130/400  Loss  W:55 D:3 L:72  Score: 0.435
  131/400  Loss  W:55 D:3 L:73  Score: 0.431
  132/400  Win   W:56 D:3 L:73  Score: 0.436
  133/400  Win   W:57 D:3 L:73  Score: 0.440
  134/400  Loss  W:57 D:3 L:74  Score: 0.437
  135/400  Loss  W:57 D:3 L:75  Score: 0.433
  136/400  Win   W:58 D:3 L:75  Score: 0.438
  137/400  Loss  W:58 D:3 L:76  Score: 0.434
  138/400  Win   W:59 D:3 L:76  Score: 0.438
  139/400  Loss  W:59 D:3 L:77  Score: 0.435
  140/400  Loss  W:59 D:3 L:78  Score: 0.432
  141/400  Loss  W:59 D:3 L:79  Score: 0.429
  142/400  Loss  W:59 D:3 L:80  Score: 0.426
  143/400  Loss  W:59 D:3 L:81  Score: 0.423
  144/400  Loss  W:59 D:3 L:82  Score: 0.420
  145/400  Loss  W:59 D:3 L:83  Score: 0.417
  146/400  Win   W:60 D:3 L:83  Score: 0.421
  147/400  Loss  W:60 D:3 L:84  Score: 0.418
  148/400  Loss  W:60 D:3 L:85  Score: 0.416
  149/400  Loss  W:60 D:3 L:86  Score: 0.413
  150/400  Win   W:61 D:3 L:86  Score: 0.417
  151/400  Loss  W:61 D:3 L:87  Score: 0.414
  152/400  Loss  W:61 D:3 L:88  Score: 0.411
  153/400  Win   W:62 D:3 L:88  Score: 0.415
  154/400  Win   W:63 D:3 L:88  Score: 0.419
  155/400  Loss  W:63 D:3 L:89  Score: 0.416
  156/400  Draw  W:63 D:4 L:89  Score: 0.417
  157/400  Loss  W:63 D:4 L:90  Score: 0.414
  158/400  Win   W:64 D:4 L:90  Score: 0.418
  159/400  Loss  W:64 D:4 L:91  Score: 0.415
  160/400  Loss  W:64 D:4 L:92  Score: 0.412
  161/400  Loss  W:64 D:4 L:93  Score: 0.410
  162/400  Loss  W:64 D:4 L:94  Score: 0.407
  163/400  Loss  W:64 D:4 L:95  Score: 0.405
  164/400  Loss  W:64 D:4 L:96  Score: 0.402
  165/400  Win   W:65 D:4 L:96  Score: 0.406
  166/400  Loss  W:65 D:4 L:97  Score: 0.404
  167/400  Loss  W:65 D:4 L:98  Score: 0.401
  168/400  Loss  W:65 D:4 L:99  Score: 0.399
  169/400  Loss  W:65 D:4 L:100  Score: 0.396
  170/400  Loss  W:65 D:4 L:101  Score: 0.394
  171/400  Win   W:66 D:4 L:101  Score: 0.398
  172/400  Loss  W:66 D:4 L:102  Score: 0.395
  173/400  Win   W:67 D:4 L:102  Score: 0.399
  174/400  Loss  W:67 D:4 L:103  Score: 0.397
  175/400  Win   W:68 D:4 L:103  Score: 0.400
  176/400  Loss  W:68 D:4 L:104  Score: 0.398
  177/400  Loss  W:68 D:4 L:105  Score: 0.395
  178/400  Win   W:69 D:4 L:105  Score: 0.399
  179/400  Loss  W:69 D:4 L:106  Score: 0.397
  180/400  Win   W:70 D:4 L:106  Score: 0.400
  181/400  Win   W:71 D:4 L:106  Score: 0.403
  182/400  Win   W:72 D:4 L:106  Score: 0.407
  183/400  Loss  W:72 D:4 L:107  Score: 0.404
  184/400  Draw  W:72 D:5 L:107  Score: 0.405
  185/400  Loss  W:72 D:5 L:108  Score: 0.403
  186/400  Loss  W:72 D:5 L:109  Score: 0.401
  187/400  Loss  W:72 D:5 L:110  Score: 0.398
  188/400  Win   W:73 D:5 L:110  Score: 0.402
  189/400  Loss  W:73 D:5 L:111  Score: 0.399
  190/400  Win   W:74 D:5 L:111  Score: 0.403
  191/400  Loss  W:74 D:5 L:112  Score: 0.401
  192/400  Win   W:75 D:5 L:112  Score: 0.404
  193/400  Loss  W:75 D:5 L:113  Score: 0.402
  194/400  Win   W:76 D:5 L:113  Score: 0.405
  195/400  Loss  W:76 D:5 L:114  Score: 0.403
  196/400  Loss  W:76 D:5 L:115  Score: 0.401
  197/400  Loss  W:76 D:5 L:116  Score: 0.398
  198/400  Loss  W:76 D:5 L:117  Score: 0.396
  199/400  Loss  W:76 D:5 L:118  Score: 0.394
  200/400  Win   W:77 D:5 L:118  Score: 0.398
  201/400  Win   W:78 D:5 L:118  Score: 0.400
  202/400  Loss  W:78 D:5 L:119  Score: 0.399
  203/400  Win   W:79 D:5 L:119  Score: 0.401
  204/400  Loss  W:79 D:5 L:120  Score: 0.400
  205/400  Draw  W:79 D:6 L:120  Score: 0.400
  206/400  Win   W:80 D:6 L:120  Score: 0.403
  207/400  Win   W:81 D:6 L:120  Score: 0.406
  208/400  Loss  W:81 D:6 L:121  Score: 0.404
  209/400  Win   W:82 D:6 L:121  Score: 0.407
  210/400  Loss  W:82 D:6 L:122  Score: 0.405
  211/400  Win   W:83 D:6 L:122  Score: 0.408
  212/400  Loss  W:83 D:6 L:123  Score: 0.406
  213/400  Loss  W:83 D:6 L:124  Score: 0.404
  214/400  Win   W:84 D:6 L:124  Score: 0.407
  215/400  Win   W:85 D:6 L:124  Score: 0.409
  216/400  Draw  W:85 D:7 L:124  Score: 0.410
  217/400  Loss  W:85 D:7 L:125  Score: 0.408
  218/400  Loss  W:85 D:7 L:126  Score: 0.406
  219/400  Win   W:86 D:7 L:126  Score: 0.409
  220/400  Loss  W:86 D:7 L:127  Score: 0.407
  221/400  Loss  W:86 D:7 L:128  Score: 0.405
  222/400  Win   W:87 D:7 L:128  Score: 0.408
  223/400  Loss  W:87 D:7 L:129  Score: 0.406
  224/400  Loss  W:87 D:7 L:130  Score: 0.404
  225/400  Loss  W:87 D:7 L:131  Score: 0.402
  226/400  Loss  W:87 D:7 L:132  Score: 0.400
  227/400  Loss  W:87 D:7 L:133  Score: 0.399
  228/400  Loss  W:87 D:7 L:134  Score: 0.397
  229/400  Win   W:88 D:7 L:134  Score: 0.400
  230/400  Win   W:89 D:7 L:134  Score: 0.402
  231/400  Loss  W:89 D:7 L:135  Score: 0.400
  232/400  Loss  W:89 D:7 L:136  Score: 0.399
  233/400  Win   W:90 D:7 L:136  Score: 0.401
  234/400  Win   W:91 D:7 L:136  Score: 0.404
  235/400  Loss  W:91 D:7 L:137  Score: 0.402
  236/400  Win   W:92 D:7 L:137  Score: 0.405
  237/400  Loss  W:92 D:7 L:138  Score: 0.403
  238/400  Loss  W:92 D:7 L:139  Score: 0.401
  239/400  Win   W:93 D:7 L:139  Score: 0.404
  240/400  Loss  W:93 D:7 L:140  Score: 0.402
  241/400  Loss  W:93 D:7 L:141  Score: 0.400
  242/400  Loss  W:93 D:7 L:142  Score: 0.399
  243/400  Loss  W:93 D:7 L:143  Score: 0.397
  244/400  Draw  W:93 D:8 L:143  Score: 0.398
  245/400  Loss  W:93 D:8 L:144  Score: 0.396
  246/400  Loss  W:93 D:8 L:145  Score: 0.394
  247/400  Loss  W:93 D:8 L:146  Score: 0.393
  248/400  Loss  W:93 D:8 L:147  Score: 0.391
  249/400  Win   W:94 D:8 L:147  Score: 0.394
  250/400  Loss  W:94 D:8 L:148  Score: 0.392
  251/400  Draw  W:94 D:9 L:148  Score: 0.392
  252/400  Win   W:95 D:9 L:148  Score: 0.395
  253/400  Loss  W:95 D:9 L:149  Score: 0.393
  254/400  Draw  W:95 D:10 L:149  Score: 0.394
  255/400  Loss  W:95 D:10 L:150  Score: 0.392
  256/400  Win   W:96 D:10 L:150  Score: 0.395
  257/400  Loss  W:96 D:10 L:151  Score: 0.393
  258/400  Draw  W:96 D:11 L:151  Score: 0.393
  259/400  Win   W:97 D:11 L:151  Score: 0.396
  260/400  Loss  W:97 D:11 L:152  Score: 0.394
  261/400  Loss  W:97 D:11 L:153  Score: 0.393
  262/400  Loss  W:97 D:11 L:154  Score: 0.391
  263/400  Loss  W:97 D:11 L:155  Score: 0.390
  264/400  Win   W:98 D:11 L:155  Score: 0.392
  265/400  Loss  W:98 D:11 L:156  Score: 0.391
  266/400  Loss  W:98 D:11 L:157  Score: 0.389
  267/400  Draw  W:98 D:12 L:157  Score: 0.390
  268/400  Draw  W:98 D:13 L:157  Score: 0.390
  269/400  Win   W:99 D:13 L:157  Score: 0.392
  270/400  Loss  W:99 D:13 L:158  Score: 0.391
  271/400  Loss  W:99 D:13 L:159  Score: 0.389
  272/400  Win   W:100 D:13 L:159  Score: 0.392
  273/400  Loss  W:100 D:13 L:160  Score: 0.390
  274/400  Win   W:101 D:13 L:160  Score: 0.392
  275/400  Loss  W:101 D:13 L:161  Score: 0.391
  276/400  Win   W:102 D:13 L:161  Score: 0.393
  277/400  Win   W:103 D:13 L:161  Score: 0.395
  278/400  Loss  W:103 D:13 L:162  Score: 0.394
  279/400  Loss  W:103 D:13 L:163  Score: 0.392
  280/400  Loss  W:103 D:13 L:164  Score: 0.391
  281/400  Loss  W:103 D:13 L:165  Score: 0.390
  282/400  Loss  W:103 D:13 L:166  Score: 0.388
  283/400  Win   W:104 D:13 L:166  Score: 0.390
  284/400  Win   W:105 D:13 L:166  Score: 0.393
  285/400  Loss  W:105 D:13 L:167  Score: 0.391
  286/400  Loss  W:105 D:13 L:168  Score: 0.390
  287/400  Loss  W:105 D:13 L:169  Score: 0.389
  288/400  Win   W:106 D:13 L:169  Score: 0.391
  289/400  Win   W:107 D:13 L:169  Score: 0.393
  290/400  Loss  W:107 D:13 L:170  Score: 0.391
  291/400  Loss  W:107 D:13 L:171  Score: 0.390
  292/400  Win   W:108 D:13 L:171  Score: 0.392
  293/400  Win   W:109 D:13 L:171  Score: 0.394
  294/400  Loss  W:109 D:13 L:172  Score: 0.393
  295/400  Loss  W:109 D:13 L:173  Score: 0.392
  296/400  Loss  W:109 D:13 L:174  Score: 0.390
  297/400  Win   W:110 D:13 L:174  Score: 0.392
  298/400  Win   W:111 D:13 L:174  Score: 0.394
  299/400  Loss  W:111 D:13 L:175  Score: 0.393
  300/400  Loss  W:111 D:13 L:176  Score: 0.392
  301/400  Win   W:112 D:13 L:176  Score: 0.394
  302/400  Loss  W:112 D:13 L:177  Score: 0.392
  303/400  Win   W:113 D:13 L:177  Score: 0.394
  304/400  Loss  W:113 D:13 L:178  Score: 0.393
  305/400  Loss  W:113 D:13 L:179  Score: 0.392
  306/400  Loss  W:113 D:13 L:180  Score: 0.391
  307/400  Loss  W:113 D:13 L:181  Score: 0.389
  308/400  Loss  W:113 D:13 L:182  Score: 0.388
  309/400  Loss  W:113 D:13 L:183  Score: 0.387
  310/400  Win   W:114 D:13 L:183  Score: 0.389
  311/400  Loss  W:114 D:13 L:184  Score: 0.387
  312/400  Win   W:115 D:13 L:184  Score: 0.389
  313/400  Win   W:116 D:13 L:184  Score: 0.391
  314/400  Win   W:117 D:13 L:184  Score: 0.393
  315/400  Loss  W:117 D:13 L:185  Score: 0.392
  316/400  Win   W:118 D:13 L:185  Score: 0.394
  317/400  Win   W:119 D:13 L:185  Score: 0.396
  318/400  Loss  W:119 D:13 L:186  Score: 0.395
  319/400  Loss  W:119 D:13 L:187  Score: 0.393
  320/400  Loss  W:119 D:13 L:188  Score: 0.392
  321/400  Loss  W:119 D:13 L:189  Score: 0.391
  322/400  Loss  W:119 D:13 L:190  Score: 0.390
  323/400  Loss  W:119 D:13 L:191  Score: 0.389
  324/400  Loss  W:119 D:13 L:192  Score: 0.387
  325/400  Loss  W:119 D:13 L:193  Score: 0.386
  326/400  Win   W:120 D:13 L:193  Score: 0.388
  327/400  Draw  W:120 D:14 L:193  Score: 0.388
  328/400  Win   W:121 D:14 L:193  Score: 0.390
  329/400  Win   W:122 D:14 L:193  Score: 0.392
  330/400  Loss  W:122 D:14 L:194  Score: 0.391
  331/400  Loss  W:122 D:14 L:195  Score: 0.390
  332/400  Win   W:123 D:14 L:195  Score: 0.392
  333/400  Loss  W:123 D:14 L:196  Score: 0.390
  334/400  Win   W:124 D:14 L:196  Score: 0.392
  335/400  Win   W:125 D:14 L:196  Score: 0.394
  336/400  Loss  W:125 D:14 L:197  Score: 0.393
  337/400  Loss  W:125 D:14 L:198  Score: 0.392
  338/400  Win   W:126 D:14 L:198  Score: 0.393
  339/400  Win   W:127 D:14 L:198  Score: 0.395
  340/400  Loss  W:127 D:14 L:199  Score: 0.394
  341/400  Loss  W:127 D:14 L:200  Score: 0.393
  342/400  Win   W:128 D:14 L:200  Score: 0.395
  343/400  Loss  W:128 D:14 L:201  Score: 0.394
  344/400  Win   W:129 D:14 L:201  Score: 0.395
  345/400  Loss  W:129 D:14 L:202  Score: 0.394
  346/400  Win   W:130 D:14 L:202  Score: 0.396
  347/400  Loss  W:130 D:14 L:203  Score: 0.395
  348/400  Draw  W:130 D:15 L:203  Score: 0.395
  349/400  Loss  W:130 D:15 L:204  Score: 0.394
  350/400  Win   W:131 D:15 L:204  Score: 0.396
  351/400  Win   W:132 D:15 L:204  Score: 0.397
  352/400  Loss  W:132 D:15 L:205  Score: 0.396
  353/400  Loss  W:132 D:15 L:206  Score: 0.395
  354/400  Loss  W:132 D:15 L:207  Score: 0.394
  355/400  Loss  W:132 D:15 L:208  Score: 0.393
  356/400  Win   W:133 D:15 L:208  Score: 0.395
  357/400  Loss  W:133 D:15 L:209  Score: 0.394
  358/400  Win   W:134 D:15 L:209  Score: 0.395
  359/400  Loss  W:134 D:15 L:210  Score: 0.394
  360/400  Win   W:135 D:15 L:210  Score: 0.396
  361/400  Win   W:136 D:15 L:210  Score: 0.398
  362/400  Loss  W:136 D:15 L:211  Score: 0.396
  363/400  Loss  W:136 D:15 L:212  Score: 0.395
  364/400  Draw  W:136 D:16 L:212  Score: 0.396
  365/400  Win   W:137 D:16 L:212  Score: 0.397
  366/400  Draw  W:137 D:17 L:212  Score: 0.398
  367/400  Loss  W:137 D:17 L:213  Score: 0.396
  368/400  Win   W:138 D:17 L:213  Score: 0.398
  369/400  Loss  W:138 D:17 L:214  Score: 0.397
  370/400  Loss  W:138 D:17 L:215  Score: 0.396
  371/400  Loss  W:138 D:17 L:216  Score: 0.395
  372/400  Draw  W:138 D:18 L:216  Score: 0.395
  373/400  Loss  W:138 D:18 L:217  Score: 0.394
  374/400  Draw  W:138 D:19 L:217  Score: 0.394
  375/400  Loss  W:138 D:19 L:218  Score: 0.393
  376/400  Win   W:139 D:19 L:218  Score: 0.395
  377/400  Win   W:140 D:19 L:218  Score: 0.397
  378/400  Win   W:141 D:19 L:218  Score: 0.398
  379/400  Loss  W:141 D:19 L:219  Score: 0.397
  380/400  Win   W:142 D:19 L:219  Score: 0.399
  381/400  Loss  W:142 D:19 L:220  Score: 0.398
  382/400  Loss  W:142 D:19 L:221  Score: 0.397
  383/400  Win   W:143 D:19 L:221  Score: 0.398
  384/400  Win   W:144 D:19 L:221  Score: 0.400
  385/400  Loss  W:144 D:19 L:222  Score: 0.399
  386/400  Win   W:145 D:19 L:222  Score: 0.400
  387/400  Draw  W:145 D:20 L:222  Score: 0.401
  388/400  Loss  W:145 D:20 L:223  Score: 0.399
  389/400  Loss  W:145 D:20 L:224  Score: 0.398
  390/400  Loss  W:145 D:20 L:225  Score: 0.397
  391/400  Win   W:146 D:20 L:225  Score: 0.399
  392/400  Loss  W:146 D:20 L:226  Score: 0.398
  393/400  Win   W:147 D:20 L:226  Score: 0.399
  394/400  Loss  W:147 D:20 L:227  Score: 0.398
  395/400  Loss  W:147 D:20 L:228  Score: 0.397
  396/400  Loss  W:147 D:20 L:229  Score: 0.396
  397/400  Draw  W:147 D:21 L:229  Score: 0.397
  398/400  Loss  W:147 D:21 L:230  Score: 0.396
  399/400  Win   W:148 D:21 L:230  Score: 0.397
  400/400  Loss  W:148 D:21 L:231  Score: 0.396

============================================================
  Stockfish UCI_Elo 2400  |  400 games  |  1.0s/move
============================================================
    1/400  Loss  W:0 D:0 L:1  Score: 0.000
    2/400  Win   W:1 D:0 L:1  Score: 0.500
    3/400  Draw  W:1 D:1 L:1  Score: 0.500
    4/400  Loss  W:1 D:1 L:2  Score: 0.375
    5/400  Loss  W:1 D:1 L:3  Score: 0.300
    6/400  Loss  W:1 D:1 L:4  Score: 0.250
    7/400  Loss  W:1 D:1 L:5  Score: 0.214
    8/400  Loss  W:1 D:1 L:6  Score: 0.188
    9/400  Loss  W:1 D:1 L:7  Score: 0.167
   10/400  Loss  W:1 D:1 L:8  Score: 0.150
   11/400  Loss  W:1 D:1 L:9  Score: 0.136
   12/400  Loss  W:1 D:1 L:10  Score: 0.125
   13/400  Loss  W:1 D:1 L:11  Score: 0.115
   14/400  Loss  W:1 D:1 L:12  Score: 0.107
   15/400  Loss  W:1 D:1 L:13  Score: 0.100
   16/400  Win   W:2 D:1 L:13  Score: 0.156
   17/400  Loss  W:2 D:1 L:14  Score: 0.147
   18/400  Draw  W:2 D:2 L:14  Score: 0.167
   19/400  Loss  W:2 D:2 L:15  Score: 0.158
   20/400  Loss  W:2 D:2 L:16  Score: 0.150
   21/400  Win   W:3 D:2 L:16  Score: 0.190
   22/400  Loss  W:3 D:2 L:17  Score: 0.182
   23/400  Loss  W:3 D:2 L:18  Score: 0.174
   24/400  Loss  W:3 D:2 L:19  Score: 0.167
   25/400  Win   W:4 D:2 L:19  Score: 0.200
   26/400  Loss  W:4 D:2 L:20  Score: 0.192
   27/400  Win   W:5 D:2 L:20  Score: 0.222
   28/400  Win   W:6 D:2 L:20  Score: 0.250
   29/400  Loss  W:6 D:2 L:21  Score: 0.241
   30/400  Loss  W:6 D:2 L:22  Score: 0.233
   31/400  Loss  W:6 D:2 L:23  Score: 0.226
   32/400  Loss  W:6 D:2 L:24  Score: 0.219
   33/400  Win   W:7 D:2 L:24  Score: 0.242
   34/400  Win   W:8 D:2 L:24  Score: 0.265
   35/400  Loss  W:8 D:2 L:25  Score: 0.257
   36/400  Loss  W:8 D:2 L:26  Score: 0.250
   37/400  Loss  W:8 D:2 L:27  Score: 0.243
   38/400  Win   W:9 D:2 L:27  Score: 0.263
   39/400  Loss  W:9 D:2 L:28  Score: 0.256
   40/400  Loss  W:9 D:2 L:29  Score: 0.250
   41/400  Win   W:10 D:2 L:29  Score: 0.268
   42/400  Win   W:11 D:2 L:29  Score: 0.286
   43/400  Loss  W:11 D:2 L:30  Score: 0.279
   44/400  Loss  W:11 D:2 L:31  Score: 0.273
   45/400  Loss  W:11 D:2 L:32  Score: 0.267
   46/400  Loss  W:11 D:2 L:33  Score: 0.261
   47/400  Loss  W:11 D:2 L:34  Score: 0.255
   48/400  Loss  W:11 D:2 L:35  Score: 0.250
   49/400  Loss  W:11 D:2 L:36  Score: 0.245
   50/400  Loss  W:11 D:2 L:37  Score: 0.240
   51/400  Loss  W:11 D:2 L:38  Score: 0.235
   52/400  Loss  W:11 D:2 L:39  Score: 0.231
   53/400  Win   W:12 D:2 L:39  Score: 0.245
   54/400  Loss  W:12 D:2 L:40  Score: 0.241
   55/400  Loss  W:12 D:2 L:41  Score: 0.236
   56/400  Loss  W:12 D:2 L:42  Score: 0.232
   57/400  Loss  W:12 D:2 L:43  Score: 0.228
   58/400  Draw  W:12 D:3 L:43  Score: 0.233
   59/400  Loss  W:12 D:3 L:44  Score: 0.229
   60/400  Win   W:13 D:3 L:44  Score: 0.242
   61/400  Loss  W:13 D:3 L:45  Score: 0.238
   62/400  Loss  W:13 D:3 L:46  Score: 0.234
   63/400  Loss  W:13 D:3 L:47  Score: 0.230
   64/400  Win   W:14 D:3 L:47  Score: 0.242
   65/400  Loss  W:14 D:3 L:48  Score: 0.238
   66/400  Loss  W:14 D:3 L:49  Score: 0.235
   67/400  Loss  W:14 D:3 L:50  Score: 0.231
   68/400  Draw  W:14 D:4 L:50  Score: 0.235
   69/400  Loss  W:14 D:4 L:51  Score: 0.232
   70/400  Win   W:15 D:4 L:51  Score: 0.243
   71/400  Draw  W:15 D:5 L:51  Score: 0.246
   72/400  Loss  W:15 D:5 L:52  Score: 0.243
   73/400  Loss  W:15 D:5 L:53  Score: 0.240
   74/400  Loss  W:15 D:5 L:54  Score: 0.236
   75/400  Win   W:16 D:5 L:54  Score: 0.247
   76/400  Win   W:17 D:5 L:54  Score: 0.257
   77/400  Draw  W:17 D:6 L:54  Score: 0.260
   78/400  Win   W:18 D:6 L:54  Score: 0.269
   79/400  Loss  W:18 D:6 L:55  Score: 0.266
   80/400  Loss  W:18 D:6 L:56  Score: 0.263
   81/400  Win   W:19 D:6 L:56  Score: 0.272
   82/400  Loss  W:19 D:6 L:57  Score: 0.268
   83/400  Loss  W:19 D:6 L:58  Score: 0.265
   84/400  Loss  W:19 D:6 L:59  Score: 0.262
   85/400  Loss  W:19 D:6 L:60  Score: 0.259
   86/400  Loss  W:19 D:6 L:61  Score: 0.256
   87/400  Loss  W:19 D:6 L:62  Score: 0.253
   88/400  Loss  W:19 D:6 L:63  Score: 0.250
   89/400  Loss  W:19 D:6 L:64  Score: 0.247
   90/400  Loss  W:19 D:6 L:65  Score: 0.244
   91/400  Loss  W:19 D:6 L:66  Score: 0.242
   92/400  Loss  W:19 D:6 L:67  Score: 0.239
   93/400  Loss  W:19 D:6 L:68  Score: 0.237
   94/400  Loss  W:19 D:6 L:69  Score: 0.234
   95/400  Win   W:20 D:6 L:69  Score: 0.242
   96/400  Loss  W:20 D:6 L:70  Score: 0.240
   97/400  Win   W:21 D:6 L:70  Score: 0.247
   98/400  Win   W:22 D:6 L:70  Score: 0.255
   99/400  Loss  W:22 D:6 L:71  Score: 0.253
  100/400  Loss  W:22 D:6 L:72  Score: 0.250
  101/400  Loss  W:22 D:6 L:73  Score: 0.248
  102/400  Loss  W:22 D:6 L:74  Score: 0.245
  103/400  Loss  W:22 D:6 L:75  Score: 0.243
  104/400  Win   W:23 D:6 L:75  Score: 0.250
  105/400  Loss  W:23 D:6 L:76  Score: 0.248
  106/400  Loss  W:23 D:6 L:77  Score: 0.245
  107/400  Loss  W:23 D:6 L:78  Score: 0.243
  108/400  Loss  W:23 D:6 L:79  Score: 0.241
  109/400  Loss  W:23 D:6 L:80  Score: 0.239
  110/400  Win   W:24 D:6 L:80  Score: 0.245
  111/400  Win   W:25 D:6 L:80  Score: 0.252
  112/400  Win   W:26 D:6 L:80  Score: 0.259
  113/400  Win   W:27 D:6 L:80  Score: 0.265
  114/400  Loss  W:27 D:6 L:81  Score: 0.263
  115/400  Win   W:28 D:6 L:81  Score: 0.270
  116/400  Loss  W:28 D:6 L:82  Score: 0.267
  117/400  Loss  W:28 D:6 L:83  Score: 0.265
  118/400  Loss  W:28 D:6 L:84  Score: 0.263
  119/400  Loss  W:28 D:6 L:85  Score: 0.261
  120/400  Loss  W:28 D:6 L:86  Score: 0.258
  121/400  Win   W:29 D:6 L:86  Score: 0.264
  122/400  Loss  W:29 D:6 L:87  Score: 0.262
  123/400  Loss  W:29 D:6 L:88  Score: 0.260
  124/400  Loss  W:29 D:6 L:89  Score: 0.258
  125/400  Loss  W:29 D:6 L:90  Score: 0.256
  126/400  Loss  W:29 D:6 L:91  Score: 0.254
  127/400  Loss  W:29 D:6 L:92  Score: 0.252
  128/400  Win   W:30 D:6 L:92  Score: 0.258
  129/400  Loss  W:30 D:6 L:93  Score: 0.256
  130/400  Win   W:31 D:6 L:93  Score: 0.262
  131/400  Loss  W:31 D:6 L:94  Score: 0.260
  132/400  Loss  W:31 D:6 L:95  Score: 0.258
  133/400  Loss  W:31 D:6 L:96  Score: 0.256
  134/400  Loss  W:31 D:6 L:97  Score: 0.254
  135/400  Loss  W:31 D:6 L:98  Score: 0.252
  136/400  Win   W:32 D:6 L:98  Score: 0.257
  137/400  Loss  W:32 D:6 L:99  Score: 0.255
  138/400  Loss  W:32 D:6 L:100  Score: 0.254
  139/400  Loss  W:32 D:6 L:101  Score: 0.252
  140/400  Win   W:33 D:6 L:101  Score: 0.257
  141/400  Win   W:34 D:6 L:101  Score: 0.262
  142/400  Loss  W:34 D:6 L:102  Score: 0.261
  143/400  Loss  W:34 D:6 L:103  Score: 0.259
  144/400  Loss  W:34 D:6 L:104  Score: 0.257
  145/400  Loss  W:34 D:6 L:105  Score: 0.255
  146/400  Loss  W:34 D:6 L:106  Score: 0.253
  147/400  Loss  W:34 D:6 L:107  Score: 0.252
  148/400  Loss  W:34 D:6 L:108  Score: 0.250
  149/400  Loss  W:34 D:6 L:109  Score: 0.248
  150/400  Loss  W:34 D:6 L:110  Score: 0.247
  151/400  Win   W:35 D:6 L:110  Score: 0.252
  152/400  Win   W:36 D:6 L:110  Score: 0.257
  153/400  Draw  W:36 D:7 L:110  Score: 0.258
  154/400  Loss  W:36 D:7 L:111  Score: 0.256
  155/400  Loss  W:36 D:7 L:112  Score: 0.255
  156/400  Loss  W:36 D:7 L:113  Score: 0.253
  157/400  Loss  W:36 D:7 L:114  Score: 0.252
  158/400  Loss  W:36 D:7 L:115  Score: 0.250
  159/400  Loss  W:36 D:7 L:116  Score: 0.248
  160/400  Loss  W:36 D:7 L:117  Score: 0.247
  161/400  Loss  W:36 D:7 L:118  Score: 0.245
  162/400  Loss  W:36 D:7 L:119  Score: 0.244
  163/400  Loss  W:36 D:7 L:120  Score: 0.242
  164/400  Loss  W:36 D:7 L:121  Score: 0.241
  165/400  Win   W:37 D:7 L:121  Score: 0.245
  166/400  Loss  W:37 D:7 L:122  Score: 0.244
  167/400  Loss  W:37 D:7 L:123  Score: 0.243
  168/400  Loss  W:37 D:7 L:124  Score: 0.241
  169/400  Loss  W:37 D:7 L:125  Score: 0.240
  170/400  Loss  W:37 D:7 L:126  Score: 0.238
  171/400  Loss  W:37 D:7 L:127  Score: 0.237
  172/400  Loss  W:37 D:7 L:128  Score: 0.235
  173/400  Win   W:38 D:7 L:128  Score: 0.240
  174/400  Draw  W:38 D:8 L:128  Score: 0.241
  175/400  Loss  W:38 D:8 L:129  Score: 0.240
  176/400  Win   W:39 D:8 L:129  Score: 0.244
  177/400  Draw  W:39 D:9 L:129  Score: 0.246
  178/400  Loss  W:39 D:9 L:130  Score: 0.244
  179/400  Loss  W:39 D:9 L:131  Score: 0.243
  180/400  Loss  W:39 D:9 L:132  Score: 0.242
  181/400  Win   W:40 D:9 L:132  Score: 0.246
  182/400  Loss  W:40 D:9 L:133  Score: 0.245
  183/400  Win   W:41 D:9 L:133  Score: 0.249
  184/400  Win   W:42 D:9 L:133  Score: 0.253
  185/400  Win   W:43 D:9 L:133  Score: 0.257
  186/400  Loss  W:43 D:9 L:134  Score: 0.255
  187/400  Loss  W:43 D:9 L:135  Score: 0.254
  188/400  Draw  W:43 D:10 L:135  Score: 0.255
  189/400  Loss  W:43 D:10 L:136  Score: 0.254
  190/400  Loss  W:43 D:10 L:137  Score: 0.253
  191/400  Loss  W:43 D:10 L:138  Score: 0.251
  192/400  Win   W:44 D:10 L:138  Score: 0.255
  193/400  Win   W:45 D:10 L:138  Score: 0.259
  194/400  Win   W:46 D:10 L:138  Score: 0.263
  195/400  Loss  W:46 D:10 L:139  Score: 0.262
  196/400  Loss  W:46 D:10 L:140  Score: 0.260
  197/400  Loss  W:46 D:10 L:141  Score: 0.259
  198/400  Loss  W:46 D:10 L:142  Score: 0.258
  199/400  Win   W:47 D:10 L:142  Score: 0.261
  200/400  Loss  W:47 D:10 L:143  Score: 0.260
  201/400  Win   W:48 D:10 L:143  Score: 0.264
  202/400  Win   W:49 D:10 L:143  Score: 0.267
  203/400  Win   W:50 D:10 L:143  Score: 0.271
  204/400  Loss  W:50 D:10 L:144  Score: 0.270
  205/400  Loss  W:50 D:10 L:145  Score: 0.268
  206/400  Loss  W:50 D:10 L:146  Score: 0.267
  207/400  Loss  W:50 D:10 L:147  Score: 0.266
  208/400  Loss  W:50 D:10 L:148  Score: 0.264
  209/400  Win   W:51 D:10 L:148  Score: 0.268
  210/400  Loss  W:51 D:10 L:149  Score: 0.267
  211/400  Win   W:52 D:10 L:149  Score: 0.270
  212/400  Loss  W:52 D:10 L:150  Score: 0.269
  213/400  Loss  W:52 D:10 L:151  Score: 0.268
  214/400  Loss  W:52 D:10 L:152  Score: 0.266
  215/400  Loss  W:52 D:10 L:153  Score: 0.265
  216/400  Loss  W:52 D:10 L:154  Score: 0.264
  217/400  Loss  W:52 D:10 L:155  Score: 0.263
  218/400  Loss  W:52 D:10 L:156  Score: 0.261
  219/400  Loss  W:52 D:10 L:157  Score: 0.260
  220/400  Loss  W:52 D:10 L:158  Score: 0.259
  221/400  Loss  W:52 D:10 L:159  Score: 0.258
  222/400  Win   W:53 D:10 L:159  Score: 0.261
  223/400  Draw  W:53 D:11 L:159  Score: 0.262
  224/400  Loss  W:53 D:11 L:160  Score: 0.261
  225/400  Loss  W:53 D:11 L:161  Score: 0.260
  226/400  Loss  W:53 D:11 L:162  Score: 0.259
  227/400  Loss  W:53 D:11 L:163  Score: 0.258
  228/400  Loss  W:53 D:11 L:164  Score: 0.257
  229/400  Win   W:54 D:11 L:164  Score: 0.260
  230/400  Loss  W:54 D:11 L:165  Score: 0.259
  231/400  Draw  W:54 D:12 L:165  Score: 0.260
  232/400  Win   W:55 D:12 L:165  Score: 0.263
  233/400  Loss  W:55 D:12 L:166  Score: 0.262
  234/400  Loss  W:55 D:12 L:167  Score: 0.261
  235/400  Loss  W:55 D:12 L:168  Score: 0.260
  236/400  Loss  W:55 D:12 L:169  Score: 0.258
  237/400  Loss  W:55 D:12 L:170  Score: 0.257
  238/400  Loss  W:55 D:12 L:171  Score: 0.256
  239/400  Win   W:56 D:12 L:171  Score: 0.259
  240/400  Win   W:57 D:12 L:171  Score: 0.263
  241/400  Draw  W:57 D:13 L:171  Score: 0.263
  242/400  Loss  W:57 D:13 L:172  Score: 0.262
  243/400  Loss  W:57 D:13 L:173  Score: 0.261
  244/400  Loss  W:57 D:13 L:174  Score: 0.260
  245/400  Loss  W:57 D:13 L:175  Score: 0.259
  246/400  Loss  W:57 D:13 L:176  Score: 0.258
  247/400  Loss  W:57 D:13 L:177  Score: 0.257
  248/400  Loss  W:57 D:13 L:178  Score: 0.256
  249/400  Win   W:58 D:13 L:178  Score: 0.259
  250/400  Loss  W:58 D:13 L:179  Score: 0.258
  251/400  Loss  W:58 D:13 L:180  Score: 0.257
  252/400  Loss  W:58 D:13 L:181  Score: 0.256
  253/400  Loss  W:58 D:13 L:182  Score: 0.255
  254/400  Loss  W:58 D:13 L:183  Score: 0.254
  255/400  Loss  W:58 D:13 L:184  Score: 0.253
  256/400  Win   W:59 D:13 L:184  Score: 0.256
  257/400  Win   W:60 D:13 L:184  Score: 0.259
  258/400  Win   W:61 D:13 L:184  Score: 0.262
  259/400  Win   W:62 D:13 L:184  Score: 0.264
  260/400  Loss  W:62 D:13 L:185  Score: 0.263
  261/400  Loss  W:62 D:13 L:186  Score: 0.262
  262/400  Loss  W:62 D:13 L:187  Score: 0.261
  263/400  Win   W:63 D:13 L:187  Score: 0.264
  264/400  Loss  W:63 D:13 L:188  Score: 0.263
  265/400  Win   W:64 D:13 L:188  Score: 0.266
  266/400  Loss  W:64 D:13 L:189  Score: 0.265
  267/400  Loss  W:64 D:13 L:190  Score: 0.264
  268/400  Draw  W:64 D:14 L:190  Score: 0.265
  269/400  Loss  W:64 D:14 L:191  Score: 0.264
  270/400  Loss  W:64 D:14 L:192  Score: 0.263
  271/400  Win   W:65 D:14 L:192  Score: 0.266
  272/400  Win   W:66 D:14 L:192  Score: 0.268
  273/400  Loss  W:66 D:14 L:193  Score: 0.267
  274/400  Loss  W:66 D:14 L:194  Score: 0.266
  275/400  Loss  W:66 D:14 L:195  Score: 0.265
  276/400  Win   W:67 D:14 L:195  Score: 0.268
  277/400  Loss  W:67 D:14 L:196  Score: 0.267
  278/400  Loss  W:67 D:14 L:197  Score: 0.266
  279/400  Loss  W:67 D:14 L:198  Score: 0.265
  280/400  Win   W:68 D:14 L:198  Score: 0.268
  281/400  Loss  W:68 D:14 L:199  Score: 0.267
  282/400  Win   W:69 D:14 L:199  Score: 0.270
  283/400  Win   W:70 D:14 L:199  Score: 0.272
  284/400  Loss  W:70 D:14 L:200  Score: 0.271
  285/400  Loss  W:70 D:14 L:201  Score: 0.270
  286/400  Win   W:71 D:14 L:201  Score: 0.273
  287/400  Loss  W:71 D:14 L:202  Score: 0.272
  288/400  Loss  W:71 D:14 L:203  Score: 0.271
  289/400  Loss  W:71 D:14 L:204  Score: 0.270
  290/400  Loss  W:71 D:14 L:205  Score: 0.269
  291/400  Loss  W:71 D:14 L:206  Score: 0.268
  292/400  Win   W:72 D:14 L:206  Score: 0.271
  293/400  Loss  W:72 D:14 L:207  Score: 0.270
  294/400  Loss  W:72 D:14 L:208  Score: 0.269
  295/400  Loss  W:72 D:14 L:209  Score: 0.268
  296/400  Win   W:73 D:14 L:209  Score: 0.270
  297/400  Win   W:74 D:14 L:209  Score: 0.273
  298/400  Loss  W:74 D:14 L:210  Score: 0.272
  299/400  Loss  W:74 D:14 L:211  Score: 0.271
  300/400  Loss  W:74 D:14 L:212  Score: 0.270
  301/400  Win   W:75 D:14 L:212  Score: 0.272
  302/400  Loss  W:75 D:14 L:213  Score: 0.272
  303/400  Loss  W:75 D:14 L:214  Score: 0.271
  304/400  Win   W:76 D:14 L:214  Score: 0.273
  305/400  Draw  W:76 D:15 L:214  Score: 0.274
  306/400  Loss  W:76 D:15 L:215  Score: 0.273
  307/400  Win   W:77 D:15 L:215  Score: 0.275
  308/400  Win   W:78 D:15 L:215  Score: 0.278
  309/400  Loss  W:78 D:15 L:216  Score: 0.277
  310/400  Loss  W:78 D:15 L:217  Score: 0.276
  311/400  Loss  W:78 D:15 L:218  Score: 0.275
  312/400  Loss  W:78 D:15 L:219  Score: 0.274
  313/400  Loss  W:78 D:15 L:220  Score: 0.273
  314/400  Win   W:79 D:15 L:220  Score: 0.275
  315/400  Loss  W:79 D:15 L:221  Score: 0.275
  316/400  Loss  W:79 D:15 L:222  Score: 0.274
  317/400  Loss  W:79 D:15 L:223  Score: 0.273
  318/400  Loss  W:79 D:15 L:224  Score: 0.272
  319/400  Loss  W:79 D:15 L:225  Score: 0.271
  320/400  Loss  W:79 D:15 L:226  Score: 0.270
  321/400  Loss  W:79 D:15 L:227  Score: 0.269
  322/400  Loss  W:79 D:15 L:228  Score: 0.269
  323/400  Loss  W:79 D:15 L:229  Score: 0.268
  324/400  Loss  W:79 D:15 L:230  Score: 0.267
  325/400  Loss  W:79 D:15 L:231  Score: 0.266
  326/400  Loss  W:79 D:15 L:232  Score: 0.265
  327/400  Loss  W:79 D:15 L:233  Score: 0.265
  328/400  Loss  W:79 D:15 L:234  Score: 0.264
  329/400  Loss  W:79 D:15 L:235  Score: 0.263
  330/400  Loss  W:79 D:15 L:236  Score: 0.262
  331/400  Loss  W:79 D:15 L:237  Score: 0.261
  332/400  Loss  W:79 D:15 L:238  Score: 0.261
  333/400  Loss  W:79 D:15 L:239  Score: 0.260
  334/400  Loss  W:79 D:15 L:240  Score: 0.259
  335/400  Loss  W:79 D:15 L:241  Score: 0.258
  336/400  Loss  W:79 D:15 L:242  Score: 0.257
  337/400  Loss  W:79 D:15 L:243  Score: 0.257
  338/400  Win   W:80 D:15 L:243  Score: 0.259
  339/400  Loss  W:80 D:15 L:244  Score: 0.258
  340/400  Loss  W:80 D:15 L:245  Score: 0.257
  341/400  Loss  W:80 D:15 L:246  Score: 0.257
  342/400  Draw  W:80 D:16 L:246  Score: 0.257
  343/400  Loss  W:80 D:16 L:247  Score: 0.257
  344/400  Draw  W:80 D:17 L:247  Score: 0.257
  345/400  Loss  W:80 D:17 L:248  Score: 0.257
  346/400  Loss  W:80 D:17 L:249  Score: 0.256
  347/400  Win   W:81 D:17 L:249  Score: 0.258
  348/400  Loss  W:81 D:17 L:250  Score: 0.257
  349/400  Loss  W:81 D:17 L:251  Score: 0.256
  350/400  Loss  W:81 D:17 L:252  Score: 0.256
  351/400  Loss  W:81 D:17 L:253  Score: 0.255
  352/400  Loss  W:81 D:17 L:254  Score: 0.254
  353/400  Draw  W:81 D:18 L:254  Score: 0.255
  354/400  Win   W:82 D:18 L:254  Score: 0.257
  355/400  Loss  W:82 D:18 L:255  Score: 0.256
  356/400  Loss  W:82 D:18 L:256  Score: 0.256
  357/400  Loss  W:82 D:18 L:257  Score: 0.255
  358/400  Loss  W:82 D:18 L:258  Score: 0.254
  359/400  Loss  W:82 D:18 L:259  Score: 0.253
  360/400  Loss  W:82 D:18 L:260  Score: 0.253
  361/400  Win   W:83 D:18 L:260  Score: 0.255
  362/400  Loss  W:83 D:18 L:261  Score: 0.254
  363/400  Win   W:84 D:18 L:261  Score: 0.256
  364/400  Loss  W:84 D:18 L:262  Score: 0.255
  365/400  Loss  W:84 D:18 L:263  Score: 0.255
  366/400  Loss  W:84 D:18 L:264  Score: 0.254
  367/400  Loss  W:84 D:18 L:265  Score: 0.253
  368/400  Loss  W:84 D:18 L:266  Score: 0.253
  369/400  Loss  W:84 D:18 L:267  Score: 0.252
  370/400  Loss  W:84 D:18 L:268  Score: 0.251
  371/400  Win   W:85 D:18 L:268  Score: 0.253
  372/400  Draw  W:85 D:19 L:268  Score: 0.254
  373/400  Loss  W:85 D:19 L:269  Score: 0.253
  374/400  Win   W:86 D:19 L:269  Score: 0.255
  375/400  Win   W:87 D:19 L:269  Score: 0.257
  376/400  Loss  W:87 D:19 L:270  Score: 0.257
  377/400  Win   W:88 D:19 L:270  Score: 0.259
  378/400  Win   W:89 D:19 L:270  Score: 0.261
  379/400  Loss  W:89 D:19 L:271  Score: 0.260
  380/400  Win   W:90 D:19 L:271  Score: 0.262
  381/400  Win   W:91 D:19 L:271  Score: 0.264
  382/400  Loss  W:91 D:19 L:272  Score: 0.263
  383/400  Win   W:92 D:19 L:272  Score: 0.265
  384/400  Loss  W:92 D:19 L:273  Score: 0.264
  385/400  Loss  W:92 D:19 L:274  Score: 0.264
  386/400  Loss  W:92 D:19 L:275  Score: 0.263
  387/400  Loss  W:92 D:19 L:276  Score: 0.262
  388/400  Loss  W:92 D:19 L:277  Score: 0.262
  389/400  Loss  W:92 D:19 L:278  Score: 0.261
  390/400  Loss  W:92 D:19 L:279  Score: 0.260
  391/400  Loss  W:92 D:19 L:280  Score: 0.260
  392/400  Win   W:93 D:19 L:280  Score: 0.261
  393/400  Loss  W:93 D:19 L:281  Score: 0.261
  394/400  Loss  W:93 D:19 L:282  Score: 0.260
  395/400  Loss  W:93 D:19 L:283  Score: 0.259
  396/400  Loss  W:93 D:19 L:284  Score: 0.259
  397/400  Loss  W:93 D:19 L:285  Score: 0.258
  398/400  Win   W:94 D:19 L:285  Score: 0.260
  399/400  Loss  W:94 D:19 L:286  Score: 0.259
  400/400  Loss  W:94 D:19 L:287  Score: 0.259

============================================================
  Stockfish UCI_Elo 2500  |  400 games  |  1.0s/move
============================================================
    1/400  Loss  W:0 D:0 L:1  Score: 0.000
    2/400  Loss  W:0 D:0 L:2  Score: 0.000
    3/400  Loss  W:0 D:0 L:3  Score: 0.000
    4/400  Loss  W:0 D:0 L:4  Score: 0.000
    5/400  Win   W:1 D:0 L:4  Score: 0.200
    6/400  Loss  W:1 D:0 L:5  Score: 0.167
    7/400  Loss  W:1 D:0 L:6  Score: 0.143
    8/400  Loss  W:1 D:0 L:7  Score: 0.125
    9/400  Loss  W:1 D:0 L:8  Score: 0.111
   10/400  Win   W:2 D:0 L:8  Score: 0.200
   11/400  Win   W:3 D:0 L:8  Score: 0.273
   12/400  Loss  W:3 D:0 L:9  Score: 0.250
   13/400  Win   W:4 D:0 L:9  Score: 0.308
   14/400  Loss  W:4 D:0 L:10  Score: 0.286
   15/400  Loss  W:4 D:0 L:11  Score: 0.267
   16/400  Win   W:5 D:0 L:11  Score: 0.312
   17/400  Win   W:6 D:0 L:11  Score: 0.353
   18/400  Loss  W:6 D:0 L:12  Score: 0.333
   19/400  Win   W:7 D:0 L:12  Score: 0.368
   20/400  Win   W:8 D:0 L:12  Score: 0.400
   21/400  Loss  W:8 D:0 L:13  Score: 0.381
   22/400  Loss  W:8 D:0 L:14  Score: 0.364
   23/400  Loss  W:8 D:0 L:15  Score: 0.348
   24/400  Win   W:9 D:0 L:15  Score: 0.375
   25/400  Win   W:10 D:0 L:15  Score: 0.400
   26/400  Loss  W:10 D:0 L:16  Score: 0.385
   27/400  Loss  W:10 D:0 L:17  Score: 0.370
   28/400  Loss  W:10 D:0 L:18  Score: 0.357
   29/400  Win   W:11 D:0 L:18  Score: 0.379
   30/400  Loss  W:11 D:0 L:19  Score: 0.367
   31/400  Loss  W:11 D:0 L:20  Score: 0.355
   32/400  Loss  W:11 D:0 L:21  Score: 0.344
   33/400  Draw  W:11 D:1 L:21  Score: 0.348
   34/400  Draw  W:11 D:2 L:21  Score: 0.353
   35/400  Win   W:12 D:2 L:21  Score: 0.371
   36/400  Loss  W:12 D:2 L:22  Score: 0.361
   37/400  Win   W:13 D:2 L:22  Score: 0.378
   38/400  Loss  W:13 D:2 L:23  Score: 0.368
   39/400  Draw  W:13 D:3 L:23  Score: 0.372
   40/400  Loss  W:13 D:3 L:24  Score: 0.362
   41/400  Win   W:14 D:3 L:24  Score: 0.378
   42/400  Loss  W:14 D:3 L:25  Score: 0.369
   43/400  Win   W:15 D:3 L:25  Score: 0.384
   44/400  Loss  W:15 D:3 L:26  Score: 0.375
   45/400  Loss  W:15 D:3 L:27  Score: 0.367
   46/400  Loss  W:15 D:3 L:28  Score: 0.359
   47/400  Win   W:16 D:3 L:28  Score: 0.372
   48/400  Loss  W:16 D:3 L:29  Score: 0.365
   49/400  Loss  W:16 D:3 L:30  Score: 0.357
   50/400  Loss  W:16 D:3 L:31  Score: 0.350
   51/400  Win   W:17 D:3 L:31  Score: 0.363
   52/400  Loss  W:17 D:3 L:32  Score: 0.356
   53/400  Loss  W:17 D:3 L:33  Score: 0.349
   54/400  Win   W:18 D:3 L:33  Score: 0.361
   55/400  Win   W:19 D:3 L:33  Score: 0.373
   56/400  Win   W:20 D:3 L:33  Score: 0.384
   57/400  Loss  W:20 D:3 L:34  Score: 0.377
   58/400  Win   W:21 D:3 L:34  Score: 0.388
   59/400  Loss  W:21 D:3 L:35  Score: 0.381
   60/400  Loss  W:21 D:3 L:36  Score: 0.375
   61/400  Loss  W:21 D:3 L:37  Score: 0.369
   62/400  Win   W:22 D:3 L:37  Score: 0.379
   63/400  Loss  W:22 D:3 L:38  Score: 0.373
   64/400  Loss  W:22 D:3 L:39  Score: 0.367
   65/400  Win   W:23 D:3 L:39  Score: 0.377
   66/400  Loss  W:23 D:3 L:40  Score: 0.371
   67/400  Loss  W:23 D:3 L:41  Score: 0.366
   68/400  Loss  W:23 D:3 L:42  Score: 0.360
   69/400  Win   W:24 D:3 L:42  Score: 0.370
   70/400  Loss  W:24 D:3 L:43  Score: 0.364
   71/400  Draw  W:24 D:4 L:43  Score: 0.366
   72/400  Loss  W:24 D:4 L:44  Score: 0.361
   73/400  Loss  W:24 D:4 L:45  Score: 0.356
   74/400  Loss  W:24 D:4 L:46  Score: 0.351
   75/400  Draw  W:24 D:5 L:46  Score: 0.353
   76/400  Loss  W:24 D:5 L:47  Score: 0.349
   77/400  Win   W:25 D:5 L:47  Score: 0.357
   78/400  Loss  W:25 D:5 L:48  Score: 0.353
   79/400  Win   W:26 D:5 L:48  Score: 0.361
   80/400  Loss  W:26 D:5 L:49  Score: 0.356
   81/400  Win   W:27 D:5 L:49  Score: 0.364
   82/400  Loss  W:27 D:5 L:50  Score: 0.360
   83/400  Win   W:28 D:5 L:50  Score: 0.367
   84/400  Draw  W:28 D:6 L:50  Score: 0.369
   85/400  Loss  W:28 D:6 L:51  Score: 0.365
   86/400  Draw  W:28 D:7 L:51  Score: 0.366
   87/400  Loss  W:28 D:7 L:52  Score: 0.362
   88/400  Win   W:29 D:7 L:52  Score: 0.369
   89/400  Loss  W:29 D:7 L:53  Score: 0.365
   90/400  Win   W:30 D:7 L:53  Score: 0.372
   91/400  Loss  W:30 D:7 L:54  Score: 0.368
   92/400  Loss  W:30 D:7 L:55  Score: 0.364
   93/400  Loss  W:30 D:7 L:56  Score: 0.360
   94/400  Win   W:31 D:7 L:56  Score: 0.367
   95/400  Loss  W:31 D:7 L:57  Score: 0.363
   96/400  Loss  W:31 D:7 L:58  Score: 0.359
   97/400  Loss  W:31 D:7 L:59  Score: 0.356
   98/400  Loss  W:31 D:7 L:60  Score: 0.352
   99/400  Loss  W:31 D:7 L:61  Score: 0.348
  100/400  Win   W:32 D:7 L:61  Score: 0.355
  101/400  Win   W:33 D:7 L:61  Score: 0.361
  102/400  Loss  W:33 D:7 L:62  Score: 0.358
  103/400  Loss  W:33 D:7 L:63  Score: 0.354
  104/400  Loss  W:33 D:7 L:64  Score: 0.351
  105/400  Loss  W:33 D:7 L:65  Score: 0.348
  106/400  Loss  W:33 D:7 L:66  Score: 0.344
  107/400  Loss  W:33 D:7 L:67  Score: 0.341
  108/400  Loss  W:33 D:7 L:68  Score: 0.338
  109/400  Win   W:34 D:7 L:68  Score: 0.344
  110/400  Loss  W:34 D:7 L:69  Score: 0.341
  111/400  Loss  W:34 D:7 L:70  Score: 0.338
  112/400  Loss  W:34 D:7 L:71  Score: 0.335
  113/400  Loss  W:34 D:7 L:72  Score: 0.332
  114/400  Loss  W:34 D:7 L:73  Score: 0.329
  115/400  Loss  W:34 D:7 L:74  Score: 0.326
  116/400  Win   W:35 D:7 L:74  Score: 0.332
  117/400  Win   W:36 D:7 L:74  Score: 0.338
  118/400  Loss  W:36 D:7 L:75  Score: 0.335
  119/400  Loss  W:36 D:7 L:76  Score: 0.332
  120/400  Win   W:37 D:7 L:76  Score: 0.338
  121/400  Loss  W:37 D:7 L:77  Score: 0.335
  122/400  Win   W:38 D:7 L:77  Score: 0.340
  123/400  Win   W:39 D:7 L:77  Score: 0.346
  124/400  Loss  W:39 D:7 L:78  Score: 0.343
  125/400  Loss  W:39 D:7 L:79  Score: 0.340
  126/400  Loss  W:39 D:7 L:80  Score: 0.337
  127/400  Win   W:40 D:7 L:80  Score: 0.343
  128/400  Win   W:41 D:7 L:80  Score: 0.348
  129/400  Win   W:42 D:7 L:80  Score: 0.353
  130/400  Loss  W:42 D:7 L:81  Score: 0.350
  131/400  Loss  W:42 D:7 L:82  Score: 0.347
  132/400  Loss  W:42 D:7 L:83  Score: 0.345
  133/400  Loss  W:42 D:7 L:84  Score: 0.342
  134/400  Win   W:43 D:7 L:84  Score: 0.347
  135/400  Loss  W:43 D:7 L:85  Score: 0.344
  136/400  Win   W:44 D:7 L:85  Score: 0.349
  137/400  Loss  W:44 D:7 L:86  Score: 0.347
  138/400  Loss  W:44 D:7 L:87  Score: 0.344
  139/400  Loss  W:44 D:7 L:88  Score: 0.342
  140/400  Loss  W:44 D:7 L:89  Score: 0.339
  141/400  Loss  W:44 D:7 L:90  Score: 0.337
  142/400  Loss  W:44 D:7 L:91  Score: 0.335
  143/400  Loss  W:44 D:7 L:92  Score: 0.332
  144/400  Loss  W:44 D:7 L:93  Score: 0.330
  145/400  Loss  W:44 D:7 L:94  Score: 0.328
  146/400  Loss  W:44 D:7 L:95  Score: 0.325
  147/400  Loss  W:44 D:7 L:96  Score: 0.323
  148/400  Loss  W:44 D:7 L:97  Score: 0.321
  149/400  Loss  W:44 D:7 L:98  Score: 0.319
  150/400  Loss  W:44 D:7 L:99  Score: 0.317
  151/400  Loss  W:44 D:7 L:100  Score: 0.315
  152/400  Win   W:45 D:7 L:100  Score: 0.319
  153/400  Loss  W:45 D:7 L:101  Score: 0.317
  154/400  Loss  W:45 D:7 L:102  Score: 0.315
  155/400  Win   W:46 D:7 L:102  Score: 0.319
  156/400  Loss  W:46 D:7 L:103  Score: 0.317
  157/400  Loss  W:46 D:7 L:104  Score: 0.315
  158/400  Loss  W:46 D:7 L:105  Score: 0.313
  159/400  Loss  W:46 D:7 L:106  Score: 0.311
  160/400  Loss  W:46 D:7 L:107  Score: 0.309
  161/400  Loss  W:46 D:7 L:108  Score: 0.307
  162/400  Loss  W:46 D:7 L:109  Score: 0.306
  163/400  Loss  W:46 D:7 L:110  Score: 0.304
  164/400  Win   W:47 D:7 L:110  Score: 0.308
  165/400  Win   W:48 D:7 L:110  Score: 0.312
  166/400  Loss  W:48 D:7 L:111  Score: 0.310
  167/400  Win   W:49 D:7 L:111  Score: 0.314
  168/400  Loss  W:49 D:7 L:112  Score: 0.312
  169/400  Loss  W:49 D:7 L:113  Score: 0.311
  170/400  Loss  W:49 D:7 L:114  Score: 0.309
  171/400  Win   W:50 D:7 L:114  Score: 0.313
  172/400  Loss  W:50 D:7 L:115  Score: 0.311
  173/400  Loss  W:50 D:7 L:116  Score: 0.309
  174/400  Loss  W:50 D:7 L:117  Score: 0.307
  175/400  Win   W:51 D:7 L:117  Score: 0.311
  176/400  Win   W:52 D:7 L:117  Score: 0.315
  177/400  Loss  W:52 D:7 L:118  Score: 0.314
  178/400  Loss  W:52 D:7 L:119  Score: 0.312
  179/400  Win   W:53 D:7 L:119  Score: 0.316
  180/400  Loss  W:53 D:7 L:120  Score: 0.314
  181/400  Loss  W:53 D:7 L:121  Score: 0.312
  182/400  Loss  W:53 D:7 L:122  Score: 0.310
  183/400  Loss  W:53 D:7 L:123  Score: 0.309
  184/400  Loss  W:53 D:7 L:124  Score: 0.307
  185/400  Loss  W:53 D:7 L:125  Score: 0.305
  186/400  Loss  W:53 D:7 L:126  Score: 0.304
  187/400  Loss  W:53 D:7 L:127  Score: 0.302
  188/400  Draw  W:53 D:8 L:127  Score: 0.303
  189/400  Loss  W:53 D:8 L:128  Score: 0.302
  190/400  Win   W:54 D:8 L:128  Score: 0.305
  191/400  Loss  W:54 D:8 L:129  Score: 0.304
  192/400  Win   W:55 D:8 L:129  Score: 0.307
  193/400  Loss  W:55 D:8 L:130  Score: 0.306
  194/400  Loss  W:55 D:8 L:131  Score: 0.304
  195/400  Loss  W:55 D:8 L:132  Score: 0.303
  196/400  Loss  W:55 D:8 L:133  Score: 0.301
  197/400  Loss  W:55 D:8 L:134  Score: 0.299
  198/400  Loss  W:55 D:8 L:135  Score: 0.298
  199/400  Loss  W:55 D:8 L:136  Score: 0.296
  200/400  Loss  W:55 D:8 L:137  Score: 0.295
  201/400  Loss  W:55 D:8 L:138  Score: 0.294
  202/400  Loss  W:55 D:8 L:139  Score: 0.292
  203/400  Win   W:56 D:8 L:139  Score: 0.296
  204/400  Draw  W:56 D:9 L:139  Score: 0.297
  205/400  Loss  W:56 D:9 L:140  Score: 0.295
  206/400  Loss  W:56 D:9 L:141  Score: 0.294
  207/400  Win   W:57 D:9 L:141  Score: 0.297
  208/400  Loss  W:57 D:9 L:142  Score: 0.296
  209/400  Loss  W:57 D:9 L:143  Score: 0.294
  210/400  Win   W:58 D:9 L:143  Score: 0.298
  211/400  Loss  W:58 D:9 L:144  Score: 0.296
  212/400  Loss  W:58 D:9 L:145  Score: 0.295
  213/400  Loss  W:58 D:9 L:146  Score: 0.293
  214/400  Win   W:59 D:9 L:146  Score: 0.297
  215/400  Loss  W:59 D:9 L:147  Score: 0.295
  216/400  Loss  W:59 D:9 L:148  Score: 0.294
  217/400  Loss  W:59 D:9 L:149  Score: 0.293
  218/400  Win   W:60 D:9 L:149  Score: 0.296
  219/400  Win   W:61 D:9 L:149  Score: 0.299
  220/400  Loss  W:61 D:9 L:150  Score: 0.298
  221/400  Loss  W:61 D:9 L:151  Score: 0.296
  222/400  Loss  W:61 D:9 L:152  Score: 0.295
  223/400  Win   W:62 D:9 L:152  Score: 0.298
  224/400  Loss  W:62 D:9 L:153  Score: 0.297
  225/400  Loss  W:62 D:9 L:154  Score: 0.296
  226/400  Draw  W:62 D:10 L:154  Score: 0.296
  227/400  Loss  W:62 D:10 L:155  Score: 0.295
  228/400  Loss  W:62 D:10 L:156  Score: 0.294
  229/400  Loss  W:62 D:10 L:157  Score: 0.293
  230/400  Loss  W:62 D:10 L:158  Score: 0.291
  231/400  Loss  W:62 D:10 L:159  Score: 0.290
  232/400  Win   W:63 D:10 L:159  Score: 0.293
  233/400  Draw  W:63 D:11 L:159  Score: 0.294
  234/400  Loss  W:63 D:11 L:160  Score: 0.293
  235/400  Loss  W:63 D:11 L:161  Score: 0.291
  236/400  Draw  W:63 D:12 L:161  Score: 0.292
  237/400  Loss  W:63 D:12 L:162  Score: 0.291
  238/400  Loss  W:63 D:12 L:163  Score: 0.290
  239/400  Loss  W:63 D:12 L:164  Score: 0.289
  240/400  Loss  W:63 D:12 L:165  Score: 0.287
  241/400  Loss  W:63 D:12 L:166  Score: 0.286
  242/400  Win   W:64 D:12 L:166  Score: 0.289
  243/400  Loss  W:64 D:12 L:167  Score: 0.288
  244/400  Loss  W:64 D:12 L:168  Score: 0.287
  245/400  Loss  W:64 D:12 L:169  Score: 0.286
  246/400  Draw  W:64 D:13 L:169  Score: 0.287
  247/400  Draw  W:64 D:14 L:169  Score: 0.287
  248/400  Loss  W:64 D:14 L:170  Score: 0.286
  249/400  Loss  W:64 D:14 L:171  Score: 0.285
  250/400  Win   W:65 D:14 L:171  Score: 0.288
  251/400  Loss  W:65 D:14 L:172  Score: 0.287
  252/400  Loss  W:65 D:14 L:173  Score: 0.286
  253/400  Win   W:66 D:14 L:173  Score: 0.289
  254/400  Loss  W:66 D:14 L:174  Score: 0.287
  255/400  Loss  W:66 D:14 L:175  Score: 0.286
  256/400  Loss  W:66 D:14 L:176  Score: 0.285
  257/400  Loss  W:66 D:14 L:177  Score: 0.284
  258/400  Loss  W:66 D:14 L:178  Score: 0.283
  259/400  Loss  W:66 D:14 L:179  Score: 0.282
  260/400  Loss  W:66 D:14 L:180  Score: 0.281
  261/400  Loss  W:66 D:14 L:181  Score: 0.280
  262/400  Win   W:67 D:14 L:181  Score: 0.282
  263/400  Win   W:68 D:14 L:181  Score: 0.285
  264/400  Win   W:69 D:14 L:181  Score: 0.288
  265/400  Loss  W:69 D:14 L:182  Score: 0.287
  266/400  Win   W:70 D:14 L:182  Score: 0.289
  267/400  Win   W:71 D:14 L:182  Score: 0.292
  268/400  Draw  W:71 D:15 L:182  Score: 0.293
  269/400  Loss  W:71 D:15 L:183  Score: 0.292
  270/400  Win   W:72 D:15 L:183  Score: 0.294
  271/400  Loss  W:72 D:15 L:184  Score: 0.293
  272/400  Loss  W:72 D:15 L:185  Score: 0.292
  273/400  Loss  W:72 D:15 L:186  Score: 0.291
  274/400  Loss  W:72 D:15 L:187  Score: 0.290
  275/400  Loss  W:72 D:15 L:188  Score: 0.289
  276/400  Loss  W:72 D:15 L:189  Score: 0.288
  277/400  Win   W:73 D:15 L:189  Score: 0.291
  278/400  Win   W:74 D:15 L:189  Score: 0.293
  279/400  Loss  W:74 D:15 L:190  Score: 0.292
  280/400  Loss  W:74 D:15 L:191  Score: 0.291
  281/400  Loss  W:74 D:15 L:192  Score: 0.290
  282/400  Loss  W:74 D:15 L:193  Score: 0.289
  283/400  Loss  W:74 D:15 L:194  Score: 0.288
  284/400  Loss  W:74 D:15 L:195  Score: 0.287
  285/400  Win   W:75 D:15 L:195  Score: 0.289
  286/400  Loss  W:75 D:15 L:196  Score: 0.288
  287/400  Loss  W:75 D:15 L:197  Score: 0.287
  288/400  Loss  W:75 D:15 L:198  Score: 0.286
  289/400  Win   W:76 D:15 L:198  Score: 0.289
  290/400  Loss  W:76 D:15 L:199  Score: 0.288
  291/400  Loss  W:76 D:15 L:200  Score: 0.287
  292/400  Win   W:77 D:15 L:200  Score: 0.289
  293/400  Loss  W:77 D:15 L:201  Score: 0.288
  294/400  Loss  W:77 D:15 L:202  Score: 0.287
  295/400  Loss  W:77 D:15 L:203  Score: 0.286
  296/400  Loss  W:77 D:15 L:204  Score: 0.285
  297/400  Loss  W:77 D:15 L:205  Score: 0.285
  298/400  Draw  W:77 D:16 L:205  Score: 0.285
  299/400  Loss  W:77 D:16 L:206  Score: 0.284
  300/400  Loss  W:77 D:16 L:207  Score: 0.283
  301/400  Win   W:78 D:16 L:207  Score: 0.286
  302/400  Win   W:79 D:16 L:207  Score: 0.288
  303/400  Loss  W:79 D:16 L:208  Score: 0.287
  304/400  Loss  W:79 D:16 L:209  Score: 0.286
  305/400  Loss  W:79 D:16 L:210  Score: 0.285
  306/400  Loss  W:79 D:16 L:211  Score: 0.284
  307/400  Loss  W:79 D:16 L:212  Score: 0.283
  308/400  Win   W:80 D:16 L:212  Score: 0.286
  309/400  Loss  W:80 D:16 L:213  Score: 0.285
  310/400  Win   W:81 D:16 L:213  Score: 0.287
  311/400  Win   W:82 D:16 L:213  Score: 0.289
  312/400  Loss  W:82 D:16 L:214  Score: 0.288
  313/400  Loss  W:82 D:16 L:215  Score: 0.288
  314/400  Loss  W:82 D:16 L:216  Score: 0.287
  315/400  Loss  W:82 D:16 L:217  Score: 0.286
  316/400  Win   W:83 D:16 L:217  Score: 0.288
  317/400  Draw  W:83 D:17 L:217  Score: 0.289
  318/400  Draw  W:83 D:18 L:217  Score: 0.289
  319/400  Loss  W:83 D:18 L:218  Score: 0.288
  320/400  Win   W:84 D:18 L:218  Score: 0.291
  321/400  Loss  W:84 D:18 L:219  Score: 0.290
  322/400  Loss  W:84 D:18 L:220  Score: 0.289
  323/400  Win   W:85 D:18 L:220  Score: 0.291
  324/400  Win   W:86 D:18 L:220  Score: 0.293
  325/400  Loss  W:86 D:18 L:221  Score: 0.292
  326/400  Loss  W:86 D:18 L:222  Score: 0.291
  327/400  Loss  W:86 D:18 L:223  Score: 0.291
  328/400  Loss  W:86 D:18 L:224  Score: 0.290
  329/400  Win   W:87 D:18 L:224  Score: 0.292
  330/400  Loss  W:87 D:18 L:225  Score: 0.291
  331/400  Loss  W:87 D:18 L:226  Score: 0.290
  332/400  Draw  W:87 D:19 L:226  Score: 0.291
  333/400  Win   W:88 D:19 L:226  Score: 0.293
  334/400  Loss  W:88 D:19 L:227  Score: 0.292
  335/400  Loss  W:88 D:19 L:228  Score: 0.291
  336/400  Loss  W:88 D:19 L:229  Score: 0.290
  337/400  Loss  W:88 D:19 L:230  Score: 0.289
  338/400  Win   W:89 D:19 L:230  Score: 0.291
  339/400  Loss  W:89 D:19 L:231  Score: 0.291
  340/400  Loss  W:89 D:19 L:232  Score: 0.290
  341/400  Win   W:90 D:19 L:232  Score: 0.292
  342/400  Draw  W:90 D:20 L:232  Score: 0.292
  343/400  Loss  W:90 D:20 L:233  Score: 0.292
  344/400  Win   W:91 D:20 L:233  Score: 0.294
  345/400  Loss  W:91 D:20 L:234  Score: 0.293
  346/400  Loss  W:91 D:20 L:235  Score: 0.292
  347/400  Loss  W:91 D:20 L:236  Score: 0.291
  348/400  Win   W:92 D:20 L:236  Score: 0.293
  349/400  Win   W:93 D:20 L:236  Score: 0.295
  350/400  Loss  W:93 D:20 L:237  Score: 0.294
  351/400  Win   W:94 D:20 L:237  Score: 0.296
  352/400  Loss  W:94 D:20 L:238  Score: 0.295
  353/400  Loss  W:94 D:20 L:239  Score: 0.295
  354/400  Loss  W:94 D:20 L:240  Score: 0.294
  355/400  Loss  W:94 D:20 L:241  Score: 0.293
  356/400  Win   W:95 D:20 L:241  Score: 0.295
  357/400  Loss  W:95 D:20 L:242  Score: 0.294
  358/400  Loss  W:95 D:20 L:243  Score: 0.293
  359/400  Loss  W:95 D:20 L:244  Score: 0.292
  360/400  Loss  W:95 D:20 L:245  Score: 0.292
  361/400  Loss  W:95 D:20 L:246  Score: 0.291
  362/400  Loss  W:95 D:20 L:247  Score: 0.290
  363/400  Loss  W:95 D:20 L:248  Score: 0.289
  364/400  Win   W:96 D:20 L:248  Score: 0.291
  365/400  Loss  W:96 D:20 L:249  Score: 0.290
  366/400  Win   W:97 D:20 L:249  Score: 0.292
  367/400  Draw  W:97 D:21 L:249  Score: 0.293
  368/400  Win   W:98 D:21 L:249  Score: 0.295
  369/400  Win   W:99 D:21 L:249  Score: 0.297
  370/400  Loss  W:99 D:21 L:250  Score: 0.296
  371/400  Win   W:100 D:21 L:250  Score: 0.298
  372/400  Loss  W:100 D:21 L:251  Score: 0.297
  373/400  Draw  W:100 D:22 L:251  Score: 0.298
  374/400  Win   W:101 D:22 L:251  Score: 0.299
  375/400  Loss  W:101 D:22 L:252  Score: 0.299
  376/400  Loss  W:101 D:22 L:253  Score: 0.298
  377/400  Loss  W:101 D:22 L:254  Score: 0.297
  378/400  Win   W:102 D:22 L:254  Score: 0.299
  379/400  Loss  W:102 D:22 L:255  Score: 0.298
  380/400  Loss  W:102 D:22 L:256  Score: 0.297
  381/400  Loss  W:102 D:22 L:257  Score: 0.297
  382/400  Win   W:103 D:22 L:257  Score: 0.298
  383/400  Loss  W:103 D:22 L:258  Score: 0.298
  384/400  Loss  W:103 D:22 L:259  Score: 0.297
  385/400  Loss  W:103 D:22 L:260  Score: 0.296
  386/400  Loss  W:103 D:22 L:261  Score: 0.295
  387/400  Loss  W:103 D:22 L:262  Score: 0.295
  388/400  Win   W:104 D:22 L:262  Score: 0.296
  389/400  Loss  W:104 D:22 L:263  Score: 0.296
  390/400  Loss  W:104 D:22 L:264  Score: 0.295
  391/400  Loss  W:104 D:22 L:265  Score: 0.294
  392/400  Draw  W:104 D:23 L:265  Score: 0.295
  393/400  Loss  W:104 D:23 L:266  Score: 0.294
  394/400  Win   W:105 D:23 L:266  Score: 0.296
  395/400  Loss  W:105 D:23 L:267  Score: 0.295
  396/400  Win   W:106 D:23 L:267  Score: 0.297
  397/400  Loss  W:106 D:23 L:268  Score: 0.296
  398/400  Loss  W:106 D:23 L:269  Score: 0.295
  399/400  Draw  W:106 D:24 L:269  Score: 0.296
  400/400  Loss  W:106 D:24 L:270  Score: 0.295

Results saved to /Users/noah/dev/OmegaZero/results/elo/2026-07-21_05-51-49_a5a334e/

============================================================
   Opp ELO  Games     W     D     L    Score
  --------  -----  ----  ----  ----  -------
      1900    400   244    13   143   0.6262
      2000    400   210    20   170   0.5500
      2100    400   204    21   175   0.5363
      2200    400   162    20   218   0.4300
      2300    400   148    21   231   0.3962
      2400    400    94    19   287   0.2587
      2500    400   106    24   270   0.2950
============================================================
Running bootstrap (5000 resamples)...

  Estimated Elo: 2147 ± 16 (95% CI: 2131 – 2163)
  Plot saved: /Users/noah/dev/OmegaZero/results/elo/2026-07-21_05-51-49_a5a334e/elo.png
