game,white,result,score,running_wins,running_draws,running_losses,running_elo
1,New-8ad2008,1-0,1.0,1,0,0,1199.8
8,Base-41b4968,1/2-1/2,0.5,1,1,0,190.8
2,Base-41b4968,1-0,0.0,1,1,1,-0.0
7,New-8ad2008,0-1,0.0,1,1,2,-88.7
3,New-8ad2008,1/2-1/2,0.5,1,2,2,-70.4
5,New-8ad2008,0-1,0.0,1,2,3,-120.4
6,Base-41b4968,0-1,1.0,2,2,3,-50.0
4,Base-41b4968,1-0,0.0,2,2,4,-88.7
11,New-8ad2008,0-1,0.0,2,2,5,-120.4
15,New-8ad2008,1/2-1/2,0.5,2,3,5,-107.5
13,New-8ad2008,1-0,1.0,3,3,5,-63.9
9,New-8ad2008,1-0,1.0,4,3,5,-29.0
16,Base-41b4968,0-1,1.0,5,3,5,-0.0
10,Base-41b4968,1-0,0.0,5,3,6,-24.9
14,Base-41b4968,1-0,0.0,5,3,7,-46.6
12,Base-41b4968,1-0,0.0,5,3,8,-65.9
21,New-8ad2008,1-0,1.0,6,3,8,-41.1
20,Base-41b4968,1/2-1/2,0.5,6,4,8,-38.8
22,Base-41b4968,1-0,0.0,6,4,9,-55.3
19,New-8ad2008,1-0,1.0,7,4,9,-34.9
17,New-8ad2008,0-1,0.0,7,4,10,-50.0
18,Base-41b4968,0-1,1.0,8,4,10,-31.7
23,New-8ad2008,1-0,1.0,9,4,10,-15.1
27,New-8ad2008,1/2-1/2,0.5,9,5,10,-14.5
24,Base-41b4968,0-1,1.0,10,5,10,-0.0
30,Base-41b4968,1-0,0.0,10,5,11,-13.4
25,New-8ad2008,1-0,1.0,11,5,11,-0.0
28,Base-41b4968,1-0,0.0,11,5,12,-12.4
26,Base-41b4968,1-0,0.0,11,5,13,-24.0
29,New-8ad2008,0-1,0.0,11,5,14,-34.9
31,New-8ad2008,0-1,0.0,11,5,15,-45.1
37,New-8ad2008,1-0,1.0,12,5,15,-32.7
34,Base-41b4968,1/2-1/2,0.5,12,6,15,-31.7
36,Base-41b4968,0-1,1.0,13,6,15,-20.5
33,New-8ad2008,1-0,1.0,14,6,15,-9.9
32,Base-41b4968,1/2-1/2,0.5,14,7,15,-9.7
38,Base-41b4968,0-1,1.0,15,7,15,-0.0
39,New-8ad2008,1-0,1.0,16,7,15,9.1
35,New-8ad2008,0-1,0.0,16,7,16,-0.0
43,New-8ad2008,1-0,1.0,17,7,16,8.7
40,Base-41b4968,1/2-1/2,0.5,17,8,16,8.5
42,Base-41b4968,0-1,1.0,18,8,16,16.6
41,New-8ad2008,1/2-1/2,0.5,18,9,16,16.2
46,Base-41b4968,1-0,0.0,18,9,17,7.9
47,New-8ad2008,0-1,0.0,18,9,18,-0.0
45,New-8ad2008,1/2-1/2,0.5,18,10,18,-0.0
44,Base-41b4968,1-0,0.0,18,10,19,-7.4
48,Base-41b4968,0-1,1.0,19,10,19,-0.0
50,Base-41b4968,0-1,1.0,20,10,19,7.1
49,New-8ad2008,1-0,1.0,21,10,19,13.9
51,New-8ad2008,1-0,1.0,22,10,19,20.5
52,Base-41b4968,1-0,0.0,22,10,20,13.4
55,New-8ad2008,1-0,1.0,23,10,20,19.7
53,New-8ad2008,1-0,1.0,24,10,20,25.8
54,Base-41b4968,0-1,1.0,25,10,20,31.7
59,New-8ad2008,1-0,1.0,26,10,20,37.4
57,New-8ad2008,0-1,0.0,26,10,21,30.6
56,Base-41b4968,1-0,0.0,26,10,22,24.0
58,Base-41b4968,1-0,0.0,26,10,23,17.7
61,New-8ad2008,1/2-1/2,0.5,26,11,23,17.4
63,New-8ad2008,0-1,0.0,26,11,24,11.4
64,Base-41b4968,1-0,0.0,26,11,25,5.6
62,Base-41b4968,1-0,0.0,26,11,26,-0.0
65,New-8ad2008,1-0,1.0,27,11,26,5.4
60,Base-41b4968,1/2-1/2,0.5,27,12,26,5.3
66,Base-41b4968,1-0,0.0,27,12,27,-0.0
67,New-8ad2008,1-0,1.0,28,12,27,5.2
70,Base-41b4968,0-1,1.0,29,12,27,10.2
68,Base-41b4968,1-0,0.0,29,12,28,5.0
69,New-8ad2008,1-0,1.0,30,12,28,9.9
71,New-8ad2008,1-0,1.0,31,12,28,14.7
74,Base-41b4968,0-1,1.0,32,12,28,19.3
72,Base-41b4968,1/2-1/2,0.5,32,13,28,19.1
73,New-8ad2008,1/2-1/2,0.5,32,14,28,18.8
75,New-8ad2008,1-0,1.0,33,14,28,23.2
76,Base-41b4968,0-1,1.0,34,14,28,27.5
78,Base-41b4968,0-1,1.0,35,14,28,31.7
83,New-8ad2008,1/2-1/2,0.5,35,15,28,31.3
77,New-8ad2008,1-0,1.0,36,15,28,35.3
79,New-8ad2008,1/2-1/2,0.5,36,16,28,34.9
80,Base-41b4968,1-0,0.0,36,16,29,30.1
84,Base-41b4968,1/2-1/2,0.5,36,17,29,29.7
82,Base-41b4968,1-0,0.0,36,17,30,25.2
81,New-8ad2008,1/2-1/2,0.5,36,18,30,24.9
90,Base-41b4968,1/2-1/2,0.5,36,19,30,24.6
85,New-8ad2008,1-0,1.0,37,19,30,28.3
86,Base-41b4968,1/2-1/2,0.5,37,20,30,28.0
89,New-8ad2008,0-1,0.0,37,20,31,23.7
87,New-8ad2008,1-0,1.0,38,20,31,27.4
92,Base-41b4968,1-0,0.0,38,20,32,23.2
88,Base-41b4968,1-0,0.0,38,20,33,19.1
91,New-8ad2008,1-0,1.0,39,20,33,22.7
93,New-8ad2008,0-1,0.0,39,20,34,18.7
94,Base-41b4968,0-1,1.0,40,20,34,22.2
96,Base-41b4968,1-0,0.0,40,20,35,18.3
97,New-8ad2008,1-0,1.0,41,20,35,21.7
101,New-8ad2008,1/2-1/2,0.5,41,21,35,21.5
95,New-8ad2008,0-1,0.0,41,21,36,17.7
98,Base-41b4968,0-1,1.0,42,21,36,21.1
99,New-8ad2008,0-1,0.0,42,21,37,17.4
100,Base-41b4968,1-0,0.0,42,21,38,13.8
102,Base-41b4968,1-0,0.0,42,21,39,10.2
104,Base-41b4968,1-0,0.0,42,21,40,6.7
106,Base-41b4968,1-0,0.0,42,21,41,3.3
103,New-8ad2008,1/2-1/2,0.5,42,22,41,3.3
105,New-8ad2008,0-1,0.0,42,22,42,-0.0
107,New-8ad2008,1-0,1.0,43,22,42,3.2
108,Base-41b4968,1-0,0.0,43,22,43,-0.0
110,Base-41b4968,1-0,0.0,43,22,44,-3.2
109,New-8ad2008,0-1,0.0,43,22,45,-6.3
113,New-8ad2008,1-0,1.0,44,22,45,-3.1
112,Base-41b4968,1/2-1/2,0.5,44,23,45,-3.1
111,New-8ad2008,0-1,0.0,44,23,46,-6.1
114,Base-41b4968,0-1,1.0,45,23,46,-3.0
117,New-8ad2008,1-0,1.0,46,23,46,-0.0
116,Base-41b4968,0-1,1.0,47,23,46,3.0
115,New-8ad2008,0-1,0.0,47,23,47,-0.0
118,Base-41b4968,1-0,0.0,47,23,48,-2.9
119,New-8ad2008,0-1,0.0,47,23,49,-5.8
120,Base-41b4968,1/2-1/2,0.5,47,24,49,-5.8
122,Base-41b4968,1/2-1/2,0.5,47,25,49,-5.7
125,New-8ad2008,0-1,0.0,47,25,50,-8.5
124,Base-41b4968,0-1,1.0,48,25,50,-5.6
121,New-8ad2008,1/2-1/2,0.5,48,26,50,-5.6
123,New-8ad2008,1-0,1.0,49,26,50,-2.8
126,Base-41b4968,1/2-1/2,0.5,49,27,50,-2.8
127,New-8ad2008,0-1,0.0,49,27,51,-5.5
128,Base-41b4968,0-1,1.0,50,27,51,-2.7
130,Base-41b4968,0-1,1.0,51,27,51,-0.0
129,New-8ad2008,1-0,1.0,52,27,51,2.7
131,New-8ad2008,1-0,1.0,53,27,51,5.3
134,Base-41b4968,1-0,0.0,53,27,52,2.6
132,Base-41b4968,1/2-1/2,0.5,53,28,52,2.6
133,New-8ad2008,0-1,0.0,53,28,53,-0.0
135,New-8ad2008,1-0,1.0,54,28,53,2.6
136,Base-41b4968,1-0,0.0,54,28,54,-0.0
137,New-8ad2008,1-0,1.0,55,28,54,2.5
138,Base-41b4968,0-1,1.0,56,28,54,5.0
139,New-8ad2008,0-1,0.0,56,28,55,2.5
143,New-8ad2008,0-1,0.0,56,28,56,-0.0
144,Base-41b4968,1/2-1/2,0.5,56,29,56,-0.0
140,Base-41b4968,1-0,0.0,56,29,57,-2.4
142,Base-41b4968,1-0,0.0,56,29,58,-4.9
141,New-8ad2008,1-0,1.0,57,29,58,-2.4
145,New-8ad2008,1-0,1.0,58,29,58,-0.0
146,Base-41b4968,0-1,1.0,59,29,58,2.4
147,New-8ad2008,0-1,0.0,59,29,59,-0.0
148,Base-41b4968,1-0,0.0,59,29,60,-2.3
149,New-8ad2008,1-0,1.0,60,29,60,-0.0
151,New-8ad2008,1-0,1.0,61,29,60,2.3
150,Base-41b4968,0-1,1.0,62,29,60,4.6
152,Base-41b4968,0-1,1.0,63,29,60,6.9
154,Base-41b4968,1-0,0.0,63,29,61,4.5
153,New-8ad2008,0-1,0.0,63,29,62,2.3
155,New-8ad2008,1-0,1.0,64,29,62,4.5
156,Base-41b4968,1-0,0.0,64,29,63,2.2
159,New-8ad2008,1/2-1/2,0.5,64,30,63,2.2
157,New-8ad2008,0-1,0.0,64,30,64,-0.0
158,Base-41b4968,1-0,0.0,64,30,65,-2.2
161,New-8ad2008,1/2-1/2,0.5,64,31,65,-2.2
160,Base-41b4968,0-1,1.0,65,31,65,-0.0
162,Base-41b4968,1/2-1/2,0.5,65,32,65,-0.0
163,New-8ad2008,0-1,0.0,65,32,66,-2.1
167,New-8ad2008,1-0,1.0,66,32,66,-0.0
164,Base-41b4968,1/2-1/2,0.5,66,33,66,-0.0
165,New-8ad2008,1-0,1.0,67,33,66,2.1
166,Base-41b4968,0-1,1.0,68,33,66,4.2
171,New-8ad2008,1-0,1.0,69,33,66,6.2
170,Base-41b4968,0-1,1.0,70,33,66,8.2
168,Base-41b4968,1-0,0.0,70,33,67,6.1
169,New-8ad2008,1-0,1.0,71,33,67,8.1
175,New-8ad2008,0-1,0.0,71,33,68,6.1
172,Base-41b4968,0-1,1.0,72,33,68,8.0
177,New-8ad2008,0-1,0.0,72,33,69,6.0
176,Base-41b4968,0-1,1.0,73,33,69,7.9
179,New-8ad2008,1-0,1.0,74,33,69,9.9
178,Base-41b4968,0-1,1.0,75,33,69,11.8
174,Base-41b4968,1/2-1/2,0.5,75,34,69,11.7
173,New-8ad2008,1/2-1/2,0.5,75,35,69,11.7
180,Base-41b4968,1-0,0.0,75,35,70,9.7
181,New-8ad2008,0-1,0.0,75,35,71,7.7
182,Base-41b4968,0-1,1.0,76,35,71,9.5
184,Base-41b4968,1-0,0.0,76,35,72,7.6
185,New-8ad2008,1/2-1/2,0.5,76,36,72,7.6
186,Base-41b4968,0-1,1.0,77,36,72,9.4
187,New-8ad2008,0-1,0.0,77,36,73,7.5
183,New-8ad2008,0-1,0.0,77,36,74,5.6
188,Base-41b4968,0-1,1.0,78,36,74,7.4
192,Base-41b4968,1-0,0.0,78,36,75,5.5
193,New-8ad2008,1-0,1.0,79,36,75,7.3
191,New-8ad2008,0-1,0.0,79,36,76,5.5
190,Base-41b4968,0-1,1.0,80,36,76,7.2
194,Base-41b4968,0-1,1.0,81,36,76,9.0
195,New-8ad2008,0-1,0.0,81,36,77,7.2
189,New-8ad2008,1/2-1/2,0.5,81,37,77,7.1
202,Base-41b4968,1/2-1/2,0.5,81,38,77,7.1
199,New-8ad2008,1-0,1.0,82,38,77,8.8
196,Base-41b4968,1/2-1/2,0.5,82,39,77,8.8
200,Base-41b4968,1-0,0.0,82,39,78,7.0
198,Base-41b4968,0-1,1.0,83,39,78,8.7
201,New-8ad2008,1-0,1.0,84,39,78,10.4
197,New-8ad2008,1/2-1/2,0.5,84,40,78,10.3
203,New-8ad2008,0-1,0.0,84,40,79,8.6
210,Base-41b4968,1/2-1/2,0.5,84,41,79,8.5
204,Base-41b4968,1-0,0.0,84,41,80,6.8
209,New-8ad2008,1-0,1.0,85,41,80,8.4
207,New-8ad2008,1-0,1.0,86,41,80,10.1
205,New-8ad2008,1-0,1.0,87,41,80,11.7
206,Base-41b4968,0-1,1.0,88,41,80,13.3
208,Base-41b4968,0-1,1.0,89,41,80,14.9
213,New-8ad2008,0-1,0.0,89,41,81,13.2
211,New-8ad2008,1-0,1.0,90,41,81,14.8
212,Base-41b4968,0-1,1.0,91,41,81,16.3
215,New-8ad2008,1-0,1.0,92,41,81,17.9
214,Base-41b4968,0-1,1.0,93,41,81,19.4
218,Base-41b4968,1/2-1/2,0.5,93,42,81,19.3
216,Base-41b4968,0-1,1.0,94,42,81,20.8
217,New-8ad2008,1-0,1.0,95,42,81,22.3
220,Base-41b4968,1-0,0.0,95,42,82,20.6
222,Base-41b4968,1/2-1/2,0.5,95,43,82,20.6
219,New-8ad2008,0-1,0.0,95,43,83,18.9
221,New-8ad2008,1/2-1/2,0.5,95,44,83,18.8
226,Base-41b4968,1/2-1/2,0.5,95,45,83,18.7
223,New-8ad2008,1/2-1/2,0.5,95,46,83,18.6
224,Base-41b4968,1-0,0.0,95,46,84,17.0
225,New-8ad2008,1-0,1.0,96,46,84,18.5
228,Base-41b4968,1-0,0.0,96,46,85,16.8
227,New-8ad2008,1-0,1.0,97,46,85,18.3
229,New-8ad2008,0-1,0.0,97,46,86,16.7
233,New-8ad2008,0-1,0.0,97,46,87,15.1
230,Base-41b4968,0-1,1.0,98,46,87,16.6
231,New-8ad2008,1/2-1/2,0.5,98,47,87,16.5
232,Base-41b4968,1-0,0.0,98,47,88,14.9
237,New-8ad2008,1-0,1.0,99,47,88,16.3
236,Base-41b4968,1/2-1/2,0.5,99,48,88,16.3
235,New-8ad2008,0-1,0.0,99,48,89,14.7
234,Base-41b4968,1/2-1/2,0.5,99,49,89,14.7
238,Base-41b4968,0-1,1.0,100,49,89,16.1
239,New-8ad2008,1-0,1.0,101,49,89,17.5
245,New-8ad2008,1-0,1.0,102,49,89,18.8
242,Base-41b4968,0-1,1.0,103,49,89,20.2
241,New-8ad2008,0-1,0.0,103,49,90,18.7
240,Base-41b4968,1/2-1/2,0.5,103,50,90,18.6
246,Base-41b4968,0-1,1.0,104,50,90,20.0
244,Base-41b4968,1-0,0.0,104,50,91,18.5
243,New-8ad2008,1-0,1.0,105,50,91,19.8
247,New-8ad2008,0-1,0.0,105,50,92,18.3
249,New-8ad2008,1-0,1.0,106,50,92,19.6
250,Base-41b4968,1-0,0.0,106,50,93,18.2
252,Base-41b4968,1/2-1/2,0.5,106,51,93,18.1
248,Base-41b4968,0-1,1.0,107,51,93,19.4
251,New-8ad2008,1-0,1.0,108,51,93,20.7
253,New-8ad2008,0-1,0.0,108,51,94,19.2
256,Base-41b4968,1/2-1/2,0.5,108,52,94,19.2
254,Base-41b4968,1-0,0.0,108,52,95,17.7
259,New-8ad2008,1/2-1/2,0.5,108,53,95,17.7
257,New-8ad2008,1/2-1/2,0.5,108,54,95,17.6
255,New-8ad2008,1-0,1.0,109,54,95,18.9
258,Base-41b4968,1-0,0.0,109,54,96,17.5
260,Base-41b4968,0-1,1.0,110,54,96,18.7
261,New-8ad2008,0-1,0.0,110,54,97,17.3
263,New-8ad2008,1/2-1/2,0.5,110,55,97,17.3
265,New-8ad2008,0-1,0.0,110,55,98,15.9
264,Base-41b4968,1-0,0.0,110,55,99,14.5
262,Base-41b4968,1-0,0.0,110,55,100,13.1
267,New-8ad2008,1-0,1.0,111,55,100,14.4
268,Base-41b4968,0-1,1.0,112,55,100,15.6
266,Base-41b4968,1/2-1/2,0.5,112,56,100,15.6
269,New-8ad2008,1-0,1.0,113,56,100,16.8
270,Base-41b4968,1-0,0.0,113,56,101,15.5
272,Base-41b4968,0-1,1.0,114,56,101,16.7
276,Base-41b4968,1/2-1/2,0.5,114,57,101,16.6
273,New-8ad2008,0-1,0.0,114,57,102,15.3
275,New-8ad2008,1/2-1/2,0.5,114,58,102,15.2
271,New-8ad2008,0-1,0.0,114,58,103,13.9
282,Base-41b4968,1/2-1/2,0.5,114,59,103,13.9
274,Base-41b4968,1-0,0.0,114,59,104,12.5
281,New-8ad2008,1/2-1/2,0.5,114,60,104,12.5
278,Base-41b4968,1-0,0.0,114,60,105,11.2
279,New-8ad2008,1-0,1.0,115,60,105,12.4
283,New-8ad2008,1-0,1.0,116,60,105,13.6
277,New-8ad2008,1/2-1/2,0.5,116,61,105,13.6
284,Base-41b4968,1-0,0.0,116,61,106,12.3
280,Base-41b4968,1-0,0.0,116,61,107,11.0
291,New-8ad2008,1/2-1/2,0.5,116,62,107,11.0
292,Base-41b4968,0-1,1.0,117,62,107,12.2
285,New-8ad2008,0-1,0.0,117,62,108,10.9
286,Base-41b4968,1-0,0.0,117,62,109,9.7
287,New-8ad2008,1-0,1.0,118,62,109,10.8
290,Base-41b4968,1-0,0.0,118,62,110,9.6
293,New-8ad2008,1/2-1/2,0.5,118,63,110,9.6
289,New-8ad2008,0-1,0.0,118,63,111,8.3
296,Base-41b4968,1/2-1/2,0.5,118,64,111,8.3
288,Base-41b4968,0-1,1.0,119,64,111,9.5
295,New-8ad2008,1-0,1.0,120,64,111,10.6
297,New-8ad2008,1/2-1/2,0.5,120,65,111,10.6
294,Base-41b4968,1-0,0.0,120,65,112,9.4
299,New-8ad2008,1-0,1.0,121,65,112,10.5
300,Base-41b4968,1-0,0.0,121,65,113,9.3
298,Base-41b4968,0-1,1.0,122,65,113,10.4
301,New-8ad2008,0-1,0.0,122,65,114,9.2
302,Base-41b4968,1/2-1/2,0.5,122,66,114,9.2
304,Base-41b4968,0-1,1.0,123,66,114,10.3
303,New-8ad2008,0-1,0.0,123,66,115,9.1
306,Base-41b4968,0-1,1.0,124,66,115,10.3
305,New-8ad2008,1/2-1/2,0.5,124,67,115,10.2
309,New-8ad2008,1-0,1.0,125,67,115,11.3
308,Base-41b4968,1-0,0.0,125,67,116,10.2
307,New-8ad2008,0-1,0.0,125,67,117,9.0
310,Base-41b4968,1-0,0.0,125,67,118,7.8
311,New-8ad2008,1-0,1.0,126,67,118,8.9
314,Base-41b4968,0-1,1.0,127,67,118,10.0
312,Base-41b4968,1-0,0.0,127,67,119,8.9
315,New-8ad2008,0-1,0.0,127,67,120,7.7
317,New-8ad2008,0-1,0.0,127,67,121,6.6
316,Base-41b4968,1/2-1/2,0.5,127,68,121,6.6
313,New-8ad2008,1/2-1/2,0.5,127,69,121,6.6
318,Base-41b4968,1-0,0.0,127,69,122,5.5
322,Base-41b4968,1-0,0.0,127,69,123,4.4
319,New-8ad2008,1-0,1.0,128,69,123,5.4
321,New-8ad2008,0-1,0.0,128,69,124,4.3
320,Base-41b4968,1-0,0.0,128,69,125,3.2
324,Base-41b4968,0-1,1.0,129,69,125,4.3
323,New-8ad2008,0-1,0.0,129,69,126,3.2
326,Base-41b4968,1-0,0.0,129,69,127,2.1
329,New-8ad2008,1/2-1/2,0.5,129,70,127,2.1
325,New-8ad2008,0-1,0.0,129,70,128,1.1
331,New-8ad2008,1-0,1.0,130,70,128,2.1
327,New-8ad2008,1/2-1/2,0.5,130,71,128,2.1
330,Base-41b4968,0-1,1.0,131,71,128,3.2
328,Base-41b4968,0-1,1.0,132,71,128,4.2
332,Base-41b4968,0-1,1.0,133,71,128,5.2
333,New-8ad2008,1-0,1.0,134,71,128,6.3
336,Base-41b4968,0-1,1.0,135,71,128,7.3
335,New-8ad2008,1-0,1.0,136,71,128,8.3
337,New-8ad2008,1/2-1/2,0.5,136,72,128,8.3
334,Base-41b4968,1-0,0.0,136,72,129,7.2
339,New-8ad2008,1-0,1.0,137,72,129,8.2
338,Base-41b4968,1-0,0.0,137,72,130,7.2
343,New-8ad2008,1/2-1/2,0.5,137,73,130,7.2
340,Base-41b4968,0-1,1.0,138,73,130,8.2
342,Base-41b4968,1-0,0.0,138,73,131,7.1
341,New-8ad2008,1-0,1.0,139,73,131,8.1
346,Base-41b4968,1/2-1/2,0.5,139,74,131,8.1
344,Base-41b4968,0-1,1.0,140,74,131,9.1
345,New-8ad2008,1-0,1.0,141,74,131,10.0
347,New-8ad2008,1/2-1/2,0.5,141,75,131,10.0
348,Base-41b4968,0-1,1.0,142,75,131,11.0
349,New-8ad2008,0-1,0.0,142,75,132,10.0
350,Base-41b4968,1/2-1/2,0.5,142,76,132,9.9
351,New-8ad2008,1-0,1.0,143,76,132,10.9
354,Base-41b4968,1-0,0.0,143,76,133,9.9
352,Base-41b4968,0-1,1.0,144,76,133,10.8
353,New-8ad2008,0-1,0.0,144,76,134,9.8
355,New-8ad2008,1/2-1/2,0.5,144,77,134,9.8
357,New-8ad2008,0-1,0.0,144,77,135,8.8
356,Base-41b4968,1/2-1/2,0.5,144,78,135,8.8
358,Base-41b4968,1-0,0.0,144,78,136,7.8
359,New-8ad2008,1/2-1/2,0.5,144,79,136,7.7
362,Base-41b4968,0-1,1.0,145,79,136,8.7
360,Base-41b4968,0-1,1.0,146,79,136,9.6
364,Base-41b4968,1/2-1/2,0.5,146,80,136,9.6
361,New-8ad2008,0-1,0.0,146,80,137,8.6
367,New-8ad2008,1/2-1/2,0.5,146,81,137,8.6
365,New-8ad2008,0-1,0.0,146,81,138,7.6
366,Base-41b4968,0-1,1.0,147,81,138,8.5
363,New-8ad2008,1/2-1/2,0.5,147,82,138,8.5
369,New-8ad2008,1/2-1/2,0.5,147,83,138,8.5
368,Base-41b4968,1-0,0.0,147,83,139,7.5
372,Base-41b4968,1-0,0.0,147,83,140,6.6
371,New-8ad2008,1-0,1.0,148,83,140,7.5
370,Base-41b4968,1-0,0.0,148,83,141,6.5
374,Base-41b4968,1-0,0.0,148,83,142,5.6
373,New-8ad2008,1-0,1.0,149,83,142,6.5
375,New-8ad2008,1/2-1/2,0.5,149,84,142,6.5
376,Base-41b4968,1-0,0.0,149,84,143,5.5
378,Base-41b4968,1/2-1/2,0.5,149,85,143,5.5
379,New-8ad2008,1-0,1.0,150,85,143,6.4
377,New-8ad2008,1/2-1/2,0.5,150,86,143,6.4
380,Base-41b4968,1/2-1/2,0.5,150,87,143,6.4
384,Base-41b4968,1-0,0.0,150,87,144,5.5
382,Base-41b4968,1-0,0.0,150,87,145,4.5
381,New-8ad2008,0-1,0.0,150,87,146,3.6
383,New-8ad2008,1/2-1/2,0.5,150,88,146,3.6
386,Base-41b4968,1/2-1/2,0.5,150,89,146,3.6
385,New-8ad2008,1-0,1.0,151,89,146,4.5
388,Base-41b4968,0-1,1.0,152,89,146,5.4
392,Base-41b4968,1-0,0.0,152,89,147,4.5
389,New-8ad2008,0-1,0.0,152,89,148,3.6
387,New-8ad2008,1-0,1.0,153,89,148,4.5
393,New-8ad2008,1/2-1/2,0.5,153,90,148,4.4
391,New-8ad2008,1/2-1/2,0.5,153,91,148,4.4
390,Base-41b4968,1/2-1/2,0.5,153,92,148,4.4
394,Base-41b4968,1/2-1/2,0.5,153,93,148,4.4
395,New-8ad2008,0-1,0.0,153,93,149,3.5
397,New-8ad2008,0-1,0.0,153,93,150,2.6
398,Base-41b4968,0-1,1.0,154,93,150,3.5
396,Base-41b4968,0-1,1.0,155,93,150,4.4
400,Base-41b4968,1/2-1/2,0.5,155,94,150,4.4
399,New-8ad2008,1-0,1.0,156,94,150,5.2
403,New-8ad2008,0-1,0.0,156,94,151,4.3
402,Base-41b4968,0-1,1.0,157,94,151,5.2
401,New-8ad2008,0-1,0.0,157,94,152,4.3
404,Base-41b4968,1-0,0.0,157,94,153,3.4
405,New-8ad2008,1-0,1.0,158,94,153,4.3
406,Base-41b4968,1/2-1/2,0.5,158,95,153,4.3
407,New-8ad2008,1-0,1.0,159,95,153,5.1
409,New-8ad2008,1/2-1/2,0.5,159,96,153,5.1
410,Base-41b4968,0-1,1.0,160,96,153,5.9
408,Base-41b4968,1-0,0.0,160,96,154,5.1
411,New-8ad2008,0-1,0.0,160,96,155,4.2
415,New-8ad2008,1/2-1/2,0.5,160,97,155,4.2
413,New-8ad2008,0-1,0.0,160,97,156,3.4
414,Base-41b4968,1/2-1/2,0.5,160,98,156,3.4
412,Base-41b4968,1/2-1/2,0.5,160,99,156,3.3
417,New-8ad2008,1/2-1/2,0.5,160,100,156,3.3
416,Base-41b4968,1-0,0.0,160,100,157,2.5
418,Base-41b4968,1-0,0.0,160,100,158,1.7
419,New-8ad2008,0-1,0.0,160,100,159,0.8
420,Base-41b4968,0-1,1.0,161,100,159,1.7
422,Base-41b4968,1-0,0.0,161,100,160,0.8
425,New-8ad2008,1-0,1.0,162,100,160,1.6
421,New-8ad2008,1/2-1/2,0.5,162,101,160,1.6
423,New-8ad2008,1/2-1/2,0.5,162,102,160,1.6
430,Base-41b4968,1/2-1/2,0.5,162,103,160,1.6
427,New-8ad2008,1-0,1.0,163,103,160,2.4
426,Base-41b4968,0-1,1.0,164,103,160,3.3
424,Base-41b4968,1/2-1/2,0.5,164,104,160,3.2
429,New-8ad2008,1/2-1/2,0.5,164,105,160,3.2
431,New-8ad2008,0-1,0.0,164,105,161,2.4
433,New-8ad2008,1-0,1.0,165,105,161,3.2
428,Base-41b4968,0-1,1.0,166,105,161,4.0
432,Base-41b4968,1-0,0.0,166,105,162,3.2
435,New-8ad2008,0-1,0.0,166,105,163,2.4
434,Base-41b4968,1-0,0.0,166,105,164,1.6
438,Base-41b4968,0-1,1.0,167,105,164,2.4
436,Base-41b4968,1-0,0.0,167,105,165,1.6
437,New-8ad2008,1-0,1.0,168,105,165,2.4
440,Base-41b4968,1/2-1/2,0.5,168,106,165,2.4
439,New-8ad2008,1-0,1.0,169,106,165,3.2
442,Base-41b4968,1-0,0.0,169,106,166,2.4
445,New-8ad2008,0-1,0.0,169,106,167,1.6
441,New-8ad2008,0-1,0.0,169,106,168,0.8
444,Base-41b4968,1-0,0.0,169,106,169,-0.0
443,New-8ad2008,1-0,1.0,170,106,169,0.8
447,New-8ad2008,1-0,1.0,171,106,169,1.6
446,Base-41b4968,0-1,1.0,172,106,169,2.3
450,Base-41b4968,1/2-1/2,0.5,172,107,169,2.3
452,Base-41b4968,0-1,1.0,173,107,169,3.1
451,New-8ad2008,1-0,1.0,174,107,169,3.9
449,New-8ad2008,1-0,1.0,175,107,169,4.6
448,Base-41b4968,1-0,0.0,175,107,170,3.8
453,New-8ad2008,1-0,1.0,176,107,170,4.6
455,New-8ad2008,0-1,0.0,176,107,171,3.8
456,Base-41b4968,0-1,1.0,177,107,171,4.6
454,Base-41b4968,0-1,1.0,178,107,171,5.3
457,New-8ad2008,1-0,1.0,179,107,171,6.1
458,Base-41b4968,1-0,0.0,179,107,172,5.3
461,New-8ad2008,0-1,0.0,179,107,173,4.5
460,Base-41b4968,0-1,1.0,180,107,173,5.3
459,New-8ad2008,1-0,1.0,181,107,173,6.0
462,Base-41b4968,1-0,0.0,181,107,174,5.3
466,Base-41b4968,0-1,1.0,182,107,174,6.0
465,New-8ad2008,1/2-1/2,0.5,182,108,174,6.0
468,Base-41b4968,0-1,1.0,183,108,174,6.7
464,Base-41b4968,1/2-1/2,0.5,183,109,174,6.7
467,New-8ad2008,0-1,0.0,183,109,175,6.0
463,New-8ad2008,1/2-1/2,0.5,183,110,175,5.9
469,New-8ad2008,0-1,0.0,183,110,176,5.2
471,New-8ad2008,1-0,1.0,184,110,176,5.9
474,Base-41b4968,0-1,1.0,185,110,176,6.6
470,Base-41b4968,1/2-1/2,0.5,185,111,176,6.6
472,Base-41b4968,1-0,0.0,185,111,177,5.9
473,New-8ad2008,1/2-1/2,0.5,185,112,177,5.9
475,New-8ad2008,1-0,1.0,186,112,177,6.6
476,Base-41b4968,0-1,1.0,187,112,177,7.3
483,New-8ad2008,1/2-1/2,0.5,187,113,177,7.3
480,Base-41b4968,1-0,0.0,187,113,178,6.5
479,New-8ad2008,1-0,1.0,188,113,178,7.3
477,New-8ad2008,1-0,1.0,189,113,178,8.0
478,Base-41b4968,1-0,0.0,189,113,179,7.2
482,Base-41b4968,1-0,0.0,189,113,180,6.5
481,New-8ad2008,1/2-1/2,0.5,189,114,180,6.5
484,Base-41b4968,1/2-1/2,0.5,189,115,180,6.5
485,New-8ad2008,0-1,0.0,189,115,181,5.7
486,Base-41b4968,1-0,0.0,189,115,182,5.0
489,New-8ad2008,0-1,0.0,189,115,183,4.3
487,New-8ad2008,1-0,1.0,190,115,183,5.0
488,Base-41b4968,1-0,0.0,190,115,184,4.3
490,Base-41b4968,0-1,1.0,191,115,184,5.0
497,New-8ad2008,1/2-1/2,0.5,191,116,184,5.0
495,New-8ad2008,1-0,1.0,192,116,184,5.6
491,New-8ad2008,0-1,0.0,192,116,185,4.9
498,Base-41b4968,1/2-1/2,0.5,192,117,185,4.9
496,Base-41b4968,1-0,0.0,192,117,186,4.2
494,Base-41b4968,1-0,0.0,192,117,187,3.5
493,New-8ad2008,1-0,1.0,193,117,187,4.2
492,Base-41b4968,1/2-1/2,0.5,193,118,187,4.2
501,New-8ad2008,1/2-1/2,0.5,193,119,187,4.2
500,Base-41b4968,1-0,0.0,193,119,188,3.5
499,New-8ad2008,1-0,1.0,194,119,188,4.2
503,New-8ad2008,1-0,1.0,195,119,188,4.8
504,Base-41b4968,0-1,1.0,196,119,188,5.5
507,New-8ad2008,1-0,1.0,197,119,188,6.2
502,Base-41b4968,1/2-1/2,0.5,197,120,188,6.2
505,New-8ad2008,1-0,1.0,198,120,188,6.9
506,Base-41b4968,0-1,1.0,199,120,188,7.5
508,Base-41b4968,1-0,0.0,199,120,189,6.8
509,New-8ad2008,1-0,1.0,200,120,189,7.5
510,Base-41b4968,1-0,0.0,200,120,190,6.8
512,Base-41b4968,1-0,0.0,200,120,191,6.1
513,New-8ad2008,1-0,1.0,201,120,191,6.8
514,Base-41b4968,0-1,1.0,202,120,191,7.5
515,New-8ad2008,1-0,1.0,203,120,191,8.1
516,Base-41b4968,1-0,0.0,203,120,192,7.4
511,New-8ad2008,0-1,0.0,203,120,193,6.7
518,Base-41b4968,1/2-1/2,0.5,203,121,193,6.7
517,New-8ad2008,0-1,0.0,203,121,194,6.0
520,Base-41b4968,0-1,1.0,204,121,194,6.7
519,New-8ad2008,1/2-1/2,0.5,204,122,194,6.7
521,New-8ad2008,1/2-1/2,0.5,204,123,194,6.7
525,New-8ad2008,1/2-1/2,0.5,204,124,194,6.7
523,New-8ad2008,1-0,1.0,205,124,194,7.3
522,Base-41b4968,0-1,1.0,206,124,194,8.0
524,Base-41b4968,1/2-1/2,0.5,206,125,194,7.9
526,Base-41b4968,1-0,0.0,206,125,195,7.3
529,New-8ad2008,1-0,1.0,207,125,195,7.9
527,New-8ad2008,0-1,0.0,207,125,196,7.2
528,Base-41b4968,0-1,1.0,208,125,196,7.9
530,Base-41b4968,1/2-1/2,0.5,208,126,196,7.9
532,Base-41b4968,1-0,0.0,208,126,197,7.2
531,New-8ad2008,1-0,1.0,209,126,197,7.8
533,New-8ad2008,0-1,0.0,209,126,198,7.2
534,Base-41b4968,1-0,0.0,209,126,199,6.5
537,New-8ad2008,1/2-1/2,0.5,209,127,199,6.5
540,Base-41b4968,1-0,0.0,209,127,200,5.8
535,New-8ad2008,1-0,1.0,210,127,200,6.5
538,Base-41b4968,1-0,0.0,210,127,201,5.8
536,Base-41b4968,1-0,0.0,210,127,202,5.2
539,New-8ad2008,1-0,1.0,211,127,202,5.8
541,New-8ad2008,0-1,0.0,211,127,203,5.1
543,New-8ad2008,1-0,1.0,212,127,203,5.8
545,New-8ad2008,0-1,0.0,212,127,204,5.1
542,Base-41b4968,1/2-1/2,0.5,212,128,204,5.1
546,Base-41b4968,0-1,1.0,213,128,204,5.7
544,Base-41b4968,0-1,1.0,214,128,204,6.4
548,Base-41b4968,1/2-1/2,0.5,214,129,204,6.4
547,New-8ad2008,1-0,1.0,215,129,204,7.0
549,New-8ad2008,1-0,1.0,216,129,204,7.6
551,New-8ad2008,1-0,1.0,217,129,204,8.2
552,Base-41b4968,1/2-1/2,0.5,217,130,204,8.2
550,Base-41b4968,0-1,1.0,218,130,204,8.8
554,Base-41b4968,1-0,0.0,218,130,205,8.2
553,New-8ad2008,0-1,0.0,218,130,206,7.5
556,Base-41b4968,1/2-1/2,0.5,218,131,206,7.5
555,New-8ad2008,0-1,0.0,218,131,207,6.9
557,New-8ad2008,1-0,1.0,219,131,207,7.5
559,New-8ad2008,1-0,1.0,220,131,207,8.1
558,Base-41b4968,1-0,0.0,220,131,208,7.5
560,Base-41b4968,1-0,0.0,220,131,209,6.8
561,New-8ad2008,1/2-1/2,0.5,220,132,209,6.8
565,New-8ad2008,1/2-1/2,0.5,220,133,209,6.8
564,Base-41b4968,0-1,1.0,221,133,209,7.4
562,Base-41b4968,1-0,0.0,221,133,210,6.8
563,New-8ad2008,1/2-1/2,0.5,221,134,210,6.8
566,Base-41b4968,1-0,0.0,221,134,211,6.1
567,New-8ad2008,1-0,1.0,222,134,211,6.7
568,Base-41b4968,0-1,1.0,223,134,211,7.3
572,Base-41b4968,1-0,0.0,223,134,212,6.7
569,New-8ad2008,1-0,1.0,224,134,212,7.3
571,New-8ad2008,1/2-1/2,0.5,224,135,212,7.3
570,Base-41b4968,1-0,0.0,224,135,213,6.7
573,New-8ad2008,1/2-1/2,0.5,224,136,213,6.7
574,Base-41b4968,1-0,0.0,224,136,214,6.1
575,New-8ad2008,0-1,0.0,224,136,215,5.4
576,Base-41b4968,1-0,0.0,224,136,216,4.8
580,Base-41b4968,1-0,0.0,224,136,217,4.2
581,New-8ad2008,1/2-1/2,0.5,224,137,217,4.2
582,Base-41b4968,1/2-1/2,0.5,224,138,217,4.2
577,New-8ad2008,1/2-1/2,0.5,224,139,217,4.2
579,New-8ad2008,1-0,1.0,225,139,217,4.8
578,Base-41b4968,1/2-1/2,0.5,225,140,217,4.8
583,New-8ad2008,1-0,1.0,226,140,217,5.4
584,Base-41b4968,1/2-1/2,0.5,226,141,217,5.4
586,Base-41b4968,1/2-1/2,0.5,226,142,217,5.3
588,Base-41b4968,1/2-1/2,0.5,226,143,217,5.3
585,New-8ad2008,1-0,1.0,227,143,217,5.9
587,New-8ad2008,0-1,0.0,227,143,218,5.3
590,Base-41b4968,1-0,0.0,227,143,219,4.7
591,New-8ad2008,1/2-1/2,0.5,227,144,219,4.7
593,New-8ad2008,0-1,0.0,227,144,220,4.1
594,Base-41b4968,1-0,0.0,227,144,221,3.5
589,New-8ad2008,1/2-1/2,0.5,227,145,221,3.5
592,Base-41b4968,0-1,1.0,228,145,221,4.1
597,New-8ad2008,0-1,0.0,228,145,222,3.5
596,Base-41b4968,1-0,0.0,228,145,223,2.9
595,New-8ad2008,1-0,1.0,229,145,223,3.5
598,Base-41b4968,1-0,0.0,229,145,224,2.9
599,New-8ad2008,0-1,0.0,229,145,225,2.3
600,Base-41b4968,0-1,1.0,230,145,225,2.9
601,New-8ad2008,1/2-1/2,0.5,230,146,225,2.9
605,New-8ad2008,1/2-1/2,0.5,230,147,225,2.9
603,New-8ad2008,0-1,0.0,230,147,226,2.3
604,Base-41b4968,1-0,0.0,230,147,227,1.7
602,Base-41b4968,0-1,1.0,231,147,227,2.3
606,Base-41b4968,1/2-1/2,0.5,231,148,227,2.3
609,New-8ad2008,1/2-1/2,0.5,231,149,227,2.3
608,Base-41b4968,0-1,1.0,232,149,227,2.9
607,New-8ad2008,1-0,1.0,233,149,227,3.4
610,Base-41b4968,0-1,1.0,234,149,227,4.0
614,Base-41b4968,1-0,0.0,234,149,228,3.4
612,Base-41b4968,1-0,0.0,234,149,229,2.8
611,New-8ad2008,0-1,0.0,234,149,230,2.3
613,New-8ad2008,1/2-1/2,0.5,234,150,230,2.3
619,New-8ad2008,0-1,0.0,234,150,231,1.7
620,Base-41b4968,1/2-1/2,0.5,234,151,231,1.7
615,New-8ad2008,1-0,1.0,235,151,231,2.3
616,Base-41b4968,1-0,0.0,235,151,232,1.7
617,New-8ad2008,0-1,0.0,235,151,233,1.1
618,Base-41b4968,1/2-1/2,0.5,235,152,233,1.1
621,New-8ad2008,1-0,1.0,236,152,233,1.7
623,New-8ad2008,1-0,1.0,237,152,233,2.2
622,Base-41b4968,1-0,0.0,237,152,234,1.7
624,Base-41b4968,0-1,1.0,238,152,234,2.2
625,New-8ad2008,1/2-1/2,0.5,238,153,234,2.2
627,New-8ad2008,1-0,1.0,239,153,234,2.8
626,Base-41b4968,1-0,0.0,239,153,235,2.2
628,Base-41b4968,1-0,0.0,239,153,236,1.7
630,Base-41b4968,1-0,0.0,239,153,237,1.1
629,New-8ad2008,1/2-1/2,0.5,239,154,237,1.1
631,New-8ad2008,1/2-1/2,0.5,239,155,237,1.1
632,Base-41b4968,0-1,1.0,240,155,237,1.6
633,New-8ad2008,0-1,0.0,240,155,238,1.1
635,New-8ad2008,1-0,1.0,241,155,238,1.6
634,Base-41b4968,0-1,1.0,242,155,238,2.2
639,New-8ad2008,1/2-1/2,0.5,242,156,238,2.2
636,Base-41b4968,0-1,1.0,243,156,238,2.7
638,Base-41b4968,0-1,1.0,244,156,238,3.3
637,New-8ad2008,1/2-1/2,0.5,244,157,238,3.3
643,New-8ad2008,0-1,0.0,244,157,239,2.7
640,Base-41b4968,0-1,1.0,245,157,239,3.3
642,Base-41b4968,0-1,1.0,246,157,239,3.8
641,New-8ad2008,0-1,0.0,246,157,240,3.2
644,Base-41b4968,1/2-1/2,0.5,246,158,240,3.2
646,Base-41b4968,0-1,1.0,247,158,240,3.8
645,New-8ad2008,1-0,1.0,248,158,240,4.3
654,Base-41b4968,1/2-1/2,0.5,248,159,240,4.3
647,New-8ad2008,0-1,0.0,248,159,241,3.8
653,New-8ad2008,0-1,0.0,248,159,242,3.2
650,Base-41b4968,1-0,0.0,248,159,243,2.7
649,New-8ad2008,0-1,0.0,248,159,244,2.1
648,Base-41b4968,1/2-1/2,0.5,248,160,244,2.1
651,New-8ad2008,0-1,0.0,248,160,245,1.6
652,Base-41b4968,0-1,1.0,249,160,245,2.1
656,Base-41b4968,0-1,1.0,250,160,245,2.7
655,New-8ad2008,1-0,1.0,251,160,245,3.2
659,New-8ad2008,1-0,1.0,252,160,245,3.7
658,Base-41b4968,0-1,1.0,253,160,245,4.2
657,New-8ad2008,1-0,1.0,254,160,245,4.7
660,Base-41b4968,0-1,1.0,255,160,245,5.3
661,New-8ad2008,1-0,1.0,256,160,245,5.8
662,Base-41b4968,1-0,0.0,256,160,246,5.2
663,New-8ad2008,1-0,1.0,257,160,246,5.8
668,Base-41b4968,1-0,0.0,257,160,247,5.2
669,New-8ad2008,1-0,1.0,258,160,247,5.7
666,Base-41b4968,1-0,0.0,258,160,248,5.2
670,Base-41b4968,1/2-1/2,0.5,258,161,248,5.2
665,New-8ad2008,0-1,0.0,258,161,249,4.7
667,New-8ad2008,1/2-1/2,0.5,258,162,249,4.7
664,Base-41b4968,1/2-1/2,0.5,258,163,249,4.7
672,Base-41b4968,1/2-1/2,0.5,258,164,249,4.7
671,New-8ad2008,1/2-1/2,0.5,258,165,249,4.7
674,Base-41b4968,1/2-1/2,0.5,258,166,249,4.6
675,New-8ad2008,1-0,1.0,259,166,249,5.2
673,New-8ad2008,1-0,1.0,260,166,249,5.7
676,Base-41b4968,1-0,0.0,260,166,250,5.1
678,Base-41b4968,0-1,1.0,261,166,250,5.6
677,New-8ad2008,0-1,0.0,261,166,251,5.1
679,New-8ad2008,0-1,0.0,261,166,252,4.6
680,Base-41b4968,1/2-1/2,0.5,261,167,252,4.6
682,Base-41b4968,1-0,0.0,261,167,253,4.1
683,New-8ad2008,0-1,0.0,261,167,254,3.6
681,New-8ad2008,1/2-1/2,0.5,261,168,254,3.6
685,New-8ad2008,1-0,1.0,262,168,254,4.1
687,New-8ad2008,0-1,0.0,262,168,255,3.6
684,Base-41b4968,0-1,1.0,263,168,255,4.1
686,Base-41b4968,1-0,0.0,263,168,256,3.5
689,New-8ad2008,1/2-1/2,0.5,263,169,256,3.5
690,Base-41b4968,0-1,1.0,264,169,256,4.0
688,Base-41b4968,1-0,0.0,264,169,257,3.5
692,Base-41b4968,1-0,0.0,264,169,258,3.0
693,New-8ad2008,1-0,1.0,265,169,258,3.5
695,New-8ad2008,1/2-1/2,0.5,265,170,258,3.5
691,New-8ad2008,1-0,1.0,266,170,258,4.0
696,Base-41b4968,0-1,1.0,267,170,258,4.5
694,Base-41b4968,0-1,1.0,268,170,258,5.0
698,Base-41b4968,0-1,1.0,269,170,258,5.5
699,New-8ad2008,1-0,1.0,270,170,258,6.0
702,Base-41b4968,1/2-1/2,0.5,270,171,258,6.0
697,New-8ad2008,0-1,0.0,270,171,259,5.5
700,Base-41b4968,1-0,0.0,270,171,260,5.0
701,New-8ad2008,0-1,0.0,270,171,261,4.5
704,Base-41b4968,1-0,0.0,270,171,262,4.0
703,New-8ad2008,0-1,0.0,270,171,263,3.5
705,New-8ad2008,1-0,1.0,271,171,263,3.9
707,New-8ad2008,0-1,0.0,271,171,264,3.4
706,Base-41b4968,1/2-1/2,0.5,271,172,264,3.4
708,Base-41b4968,1-0,0.0,271,172,265,2.9
710,Base-41b4968,1/2-1/2,0.5,271,173,265,2.9
712,Base-41b4968,0-1,1.0,272,173,265,3.4
711,New-8ad2008,0-1,0.0,272,173,266,2.9
709,New-8ad2008,1/2-1/2,0.5,272,174,266,2.9
713,New-8ad2008,0-1,0.0,272,174,267,2.4
718,Base-41b4968,1/2-1/2,0.5,272,175,267,2.4
714,Base-41b4968,0-1,1.0,273,175,267,2.9
717,New-8ad2008,1-0,1.0,274,175,267,3.4
715,New-8ad2008,1-0,1.0,275,175,267,3.9
716,Base-41b4968,1-0,0.0,275,175,268,3.4
719,New-8ad2008,1-0,1.0,276,175,268,3.9
720,Base-41b4968,1/2-1/2,0.5,276,176,268,3.9
721,New-8ad2008,1-0,1.0,277,176,268,4.3
722,Base-41b4968,0-1,1.0,278,176,268,4.8
727,New-8ad2008,1/2-1/2,0.5,278,177,268,4.8
723,New-8ad2008,0-1,0.0,278,177,269,4.3
724,Base-41b4968,0-1,1.0,279,177,269,4.8
725,New-8ad2008,1/2-1/2,0.5,279,178,269,4.8
726,Base-41b4968,1/2-1/2,0.5,279,179,269,4.8
731,New-8ad2008,1-0,1.0,280,179,269,5.3
728,Base-41b4968,1-0,0.0,280,179,270,4.8
734,Base-41b4968,1/2-1/2,0.5,280,180,270,4.8
729,New-8ad2008,1-0,1.0,281,180,270,5.2
732,Base-41b4968,1-0,0.0,281,180,271,4.7
730,Base-41b4968,1-0,0.0,281,180,272,4.3
735,New-8ad2008,0-1,0.0,281,180,273,3.8
733,New-8ad2008,1/2-1/2,0.5,281,181,273,3.8
740,Base-41b4968,1/2-1/2,0.5,281,182,273,3.8
739,New-8ad2008,1-0,1.0,282,182,273,4.2
737,New-8ad2008,1-0,1.0,283,182,273,4.7
738,Base-41b4968,0-1,1.0,284,182,273,5.2
736,Base-41b4968,1-0,0.0,284,182,274,4.7
742,Base-41b4968,1/2-1/2,0.5,284,183,274,4.7
741,New-8ad2008,0-1,0.0,284,183,275,4.2
743,New-8ad2008,0-1,0.0,284,183,276,3.7
747,New-8ad2008,1/2-1/2,0.5,284,184,276,3.7
745,New-8ad2008,1/2-1/2,0.5,284,185,276,3.7
746,Base-41b4968,0-1,1.0,285,185,276,4.2
744,Base-41b4968,0-1,1.0,286,185,276,4.7
748,Base-41b4968,1-0,0.0,286,185,277,4.2
750,Base-41b4968,1-0,0.0,286,185,278,3.7
749,New-8ad2008,1-0,1.0,287,185,278,4.2
754,Base-41b4968,1-0,0.0,287,185,279,3.7
751,New-8ad2008,1-0,1.0,288,185,279,4.2
756,Base-41b4968,0-1,1.0,289,185,279,4.6
753,New-8ad2008,0-1,0.0,289,185,280,4.1
755,New-8ad2008,1-0,1.0,290,185,280,4.6
752,Base-41b4968,1/2-1/2,0.5,290,186,280,4.6
758,Base-41b4968,0-1,1.0,291,186,280,5.0
757,New-8ad2008,0-1,0.0,291,186,281,4.6
760,Base-41b4968,1/2-1/2,0.5,291,187,281,4.6
759,New-8ad2008,0-1,0.0,291,187,282,4.1
761,New-8ad2008,1-0,1.0,292,187,282,4.6
766,Base-41b4968,1-0,0.0,292,187,283,4.1
762,Base-41b4968,0-1,1.0,293,187,283,4.6
763,New-8ad2008,1/2-1/2,0.5,293,188,283,4.5
764,Base-41b4968,1-0,0.0,293,188,284,4.1
765,New-8ad2008,1/2-1/2,0.5,293,189,284,4.1
768,Base-41b4968,0-1,1.0,294,189,284,4.5
769,New-8ad2008,1-0,1.0,295,189,284,5.0
767,New-8ad2008,0-1,0.0,295,189,285,4.5
770,Base-41b4968,1/2-1/2,0.5,295,190,285,4.5
773,New-8ad2008,1/2-1/2,0.5,295,191,285,4.5
771,New-8ad2008,1/2-1/2,0.5,295,192,285,4.5
772,Base-41b4968,1-0,0.0,295,192,286,4.0
774,Base-41b4968,1/2-1/2,0.5,295,193,286,4.0
775,New-8ad2008,0-1,0.0,295,193,287,3.6
776,Base-41b4968,0-1,1.0,296,193,287,4.0
778,Base-41b4968,1-0,0.0,296,193,288,3.6
777,New-8ad2008,1-0,1.0,297,193,288,4.0
780,Base-41b4968,1-0,0.0,297,193,289,3.6
779,New-8ad2008,1/2-1/2,0.5,297,194,289,3.6
782,Base-41b4968,1-0,0.0,297,194,290,3.1
783,New-8ad2008,1/2-1/2,0.5,297,195,290,3.1
784,Base-41b4968,1/2-1/2,0.5,297,196,290,3.1
781,New-8ad2008,1/2-1/2,0.5,297,197,290,3.1
786,Base-41b4968,0-1,1.0,298,197,290,3.5
788,Base-41b4968,1-0,0.0,298,197,291,3.1
787,New-8ad2008,1/2-1/2,0.5,298,198,291,3.1
789,New-8ad2008,1-0,1.0,299,198,291,3.5
785,New-8ad2008,1/2-1/2,0.5,299,199,291,3.5
791,New-8ad2008,0-1,0.0,299,199,292,3.1
790,Base-41b4968,1-0,0.0,299,199,293,2.6
792,Base-41b4968,1-0,0.0,299,199,294,2.2
793,New-8ad2008,1-0,1.0,300,199,294,2.6
797,New-8ad2008,1/2-1/2,0.5,300,200,294,2.6
794,Base-41b4968,0-1,1.0,301,200,294,3.1
796,Base-41b4968,0-1,1.0,302,200,294,3.5
795,New-8ad2008,0-1,0.0,302,200,295,3.1
798,Base-41b4968,1/2-1/2,0.5,302,201,295,3.0
799,New-8ad2008,1-0,1.0,303,201,295,3.5
800,Base-41b4968,1-0,0.0,303,201,296,3.0
803,New-8ad2008,1-0,1.0,304,201,296,3.5
801,New-8ad2008,1/2-1/2,0.5,304,202,296,3.5
802,Base-41b4968,0-1,1.0,305,202,296,3.9
804,Base-41b4968,1-0,0.0,305,202,297,3.5
805,New-8ad2008,1-0,1.0,306,202,297,3.9
808,Base-41b4968,1/2-1/2,0.5,306,203,297,3.9
809,New-8ad2008,1/2-1/2,0.5,306,204,297,3.9
806,Base-41b4968,1-0,0.0,306,204,298,3.4
807,New-8ad2008,0-1,0.0,306,204,299,3.0
813,New-8ad2008,1/2-1/2,0.5,306,205,299,3.0
811,New-8ad2008,1-0,1.0,307,205,299,3.4
812,Base-41b4968,1/2-1/2,0.5,307,206,299,3.4
815,New-8ad2008,1/2-1/2,0.5,307,207,299,3.4
810,Base-41b4968,1/2-1/2,0.5,307,208,299,3.4
818,Base-41b4968,0-1,1.0,308,208,299,3.8
814,Base-41b4968,1-0,0.0,308,208,300,3.4
817,New-8ad2008,1-0,1.0,309,208,300,3.8
816,Base-41b4968,0-1,1.0,310,208,300,4.2
819,New-8ad2008,0-1,0.0,310,208,301,3.8
820,Base-41b4968,0-1,1.0,311,208,301,4.2
825,New-8ad2008,1-0,1.0,312,208,301,4.7
821,New-8ad2008,1/2-1/2,0.5,312,209,301,4.6
827,New-8ad2008,1-0,1.0,313,209,301,5.1
822,Base-41b4968,1/2-1/2,0.5,313,210,301,5.1
826,Base-41b4968,1-0,0.0,313,210,302,4.6
824,Base-41b4968,0-1,1.0,314,210,302,5.0
823,New-8ad2008,1-0,1.0,315,210,302,5.5
828,Base-41b4968,1-0,0.0,315,210,303,5.0
829,New-8ad2008,1-0,1.0,316,210,303,5.4
832,Base-41b4968,1-0,0.0,316,210,304,5.0
830,Base-41b4968,0-1,1.0,317,210,304,5.4
831,New-8ad2008,0-1,0.0,317,210,305,5.0
838,Base-41b4968,1/2-1/2,0.5,317,211,305,5.0
834,Base-41b4968,0-1,1.0,318,211,305,5.4
833,New-8ad2008,1-0,1.0,319,211,305,5.8
835,New-8ad2008,1/2-1/2,0.5,319,212,305,5.8
836,Base-41b4968,1-0,0.0,319,212,306,5.4
841,New-8ad2008,1/2-1/2,0.5,319,213,306,5.4
839,New-8ad2008,0-1,0.0,319,213,307,5.0
837,New-8ad2008,0-1,0.0,319,213,308,4.6
840,Base-41b4968,0-1,1.0,320,213,308,5.0
842,Base-41b4968,0-1,1.0,321,213,308,5.4
843,New-8ad2008,1-0,1.0,322,213,308,5.8
847,New-8ad2008,1-0,1.0,323,213,308,6.2
844,Base-41b4968,1-0,0.0,323,213,309,5.8
846,Base-41b4968,0-1,1.0,324,213,309,6.2
845,New-8ad2008,0-1,0.0,324,213,310,5.7
848,Base-41b4968,1-0,0.0,324,213,311,5.3
849,New-8ad2008,1-0,1.0,325,213,311,5.7
851,New-8ad2008,1-0,1.0,326,213,311,6.1
852,Base-41b4968,1-0,0.0,326,213,312,5.7
850,Base-41b4968,1/2-1/2,0.5,326,214,312,5.7
854,Base-41b4968,1-0,0.0,326,214,313,5.3
853,New-8ad2008,1-0,1.0,327,214,313,5.7
855,New-8ad2008,1-0,1.0,328,214,313,6.1
856,Base-41b4968,1/2-1/2,0.5,328,215,313,6.1
857,New-8ad2008,0-1,0.0,328,215,314,5.7
861,New-8ad2008,1/2-1/2,0.5,328,216,314,5.7
858,Base-41b4968,1-0,0.0,328,216,315,5.3
860,Base-41b4968,0-1,1.0,329,216,315,5.7
859,New-8ad2008,0-1,0.0,329,216,316,5.2
865,New-8ad2008,1/2-1/2,0.5,329,217,316,5.2
863,New-8ad2008,1-0,1.0,330,217,316,5.6
862,Base-41b4968,1-0,0.0,330,217,317,5.2
864,Base-41b4968,0-1,1.0,331,217,317,5.6
866,Base-41b4968,0-1,1.0,332,217,317,6.0
867,New-8ad2008,1-0,1.0,333,217,317,6.4
868,Base-41b4968,1-0,0.0,333,217,318,6.0
869,New-8ad2008,0-1,0.0,333,217,319,5.6
872,Base-41b4968,1-0,0.0,333,217,320,5.2
870,Base-41b4968,0-1,1.0,334,217,320,5.6
871,New-8ad2008,1-0,1.0,335,217,320,6.0
873,New-8ad2008,1-0,1.0,336,217,320,6.4
875,New-8ad2008,1-0,1.0,337,217,320,6.8
874,Base-41b4968,1/2-1/2,0.5,337,218,320,6.8
878,Base-41b4968,0-1,1.0,338,218,320,7.1
876,Base-41b4968,1/2-1/2,0.5,338,219,320,7.1
877,New-8ad2008,1-0,1.0,339,219,320,7.5
880,Base-41b4968,1-0,0.0,339,219,321,7.1
879,New-8ad2008,0-1,0.0,339,219,322,6.7
885,New-8ad2008,1/2-1/2,0.5,339,220,322,6.7
881,New-8ad2008,1-0,1.0,340,220,322,7.1
886,Base-41b4968,1/2-1/2,0.5,340,221,322,7.1
883,New-8ad2008,0-1,0.0,340,221,323,6.7
882,Base-41b4968,1-0,0.0,340,221,324,6.3
887,New-8ad2008,1-0,1.0,341,221,324,6.7
884,Base-41b4968,1/2-1/2,0.5,341,222,324,6.7
890,Base-41b4968,1-0,0.0,341,222,325,6.3
893,New-8ad2008,1/2-1/2,0.5,341,223,325,6.3
888,Base-41b4968,1-0,0.0,341,223,326,5.9
889,New-8ad2008,1/2-1/2,0.5,341,224,326,5.8
892,Base-41b4968,0-1,1.0,342,224,326,6.2
891,New-8ad2008,1-0,1.0,343,224,326,6.6
896,Base-41b4968,1/2-1/2,0.5,343,225,326,6.6
894,Base-41b4968,1/2-1/2,0.5,343,226,326,6.6
895,New-8ad2008,1/2-1/2,0.5,343,227,326,6.6
897,New-8ad2008,1-0,1.0,344,227,326,7.0
898,Base-41b4968,1-0,0.0,344,227,327,6.6
899,New-8ad2008,0-1,0.0,344,227,328,6.2
900,Base-41b4968,0-1,1.0,345,227,328,6.6
902,Base-41b4968,1/2-1/2,0.5,345,228,328,6.6
901,New-8ad2008,1-0,1.0,346,228,328,6.9
903,New-8ad2008,1-0,1.0,347,228,328,7.3
905,New-8ad2008,0-1,0.0,347,228,329,6.9
904,Base-41b4968,1-0,0.0,347,228,330,6.5
906,Base-41b4968,1-0,0.0,347,228,331,6.1
910,Base-41b4968,1-0,0.0,347,228,332,5.7
908,Base-41b4968,0-1,1.0,348,228,332,6.1
909,New-8ad2008,1-0,1.0,349,228,332,6.5
913,New-8ad2008,1/2-1/2,0.5,349,229,332,6.5
912,Base-41b4968,1/2-1/2,0.5,349,230,332,6.5
911,New-8ad2008,1/2-1/2,0.5,349,231,332,6.5
907,New-8ad2008,1/2-1/2,0.5,349,232,332,6.5
915,New-8ad2008,1/2-1/2,0.5,349,233,332,6.5
914,Base-41b4968,0-1,1.0,350,233,332,6.8
920,Base-41b4968,0-1,1.0,351,233,332,7.2
917,New-8ad2008,1-0,1.0,352,233,332,7.6
918,Base-41b4968,1/2-1/2,0.5,352,234,332,7.6
916,Base-41b4968,0-1,1.0,353,234,332,7.9
919,New-8ad2008,0-1,0.0,353,234,333,7.6
921,New-8ad2008,1-0,1.0,354,234,333,7.9
922,Base-41b4968,0-1,1.0,355,234,333,8.3
923,New-8ad2008,1/2-1/2,0.5,355,235,333,8.3
925,New-8ad2008,0-1,0.0,355,235,334,7.9
924,Base-41b4968,0-1,1.0,356,235,334,8.3
928,Base-41b4968,0-1,1.0,357,235,334,8.6
926,Base-41b4968,1-0,0.0,357,235,335,8.2
927,New-8ad2008,0-1,0.0,357,235,336,7.9
929,New-8ad2008,1-0,1.0,358,235,336,8.2
931,New-8ad2008,1/2-1/2,0.5,358,236,336,8.2
932,Base-41b4968,0-1,1.0,359,236,336,8.6
930,Base-41b4968,1/2-1/2,0.5,359,237,336,8.6
933,New-8ad2008,0-1,0.0,359,237,337,8.2
935,New-8ad2008,0-1,0.0,359,237,338,7.8
936,Base-41b4968,0-1,1.0,360,237,338,8.2
934,Base-41b4968,0-1,1.0,361,237,338,8.5
937,New-8ad2008,1-0,1.0,362,237,338,8.9
938,Base-41b4968,0-1,1.0,363,237,338,9.3
940,Base-41b4968,0-1,1.0,364,237,338,9.6
941,New-8ad2008,1-0,1.0,365,237,338,10.0
942,Base-41b4968,1-0,0.0,365,237,339,9.6
939,New-8ad2008,1/2-1/2,0.5,365,238,339,9.6
944,Base-41b4968,0-1,1.0,366,238,339,10.0
943,New-8ad2008,0-1,0.0,366,238,340,9.6
945,New-8ad2008,1-0,1.0,367,238,340,9.9
946,Base-41b4968,0-1,1.0,368,238,340,10.3
948,Base-41b4968,0-1,1.0,369,238,340,10.6
947,New-8ad2008,1-0,1.0,370,238,340,11.0
949,New-8ad2008,0-1,0.0,370,238,341,10.6
950,Base-41b4968,1/2-1/2,0.5,370,239,341,10.6
951,New-8ad2008,1/2-1/2,0.5,370,240,341,10.6
952,Base-41b4968,0-1,1.0,371,240,341,11.0
953,New-8ad2008,1-0,1.0,372,240,341,11.3
954,Base-41b4968,1/2-1/2,0.5,372,241,341,11.3
956,Base-41b4968,1-0,0.0,372,241,342,10.9
955,New-8ad2008,1/2-1/2,0.5,372,242,342,10.9
957,New-8ad2008,1-0,1.0,373,242,342,11.3
958,Base-41b4968,1/2-1/2,0.5,373,243,342,11.2
960,Base-41b4968,0-1,1.0,374,243,342,11.6
959,New-8ad2008,1-0,1.0,375,243,342,11.9
961,New-8ad2008,1/2-1/2,0.5,375,244,342,11.9
962,Base-41b4968,1-0,0.0,375,244,343,11.6
966,Base-41b4968,1/2-1/2,0.5,375,245,343,11.5
965,New-8ad2008,1/2-1/2,0.5,375,246,343,11.5
963,New-8ad2008,0-1,0.0,375,246,344,11.2
968,Base-41b4968,1/2-1/2,0.5,375,247,344,11.2
964,Base-41b4968,1/2-1/2,0.5,375,248,344,11.1
967,New-8ad2008,1-0,1.0,376,248,344,11.5
969,New-8ad2008,0-1,0.0,376,248,345,11.1
970,Base-41b4968,1-0,0.0,376,248,346,10.7
971,New-8ad2008,1-0,1.0,377,248,346,11.1
972,Base-41b4968,1-0,0.0,377,248,347,10.7
976,Base-41b4968,0-1,1.0,378,248,347,11.1
973,New-8ad2008,1-0,1.0,379,248,347,11.4
977,New-8ad2008,1-0,1.0,380,248,347,11.8
974,Base-41b4968,0-1,1.0,381,248,347,12.1
978,Base-41b4968,1/2-1/2,0.5,381,249,347,12.1
979,New-8ad2008,1-0,1.0,382,249,347,12.4
975,New-8ad2008,1/2-1/2,0.5,382,250,347,12.4
981,New-8ad2008,0-1,0.0,382,250,348,12.1
984,Base-41b4968,1/2-1/2,0.5,382,251,348,12.0
985,New-8ad2008,1/2-1/2,0.5,382,252,348,12.0
982,Base-41b4968,1-0,0.0,382,252,349,11.7
980,Base-41b4968,0-1,1.0,383,252,349,12.0
983,New-8ad2008,0-1,0.0,383,252,350,11.6
986,Base-41b4968,0-1,1.0,384,252,350,12.0
990,Base-41b4968,0-1,1.0,385,252,350,12.3
987,New-8ad2008,1/2-1/2,0.5,385,253,350,12.3
988,Base-41b4968,0-1,1.0,386,253,350,12.7
989,New-8ad2008,1-0,1.0,387,253,350,13.0
992,Base-41b4968,1/2-1/2,0.5,387,254,350,13.0
991,New-8ad2008,0-1,0.0,387,254,351,12.6
993,New-8ad2008,1/2-1/2,0.5,387,255,351,12.6
997,New-8ad2008,1-0,1.0,388,255,351,12.9
995,New-8ad2008,1-0,1.0,389,255,351,13.3
994,Base-41b4968,1-0,0.0,389,255,352,12.9
996,Base-41b4968,1-0,0.0,389,255,353,12.6
998,Base-41b4968,1/2-1/2,0.5,389,256,353,12.5
1000,Base-41b4968,1-0,0.0,389,256,354,12.2
1002,Base-41b4968,1/2-1/2,0.5,389,257,354,12.2
999,New-8ad2008,0-1,0.0,389,257,355,11.8
1001,New-8ad2008,1/2-1/2,0.5,389,258,355,11.8
1003,New-8ad2008,1/2-1/2,0.5,389,259,355,11.8
1005,New-8ad2008,1-0,1.0,390,259,355,12.1
1008,Base-41b4968,1/2-1/2,0.5,390,260,355,12.1
1004,Base-41b4968,1-0,0.0,390,260,356,11.7
1007,New-8ad2008,0-1,0.0,390,260,357,11.4
1006,Base-41b4968,0-1,1.0,391,260,357,11.7
1009,New-8ad2008,0-1,0.0,391,260,358,11.4
1010,Base-41b4968,1-0,0.0,391,260,359,11.0
1012,Base-41b4968,1/2-1/2,0.5,391,261,359,11.0
1015,New-8ad2008,1-0,1.0,392,261,359,11.3
1011,New-8ad2008,0-1,0.0,392,261,360,11.0
1013,New-8ad2008,0-1,0.0,392,261,361,10.6
1016,Base-41b4968,1-0,0.0,392,261,362,10.3
1014,Base-41b4968,0-1,1.0,393,261,362,10.6
1017,New-8ad2008,0-1,0.0,393,261,363,10.3
1018,Base-41b4968,1/2-1/2,0.5,393,262,363,10.2
1019,New-8ad2008,1/2-1/2,0.5,393,263,363,10.2
1020,Base-41b4968,1/2-1/2,0.5,393,264,363,10.2
1021,New-8ad2008,1-0,1.0,394,264,363,10.6
1022,Base-41b4968,0-1,1.0,395,264,363,10.9
1025,New-8ad2008,1/2-1/2,0.5,395,265,363,10.9
1023,New-8ad2008,1-0,1.0,396,265,363,11.2
1024,Base-41b4968,0-1,1.0,397,265,363,11.5
1026,Base-41b4968,0-1,1.0,398,265,363,11.9
1029,New-8ad2008,1/2-1/2,0.5,398,266,363,11.8
1028,Base-41b4968,1/2-1/2,0.5,398,267,363,11.8
1031,New-8ad2008,1-0,1.0,399,267,363,12.2
1027,New-8ad2008,1/2-1/2,0.5,399,268,363,12.1
1033,New-8ad2008,1-0,1.0,400,268,363,12.5
1030,Base-41b4968,1-0,0.0,400,268,364,12.1
1032,Base-41b4968,1-0,0.0,400,268,365,11.8
1034,Base-41b4968,1/2-1/2,0.5,400,269,365,11.8
1041,New-8ad2008,1/2-1/2,0.5,400,270,365,11.8
1035,New-8ad2008,1/2-1/2,0.5,400,271,365,11.7
1038,Base-41b4968,1/2-1/2,0.5,400,272,365,11.7
1039,New-8ad2008,1/2-1/2,0.5,400,273,365,11.7
1036,Base-41b4968,1/2-1/2,0.5,400,274,365,11.7
1037,New-8ad2008,0-1,0.0,400,274,366,11.4
1040,Base-41b4968,0-1,1.0,401,274,366,11.7
1043,New-8ad2008,0-1,0.0,401,274,367,11.3
1042,Base-41b4968,1-0,0.0,401,274,368,11.0
1046,Base-41b4968,1-0,0.0,401,274,369,10.7
1044,Base-41b4968,0-1,1.0,402,274,369,11.0
1047,New-8ad2008,0-1,0.0,402,274,370,10.6
1045,New-8ad2008,1-0,1.0,403,274,370,11.0
1049,New-8ad2008,0-1,0.0,403,274,371,10.6
1051,New-8ad2008,1-0,1.0,404,274,371,10.9
1053,New-8ad2008,0-1,0.0,404,274,372,10.6
1050,Base-41b4968,1-0,0.0,404,274,373,10.3
1048,Base-41b4968,1/2-1/2,0.5,404,275,373,10.2
1055,New-8ad2008,0-1,0.0,404,275,374,9.9
1052,Base-41b4968,0-1,1.0,405,275,374,10.2
1054,Base-41b4968,1-0,0.0,405,275,375,9.9
1056,Base-41b4968,1/2-1/2,0.5,405,276,375,9.9
1057,New-8ad2008,1/2-1/2,0.5,405,277,375,9.9
1058,Base-41b4968,0-1,1.0,406,277,375,10.2
1062,Base-41b4968,0-1,1.0,407,277,375,10.5
1063,New-8ad2008,1-0,1.0,408,277,375,10.8
1060,Base-41b4968,1-0,0.0,408,277,376,10.5
1059,New-8ad2008,1-0,1.0,409,277,376,10.8
1064,Base-41b4968,1-0,0.0,409,277,377,10.5
1066,Base-41b4968,1-0,0.0,409,277,378,10.1
1061,New-8ad2008,1-0,1.0,410,277,378,10.4
1065,New-8ad2008,1-0,1.0,411,277,378,10.8
1070,Base-41b4968,1/2-1/2,0.5,411,278,378,10.7
1068,Base-41b4968,0-1,1.0,412,278,378,11.1
1069,New-8ad2008,0-1,0.0,412,278,379,10.7
1067,New-8ad2008,0-1,0.0,412,278,380,10.4
1071,New-8ad2008,1-0,1.0,413,278,380,10.7
1072,Base-41b4968,1-0,0.0,413,278,381,10.4
1073,New-8ad2008,1-0,1.0,414,278,381,10.7
1075,New-8ad2008,1/2-1/2,0.5,414,279,381,10.7
1074,Base-41b4968,1/2-1/2,0.5,414,280,381,10.7
1076,Base-41b4968,0-1,1.0,415,280,381,11.0
1077,New-8ad2008,0-1,0.0,415,280,382,10.6
1078,Base-41b4968,0-1,1.0,416,280,382,11.0
1080,Base-41b4968,1-0,0.0,416,280,383,10.6
1079,New-8ad2008,0-1,0.0,416,280,384,10.3
1083,New-8ad2008,1-0,1.0,417,280,384,10.6
1085,New-8ad2008,0-1,0.0,417,280,385,10.3
1081,New-8ad2008,1-0,1.0,418,280,385,10.6
1082,Base-41b4968,1/2-1/2,0.5,418,281,385,10.6
1087,New-8ad2008,1-0,1.0,419,281,385,10.9
1086,Base-41b4968,0-1,1.0,420,281,385,11.2
1084,Base-41b4968,1-0,0.0,420,281,386,10.9
1088,Base-41b4968,1/2-1/2,0.5,420,282,386,10.9
1089,New-8ad2008,0-1,0.0,420,282,387,10.5
1091,New-8ad2008,1-0,1.0,421,282,387,10.8
1092,Base-41b4968,1/2-1/2,0.5,421,283,387,10.8
1090,Base-41b4968,1/2-1/2,0.5,421,284,387,10.8
1093,New-8ad2008,1/2-1/2,0.5,421,285,387,10.8
1094,Base-41b4968,0-1,1.0,422,285,387,11.1
1095,New-8ad2008,0-1,0.0,422,285,388,10.8
1097,New-8ad2008,0-1,0.0,422,285,389,10.5
1096,Base-41b4968,1-0,0.0,422,285,390,10.1
1098,Base-41b4968,1/2-1/2,0.5,422,286,390,10.1
1100,Base-41b4968,0-1,1.0,423,286,390,10.4
1099,New-8ad2008,1-0,1.0,424,286,390,10.7
1103,New-8ad2008,1-0,1.0,425,286,390,11.0
1101,New-8ad2008,1/2-1/2,0.5,425,287,390,11.0
1102,Base-41b4968,1/2-1/2,0.5,425,288,390,11.0
1104,Base-41b4968,1-0,0.0,425,288,391,10.7
1105,New-8ad2008,0-1,0.0,425,288,392,10.4
1108,Base-41b4968,0-1,1.0,426,288,392,10.7
1111,New-8ad2008,1/2-1/2,0.5,426,289,392,10.7
1109,New-8ad2008,1-0,1.0,427,289,392,11.0
1107,New-8ad2008,0-1,0.0,427,289,393,10.7
1110,Base-41b4968,0-1,1.0,428,289,393,11.0
1106,Base-41b4968,0-1,1.0,429,289,393,11.3
1115,New-8ad2008,1-0,1.0,430,289,393,11.6
1113,New-8ad2008,1/2-1/2,0.5,430,290,393,11.6
1112,Base-41b4968,0-1,1.0,431,290,393,11.9
1117,New-8ad2008,1/2-1/2,0.5,431,291,393,11.8
1116,Base-41b4968,0-1,1.0,432,291,393,12.1
1119,New-8ad2008,0-1,0.0,432,291,394,11.8
1118,Base-41b4968,0-1,1.0,433,291,394,12.1
1114,Base-41b4968,0-1,1.0,434,291,394,12.4
1120,Base-41b4968,1-0,0.0,434,291,395,12.1
1122,Base-41b4968,1-0,0.0,434,291,396,11.8
1121,New-8ad2008,1-0,1.0,435,291,396,12.1
1123,New-8ad2008,1/2-1/2,0.5,435,292,396,12.1
1124,Base-41b4968,0-1,1.0,436,292,396,12.4
1126,Base-41b4968,1/2-1/2,0.5,436,293,396,12.4
1127,New-8ad2008,1-0,1.0,437,293,396,12.7
1128,Base-41b4968,0-1,1.0,438,293,396,13.0
1125,New-8ad2008,0-1,0.0,438,293,397,12.6
1129,New-8ad2008,1-0,1.0,439,293,397,12.9
1131,New-8ad2008,1-0,1.0,440,293,397,13.2
1130,Base-41b4968,1-0,0.0,440,293,398,12.9
1133,New-8ad2008,1/2-1/2,0.5,440,294,398,12.9
1132,Base-41b4968,0-1,1.0,441,294,398,13.2
1139,New-8ad2008,1-0,1.0,442,294,398,13.5
1134,Base-41b4968,1/2-1/2,0.5,442,295,398,13.5
1135,New-8ad2008,0-1,0.0,442,295,399,13.2
1136,Base-41b4968,1/2-1/2,0.5,442,296,399,13.1
1137,New-8ad2008,0-1,0.0,442,296,400,12.8
1138,Base-41b4968,0-1,1.0,443,296,400,13.1
1140,Base-41b4968,1-0,0.0,443,296,401,12.8
1141,New-8ad2008,1/2-1/2,0.5,443,297,401,12.8
1143,New-8ad2008,1/2-1/2,0.5,443,298,401,12.8
1142,Base-41b4968,1/2-1/2,0.5,443,299,401,12.8
1145,New-8ad2008,0-1,0.0,443,299,402,12.5
1144,Base-41b4968,0-1,1.0,444,299,402,12.8
1146,Base-41b4968,0-1,1.0,445,299,402,13.0
1147,New-8ad2008,1/2-1/2,0.5,445,300,402,13.0
1149,New-8ad2008,1-0,1.0,446,300,402,13.3
1148,Base-41b4968,0-1,1.0,447,300,402,13.6
1150,Base-41b4968,0-1,1.0,448,300,402,13.9
1151,New-8ad2008,1/2-1/2,0.5,448,301,402,13.9
1152,Base-41b4968,0-1,1.0,449,301,402,14.2
1155,New-8ad2008,0-1,0.0,449,301,403,13.9
1153,New-8ad2008,1/2-1/2,0.5,449,302,403,13.9
1154,Base-41b4968,1/2-1/2,0.5,449,303,403,13.8
1157,New-8ad2008,1-0,1.0,450,303,403,14.1
1159,New-8ad2008,1-0,1.0,451,303,403,14.4
1158,Base-41b4968,1-0,0.0,451,303,404,14.1
1156,Base-41b4968,1/2-1/2,0.5,451,304,404,14.1
1161,New-8ad2008,1-0,1.0,452,304,404,14.4
1163,New-8ad2008,1-0,1.0,453,304,404,14.7
1160,Base-41b4968,0-1,1.0,454,304,404,15.0
1164,Base-41b4968,0-1,1.0,455,304,404,15.2
1165,New-8ad2008,1/2-1/2,0.5,455,305,404,15.2
1162,Base-41b4968,0-1,1.0,456,305,404,15.5
1166,Base-41b4968,1/2-1/2,0.5,456,306,404,15.5
1168,Base-41b4968,1/2-1/2,0.5,456,307,404,15.5
1167,New-8ad2008,1-0,1.0,457,307,404,15.8
1169,New-8ad2008,0-1,0.0,457,307,405,15.5
1170,Base-41b4968,1-0,0.0,457,307,406,15.2
1173,New-8ad2008,1-0,1.0,458,307,406,15.4
1172,Base-41b4968,0-1,1.0,459,307,406,15.7
1171,New-8ad2008,1-0,1.0,460,307,406,16.0
1175,New-8ad2008,1-0,1.0,461,307,406,16.3
1174,Base-41b4968,1/2-1/2,0.5,461,308,406,16.3
1177,New-8ad2008,0-1,0.0,461,308,407,16.0
1176,Base-41b4968,0-1,1.0,462,308,407,16.2
1180,Base-41b4968,1-0,0.0,462,308,408,15.9
1181,New-8ad2008,1/2-1/2,0.5,462,309,408,15.9
1182,Base-41b4968,0-1,1.0,463,309,408,16.2
1185,New-8ad2008,1-0,1.0,464,309,408,16.5
1183,New-8ad2008,1-0,1.0,465,309,408,16.8
1178,Base-41b4968,1/2-1/2,0.5,465,310,408,16.8
1179,New-8ad2008,1/2-1/2,0.5,465,311,408,16.7
1184,Base-41b4968,0-1,1.0,466,311,408,17.0
1187,New-8ad2008,1-0,1.0,467,311,408,17.3
1188,Base-41b4968,0-1,1.0,468,311,408,17.6
1189,New-8ad2008,1/2-1/2,0.5,468,312,408,17.6
1186,Base-41b4968,1/2-1/2,0.5,468,313,408,17.5
1191,New-8ad2008,1-0,1.0,469,313,408,17.8
1190,Base-41b4968,1-0,0.0,469,313,409,17.5
1192,Base-41b4968,1/2-1/2,0.5,469,314,409,17.5
1193,New-8ad2008,0-1,0.0,469,314,410,17.2
1195,New-8ad2008,0-1,0.0,469,314,411,16.9
1194,Base-41b4968,0-1,1.0,470,314,411,17.2
1196,Base-41b4968,0-1,1.0,471,314,411,17.4
1197,New-8ad2008,1-0,1.0,472,314,411,17.7
1200,Base-41b4968,1-0,0.0,472,314,412,17.4
1199,New-8ad2008,1/2-1/2,0.5,472,315,412,17.4
1198,Base-41b4968,0-1,1.0,473,315,412,17.7
1202,Base-41b4968,0-1,1.0,474,315,412,18.0
1201,New-8ad2008,0-1,0.0,474,315,413,17.6
1203,New-8ad2008,1-0,1.0,475,315,413,17.9
1205,New-8ad2008,1-0,1.0,476,315,413,18.2
1208,Base-41b4968,1/2-1/2,0.5,476,316,413,18.2
1206,Base-41b4968,1-0,0.0,476,316,414,17.9
1204,Base-41b4968,1-0,0.0,476,316,415,17.6
1207,New-8ad2008,1-0,1.0,477,316,415,17.8
1209,New-8ad2008,1/2-1/2,0.5,477,317,415,17.8
1210,Base-41b4968,1-0,0.0,477,317,416,17.5
1213,New-8ad2008,0-1,0.0,477,317,417,17.2
1214,Base-41b4968,1/2-1/2,0.5,477,318,417,17.2
1211,New-8ad2008,0-1,0.0,477,318,418,16.9
1216,Base-41b4968,0-1,1.0,478,318,418,17.2
1212,Base-41b4968,1-0,0.0,478,318,419,16.9
1215,New-8ad2008,0-1,0.0,478,318,420,16.6
1217,New-8ad2008,0-1,0.0,478,318,421,16.3
1222,Base-41b4968,1/2-1/2,0.5,478,319,421,16.3
1219,New-8ad2008,1-0,1.0,479,319,421,16.5
1218,Base-41b4968,1-0,0.0,479,319,422,16.2
1221,New-8ad2008,1/2-1/2,0.5,479,320,422,16.2
1225,New-8ad2008,1-0,1.0,480,320,422,16.5
1224,Base-41b4968,0-1,1.0,481,320,422,16.8
1220,Base-41b4968,1/2-1/2,0.5,481,321,422,16.8
1227,New-8ad2008,0-1,0.0,481,321,423,16.5
1230,Base-41b4968,1-0,0.0,481,321,424,16.2
1226,Base-41b4968,1-0,0.0,481,321,425,15.9
1223,New-8ad2008,1/2-1/2,0.5,481,322,425,15.9
1229,New-8ad2008,0-1,0.0,481,322,426,15.6
1228,Base-41b4968,1/2-1/2,0.5,481,323,426,15.5
1235,New-8ad2008,1-0,1.0,482,323,426,15.8
1233,New-8ad2008,1/2-1/2,0.5,482,324,426,15.8
1236,Base-41b4968,1/2-1/2,0.5,482,325,426,15.8
1232,Base-41b4968,1/2-1/2,0.5,482,326,426,15.8
1231,New-8ad2008,1/2-1/2,0.5,482,327,426,15.8
1234,Base-41b4968,1-0,0.0,482,327,427,15.5
1238,Base-41b4968,1-0,0.0,482,327,428,15.2
1241,New-8ad2008,1-0,1.0,483,327,428,15.4
1237,New-8ad2008,1/2-1/2,0.5,483,328,428,15.4
1239,New-8ad2008,1-0,1.0,484,328,428,15.7
1243,New-8ad2008,1-0,1.0,485,328,428,16.0
1242,Base-41b4968,1-0,0.0,485,328,429,15.7
1240,Base-41b4968,1-0,0.0,485,328,430,15.4
1247,New-8ad2008,1-0,1.0,486,328,430,15.7
1244,Base-41b4968,1-0,0.0,486,328,431,15.4
1245,New-8ad2008,0-1,0.0,486,328,432,15.1
1246,Base-41b4968,1/2-1/2,0.5,486,329,432,15.1
1248,Base-41b4968,0-1,1.0,487,329,432,15.3
1251,New-8ad2008,0-1,0.0,487,329,433,15.0
1250,Base-41b4968,1-0,0.0,487,329,434,14.7
1252,Base-41b4968,0-1,1.0,488,329,434,15.0
1249,New-8ad2008,1/2-1/2,0.5,488,330,434,15.0
1253,New-8ad2008,0-1,0.0,488,330,435,14.7
1254,Base-41b4968,0-1,1.0,489,330,435,15.0
1256,Base-41b4968,1-0,0.0,489,330,436,14.7
1255,New-8ad2008,0-1,0.0,489,330,437,14.4
1257,New-8ad2008,0-1,0.0,489,330,438,14.1
1259,New-8ad2008,1-0,1.0,490,330,438,14.4
1258,Base-41b4968,0-1,1.0,491,330,438,14.6
1260,Base-41b4968,1/2-1/2,0.5,491,331,438,14.6
1261,New-8ad2008,0-1,0.0,491,331,439,14.3
1262,Base-41b4968,1/2-1/2,0.5,491,332,439,14.3
1263,New-8ad2008,0-1,0.0,491,332,440,14.0
1265,New-8ad2008,0-1,0.0,491,332,441,13.8
1266,Base-41b4968,1-0,0.0,491,332,442,13.5
1267,New-8ad2008,0-1,0.0,491,332,443,13.2
1268,Base-41b4968,1/2-1/2,0.5,491,333,443,13.2
1264,Base-41b4968,1/2-1/2,0.5,491,334,443,13.2
1269,New-8ad2008,1/2-1/2,0.5,491,335,443,13.1
1271,New-8ad2008,1-0,1.0,492,335,443,13.4
1270,Base-41b4968,0-1,1.0,493,335,443,13.7
1274,Base-41b4968,1-0,0.0,493,335,444,13.4
1272,Base-41b4968,0-1,1.0,494,335,444,13.7
1275,New-8ad2008,1-0,1.0,495,335,444,13.9
1273,New-8ad2008,1-0,1.0,496,335,444,14.2
1278,Base-41b4968,1-0,0.0,496,335,445,13.9
1281,New-8ad2008,0-1,0.0,496,335,446,13.6
1279,New-8ad2008,1/2-1/2,0.5,496,336,446,13.6
1276,Base-41b4968,0-1,1.0,497,336,446,13.9
1280,Base-41b4968,1-0,0.0,497,336,447,13.6
1277,New-8ad2008,0-1,0.0,497,336,448,13.3
1282,Base-41b4968,0-1,1.0,498,336,448,13.6
1283,New-8ad2008,1-0,1.0,499,336,448,13.8
1287,New-8ad2008,1-0,1.0,500,336,448,14.1
1286,Base-41b4968,1-0,0.0,500,336,449,13.8
1289,New-8ad2008,1-0,1.0,501,336,449,14.1
1285,New-8ad2008,1/2-1/2,0.5,501,337,449,14.0
1284,Base-41b4968,0-1,1.0,502,337,449,14.3
1288,Base-41b4968,0-1,1.0,503,337,449,14.6
1291,New-8ad2008,0-1,0.0,503,337,450,14.3
1292,Base-41b4968,0-1,1.0,504,337,450,14.5
1290,Base-41b4968,0-1,1.0,505,337,450,14.8
1295,New-8ad2008,1/2-1/2,0.5,505,338,450,14.8
1294,Base-41b4968,0-1,1.0,506,338,450,15.0
1297,New-8ad2008,1-0,1.0,507,338,450,15.3
1293,New-8ad2008,1-0,1.0,508,338,450,15.6
1296,Base-41b4968,0-1,1.0,509,338,450,15.8
1298,Base-41b4968,0-1,1.0,510,338,450,16.1
1302,Base-41b4968,1/2-1/2,0.5,510,339,450,16.1
1299,New-8ad2008,1-0,1.0,511,339,450,16.3
1301,New-8ad2008,1-0,1.0,512,339,450,16.6
1303,New-8ad2008,1-0,1.0,513,339,450,16.8
1300,Base-41b4968,1-0,0.0,513,339,451,16.5
1308,Base-41b4968,1/2-1/2,0.5,513,340,451,16.5
1304,Base-41b4968,0-1,1.0,514,340,451,16.8
1305,New-8ad2008,0-1,0.0,514,340,452,16.5
1306,Base-41b4968,0-1,1.0,515,340,452,16.8
1309,New-8ad2008,0-1,0.0,515,340,453,16.5
1307,New-8ad2008,1/2-1/2,0.5,515,341,453,16.5
1310,Base-41b4968,1/2-1/2,0.5,515,342,453,16.5
1315,New-8ad2008,1/2-1/2,0.5,515,343,453,16.4
1312,Base-41b4968,1-0,0.0,515,343,454,16.2
1311,New-8ad2008,0-1,0.0,515,343,455,15.9
1316,Base-41b4968,1-0,0.0,515,343,456,15.6
1314,Base-41b4968,0-1,1.0,516,343,456,15.9
1313,New-8ad2008,1-0,1.0,517,343,456,16.1
1318,Base-41b4968,0-1,1.0,518,343,456,16.4
1317,New-8ad2008,0-1,0.0,518,343,457,16.1
1321,New-8ad2008,1-0,1.0,519,343,457,16.3
1320,Base-41b4968,1-0,0.0,519,343,458,16.1
1324,Base-41b4968,1-0,0.0,519,343,459,15.8
1322,Base-41b4968,1-0,0.0,519,343,460,15.5
1323,New-8ad2008,0-1,0.0,519,343,461,15.2
1319,New-8ad2008,1/2-1/2,0.5,519,344,461,15.2
1325,New-8ad2008,1/2-1/2,0.5,519,345,461,15.2
1327,New-8ad2008,1-0,1.0,520,345,461,15.5
1326,Base-41b4968,0-1,1.0,521,345,461,15.7
1330,Base-41b4968,1/2-1/2,0.5,521,346,461,15.7
1331,New-8ad2008,1-0,1.0,522,346,461,16.0
1333,New-8ad2008,1-0,1.0,523,346,461,16.2
1329,New-8ad2008,1-0,1.0,524,346,461,16.5
1332,Base-41b4968,1/2-1/2,0.5,524,347,461,16.4
1335,New-8ad2008,1/2-1/2,0.5,524,348,461,16.4
1328,Base-41b4968,1/2-1/2,0.5,524,349,461,16.4
1334,Base-41b4968,0-1,1.0,525,349,461,16.7
1336,Base-41b4968,1-0,0.0,525,349,462,16.4
1339,New-8ad2008,1/2-1/2,0.5,525,350,462,16.4
1337,New-8ad2008,1/2-1/2,0.5,525,351,462,16.4
1340,Base-41b4968,1-0,0.0,525,351,463,16.1
1338,Base-41b4968,0-1,1.0,526,351,463,16.3
1344,Base-41b4968,1-0,0.0,526,351,464,16.1
1341,New-8ad2008,1/2-1/2,0.5,526,352,464,16.1
1342,Base-41b4968,0-1,1.0,527,352,464,16.3
1346,Base-41b4968,1-0,0.0,527,352,465,16.0
1345,New-8ad2008,1-0,1.0,528,352,465,16.3
1343,New-8ad2008,0-1,0.0,528,352,466,16.0
1347,New-8ad2008,1-0,1.0,529,352,466,16.3
1348,Base-41b4968,0-1,1.0,530,352,466,16.5
1349,New-8ad2008,0-1,0.0,530,352,467,16.2
1353,New-8ad2008,1-0,1.0,531,352,467,16.5
1350,Base-41b4968,1-0,0.0,531,352,468,16.2
1352,Base-41b4968,1-0,0.0,531,352,469,15.9
1354,Base-41b4968,1-0,0.0,531,352,470,15.7
1351,New-8ad2008,1/2-1/2,0.5,531,353,470,15.7
1356,Base-41b4968,1/2-1/2,0.5,531,354,470,15.7
1355,New-8ad2008,1-0,1.0,532,354,470,15.9
1357,New-8ad2008,1/2-1/2,0.5,532,355,470,15.9
1361,New-8ad2008,1-0,1.0,533,355,470,16.1
1358,Base-41b4968,1/2-1/2,0.5,533,356,470,16.1
1359,New-8ad2008,0-1,0.0,533,356,471,15.8
1363,New-8ad2008,1-0,1.0,534,356,471,16.1
1364,Base-41b4968,0-1,1.0,535,356,471,16.3
1362,Base-41b4968,0-1,1.0,536,356,471,16.6
1360,Base-41b4968,1/2-1/2,0.5,536,357,471,16.6
1366,Base-41b4968,1-0,0.0,536,357,472,16.3
1365,New-8ad2008,1-0,1.0,537,357,472,16.5
1369,New-8ad2008,0-1,0.0,537,357,473,16.3
1367,New-8ad2008,1-0,1.0,538,357,473,16.5
1368,Base-41b4968,1-0,0.0,538,357,474,16.3
1372,Base-41b4968,1/2-1/2,0.5,538,358,474,16.2
1370,Base-41b4968,0-1,1.0,539,358,474,16.5
1371,New-8ad2008,0-1,0.0,539,358,475,16.2
1374,Base-41b4968,1/2-1/2,0.5,539,359,475,16.2
1375,New-8ad2008,1/2-1/2,0.5,539,360,475,16.2
1376,Base-41b4968,0-1,1.0,540,360,475,16.4
1373,New-8ad2008,1/2-1/2,0.5,540,361,475,16.4
1377,New-8ad2008,1-0,1.0,541,361,475,16.7
1378,Base-41b4968,0-1,1.0,542,361,475,16.9
1381,New-8ad2008,0-1,0.0,542,361,476,16.6
1380,Base-41b4968,1/2-1/2,0.5,542,362,476,16.6
1379,New-8ad2008,0-1,0.0,542,362,477,16.4
1382,Base-41b4968,1/2-1/2,0.5,542,363,477,16.4
1383,New-8ad2008,0-1,0.0,542,363,478,16.1
1385,New-8ad2008,1/2-1/2,0.5,542,364,478,16.1
1386,Base-41b4968,0-1,1.0,543,364,478,16.3
1384,Base-41b4968,1-0,0.0,543,364,479,16.1
1387,New-8ad2008,1-0,1.0,544,364,479,16.3
1389,New-8ad2008,1/2-1/2,0.5,544,365,479,16.3
1390,Base-41b4968,0-1,1.0,545,365,479,16.5
1388,Base-41b4968,1/2-1/2,0.5,545,366,479,16.5
1392,Base-41b4968,1/2-1/2,0.5,545,367,479,16.5
1393,New-8ad2008,0-1,0.0,545,367,480,16.2
1391,New-8ad2008,1-0,1.0,546,367,480,16.5
1394,Base-41b4968,1/2-1/2,0.5,546,368,480,16.5
1397,New-8ad2008,1-0,1.0,547,368,480,16.7
1399,New-8ad2008,1-0,1.0,548,368,480,16.9
1400,Base-41b4968,1-0,0.0,548,368,481,16.7
1398,Base-41b4968,0-1,1.0,549,368,481,16.9
1395,New-8ad2008,1/2-1/2,0.5,549,369,481,16.9
1401,New-8ad2008,1-0,1.0,550,369,481,17.1
1396,Base-41b4968,1/2-1/2,0.5,550,370,481,17.1
1402,Base-41b4968,1-0,0.0,550,370,482,16.9
1403,New-8ad2008,1-0,1.0,551,370,482,17.1
1407,New-8ad2008,1-0,1.0,552,370,482,17.3
1408,Base-41b4968,0-1,1.0,553,370,482,17.6
1409,New-8ad2008,1/2-1/2,0.5,553,371,482,17.6
1405,New-8ad2008,0-1,0.0,553,371,483,17.3
1404,Base-41b4968,1/2-1/2,0.5,553,372,483,17.3
1406,Base-41b4968,1-0,0.0,553,372,484,17.0
1410,Base-41b4968,1/2-1/2,0.5,553,373,484,17.0
1412,Base-41b4968,0-1,1.0,554,373,484,17.3
1411,New-8ad2008,0-1,0.0,554,373,485,17.0
1416,Base-41b4968,1/2-1/2,0.5,554,374,485,17.0
1413,New-8ad2008,1/2-1/2,0.5,554,375,485,17.0
1414,Base-41b4968,1-0,0.0,554,375,486,16.7
1417,New-8ad2008,1-0,1.0,555,375,486,16.9
1415,New-8ad2008,1/2-1/2,0.5,555,376,486,16.9
1418,Base-41b4968,1-0,0.0,555,376,487,16.7
1419,New-8ad2008,1-0,1.0,556,376,487,16.9
1420,Base-41b4968,0-1,1.0,557,376,487,17.1
1422,Base-41b4968,0-1,1.0,558,376,487,17.4
1421,New-8ad2008,0-1,0.0,558,376,488,17.1
1425,New-8ad2008,1/2-1/2,0.5,558,377,488,17.1
1424,Base-41b4968,1/2-1/2,0.5,558,378,488,17.1
1423,New-8ad2008,1-0,1.0,559,378,488,17.3
1426,Base-41b4968,0-1,1.0,560,378,488,17.6
1431,New-8ad2008,1-0,1.0,561,378,488,17.8
1428,Base-41b4968,0-1,1.0,562,378,488,18.0
1429,New-8ad2008,1-0,1.0,563,378,488,18.3
1427,New-8ad2008,1/2-1/2,0.5,563,379,488,18.2
1432,Base-41b4968,1-0,0.0,563,379,489,18.0
1433,New-8ad2008,0-1,0.0,563,379,490,17.7
1434,Base-41b4968,0-1,1.0,564,379,490,18.0
1430,Base-41b4968,0-1,1.0,565,379,490,18.2
1436,Base-41b4968,1/2-1/2,0.5,565,380,490,18.2
1438,Base-41b4968,0-1,1.0,566,380,490,18.4
1439,New-8ad2008,1-0,1.0,567,380,490,18.6
1440,Base-41b4968,0-1,1.0,568,380,490,18.9
1435,New-8ad2008,1/2-1/2,0.5,568,381,490,18.9
1442,Base-41b4968,0-1,1.0,569,381,490,19.1
1437,New-8ad2008,1/2-1/2,0.5,569,382,490,19.1
1441,New-8ad2008,1/2-1/2,0.5,569,383,490,19.1
1444,Base-41b4968,1-0,0.0,569,383,491,18.8
1443,New-8ad2008,1-0,1.0,570,383,491,19.0
1445,New-8ad2008,0-1,0.0,570,383,492,18.8
1447,New-8ad2008,1-0,1.0,571,383,492,19.0
1448,Base-41b4968,1-0,0.0,571,383,493,18.7
1446,Base-41b4968,1-0,0.0,571,383,494,18.5
1449,New-8ad2008,1/2-1/2,0.5,571,384,494,18.5
1452,Base-41b4968,0-1,1.0,572,384,494,18.7
1456,Base-41b4968,0-1,1.0,573,384,494,18.9
1451,New-8ad2008,1-0,1.0,574,384,494,19.2
1455,New-8ad2008,0-1,0.0,574,384,495,18.9
1457,New-8ad2008,1/2-1/2,0.5,574,385,495,18.9
1453,New-8ad2008,1-0,1.0,575,385,495,19.1
1454,Base-41b4968,1-0,0.0,575,385,496,18.9
1450,Base-41b4968,1-0,0.0,575,385,497,18.6
1464,Base-41b4968,1/2-1/2,0.5,575,386,497,18.6
1462,Base-41b4968,1-0,0.0,575,386,498,18.4
1461,New-8ad2008,1-0,1.0,576,386,498,18.6
1458,Base-41b4968,0-1,1.0,577,386,498,18.8
1460,Base-41b4968,1-0,0.0,577,386,499,18.6
1459,New-8ad2008,1-0,1.0,578,386,499,18.8
1465,New-8ad2008,0-1,0.0,578,386,500,18.5
1463,New-8ad2008,0-1,0.0,578,386,501,18.3
1466,Base-41b4968,1-0,0.0,578,386,502,18.0
1470,Base-41b4968,1-0,0.0,578,386,503,17.8
1469,New-8ad2008,0-1,0.0,578,386,504,17.5
1468,Base-41b4968,1/2-1/2,0.5,578,387,504,17.5
1472,Base-41b4968,1-0,0.0,578,387,505,17.3
1467,New-8ad2008,1/2-1/2,0.5,578,388,505,17.3
1471,New-8ad2008,1-0,1.0,579,388,505,17.5
1474,Base-41b4968,1/2-1/2,0.5,579,389,505,17.5
1473,New-8ad2008,1/2-1/2,0.5,579,390,505,17.5
1477,New-8ad2008,0-1,0.0,579,390,506,17.2
1476,Base-41b4968,1-0,0.0,579,390,507,17.0
1479,New-8ad2008,0-1,0.0,579,390,508,16.7
1480,Base-41b4968,0-1,1.0,580,390,508,16.9
1475,New-8ad2008,1/2-1/2,0.5,580,391,508,16.9
1478,Base-41b4968,1/2-1/2,0.5,580,392,508,16.9
1482,Base-41b4968,1/2-1/2,0.5,580,393,508,16.9
1481,New-8ad2008,0-1,0.0,580,393,509,16.7
1483,New-8ad2008,0-1,0.0,580,393,510,16.4
1484,Base-41b4968,1/2-1/2,0.5,580,394,510,16.4
1487,New-8ad2008,1-0,1.0,581,394,510,16.6
1485,New-8ad2008,1-0,1.0,582,394,510,16.8
1486,Base-41b4968,1-0,0.0,582,394,511,16.6
1488,Base-41b4968,1/2-1/2,0.5,582,395,511,16.6
1489,New-8ad2008,1/2-1/2,0.5,582,396,511,16.6
1490,Base-41b4968,1-0,0.0,582,396,512,16.3
1492,Base-41b4968,1/2-1/2,0.5,582,397,512,16.3
1491,New-8ad2008,1-0,1.0,583,397,512,16.5
1493,New-8ad2008,0-1,0.0,583,397,513,16.3
1494,Base-41b4968,1-0,0.0,583,397,514,16.1
1495,New-8ad2008,1-0,1.0,584,397,514,16.3
1497,New-8ad2008,0-1,0.0,584,397,515,16.0
1496,Base-41b4968,0-1,1.0,585,397,515,16.3
1498,Base-41b4968,1-0,0.0,585,397,516,16.0
1499,New-8ad2008,1-0,1.0,586,397,516,16.2
1500,Base-41b4968,0-1,1.0,587,397,516,16.5
1501,New-8ad2008,1-0,1.0,588,397,516,16.7
1504,Base-41b4968,1-0,0.0,588,397,517,16.4
1502,Base-41b4968,1-0,0.0,588,397,518,16.2
1505,New-8ad2008,1/2-1/2,0.5,588,398,518,16.2
1506,Base-41b4968,0-1,1.0,589,398,518,16.4
1507,New-8ad2008,1-0,1.0,590,398,518,16.6
1503,New-8ad2008,0-1,0.0,590,398,519,16.4
1511,New-8ad2008,1/2-1/2,0.5,590,399,519,16.4
1509,New-8ad2008,1/2-1/2,0.5,590,400,519,16.4
1508,Base-41b4968,1/2-1/2,0.5,590,401,519,16.3
1510,Base-41b4968,1-0,0.0,590,401,520,16.1
1512,Base-41b4968,0-1,1.0,591,401,520,16.3
1513,New-8ad2008,1-0,1.0,592,401,520,16.5
1517,New-8ad2008,1-0,1.0,593,401,520,16.8
1515,New-8ad2008,1-0,1.0,594,401,520,17.0
1516,Base-41b4968,1-0,0.0,594,401,521,16.7
1518,Base-41b4968,0-1,1.0,595,401,521,17.0
1521,New-8ad2008,0-1,0.0,595,401,522,16.7
1514,Base-41b4968,0-1,1.0,596,401,522,16.9
1520,Base-41b4968,1/2-1/2,0.5,596,402,522,16.9
1519,New-8ad2008,1-0,1.0,597,402,522,17.1
1522,Base-41b4968,0-1,1.0,598,402,522,17.4
1523,New-8ad2008,1-0,1.0,599,402,522,17.6
1524,Base-41b4968,0-1,1.0,600,402,522,17.8
1528,Base-41b4968,1/2-1/2,0.5,600,403,522,17.8
1527,New-8ad2008,1-0,1.0,601,403,522,18.0
1525,New-8ad2008,1-0,1.0,602,403,522,18.2
1530,Base-41b4968,1/2-1/2,0.5,602,404,522,18.2
1526,Base-41b4968,1/2-1/2,0.5,602,405,522,18.2
1529,New-8ad2008,1-0,1.0,603,405,522,18.4
1531,New-8ad2008,1-0,1.0,604,405,522,18.6
1532,Base-41b4968,1-0,0.0,604,405,523,18.4
1538,Base-41b4968,0-1,1.0,605,405,523,18.6
1533,New-8ad2008,0-1,0.0,605,405,524,18.4
1536,Base-41b4968,1/2-1/2,0.5,605,406,524,18.4
1535,New-8ad2008,1-0,1.0,606,406,524,18.6
1534,Base-41b4968,1-0,0.0,606,406,525,18.3
1537,New-8ad2008,0-1,0.0,606,406,526,18.1
1540,Base-41b4968,0-1,1.0,607,406,526,18.3
1541,New-8ad2008,0-1,0.0,607,406,527,18.1
1539,New-8ad2008,0-1,0.0,607,406,528,17.8
1543,New-8ad2008,0-1,0.0,607,406,529,17.6
1546,Base-41b4968,0-1,1.0,608,406,529,17.8
1545,New-8ad2008,0-1,0.0,608,406,530,17.6
1542,Base-41b4968,1-0,0.0,608,406,531,17.3
1544,Base-41b4968,0-1,1.0,609,406,531,17.5
1554,Base-41b4968,1/2-1/2,0.5,609,407,531,17.5
1547,New-8ad2008,1/2-1/2,0.5,609,408,531,17.5
1551,New-8ad2008,1-0,1.0,610,408,531,17.7
1549,New-8ad2008,0-1,0.0,610,408,532,17.5
1550,Base-41b4968,0-1,1.0,611,408,532,17.7
1553,New-8ad2008,1-0,1.0,612,408,532,17.9
1548,Base-41b4968,0-1,1.0,613,408,532,18.1
1552,Base-41b4968,1/2-1/2,0.5,613,409,532,18.1
1556,Base-41b4968,1-0,0.0,613,409,533,17.9
1555,New-8ad2008,0-1,0.0,613,409,534,17.7
1561,New-8ad2008,1/2-1/2,0.5,613,410,534,17.6
1560,Base-41b4968,1/2-1/2,0.5,613,411,534,17.6
1557,New-8ad2008,1/2-1/2,0.5,613,412,534,17.6
1558,Base-41b4968,0-1,1.0,614,412,534,17.8
1562,Base-41b4968,1-0,0.0,614,412,535,17.6
1564,Base-41b4968,0-1,1.0,615,412,535,17.8
1563,New-8ad2008,1-0,1.0,616,412,535,18.0
1559,New-8ad2008,1-0,1.0,617,412,535,18.2
1565,New-8ad2008,0-1,0.0,617,412,536,18.0
1569,New-8ad2008,0-1,0.0,617,412,537,17.8
1568,Base-41b4968,0-1,1.0,618,412,537,18.0
1567,New-8ad2008,0-1,0.0,618,412,538,17.7
1572,Base-41b4968,1-0,0.0,618,412,539,17.5
1570,Base-41b4968,0-1,1.0,619,412,539,17.7
1566,Base-41b4968,1-0,0.0,619,412,540,17.5
1571,New-8ad2008,1-0,1.0,620,412,540,17.7
1574,Base-41b4968,0-1,1.0,621,412,540,17.9
1573,New-8ad2008,0-1,0.0,621,412,541,17.7
1575,New-8ad2008,0-1,0.0,621,412,542,17.4
1580,Base-41b4968,1-0,0.0,621,412,543,17.2
1579,New-8ad2008,1-0,1.0,622,412,543,17.4
1576,Base-41b4968,0-1,1.0,623,412,543,17.6
1578,Base-41b4968,0-1,1.0,624,412,543,17.8
1581,New-8ad2008,1-0,1.0,625,412,543,18.0
1577,New-8ad2008,1/2-1/2,0.5,625,413,543,18.0
1582,Base-41b4968,0-1,1.0,626,413,543,18.2
1583,New-8ad2008,1/2-1/2,0.5,626,414,543,18.2
1584,Base-41b4968,1-0,0.0,626,414,544,18.0
1589,New-8ad2008,1/2-1/2,0.5,626,415,544,18.0
1585,New-8ad2008,1-0,1.0,627,415,544,18.2
1586,Base-41b4968,1/2-1/2,0.5,627,416,544,18.2
1590,Base-41b4968,0-1,1.0,628,416,544,18.4
1588,Base-41b4968,0-1,1.0,629,416,544,18.6
1587,New-8ad2008,1/2-1/2,0.5,629,417,544,18.6
1591,New-8ad2008,0-1,0.0,629,417,545,18.4
1592,Base-41b4968,1-0,0.0,629,417,546,18.1
1596,Base-41b4968,1-0,0.0,629,417,547,17.9
1595,New-8ad2008,0-1,0.0,629,417,548,17.7
1594,Base-41b4968,1-0,0.0,629,417,549,17.4
1593,New-8ad2008,1-0,1.0,630,417,549,17.6
1599,New-8ad2008,1-0,1.0,631,417,549,17.9
1598,Base-41b4968,0-1,1.0,632,417,549,18.1
1603,New-8ad2008,1/2-1/2,0.5,632,418,549,18.1
1601,New-8ad2008,1-0,1.0,633,418,549,18.3
1600,Base-41b4968,1-0,0.0,633,418,550,18.0
1597,New-8ad2008,1/2-1/2,0.5,633,419,550,18.0
1602,Base-41b4968,0-1,1.0,634,419,550,18.2
1605,New-8ad2008,1/2-1/2,0.5,634,420,550,18.2
1604,Base-41b4968,1-0,0.0,634,420,551,18.0
1610,Base-41b4968,0-1,1.0,635,420,551,18.2
1607,New-8ad2008,1-0,1.0,636,420,551,18.4
1606,Base-41b4968,0-1,1.0,637,420,551,18.6
1608,Base-41b4968,1-0,0.0,637,420,552,18.4
1609,New-8ad2008,1/2-1/2,0.5,637,421,552,18.4
1611,New-8ad2008,1-0,1.0,638,421,552,18.6
1612,Base-41b4968,1-0,0.0,638,421,553,18.3
1613,New-8ad2008,1-0,1.0,639,421,553,18.5
1615,New-8ad2008,0-1,0.0,639,421,554,18.3
1616,Base-41b4968,0-1,1.0,640,421,554,18.5
1614,Base-41b4968,0-1,1.0,641,421,554,18.7
1618,Base-41b4968,1/2-1/2,0.5,641,422,554,18.7
1617,New-8ad2008,0-1,0.0,641,422,555,18.5
1622,Base-41b4968,0-1,1.0,642,422,555,18.7
1619,New-8ad2008,0-1,0.0,642,422,556,18.5
1620,Base-41b4968,1-0,0.0,642,422,557,18.2
1621,New-8ad2008,1-0,1.0,643,422,557,18.4
1623,New-8ad2008,0-1,0.0,643,422,558,18.2
1625,New-8ad2008,1-0,1.0,644,422,558,18.4
1624,Base-41b4968,0-1,1.0,645,422,558,18.6
1627,New-8ad2008,1/2-1/2,0.5,645,423,558,18.6
1628,Base-41b4968,1-0,0.0,645,423,559,18.4
1629,New-8ad2008,0-1,0.0,645,423,560,18.2
1626,Base-41b4968,1-0,0.0,645,423,561,17.9
1630,Base-41b4968,1/2-1/2,0.5,645,424,561,17.9
1632,Base-41b4968,1-0,0.0,645,424,562,17.7
1631,New-8ad2008,1-0,1.0,646,424,562,17.9
1633,New-8ad2008,0-1,0.0,646,424,563,17.7
1634,Base-41b4968,1-0,0.0,646,424,564,17.5
1636,Base-41b4968,1/2-1/2,0.5,646,425,564,17.4
1638,Base-41b4968,1/2-1/2,0.5,646,426,564,17.4
1637,New-8ad2008,0-1,0.0,646,426,565,17.2
1639,New-8ad2008,0-1,0.0,646,426,566,17.0
1635,New-8ad2008,1-0,1.0,647,426,566,17.2
1640,Base-41b4968,1-0,0.0,647,426,567,17.0
1642,Base-41b4968,1/2-1/2,0.5,647,427,567,17.0
1641,New-8ad2008,1-0,1.0,648,427,567,17.2
1643,New-8ad2008,1-0,1.0,649,427,567,17.4
1644,Base-41b4968,0-1,1.0,650,427,567,17.6
1645,New-8ad2008,0-1,0.0,650,427,568,17.3
1647,New-8ad2008,0-1,0.0,650,427,569,17.1
1648,Base-41b4968,1-0,0.0,650,427,570,16.9
1646,Base-41b4968,1/2-1/2,0.5,650,428,570,16.9
1650,Base-41b4968,1/2-1/2,0.5,650,429,570,16.9
1652,Base-41b4968,0-1,1.0,651,429,570,17.1
1651,New-8ad2008,1/2-1/2,0.5,651,430,570,17.1
1649,New-8ad2008,1-0,1.0,652,430,570,17.3
1653,New-8ad2008,1-0,1.0,653,430,570,17.5
1658,Base-41b4968,1-0,0.0,653,430,571,17.2
1657,New-8ad2008,1-0,1.0,654,430,571,17.4
1655,New-8ad2008,1-0,1.0,655,430,571,17.6
1654,Base-41b4968,1/2-1/2,0.5,655,431,571,17.6
1656,Base-41b4968,1/2-1/2,0.5,655,432,571,17.6
1660,Base-41b4968,1-0,0.0,655,432,572,17.4
1661,New-8ad2008,1/2-1/2,0.5,655,433,572,17.4
1659,New-8ad2008,1-0,1.0,656,433,572,17.6
1662,Base-41b4968,0-1,1.0,657,433,572,17.8
1665,New-8ad2008,1-0,1.0,658,433,572,18.0
1666,Base-41b4968,1/2-1/2,0.5,658,434,572,18.0
1664,Base-41b4968,0-1,1.0,659,434,572,18.2
1663,New-8ad2008,1-0,1.0,660,434,572,18.4
1671,New-8ad2008,1-0,1.0,661,434,572,18.6
1668,Base-41b4968,0-1,1.0,662,434,572,18.8
1667,New-8ad2008,0-1,0.0,662,434,573,18.5
1669,New-8ad2008,1-0,1.0,663,434,573,18.7
1672,Base-41b4968,1-0,0.0,663,434,574,18.5
1670,Base-41b4968,0-1,1.0,664,434,574,18.7
1673,New-8ad2008,1-0,1.0,665,434,574,18.9
1674,Base-41b4968,1/2-1/2,0.5,665,435,574,18.9
1676,Base-41b4968,1-0,0.0,665,435,575,18.7
1678,Base-41b4968,0-1,1.0,666,435,575,18.9
1675,New-8ad2008,0-1,0.0,666,435,576,18.7
1677,New-8ad2008,0-1,0.0,666,435,577,18.4
1679,New-8ad2008,0-1,0.0,666,435,578,18.2
1680,Base-41b4968,1/2-1/2,0.5,666,436,578,18.2
1682,Base-41b4968,1/2-1/2,0.5,666,437,578,18.2
1681,New-8ad2008,0-1,0.0,666,437,579,18.0
1684,Base-41b4968,1-0,0.0,666,437,580,17.8
1683,New-8ad2008,1/2-1/2,0.5,666,438,580,17.8
1685,New-8ad2008,0-1,0.0,666,438,581,17.5
1690,Base-41b4968,1-0,0.0,666,438,582,17.3
1686,Base-41b4968,1/2-1/2,0.5,666,439,582,17.3
1687,New-8ad2008,1/2-1/2,0.5,666,440,582,17.3
1691,New-8ad2008,1-0,1.0,667,440,582,17.5
1689,New-8ad2008,1-0,1.0,668,440,582,17.7
1688,Base-41b4968,0-1,1.0,669,440,582,17.9
1692,Base-41b4968,0-1,1.0,670,440,582,18.1
1697,New-8ad2008,1-0,1.0,671,440,582,18.3
1696,Base-41b4968,1-0,0.0,671,440,583,18.1
1694,Base-41b4968,0-1,1.0,672,440,583,18.3
1695,New-8ad2008,1/2-1/2,0.5,672,441,583,18.2
1693,New-8ad2008,0-1,0.0,672,441,584,18.0
1699,New-8ad2008,1-0,1.0,673,441,584,18.2
1698,Base-41b4968,0-1,1.0,674,441,584,18.4
1702,Base-41b4968,1/2-1/2,0.5,674,442,584,18.4
1700,Base-41b4968,1-0,0.0,674,442,585,18.2
1703,New-8ad2008,1-0,1.0,675,442,585,18.4
1701,New-8ad2008,0-1,0.0,675,442,586,18.2
1704,Base-41b4968,1-0,0.0,675,442,587,18.0
1706,Base-41b4968,1/2-1/2,0.5,675,443,587,17.9
1709,New-8ad2008,0-1,0.0,675,443,588,17.7
1710,Base-41b4968,1-0,0.0,675,443,589,17.5
1705,New-8ad2008,1/2-1/2,0.5,675,444,589,17.5
1708,Base-41b4968,1/2-1/2,0.5,675,445,589,17.5
1707,New-8ad2008,1/2-1/2,0.5,675,446,589,17.5
1711,New-8ad2008,0-1,0.0,675,446,590,17.3
1712,Base-41b4968,1-0,0.0,675,446,591,17.1
1713,New-8ad2008,1/2-1/2,0.5,675,447,591,17.1
1714,Base-41b4968,1-0,0.0,675,447,592,16.8
1715,New-8ad2008,0-1,0.0,675,447,593,16.6
1717,New-8ad2008,1-0,1.0,676,447,593,16.8
1716,Base-41b4968,1-0,0.0,676,447,594,16.6
1721,New-8ad2008,0-1,0.0,676,447,595,16.4
1719,New-8ad2008,0-1,0.0,676,447,596,16.2
1718,Base-41b4968,1/2-1/2,0.5,676,448,596,16.2
1720,Base-41b4968,1-0,0.0,676,448,597,16.0
1722,Base-41b4968,1-0,0.0,676,448,598,15.7
1723,New-8ad2008,0-1,0.0,676,448,599,15.5
1724,Base-41b4968,1/2-1/2,0.5,676,449,599,15.5
1725,New-8ad2008,0-1,0.0,676,449,600,15.3
1730,Base-41b4968,1/2-1/2,0.5,676,450,600,15.3
1728,Base-41b4968,1-0,0.0,676,450,601,15.1
1726,Base-41b4968,1-0,0.0,676,450,602,14.9
1727,New-8ad2008,1-0,1.0,677,450,602,15.1
1729,New-8ad2008,1/2-1/2,0.5,677,451,602,15.1
1731,New-8ad2008,1-0,1.0,678,451,602,15.3
1734,Base-41b4968,1-0,0.0,678,451,603,15.1
1732,Base-41b4968,1/2-1/2,0.5,678,452,603,15.0
1735,New-8ad2008,1-0,1.0,679,452,603,15.2
1733,New-8ad2008,1-0,1.0,680,452,603,15.4
1739,New-8ad2008,1/2-1/2,0.5,680,453,603,15.4
1738,Base-41b4968,0-1,1.0,681,453,603,15.6
1737,New-8ad2008,1-0,1.0,682,453,603,15.8
1736,Base-41b4968,0-1,1.0,683,453,603,16.0
1741,New-8ad2008,1/2-1/2,0.5,683,454,603,16.0
1740,Base-41b4968,1-0,0.0,683,454,604,15.8
1743,New-8ad2008,1-0,1.0,684,454,604,16.0
1745,New-8ad2008,1-0,1.0,685,454,604,16.2
1746,Base-41b4968,1/2-1/2,0.5,685,455,604,16.1
1747,New-8ad2008,0-1,0.0,685,455,605,15.9
1742,Base-41b4968,1/2-1/2,0.5,685,456,605,15.9
1744,Base-41b4968,1/2-1/2,0.5,685,457,605,15.9
1748,Base-41b4968,1-0,0.0,685,457,606,15.7
1749,New-8ad2008,0-1,0.0,685,457,607,15.5
1751,New-8ad2008,0-1,0.0,685,457,608,15.3
1750,Base-41b4968,1-0,0.0,685,457,609,15.1
1752,Base-41b4968,0-1,1.0,686,457,609,15.3
1754,Base-41b4968,1-0,0.0,686,457,610,15.1
1753,New-8ad2008,0-1,0.0,686,457,611,14.9
1757,New-8ad2008,1-0,1.0,687,457,611,15.1
1755,New-8ad2008,0-1,0.0,687,457,612,14.8
1758,Base-41b4968,0-1,1.0,688,457,612,15.0
1756,Base-41b4968,1/2-1/2,0.5,688,458,612,15.0
1759,New-8ad2008,1/2-1/2,0.5,688,459,612,15.0
1760,Base-41b4968,0-1,1.0,689,459,612,15.2
1762,Base-41b4968,1-0,0.0,689,459,613,15.0
1761,New-8ad2008,0-1,0.0,689,459,614,14.8
1764,Base-41b4968,1-0,0.0,689,459,615,14.6
1763,New-8ad2008,1-0,1.0,690,459,615,14.8
1767,New-8ad2008,1/2-1/2,0.5,690,460,615,14.8
1765,New-8ad2008,1-0,1.0,691,460,615,15.0
1766,Base-41b4968,0-1,1.0,692,460,615,15.1
1770,Base-41b4968,0-1,1.0,693,460,615,15.3
1768,Base-41b4968,0-1,1.0,694,460,615,15.5
1771,New-8ad2008,1-0,1.0,695,460,615,15.7
1769,New-8ad2008,1/2-1/2,0.5,695,461,615,15.7
1774,Base-41b4968,0-1,1.0,696,461,615,15.9
1776,Base-41b4968,1/2-1/2,0.5,696,462,615,15.9
1775,New-8ad2008,1-0,1.0,697,462,615,16.1
1772,Base-41b4968,1/2-1/2,0.5,697,463,615,16.1
1773,New-8ad2008,0-1,0.0,697,463,616,15.9
1778,Base-41b4968,1-0,0.0,697,463,617,15.7
1777,New-8ad2008,0-1,0.0,697,463,618,15.4
1779,New-8ad2008,1/2-1/2,0.5,697,464,618,15.4
1781,New-8ad2008,1-0,1.0,698,464,618,15.6
1783,New-8ad2008,1/2-1/2,0.5,698,465,618,15.6
1780,Base-41b4968,0-1,1.0,699,465,618,15.8
1784,Base-41b4968,0-1,1.0,700,465,618,16.0
1782,Base-41b4968,1/2-1/2,0.5,700,466,618,16.0
1785,New-8ad2008,1/2-1/2,0.5,700,467,618,16.0
1786,Base-41b4968,0-1,1.0,701,467,618,16.2
1787,New-8ad2008,1-0,1.0,702,467,618,16.3
1789,New-8ad2008,1-0,1.0,703,467,618,16.5
1788,Base-41b4968,1/2-1/2,0.5,703,468,618,16.5
1790,Base-41b4968,1-0,0.0,703,468,619,16.3
1792,Base-41b4968,1/2-1/2,0.5,703,469,619,16.3
1796,Base-41b4968,1-0,0.0,703,469,620,16.1
1794,Base-41b4968,0-1,1.0,704,469,620,16.3
1791,New-8ad2008,0-1,0.0,704,469,621,16.1
1795,New-8ad2008,1-0,1.0,705,469,621,16.3
1798,Base-41b4968,1/2-1/2,0.5,705,470,621,16.3
1797,New-8ad2008,0-1,0.0,705,470,622,16.1
1799,New-8ad2008,1-0,1.0,706,470,622,16.2
1793,New-8ad2008,1/2-1/2,0.5,706,471,622,16.2
1800,Base-41b4968,0-1,1.0,707,471,622,16.4
1802,Base-41b4968,0-1,1.0,708,471,622,16.6
1803,New-8ad2008,0-1,0.0,708,471,623,16.4
1804,Base-41b4968,0-1,1.0,709,471,623,16.6
1806,Base-41b4968,1/2-1/2,0.5,709,472,623,16.6
1801,New-8ad2008,1/2-1/2,0.5,709,473,623,16.6
1807,New-8ad2008,1-0,1.0,710,473,623,16.7
1805,New-8ad2008,0-1,0.0,710,473,624,16.5
1809,New-8ad2008,0-1,0.0,710,473,625,16.3
1814,Base-41b4968,1-0,0.0,710,473,626,16.1
1810,Base-41b4968,0-1,1.0,711,473,626,16.3
1812,Base-41b4968,0-1,1.0,712,473,626,16.5
1808,Base-41b4968,1/2-1/2,0.5,712,474,626,16.5
1813,New-8ad2008,1-0,1.0,713,474,626,16.7
1811,New-8ad2008,0-1,0.0,713,474,627,16.5
1815,New-8ad2008,1-0,1.0,714,474,627,16.7
1816,Base-41b4968,1/2-1/2,0.5,714,475,627,16.7
1822,Base-41b4968,0-1,1.0,715,475,627,16.8
1817,New-8ad2008,1-0,1.0,716,475,627,17.0
1821,New-8ad2008,0-1,0.0,716,475,628,16.8
1819,New-8ad2008,0-1,0.0,716,475,629,16.6
1818,Base-41b4968,1-0,0.0,716,475,630,16.4
1820,Base-41b4968,1-0,0.0,716,475,631,16.2
1825,New-8ad2008,1-0,1.0,717,475,631,16.4
1827,New-8ad2008,1-0,1.0,718,475,631,16.6
1823,New-8ad2008,1-0,1.0,719,475,631,16.8
1830,Base-41b4968,1/2-1/2,0.5,719,476,631,16.8
1829,New-8ad2008,1/2-1/2,0.5,719,477,631,16.7
1826,Base-41b4968,1/2-1/2,0.5,719,478,631,16.7
1833,New-8ad2008,0-1,0.0,719,478,632,16.5
1828,Base-41b4968,0-1,1.0,720,478,632,16.7
1824,Base-41b4968,1/2-1/2,0.5,720,479,632,16.7
1831,New-8ad2008,0-1,0.0,720,479,633,16.5
1834,Base-41b4968,1-0,0.0,720,479,634,16.3
1832,Base-41b4968,0-1,1.0,721,479,634,16.5
1839,New-8ad2008,1-0,1.0,722,479,634,16.7
1835,New-8ad2008,1/2-1/2,0.5,722,480,634,16.7
1836,Base-41b4968,0-1,1.0,723,480,634,16.8
1841,New-8ad2008,0-1,0.0,723,480,635,16.6
1837,New-8ad2008,0-1,0.0,723,480,636,16.4
1838,Base-41b4968,1-0,0.0,723,480,637,16.3
1842,Base-41b4968,1-0,0.0,723,480,638,16.1
1840,Base-41b4968,0-1,1.0,724,480,638,16.2
1847,New-8ad2008,1-0,1.0,725,480,638,16.4
1848,Base-41b4968,1/2-1/2,0.5,725,481,638,16.4
1844,Base-41b4968,1/2-1/2,0.5,725,482,638,16.4
1843,New-8ad2008,0-1,0.0,725,482,639,16.2
1845,New-8ad2008,0-1,0.0,725,482,640,16.0
1849,New-8ad2008,0-1,0.0,725,482,641,15.8
1846,Base-41b4968,1-0,0.0,725,482,642,15.6
1850,Base-41b4968,0-1,1.0,726,482,642,15.8
1852,Base-41b4968,1-0,0.0,726,482,643,15.6
1851,New-8ad2008,1-0,1.0,727,482,643,15.8
1858,Base-41b4968,1-0,0.0,727,482,644,15.6
1853,New-8ad2008,0-1,0.0,727,482,645,15.4
1856,Base-41b4968,0-1,1.0,728,482,645,15.6
1857,New-8ad2008,0-1,0.0,728,482,646,15.4
1855,New-8ad2008,0-1,0.0,728,482,647,15.2
1854,Base-41b4968,1/2-1/2,0.5,728,483,647,15.2
1859,New-8ad2008,0-1,0.0,728,483,648,15.0
1862,Base-41b4968,1-0,0.0,728,483,649,14.8
1860,Base-41b4968,1/2-1/2,0.5,728,484,649,14.8
1861,New-8ad2008,0-1,0.0,728,484,650,14.6
1866,Base-41b4968,1-0,0.0,728,484,651,14.4
1869,New-8ad2008,1/2-1/2,0.5,728,485,651,14.4
1863,New-8ad2008,1-0,1.0,729,485,651,14.5
1864,Base-41b4968,1-0,0.0,729,485,652,14.3
1865,New-8ad2008,0-1,0.0,729,485,653,14.2
1867,New-8ad2008,1-0,1.0,730,485,653,14.3
1868,Base-41b4968,1-0,0.0,730,485,654,14.1
1870,Base-41b4968,1-0,0.0,730,485,655,13.9
1873,New-8ad2008,1/2-1/2,0.5,730,486,655,13.9
1871,New-8ad2008,1-0,1.0,731,486,655,14.1
1874,Base-41b4968,1/2-1/2,0.5,731,487,655,14.1
1875,New-8ad2008,1-0,1.0,732,487,655,14.3
1876,Base-41b4968,0-1,1.0,733,487,655,14.5
1872,Base-41b4968,1/2-1/2,0.5,733,488,655,14.5
1878,Base-41b4968,1/2-1/2,0.5,733,489,655,14.4
1877,New-8ad2008,1-0,1.0,734,489,655,14.6
1880,Base-41b4968,1-0,0.0,734,489,656,14.4
1879,New-8ad2008,1-0,1.0,735,489,656,14.6
1883,New-8ad2008,1-0,1.0,736,489,656,14.8
1884,Base-41b4968,1-0,0.0,736,489,657,14.6
1882,Base-41b4968,0-1,1.0,737,489,657,14.8
1881,New-8ad2008,1-0,1.0,738,489,657,14.9
1885,New-8ad2008,0-1,0.0,738,489,658,14.8
1886,Base-41b4968,1/2-1/2,0.5,738,490,658,14.7
1887,New-8ad2008,1-0,1.0,739,490,658,14.9
1892,Base-41b4968,1/2-1/2,0.5,739,491,658,14.9
1891,New-8ad2008,1-0,1.0,740,491,658,15.1
1888,Base-41b4968,1-0,0.0,740,491,659,14.9
1890,Base-41b4968,1-0,0.0,740,491,660,14.7
1889,New-8ad2008,1-0,1.0,741,491,660,14.9
1893,New-8ad2008,1-0,1.0,742,491,660,15.1
1894,Base-41b4968,1/2-1/2,0.5,742,492,660,15.1
1895,New-8ad2008,1-0,1.0,743,492,660,15.2
1896,Base-41b4968,0-1,1.0,744,492,660,15.4
1897,New-8ad2008,1-0,1.0,745,492,660,15.6
1899,New-8ad2008,1-0,1.0,746,492,660,15.8
1898,Base-41b4968,1-0,0.0,746,492,661,15.6
1900,Base-41b4968,0-1,1.0,747,492,661,15.7
1902,Base-41b4968,1-0,0.0,747,492,662,15.5
1901,New-8ad2008,0-1,0.0,747,492,663,15.4
1903,New-8ad2008,1-0,1.0,748,492,663,15.5
1904,Base-41b4968,1/2-1/2,0.5,748,493,663,15.5
1905,New-8ad2008,0-1,0.0,748,493,664,15.3
1908,Base-41b4968,0-1,1.0,749,493,664,15.5
1906,Base-41b4968,0-1,1.0,750,493,664,15.7
1911,New-8ad2008,1/2-1/2,0.5,750,494,664,15.7
1907,New-8ad2008,0-1,0.0,750,494,665,15.5
1909,New-8ad2008,0-1,0.0,750,494,666,15.3
1910,Base-41b4968,0-1,1.0,751,494,666,15.5
1916,Base-41b4968,1/2-1/2,0.5,751,495,666,15.5
1912,Base-41b4968,0-1,1.0,752,495,666,15.6
1914,Base-41b4968,0-1,1.0,753,495,666,15.8
1913,New-8ad2008,1-0,1.0,754,495,666,16.0
1915,New-8ad2008,1-0,1.0,755,495,666,16.2
1918,Base-41b4968,0-1,1.0,756,495,666,16.3
1917,New-8ad2008,1-0,1.0,757,495,666,16.5
1919,New-8ad2008,1-0,1.0,758,495,666,16.7
1921,New-8ad2008,0-1,0.0,758,495,667,16.5
1922,Base-41b4968,1/2-1/2,0.5,758,496,667,16.5
1920,Base-41b4968,1-0,0.0,758,496,668,16.3
1923,New-8ad2008,1-0,1.0,759,496,668,16.5
1924,Base-41b4968,1/2-1/2,0.5,759,497,668,16.4
1925,New-8ad2008,1-0,1.0,760,497,668,16.6
1926,Base-41b4968,0-1,1.0,761,497,668,16.8
1928,Base-41b4968,1/2-1/2,0.5,761,498,668,16.8
1931,New-8ad2008,1/2-1/2,0.5,761,499,668,16.8
1927,New-8ad2008,0-1,0.0,761,499,669,16.6
1930,Base-41b4968,0-1,1.0,762,499,669,16.8
1929,New-8ad2008,0-1,0.0,762,499,670,16.6
1932,Base-41b4968,0-1,1.0,763,499,670,16.7
1935,New-8ad2008,0-1,0.0,763,499,671,16.5
1933,New-8ad2008,1/2-1/2,0.5,763,500,671,16.5
1936,Base-41b4968,1-0,0.0,763,500,672,16.4
1934,Base-41b4968,1/2-1/2,0.5,763,501,672,16.3
1937,New-8ad2008,1/2-1/2,0.5,763,502,672,16.3
1938,Base-41b4968,1/2-1/2,0.5,763,503,672,16.3
1939,New-8ad2008,1-0,1.0,764,503,672,16.5
1941,New-8ad2008,1/2-1/2,0.5,764,504,672,16.5
1943,New-8ad2008,0-1,0.0,764,504,673,16.3
1942,Base-41b4968,1-0,0.0,764,504,674,16.1
1940,Base-41b4968,0-1,1.0,765,504,674,16.3
1944,Base-41b4968,0-1,1.0,766,504,674,16.5
1945,New-8ad2008,1-0,1.0,767,504,674,16.6
1947,New-8ad2008,1-0,1.0,768,504,674,16.8
1946,Base-41b4968,1/2-1/2,0.5,768,505,674,16.8
1950,Base-41b4968,0-1,1.0,769,505,674,17.0
1953,New-8ad2008,1-0,1.0,770,505,674,17.1
1948,Base-41b4968,1/2-1/2,0.5,770,506,674,17.1
1949,New-8ad2008,1-0,1.0,771,506,674,17.3
1951,New-8ad2008,0-1,0.0,771,506,675,17.1
1954,Base-41b4968,1-0,0.0,771,506,676,16.9
1952,Base-41b4968,1/2-1/2,0.5,771,507,676,16.9
1955,New-8ad2008,0-1,0.0,771,507,677,16.7
1956,Base-41b4968,1/2-1/2,0.5,771,508,677,16.7
1959,New-8ad2008,1-0,1.0,772,508,677,16.9
1960,Base-41b4968,0-1,1.0,773,508,677,17.0
1961,New-8ad2008,1/2-1/2,0.5,773,509,677,17.0
1958,Base-41b4968,1-0,0.0,773,509,678,16.9
1957,New-8ad2008,1-0,1.0,774,509,678,17.0
1964,Base-41b4968,1/2-1/2,0.5,774,510,678,17.0
1963,New-8ad2008,0-1,0.0,774,510,679,16.8
1968,Base-41b4968,1-0,0.0,774,510,680,16.6
1965,New-8ad2008,1/2-1/2,0.5,774,511,680,16.6
1966,Base-41b4968,0-1,1.0,775,511,680,16.8
1962,Base-41b4968,1/2-1/2,0.5,775,512,680,16.8
1969,New-8ad2008,1-0,1.0,776,512,680,17.0
1967,New-8ad2008,0-1,0.0,776,512,681,16.8
1971,New-8ad2008,0-1,0.0,776,512,682,16.6
1970,Base-41b4968,1-0,0.0,776,512,683,16.4
1972,Base-41b4968,0-1,1.0,777,512,683,16.6
1974,Base-41b4968,0-1,1.0,778,512,683,16.7
1973,New-8ad2008,1-0,1.0,779,512,683,16.9
1977,New-8ad2008,0-1,0.0,779,512,684,16.7
1978,Base-41b4968,1-0,0.0,779,512,685,16.5
1975,New-8ad2008,0-1,0.0,779,512,686,16.4
1976,Base-41b4968,1/2-1/2,0.5,779,513,686,16.3
1979,New-8ad2008,1/2-1/2,0.5,779,514,686,16.3
1984,Base-41b4968,1/2-1/2,0.5,779,515,686,16.3
1983,New-8ad2008,1/2-1/2,0.5,779,516,686,16.3
1980,Base-41b4968,1-0,0.0,779,516,687,16.1
1982,Base-41b4968,0-1,1.0,780,516,687,16.3
1981,New-8ad2008,0-1,0.0,780,516,688,16.1
1986,Base-41b4968,1-0,0.0,780,516,689,15.9
1985,New-8ad2008,0-1,0.0,780,516,690,15.8
1988,Base-41b4968,1-0,0.0,780,516,691,15.6
1990,Base-41b4968,1-0,0.0,780,516,692,15.4
1987,New-8ad2008,1/2-1/2,0.5,780,517,692,15.4
1991,New-8ad2008,1/2-1/2,0.5,780,518,692,15.4
1992,Base-41b4968,1/2-1/2,0.5,780,519,692,15.4
1989,New-8ad2008,1/2-1/2,0.5,780,520,692,15.4
1993,New-8ad2008,1-0,1.0,781,520,692,15.5
1994,Base-41b4968,0-1,1.0,782,520,692,15.7
1995,New-8ad2008,0-1,0.0,782,520,693,15.5
1997,New-8ad2008,1/2-1/2,0.5,782,521,693,15.5
1996,Base-41b4968,0-1,1.0,783,521,693,15.7
1998,Base-41b4968,1-0,0.0,783,521,694,15.5
2000,Base-41b4968,1-0,0.0,783,521,695,15.3
1999,New-8ad2008,0-1,0.0,783,521,696,15.1
2002,Base-41b4968,1/2-1/2,0.5,783,522,696,15.1
2001,New-8ad2008,1/2-1/2,0.5,783,523,696,15.1
2003,New-8ad2008,0-1,0.0,783,523,697,14.9
2004,Base-41b4968,0-1,1.0,784,523,697,15.1
2005,New-8ad2008,0-1,0.0,784,523,698,14.9
2006,Base-41b4968,0-1,1.0,785,523,698,15.1
2008,Base-41b4968,1-0,0.0,785,523,699,14.9
2007,New-8ad2008,0-1,0.0,785,523,700,14.7
2011,New-8ad2008,1-0,1.0,786,523,700,14.9
2009,New-8ad2008,0-1,0.0,786,523,701,14.7
2010,Base-41b4968,0-1,1.0,787,523,701,14.9
2012,Base-41b4968,1/2-1/2,0.5,787,524,701,14.9
2015,New-8ad2008,1-0,1.0,788,524,701,15.0
2013,New-8ad2008,1/2-1/2,0.5,788,525,701,15.0
2016,Base-41b4968,1-0,0.0,788,525,702,14.8
2014,Base-41b4968,1/2-1/2,0.5,788,526,702,14.8
2018,Base-41b4968,0-1,1.0,789,526,702,15.0
2017,New-8ad2008,1/2-1/2,0.5,789,527,702,15.0
2019,New-8ad2008,1-0,1.0,790,527,702,15.2
2020,Base-41b4968,0-1,1.0,791,527,702,15.3
2021,New-8ad2008,0-1,0.0,791,527,703,15.1
2022,Base-41b4968,1/2-1/2,0.5,791,528,703,15.1
2024,Base-41b4968,1-0,0.0,791,528,704,15.0
2023,New-8ad2008,0-1,0.0,791,528,705,14.8
2025,New-8ad2008,1/2-1/2,0.5,791,529,705,14.8
2032,Base-41b4968,0-1,1.0,792,529,705,14.9
2030,Base-41b4968,1/2-1/2,0.5,792,530,705,14.9
2027,New-8ad2008,0-1,0.0,792,530,706,14.7
2026,Base-41b4968,1-0,0.0,792,530,707,14.6
2028,Base-41b4968,0-1,1.0,793,530,707,14.7
2034,Base-41b4968,1/2-1/2,0.5,793,531,707,14.7
2029,New-8ad2008,0-1,0.0,793,531,708,14.5
2033,New-8ad2008,1/2-1/2,0.5,793,532,708,14.5
2031,New-8ad2008,0-1,0.0,793,532,709,14.4
2035,New-8ad2008,1-0,1.0,794,532,709,14.5
2037,New-8ad2008,1-0,1.0,795,532,709,14.7
2036,Base-41b4968,0-1,1.0,796,532,709,14.8
2039,New-8ad2008,1-0,1.0,797,532,709,15.0
2038,Base-41b4968,1-0,0.0,797,532,710,14.8
2040,Base-41b4968,1-0,0.0,797,532,711,14.7
2041,New-8ad2008,1-0,1.0,798,532,711,14.8
2043,New-8ad2008,0-1,0.0,798,532,712,14.6
2044,Base-41b4968,1-0,0.0,798,532,713,14.5
2042,Base-41b4968,1/2-1/2,0.5,798,533,713,14.5
2047,New-8ad2008,1-0,1.0,799,533,713,14.6
2045,New-8ad2008,1-0,1.0,800,533,713,14.8
2046,Base-41b4968,1/2-1/2,0.5,800,534,713,14.8
2052,Base-41b4968,0-1,1.0,801,534,713,14.9
2048,Base-41b4968,0-1,1.0,802,534,713,15.1
2049,New-8ad2008,1/2-1/2,0.5,802,535,713,15.1
2050,Base-41b4968,1-0,0.0,802,535,714,14.9
2054,Base-41b4968,1-0,0.0,802,535,715,14.7
2056,Base-41b4968,1/2-1/2,0.5,802,536,715,14.7
2055,New-8ad2008,1-0,1.0,803,536,715,14.9
2051,New-8ad2008,1-0,1.0,804,536,715,15.1
2053,New-8ad2008,1-0,1.0,805,536,715,15.2
2057,New-8ad2008,0-1,0.0,805,536,716,15.0
2058,Base-41b4968,1-0,0.0,805,536,717,14.9
2059,New-8ad2008,0-1,0.0,805,536,718,14.7
2061,New-8ad2008,1-0,1.0,806,536,718,14.9
2062,Base-41b4968,1-0,0.0,806,536,719,14.7
2060,Base-41b4968,0-1,1.0,807,536,719,14.8
2063,New-8ad2008,1-0,1.0,808,536,719,15.0
2065,New-8ad2008,1-0,1.0,809,536,719,15.2
2064,Base-41b4968,0-1,1.0,810,536,719,15.3
2066,Base-41b4968,0-1,1.0,811,536,719,15.5
2072,Base-41b4968,1/2-1/2,0.5,811,537,719,15.5
2068,Base-41b4968,1-0,0.0,811,537,720,15.3
2067,New-8ad2008,1/2-1/2,0.5,811,538,720,15.3
2069,New-8ad2008,1/2-1/2,0.5,811,539,720,15.3
2071,New-8ad2008,1-0,1.0,812,539,720,15.4
2070,Base-41b4968,0-1,1.0,813,539,720,15.6
2073,New-8ad2008,0-1,0.0,813,539,721,15.4
2074,Base-41b4968,1-0,0.0,813,539,722,15.3
2075,New-8ad2008,1-0,1.0,814,539,722,15.4
2079,New-8ad2008,1-0,1.0,815,539,722,15.6
2078,Base-41b4968,1/2-1/2,0.5,815,540,722,15.6
2076,Base-41b4968,0-1,1.0,816,540,722,15.7
2077,New-8ad2008,0-1,0.0,816,540,723,15.6
2081,New-8ad2008,1-0,1.0,817,540,723,15.7
2080,Base-41b4968,1/2-1/2,0.5,817,541,723,15.7
2082,Base-41b4968,0-1,1.0,818,541,723,15.9
2083,New-8ad2008,1-0,1.0,819,541,723,16.0
2084,Base-41b4968,1/2-1/2,0.5,819,542,723,16.0
2089,New-8ad2008,1-0,1.0,820,542,723,16.2
2085,New-8ad2008,0-1,0.0,820,542,724,16.0
2086,Base-41b4968,1-0,0.0,820,542,725,15.8
2087,New-8ad2008,0-1,0.0,820,542,726,15.7
2088,Base-41b4968,0-1,1.0,821,542,726,15.8
2091,New-8ad2008,1/2-1/2,0.5,821,543,726,15.8
2095,New-8ad2008,1/2-1/2,0.5,821,544,726,15.8
2092,Base-41b4968,0-1,1.0,822,544,726,16.0
2093,New-8ad2008,1-0,1.0,823,544,726,16.1
2090,Base-41b4968,0-1,1.0,824,544,726,16.3
2094,Base-41b4968,0-1,1.0,825,544,726,16.4
2096,Base-41b4968,0-1,1.0,826,544,726,16.6
2097,New-8ad2008,1-0,1.0,827,544,726,16.7
2100,Base-41b4968,1-0,0.0,827,544,727,16.6
2099,New-8ad2008,1-0,1.0,828,544,727,16.7
2098,Base-41b4968,1/2-1/2,0.5,828,545,727,16.7
2102,Base-41b4968,1-0,0.0,828,545,728,16.5
2103,New-8ad2008,0-1,0.0,828,545,729,16.4
2101,New-8ad2008,1/2-1/2,0.5,828,546,729,16.4
2104,Base-41b4968,1-0,0.0,828,546,730,16.2
2105,New-8ad2008,1-0,1.0,829,546,730,16.4
2106,Base-41b4968,0-1,1.0,830,546,730,16.5
2110,Base-41b4968,1/2-1/2,0.5,830,547,730,16.5
2108,Base-41b4968,1-0,0.0,830,547,731,16.3
2109,New-8ad2008,0-1,0.0,830,547,732,16.2
2107,New-8ad2008,1/2-1/2,0.5,830,548,732,16.1
2111,New-8ad2008,1/2-1/2,0.5,830,549,732,16.1
2112,Base-41b4968,1-0,0.0,830,549,733,16.0
2114,Base-41b4968,1-0,0.0,830,549,734,15.8
2113,New-8ad2008,0-1,0.0,830,549,735,15.6
2115,New-8ad2008,0-1,0.0,830,549,736,15.5
2119,New-8ad2008,1/2-1/2,0.5,830,550,736,15.4
2116,Base-41b4968,0-1,1.0,831,550,736,15.6
2118,Base-41b4968,1-0,0.0,831,550,737,15.4
2117,New-8ad2008,0-1,0.0,831,550,738,15.3
2120,Base-41b4968,0-1,1.0,832,550,738,15.4
2122,Base-41b4968,1-0,0.0,832,550,739,15.2
2121,New-8ad2008,0-1,0.0,832,550,740,15.1
2123,New-8ad2008,1/2-1/2,0.5,832,551,740,15.1
2126,Base-41b4968,0-1,1.0,833,551,740,15.2
2125,New-8ad2008,1/2-1/2,0.5,833,552,740,15.2
2128,Base-41b4968,0-1,1.0,834,552,740,15.4
2127,New-8ad2008,0-1,0.0,834,552,741,15.2
2124,Base-41b4968,0-1,1.0,835,552,741,15.4
2130,Base-41b4968,0-1,1.0,836,552,741,15.5
2131,New-8ad2008,0-1,0.0,836,552,742,15.3
2129,New-8ad2008,0-1,0.0,836,552,743,15.2
2136,Base-41b4968,1-0,0.0,836,552,744,15.0
2132,Base-41b4968,1/2-1/2,0.5,836,553,744,15.0
2134,Base-41b4968,1-0,0.0,836,553,745,14.8
2133,New-8ad2008,0-1,0.0,836,553,746,14.7
2137,New-8ad2008,1/2-1/2,0.5,836,554,746,14.6
2138,Base-41b4968,1-0,0.0,836,554,747,14.5
2139,New-8ad2008,1-0,1.0,837,554,747,14.6
2135,New-8ad2008,1-0,1.0,838,554,747,14.8
2142,Base-41b4968,0-1,1.0,839,554,747,14.9
2143,New-8ad2008,1-0,1.0,840,554,747,15.1
2140,Base-41b4968,0-1,1.0,841,554,747,15.3
2141,New-8ad2008,1/2-1/2,0.5,841,555,747,15.2
2145,New-8ad2008,0-1,0.0,841,555,748,15.1
2146,Base-41b4968,0-1,1.0,842,555,748,15.2
2144,Base-41b4968,1-0,0.0,842,555,749,15.1
2147,New-8ad2008,1-0,1.0,843,555,749,15.2
2148,Base-41b4968,1-0,0.0,843,555,750,15.1
2149,New-8ad2008,1-0,1.0,844,555,750,15.2
2150,Base-41b4968,1-0,0.0,844,555,751,15.0
2155,New-8ad2008,1-0,1.0,845,555,751,15.2
2153,New-8ad2008,1-0,1.0,846,555,751,15.3
2151,New-8ad2008,1-0,1.0,847,555,751,15.5
2152,Base-41b4968,0-1,1.0,848,555,751,15.7
2154,Base-41b4968,1/2-1/2,0.5,848,556,751,15.6
2157,New-8ad2008,1/2-1/2,0.5,848,557,751,15.6
2158,Base-41b4968,0-1,1.0,849,557,751,15.8
2156,Base-41b4968,1-0,0.0,849,557,752,15.6
2161,New-8ad2008,0-1,0.0,849,557,753,15.5
2162,Base-41b4968,0-1,1.0,850,557,753,15.6
2160,Base-41b4968,0-1,1.0,851,557,753,15.8
2163,New-8ad2008,1-0,1.0,852,557,753,15.9
2159,New-8ad2008,0-1,0.0,852,557,754,15.8
2164,Base-41b4968,1-0,0.0,852,557,755,15.6
2172,Base-41b4968,1/2-1/2,0.5,852,558,755,15.6
2165,New-8ad2008,1-0,1.0,853,558,755,15.7
2166,Base-41b4968,1/2-1/2,0.5,853,559,755,15.7
2167,New-8ad2008,1-0,1.0,854,559,755,15.9
2170,Base-41b4968,0-1,1.0,855,559,755,16.0
2169,New-8ad2008,1-0,1.0,856,559,755,16.2
2171,New-8ad2008,1-0,1.0,857,559,755,16.3
2168,Base-41b4968,1/2-1/2,0.5,857,560,755,16.3
2174,Base-41b4968,0-1,1.0,858,560,755,16.5
2178,Base-41b4968,0-1,1.0,859,560,755,16.6
2173,New-8ad2008,1-0,1.0,860,560,755,16.8
2176,Base-41b4968,1-0,0.0,860,560,756,16.6
2175,New-8ad2008,0-1,0.0,860,560,757,16.5
2184,Base-41b4968,1/2-1/2,0.5,860,561,757,16.4
2179,New-8ad2008,1-0,1.0,861,561,757,16.6
2177,New-8ad2008,0-1,0.0,861,561,758,16.4
2180,Base-41b4968,1/2-1/2,0.5,861,562,758,16.4
2181,New-8ad2008,1-0,1.0,862,562,758,16.6
2183,New-8ad2008,0-1,0.0,862,562,759,16.4
2182,Base-41b4968,1-0,0.0,862,562,760,16.2
2187,New-8ad2008,1-0,1.0,863,562,760,16.4
2185,New-8ad2008,1/2-1/2,0.5,863,563,760,16.4
2189,New-8ad2008,0-1,0.0,863,563,761,16.2
2186,Base-41b4968,1/2-1/2,0.5,863,564,761,16.2
2194,Base-41b4968,1/2-1/2,0.5,863,565,761,16.2
2191,New-8ad2008,1-0,1.0,864,565,761,16.4
2190,Base-41b4968,1-0,0.0,864,565,762,16.2
2188,Base-41b4968,1-0,0.0,864,565,763,16.0
2192,Base-41b4968,0-1,1.0,865,565,763,16.2
2193,New-8ad2008,1/2-1/2,0.5,865,566,763,16.2
2197,New-8ad2008,1/2-1/2,0.5,865,567,763,16.2
2195,New-8ad2008,1/2-1/2,0.5,865,568,763,16.1
2199,New-8ad2008,1/2-1/2,0.5,865,569,763,16.1
2196,Base-41b4968,1-0,0.0,865,569,764,16.0
2198,Base-41b4968,1/2-1/2,0.5,865,570,764,16.0
2200,Base-41b4968,0-1,1.0,866,570,764,16.1
2201,New-8ad2008,1-0,1.0,867,570,764,16.3
2202,Base-41b4968,1/2-1/2,0.5,867,571,764,16.3
2203,New-8ad2008,1/2-1/2,0.5,867,572,764,16.3
2204,Base-41b4968,1-0,0.0,867,572,765,16.1
2206,Base-41b4968,1/2-1/2,0.5,867,573,765,16.1
2205,New-8ad2008,0-1,0.0,867,573,766,15.9
2207,New-8ad2008,0-1,0.0,867,573,767,15.8
2209,New-8ad2008,1-0,1.0,868,573,767,15.9
2210,Base-41b4968,1-0,0.0,868,573,768,15.7
2208,Base-41b4968,1/2-1/2,0.5,868,574,768,15.7
2214,Base-41b4968,0-1,1.0,869,574,768,15.9
2215,New-8ad2008,0-1,0.0,869,574,769,15.7
2212,Base-41b4968,1-0,0.0,869,574,770,15.6
2213,New-8ad2008,0-1,0.0,869,574,771,15.4
2211,New-8ad2008,0-1,0.0,869,574,772,15.2
2216,Base-41b4968,1/2-1/2,0.5,869,575,772,15.2
2217,New-8ad2008,1-0,1.0,870,575,772,15.4
2218,Base-41b4968,0-1,1.0,871,575,772,15.5
2220,Base-41b4968,1-0,0.0,871,575,773,15.4
2221,New-8ad2008,1/2-1/2,0.5,871,576,773,15.3
2222,Base-41b4968,1-0,0.0,871,576,774,15.2
2219,New-8ad2008,0-1,0.0,871,576,775,15.0
2223,New-8ad2008,0-1,0.0,871,576,776,14.9
2225,New-8ad2008,1-0,1.0,872,576,776,15.0
2224,Base-41b4968,1/2-1/2,0.5,872,577,776,15.0
2226,Base-41b4968,1/2-1/2,0.5,872,578,776,15.0
2228,Base-41b4968,1-0,0.0,872,578,777,14.8
2230,Base-41b4968,1-0,0.0,872,578,778,14.7
2227,New-8ad2008,1-0,1.0,873,578,778,14.8
2231,New-8ad2008,0-1,0.0,873,578,779,14.7
2232,Base-41b4968,0-1,1.0,874,578,779,14.8
2229,New-8ad2008,1/2-1/2,0.5,874,579,779,14.8
2234,Base-41b4968,1/2-1/2,0.5,874,580,779,14.8
2233,New-8ad2008,1/2-1/2,0.5,874,581,779,14.8
2235,New-8ad2008,1-0,1.0,875,581,779,14.9
2236,Base-41b4968,1/2-1/2,0.5,875,582,779,14.9
2237,New-8ad2008,1/2-1/2,0.5,875,583,779,14.9
2238,Base-41b4968,0-1,1.0,876,583,779,15.1
2241,New-8ad2008,1-0,1.0,877,583,779,15.2
2239,New-8ad2008,1/2-1/2,0.5,877,584,779,15.2
2240,Base-41b4968,1/2-1/2,0.5,877,585,779,15.2
2243,New-8ad2008,1-0,1.0,878,585,779,15.4
2242,Base-41b4968,1/2-1/2,0.5,878,586,779,15.3
2245,New-8ad2008,0-1,0.0,878,586,780,15.2
2246,Base-41b4968,1-0,0.0,878,586,781,15.0
2247,New-8ad2008,1-0,1.0,879,586,781,15.2
2244,Base-41b4968,0-1,1.0,880,586,781,15.3
2248,Base-41b4968,0-1,1.0,881,586,781,15.5
2249,New-8ad2008,1/2-1/2,0.5,881,587,781,15.5
2250,Base-41b4968,1/2-1/2,0.5,881,588,781,15.5
2251,New-8ad2008,1/2-1/2,0.5,881,589,781,15.4
2252,Base-41b4968,1-0,0.0,881,589,782,15.3
2253,New-8ad2008,1-0,1.0,882,589,782,15.4
2254,Base-41b4968,0-1,1.0,883,589,782,15.6
2256,Base-41b4968,0-1,1.0,884,589,782,15.7
2257,New-8ad2008,0-1,0.0,884,589,783,15.6
2255,New-8ad2008,1/2-1/2,0.5,884,590,783,15.6
2258,Base-41b4968,0-1,1.0,885,590,783,15.7
2262,Base-41b4968,0-1,1.0,886,590,783,15.9
2261,New-8ad2008,1-0,1.0,887,590,783,16.0
2259,New-8ad2008,1/2-1/2,0.5,887,591,783,16.0
2260,Base-41b4968,1/2-1/2,0.5,887,592,783,16.0
2263,New-8ad2008,1-0,1.0,888,592,783,16.1
2264,Base-41b4968,1/2-1/2,0.5,888,593,783,16.1
2265,New-8ad2008,0-1,0.0,888,593,784,16.0
2266,Base-41b4968,1-0,0.0,888,593,785,15.8
2270,Base-41b4968,0-1,1.0,889,593,785,16.0
2268,Base-41b4968,1/2-1/2,0.5,889,594,785,15.9
2269,New-8ad2008,1/2-1/2,0.5,889,595,785,15.9
2267,New-8ad2008,0-1,0.0,889,595,786,15.8
2271,New-8ad2008,0-1,0.0,889,595,787,15.6
2273,New-8ad2008,1/2-1/2,0.5,889,596,787,15.6
2272,Base-41b4968,0-1,1.0,890,596,787,15.8
2274,Base-41b4968,1-0,0.0,890,596,788,15.6
2277,New-8ad2008,1-0,1.0,891,596,788,15.7
2276,Base-41b4968,0-1,1.0,892,596,788,15.9
2275,New-8ad2008,0-1,0.0,892,596,789,15.7
2281,New-8ad2008,1-0,1.0,893,596,789,15.9
2278,Base-41b4968,1-0,0.0,893,596,790,15.7
2279,New-8ad2008,1/2-1/2,0.5,893,597,790,15.7
2280,Base-41b4968,1/2-1/2,0.5,893,598,790,15.7
2282,Base-41b4968,0-1,1.0,894,598,790,15.8
2285,New-8ad2008,1-0,1.0,895,598,790,16.0
2284,Base-41b4968,0-1,1.0,896,598,790,16.1
2283,New-8ad2008,1-0,1.0,897,598,790,16.3
2286,Base-41b4968,1/2-1/2,0.5,897,599,790,16.3
2287,New-8ad2008,1-0,1.0,898,599,790,16.4
2288,Base-41b4968,1-0,0.0,898,599,791,16.3
2292,Base-41b4968,1/2-1/2,0.5,898,600,791,16.3
2289,New-8ad2008,1-0,1.0,899,600,791,16.4
2290,Base-41b4968,1-0,0.0,899,600,792,16.2
2293,New-8ad2008,1-0,1.0,900,600,792,16.4
2295,New-8ad2008,1/2-1/2,0.5,900,601,792,16.4
2296,Base-41b4968,1-0,0.0,900,601,793,16.2
2294,Base-41b4968,1/2-1/2,0.5,900,602,793,16.2
2298,Base-41b4968,1/2-1/2,0.5,900,603,793,16.2
2291,New-8ad2008,1/2-1/2,0.5,900,604,793,16.2
2297,New-8ad2008,0-1,0.0,900,604,794,16.0
2300,Base-41b4968,1-0,0.0,900,604,795,15.9
2302,Base-41b4968,1/2-1/2,0.5,900,605,795,15.9
2301,New-8ad2008,0-1,0.0,900,605,796,15.7
2299,New-8ad2008,1/2-1/2,0.5,900,606,796,15.7
2303,New-8ad2008,0-1,0.0,900,606,797,15.5
2305,New-8ad2008,1/2-1/2,0.5,900,607,797,15.5
2307,New-8ad2008,1-0,1.0,901,607,797,15.7
2304,Base-41b4968,1/2-1/2,0.5,901,608,797,15.7
2306,Base-41b4968,0-1,1.0,902,608,797,15.8
2308,Base-41b4968,1-0,0.0,902,608,798,15.7
2311,New-8ad2008,1-0,1.0,903,608,798,15.8
2309,New-8ad2008,0-1,0.0,903,608,799,15.7
2312,Base-41b4968,1-0,0.0,903,608,800,15.5
2310,Base-41b4968,0-1,1.0,904,608,800,15.6
2315,New-8ad2008,1/2-1/2,0.5,904,609,800,15.6
2313,New-8ad2008,1/2-1/2,0.5,904,610,800,15.6
2314,Base-41b4968,0-1,1.0,905,610,800,15.8
2316,Base-41b4968,1/2-1/2,0.5,905,611,800,15.8
2319,New-8ad2008,1-0,1.0,906,611,800,15.9
2317,New-8ad2008,1/2-1/2,0.5,906,612,800,15.9
2318,Base-41b4968,0-1,1.0,907,612,800,16.0
2323,New-8ad2008,1/2-1/2,0.5,907,613,800,16.0
2320,Base-41b4968,0-1,1.0,908,613,800,16.2
2322,Base-41b4968,0-1,1.0,909,613,800,16.3
2321,New-8ad2008,1-0,1.0,910,613,800,16.5
2324,Base-41b4968,0-1,1.0,911,613,800,16.6
2325,New-8ad2008,0-1,0.0,911,613,801,16.5
2326,Base-41b4968,0-1,1.0,912,613,801,16.6
2327,New-8ad2008,1/2-1/2,0.5,912,614,801,16.6
2328,Base-41b4968,0-1,1.0,913,614,801,16.7
2329,New-8ad2008,0-1,0.0,913,614,802,16.6
2332,Base-41b4968,1-0,0.0,913,614,803,16.4
2331,New-8ad2008,0-1,0.0,913,614,804,16.3
2333,New-8ad2008,1/2-1/2,0.5,913,615,804,16.3
2330,Base-41b4968,1/2-1/2,0.5,913,616,804,16.2
2334,Base-41b4968,1/2-1/2,0.5,913,617,804,16.2
2340,Base-41b4968,0-1,1.0,914,617,804,16.4
2335,New-8ad2008,1/2-1/2,0.5,914,618,804,16.4
2336,Base-41b4968,1-0,0.0,914,618,805,16.2
2338,Base-41b4968,0-1,1.0,915,618,805,16.4
2337,New-8ad2008,0-1,0.0,915,618,806,16.2
2339,New-8ad2008,1/2-1/2,0.5,915,619,806,16.2
2341,New-8ad2008,1/2-1/2,0.5,915,620,806,16.2
2343,New-8ad2008,0-1,0.0,915,620,807,16.0
2342,Base-41b4968,1-0,0.0,915,620,808,15.9
2344,Base-41b4968,0-1,1.0,916,620,808,16.0
2345,New-8ad2008,1/2-1/2,0.5,916,621,808,16.0
2346,Base-41b4968,0-1,1.0,917,621,808,16.2
2347,New-8ad2008,1/2-1/2,0.5,917,622,808,16.1
2349,New-8ad2008,1-0,1.0,918,622,808,16.3
2348,Base-41b4968,1-0,0.0,918,622,809,16.1
2350,Base-41b4968,0-1,1.0,919,622,809,16.3
2354,Base-41b4968,1/2-1/2,0.5,919,623,809,16.3
2353,New-8ad2008,1-0,1.0,920,623,809,16.4
2351,New-8ad2008,1-0,1.0,921,623,809,16.6
2357,New-8ad2008,1-0,1.0,922,623,809,16.7
2352,Base-41b4968,1-0,0.0,922,623,810,16.5
2356,Base-41b4968,1/2-1/2,0.5,922,624,810,16.5
2355,New-8ad2008,1-0,1.0,923,624,810,16.7
2358,Base-41b4968,0-1,1.0,924,624,810,16.8
2359,New-8ad2008,1-0,1.0,925,624,810,17.0
2361,New-8ad2008,1-0,1.0,926,624,810,17.1
2364,Base-41b4968,1/2-1/2,0.5,926,625,810,17.1
2362,Base-41b4968,1-0,0.0,926,625,811,16.9
2360,Base-41b4968,0-1,1.0,927,625,811,17.1
2363,New-8ad2008,0-1,0.0,927,625,812,16.9
2366,Base-41b4968,1-0,0.0,927,625,813,16.8
2367,New-8ad2008,1-0,1.0,928,625,813,16.9
2365,New-8ad2008,1-0,1.0,929,625,813,17.0
2368,Base-41b4968,0-1,1.0,930,625,813,17.2
2369,New-8ad2008,0-1,0.0,930,625,814,17.0
2371,New-8ad2008,1/2-1/2,0.5,930,626,814,17.0
2370,Base-41b4968,1-0,0.0,930,626,815,16.9
2372,Base-41b4968,1/2-1/2,0.5,930,627,815,16.9
2376,Base-41b4968,1/2-1/2,0.5,930,628,815,16.9
2374,Base-41b4968,1-0,0.0,930,628,816,16.7
2375,New-8ad2008,1-0,1.0,931,628,816,16.8
2373,New-8ad2008,0-1,0.0,931,628,817,16.7
2379,New-8ad2008,1-0,1.0,932,628,817,16.8
2377,New-8ad2008,0-1,0.0,932,628,818,16.7
2383,New-8ad2008,1-0,1.0,933,628,818,16.8
2378,Base-41b4968,1-0,0.0,933,628,819,16.7
2380,Base-41b4968,1/2-1/2,0.5,933,629,819,16.6
2384,Base-41b4968,1-0,0.0,933,629,820,16.5
2381,New-8ad2008,1-0,1.0,934,629,820,16.6
2382,Base-41b4968,0-1,1.0,935,629,820,16.8
2385,New-8ad2008,1/2-1/2,0.5,935,630,820,16.8
2387,New-8ad2008,0-1,0.0,935,630,821,16.6
2386,Base-41b4968,1-0,0.0,935,630,822,16.5
2392,Base-41b4968,1/2-1/2,0.5,935,631,822,16.5
2388,Base-41b4968,1-0,0.0,935,631,823,16.3
2390,Base-41b4968,1/2-1/2,0.5,935,632,823,16.3
2389,New-8ad2008,1-0,1.0,936,632,823,16.4
2391,New-8ad2008,1/2-1/2,0.5,936,633,823,16.4
2393,New-8ad2008,0-1,0.0,936,633,824,16.3
2394,Base-41b4968,1-0,0.0,936,633,825,16.1
2395,New-8ad2008,0-1,0.0,936,633,826,16.0
2400,Base-41b4968,1-0,0.0,936,633,827,15.8
2396,Base-41b4968,1-0,0.0,936,633,828,15.7
2399,New-8ad2008,1-0,1.0,937,633,828,15.8
2398,Base-41b4968,1-0,0.0,937,633,829,15.7
2397,New-8ad2008,1/2-1/2,0.5,937,634,829,15.6
2401,New-8ad2008,1-0,1.0,938,634,829,15.8
2404,Base-41b4968,1-0,0.0,938,634,830,15.6
2402,Base-41b4968,0-1,1.0,939,634,830,15.8
2403,New-8ad2008,1-0,1.0,940,634,830,15.9
2405,New-8ad2008,1-0,1.0,941,634,830,16.0
2406,Base-41b4968,0-1,1.0,942,634,830,16.2
2407,New-8ad2008,0-1,0.0,942,634,831,16.0
2409,New-8ad2008,1/2-1/2,0.5,942,635,831,16.0
2408,Base-41b4968,0-1,1.0,943,635,831,16.2
2410,Base-41b4968,0-1,1.0,944,635,831,16.3
2413,New-8ad2008,0-1,0.0,944,635,832,16.2
2412,Base-41b4968,1/2-1/2,0.5,944,636,832,16.1
2415,New-8ad2008,1/2-1/2,0.5,944,637,832,16.1
2411,New-8ad2008,1-0,1.0,945,637,832,16.3
2414,Base-41b4968,0-1,1.0,946,637,832,16.4
2416,Base-41b4968,1-0,0.0,946,637,833,16.3
2417,New-8ad2008,0-1,0.0,946,637,834,16.1
2418,Base-41b4968,0-1,1.0,947,637,834,16.2
2421,New-8ad2008,1-0,1.0,948,637,834,16.4
2424,Base-41b4968,1-0,0.0,948,637,835,16.2
2419,New-8ad2008,1/2-1/2,0.5,948,638,835,16.2
2422,Base-41b4968,1-0,0.0,948,638,836,16.1
2420,Base-41b4968,1/2-1/2,0.5,948,639,836,16.1
2423,New-8ad2008,0-1,0.0,948,639,837,15.9
2425,New-8ad2008,1-0,1.0,949,639,837,16.1
2426,Base-41b4968,1-0,0.0,949,639,838,15.9
2428,Base-41b4968,1-0,0.0,949,639,839,15.8
2431,New-8ad2008,1-0,1.0,950,639,839,15.9
2430,Base-41b4968,0-1,1.0,951,639,839,16.0
2429,New-8ad2008,1-0,1.0,952,639,839,16.2
2427,New-8ad2008,0-1,0.0,952,639,840,16.0
2432,Base-41b4968,1/2-1/2,0.5,952,640,840,16.0
2434,Base-41b4968,1/2-1/2,0.5,952,641,840,16.0
2433,New-8ad2008,1/2-1/2,0.5,952,642,840,16.0
2435,New-8ad2008,1/2-1/2,0.5,952,643,840,16.0
2438,Base-41b4968,1-0,0.0,952,643,841,15.8
2441,New-8ad2008,1/2-1/2,0.5,952,644,841,15.8
2437,New-8ad2008,1/2-1/2,0.5,952,645,841,15.8
2440,Base-41b4968,1/2-1/2,0.5,952,646,841,15.8
2436,Base-41b4968,1-0,0.0,952,646,842,15.7
2439,New-8ad2008,1-0,1.0,953,646,842,15.8
2444,Base-41b4968,1-0,0.0,953,646,843,15.7
2443,New-8ad2008,0-1,0.0,953,646,844,15.5
2442,Base-41b4968,1/2-1/2,0.5,953,647,844,15.5
2446,Base-41b4968,0-1,1.0,954,647,844,15.6
2448,Base-41b4968,1/2-1/2,0.5,954,648,844,15.6
2445,New-8ad2008,1-0,1.0,955,648,844,15.8
2447,New-8ad2008,0-1,0.0,955,648,845,15.6
2451,New-8ad2008,0-1,0.0,955,648,846,15.5
2449,New-8ad2008,1/2-1/2,0.5,955,649,846,15.5
2452,Base-41b4968,1-0,0.0,955,649,847,15.3
2450,Base-41b4968,1-0,0.0,955,649,848,15.2
2454,Base-41b4968,1-0,0.0,955,649,849,15.0
2453,New-8ad2008,1-0,1.0,956,649,849,15.2
2455,New-8ad2008,1-0,1.0,957,649,849,15.3
2456,Base-41b4968,1/2-1/2,0.5,957,650,849,15.3
2460,Base-41b4968,1/2-1/2,0.5,957,651,849,15.3
2458,Base-41b4968,0-1,1.0,958,651,849,15.4
2457,New-8ad2008,1-0,1.0,959,651,849,15.6
2459,New-8ad2008,1-0,1.0,960,651,849,15.7
2461,New-8ad2008,1-0,1.0,961,651,849,15.8
2464,Base-41b4968,0-1,1.0,962,651,849,16.0
2465,New-8ad2008,0-1,0.0,962,651,850,15.8
2463,New-8ad2008,1-0,1.0,963,651,850,15.9
2462,Base-41b4968,1/2-1/2,0.5,963,652,850,15.9
2467,New-8ad2008,0-1,0.0,963,652,851,15.8
2471,New-8ad2008,1/2-1/2,0.5,963,653,851,15.8
2466,Base-41b4968,1/2-1/2,0.5,963,654,851,15.8
2468,Base-41b4968,1-0,0.0,963,654,852,15.6
2469,New-8ad2008,0-1,0.0,963,654,853,15.5
2472,Base-41b4968,0-1,1.0,964,654,853,15.6
2474,Base-41b4968,1/2-1/2,0.5,964,655,853,15.6
2473,New-8ad2008,1-0,1.0,965,655,853,15.7
2470,Base-41b4968,0-1,1.0,966,655,853,15.9
2476,Base-41b4968,0-1,1.0,967,655,853,16.0
2475,New-8ad2008,1/2-1/2,0.5,967,656,853,16.0
2477,New-8ad2008,0-1,0.0,967,656,854,15.9
2481,New-8ad2008,0-1,0.0,967,656,855,15.7
2482,Base-41b4968,0-1,1.0,968,656,855,15.8
2479,New-8ad2008,0-1,0.0,968,656,856,15.7
2478,Base-41b4968,1/2-1/2,0.5,968,657,856,15.7
2480,Base-41b4968,1/2-1/2,0.5,968,658,856,15.7
2484,Base-41b4968,0-1,1.0,969,658,856,15.8
2483,New-8ad2008,0-1,0.0,969,658,857,15.7
2485,New-8ad2008,1-0,1.0,970,658,857,15.8
2486,Base-41b4968,1/2-1/2,0.5,970,659,857,15.8
2487,New-8ad2008,1/2-1/2,0.5,970,660,857,15.8
2491,New-8ad2008,1-0,1.0,971,660,857,15.9
2490,Base-41b4968,0-1,1.0,972,660,857,16.1
2488,Base-41b4968,1-0,0.0,972,660,858,15.9
2489,New-8ad2008,0-1,0.0,972,660,859,15.8
2492,Base-41b4968,1/2-1/2,0.5,972,661,859,15.8
2493,New-8ad2008,1/2-1/2,0.5,972,662,859,15.8
2501,New-8ad2008,1/2-1/2,0.5,972,663,859,15.8
2494,Base-41b4968,1-0,0.0,972,663,860,15.6
2499,New-8ad2008,0-1,0.0,972,663,861,15.5
2502,Base-41b4968,1/2-1/2,0.5,972,664,861,15.5
2500,Base-41b4968,1/2-1/2,0.5,972,665,861,15.4
2495,New-8ad2008,1-0,1.0,973,665,861,15.6
2496,Base-41b4968,0-1,1.0,974,665,861,15.7
2498,Base-41b4968,0-1,1.0,975,665,861,15.8
2497,New-8ad2008,0-1,0.0,975,665,862,15.7
2503,New-8ad2008,0-1,0.0,975,665,863,15.6
2510,Base-41b4968,1-0,0.0,975,665,864,15.4
2508,Base-41b4968,0-1,1.0,976,665,864,15.5
2504,Base-41b4968,0-1,1.0,977,665,864,15.7
2505,New-8ad2008,1-0,1.0,978,665,864,15.8
2507,New-8ad2008,1-0,1.0,979,665,864,15.9
2506,Base-41b4968,1-0,0.0,979,665,865,15.8
2509,New-8ad2008,0-1,0.0,979,665,866,15.7
2514,Base-41b4968,1/2-1/2,0.5,979,666,866,15.6
2511,New-8ad2008,1-0,1.0,980,666,866,15.8
2512,Base-41b4968,0-1,1.0,981,666,866,15.9
2515,New-8ad2008,1-0,1.0,982,666,866,16.0
2517,New-8ad2008,0-1,0.0,982,666,867,15.9
2513,New-8ad2008,0-1,0.0,982,666,868,15.8
2518,Base-41b4968,0-1,1.0,983,666,868,15.9
2516,Base-41b4968,1/2-1/2,0.5,983,667,868,15.9
2520,Base-41b4968,1-0,0.0,983,667,869,15.7
2519,New-8ad2008,0-1,0.0,983,667,870,15.6
2522,Base-41b4968,0-1,1.0,984,667,870,15.7
2521,New-8ad2008,1/2-1/2,0.5,984,668,870,15.7
2523,New-8ad2008,1-0,1.0,985,668,870,15.8
2524,Base-41b4968,0-1,1.0,986,668,870,16.0
2526,Base-41b4968,0-1,1.0,987,668,870,16.1
2527,New-8ad2008,0-1,0.0,987,668,871,16.0
2530,Base-41b4968,0-1,1.0,988,668,871,16.1
2528,Base-41b4968,0-1,1.0,989,668,871,16.2
2525,New-8ad2008,1/2-1/2,0.5,989,669,871,16.2
2529,New-8ad2008,0-1,0.0,989,669,872,16.1
2531,New-8ad2008,0-1,0.0,989,669,873,15.9
2533,New-8ad2008,1-0,1.0,990,669,873,16.1
2534,Base-41b4968,1/2-1/2,0.5,990,670,873,16.1
2532,Base-41b4968,0-1,1.0,991,670,873,16.2
2535,New-8ad2008,0-1,0.0,991,670,874,16.0
2536,Base-41b4968,1-0,0.0,991,670,875,15.9
2543,New-8ad2008,0-1,0.0,991,670,876,15.8
2537,New-8ad2008,1/2-1/2,0.5,991,671,876,15.8
2544,Base-41b4968,0-1,1.0,992,671,876,15.9
2538,Base-41b4968,0-1,1.0,993,671,876,16.0
2539,New-8ad2008,1-0,1.0,994,671,876,16.1
2541,New-8ad2008,0-1,0.0,994,671,877,16.0
2547,New-8ad2008,1/2-1/2,0.5,994,672,877,16.0
2542,Base-41b4968,0-1,1.0,995,672,877,16.1
2546,Base-41b4968,0-1,1.0,996,672,877,16.3
2549,New-8ad2008,0-1,0.0,996,672,878,16.1
2540,Base-41b4968,1/2-1/2,0.5,996,673,878,16.1
2548,Base-41b4968,0-1,1.0,997,673,878,16.2
2545,New-8ad2008,1/2-1/2,0.5,997,674,878,16.2
2550,Base-41b4968,1-0,0.0,997,674,879,16.1
2552,Base-41b4968,0-1,1.0,998,674,879,16.2
2551,New-8ad2008,0-1,0.0,998,674,880,16.1
2553,New-8ad2008,1-0,1.0,999,674,880,16.2
2554,Base-41b4968,1/2-1/2,0.5,999,675,880,16.2
2556,Base-41b4968,1/2-1/2,0.5,999,676,880,16.2
2555,New-8ad2008,1/2-1/2,0.5,999,677,880,16.2
2558,Base-41b4968,1/2-1/2,0.5,999,678,880,16.2
2557,New-8ad2008,1-0,1.0,1000,678,880,16.3
2560,Base-41b4968,1-0,0.0,1000,678,881,16.2
2561,New-8ad2008,0-1,0.0,1000,678,882,16.0
2559,New-8ad2008,0-1,0.0,1000,678,883,15.9
2562,Base-41b4968,0-1,1.0,1001,678,883,16.0
2565,New-8ad2008,0-1,0.0,1001,678,884,15.9
2563,New-8ad2008,0-1,0.0,1001,678,885,15.7
2564,Base-41b4968,1/2-1/2,0.5,1001,679,885,15.7
2566,Base-41b4968,1/2-1/2,0.5,1001,680,885,15.7
2571,New-8ad2008,1-0,1.0,1002,680,885,15.8
2572,Base-41b4968,0-1,1.0,1003,680,885,16.0
2567,New-8ad2008,0-1,0.0,1003,680,886,15.8
2570,Base-41b4968,1-0,0.0,1003,680,887,15.7
2568,Base-41b4968,1/2-1/2,0.5,1003,681,887,15.7
2569,New-8ad2008,1-0,1.0,1004,681,887,15.8
2573,New-8ad2008,0-1,0.0,1004,681,888,15.7
2574,Base-41b4968,1-0,0.0,1004,681,889,15.5
2575,New-8ad2008,1/2-1/2,0.5,1004,682,889,15.5
2580,Base-41b4968,1/2-1/2,0.5,1004,683,889,15.5
2579,New-8ad2008,0-1,0.0,1004,683,890,15.4
2576,Base-41b4968,0-1,1.0,1005,683,890,15.5
2577,New-8ad2008,1-0,1.0,1006,683,890,15.6
2582,Base-41b4968,1/2-1/2,0.5,1006,684,890,15.6
2581,New-8ad2008,1/2-1/2,0.5,1006,685,890,15.6
2578,Base-41b4968,1/2-1/2,0.5,1006,686,890,15.6
2583,New-8ad2008,0-1,0.0,1006,686,891,15.5
2584,Base-41b4968,0-1,1.0,1007,686,891,15.6
2585,New-8ad2008,0-1,0.0,1007,686,892,15.5
2588,Base-41b4968,0-1,1.0,1008,686,892,15.6
2586,Base-41b4968,1-0,0.0,1008,686,893,15.5
2587,New-8ad2008,1-0,1.0,1009,686,893,15.6
2590,Base-41b4968,1-0,0.0,1009,686,894,15.4
2589,New-8ad2008,1-0,1.0,1010,686,894,15.6
2592,Base-41b4968,0-1,1.0,1011,686,894,15.7
2594,Base-41b4968,1-0,0.0,1011,686,895,15.6
2596,Base-41b4968,1-0,0.0,1011,686,896,15.4
2591,New-8ad2008,0-1,0.0,1011,686,897,15.3
2593,New-8ad2008,1/2-1/2,0.5,1011,687,897,15.3
2597,New-8ad2008,0-1,0.0,1011,687,898,15.1
2595,New-8ad2008,1-0,1.0,1012,687,898,15.3
2598,Base-41b4968,0-1,1.0,1013,687,898,15.4
2599,New-8ad2008,0-1,0.0,1013,687,899,15.2
2601,New-8ad2008,1/2-1/2,0.5,1013,688,899,15.2
2602,Base-41b4968,1-0,0.0,1013,688,900,15.1
2603,New-8ad2008,0-1,0.0,1013,688,901,15.0
2600,Base-41b4968,0-1,1.0,1014,688,901,15.1
2607,New-8ad2008,0-1,0.0,1014,688,902,15.0
2606,Base-41b4968,1-0,0.0,1014,688,903,14.8
2604,Base-41b4968,1/2-1/2,0.5,1014,689,903,14.8
2608,Base-41b4968,1/2-1/2,0.5,1014,690,903,14.8
2605,New-8ad2008,1-0,1.0,1015,690,903,14.9
2609,New-8ad2008,1-0,1.0,1016,690,903,15.1
2611,New-8ad2008,1-0,1.0,1017,690,903,15.2
2610,Base-41b4968,0-1,1.0,1018,690,903,15.3
2613,New-8ad2008,1-0,1.0,1019,690,903,15.4
2615,New-8ad2008,1/2-1/2,0.5,1019,691,903,15.4
2614,Base-41b4968,1/2-1/2,0.5,1019,692,903,15.4
2616,Base-41b4968,0-1,1.0,1020,692,903,15.6
2612,Base-41b4968,1-0,0.0,1020,692,904,15.4
2617,New-8ad2008,1-0,1.0,1021,692,904,15.5
2619,New-8ad2008,1/2-1/2,0.5,1021,693,904,15.5
2618,Base-41b4968,1/2-1/2,0.5,1021,694,904,15.5
2624,Base-41b4968,1/2-1/2,0.5,1021,695,904,15.5
2621,New-8ad2008,1-0,1.0,1022,695,904,15.7
2620,Base-41b4968,0-1,1.0,1023,695,904,15.8
2623,New-8ad2008,1-0,1.0,1024,695,904,15.9
2622,Base-41b4968,1-0,0.0,1024,695,905,15.8
2626,Base-41b4968,1/2-1/2,0.5,1024,696,905,15.8
2625,New-8ad2008,1/2-1/2,0.5,1024,697,905,15.8
2628,Base-41b4968,0-1,1.0,1025,697,905,15.9
2630,Base-41b4968,1-0,0.0,1025,697,906,15.7
2627,New-8ad2008,1-0,1.0,1026,697,906,15.9
2629,New-8ad2008,1-0,1.0,1027,697,906,16.0
2634,Base-41b4968,1/2-1/2,0.5,1027,698,906,16.0
2631,New-8ad2008,1/2-1/2,0.5,1027,699,906,16.0
2633,New-8ad2008,1-0,1.0,1028,699,906,16.1
2632,Base-41b4968,1-0,0.0,1028,699,907,16.0
2635,New-8ad2008,1-0,1.0,1029,699,907,16.1
2636,Base-41b4968,0-1,1.0,1030,699,907,16.2
2639,New-8ad2008,1-0,1.0,1031,699,907,16.3
2637,New-8ad2008,1-0,1.0,1032,699,907,16.5
2640,Base-41b4968,1/2-1/2,0.5,1032,700,907,16.5
2641,New-8ad2008,1/2-1/2,0.5,1032,701,907,16.5
2638,Base-41b4968,1-0,0.0,1032,701,908,16.3
2643,New-8ad2008,1-0,1.0,1033,701,908,16.5
2642,Base-41b4968,0-1,1.0,1034,701,908,16.6
2645,New-8ad2008,1-0,1.0,1035,701,908,16.7
2644,Base-41b4968,0-1,1.0,1036,701,908,16.8
2647,New-8ad2008,1-0,1.0,1037,701,908,17.0
2646,Base-41b4968,0-1,1.0,1038,701,908,17.1
2649,New-8ad2008,1-0,1.0,1039,701,908,17.2
2648,Base-41b4968,1/2-1/2,0.5,1039,702,908,17.2
2653,New-8ad2008,0-1,0.0,1039,702,909,17.1
2650,Base-41b4968,1-0,0.0,1039,702,910,16.9
2654,Base-41b4968,1/2-1/2,0.5,1039,703,910,16.9
2652,Base-41b4968,1-0,0.0,1039,703,911,16.8
2651,New-8ad2008,1-0,1.0,1040,703,911,16.9
2657,New-8ad2008,1-0,1.0,1041,703,911,17.0
2655,New-8ad2008,1-0,1.0,1042,703,911,17.2
2656,Base-41b4968,0-1,1.0,1043,703,911,17.3
2659,New-8ad2008,1-0,1.0,1044,703,911,17.4
2658,Base-41b4968,1/2-1/2,0.5,1044,704,911,17.4
2660,Base-41b4968,1-0,0.0,1044,704,912,17.3
2661,New-8ad2008,1/2-1/2,0.5,1044,705,912,17.2
2662,Base-41b4968,1-0,0.0,1044,705,913,17.1
2663,New-8ad2008,1-0,1.0,1045,705,913,17.2
2667,New-8ad2008,0-1,0.0,1045,705,914,17.1
2664,Base-41b4968,1-0,0.0,1045,705,915,17.0
2665,New-8ad2008,1/2-1/2,0.5,1045,706,915,17.0
2666,Base-41b4968,1/2-1/2,0.5,1045,707,915,16.9
2668,Base-41b4968,0-1,1.0,1046,707,915,17.1
2669,New-8ad2008,1/2-1/2,0.5,1046,708,915,17.1
2671,New-8ad2008,1/2-1/2,0.5,1046,709,915,17.1
2672,Base-41b4968,1/2-1/2,0.5,1046,710,915,17.1
2670,Base-41b4968,0-1,1.0,1047,710,915,17.2
2673,New-8ad2008,0-1,0.0,1047,710,916,17.0
2674,Base-41b4968,1-0,0.0,1047,710,917,16.9
2675,New-8ad2008,0-1,0.0,1047,710,918,16.8
2677,New-8ad2008,1/2-1/2,0.5,1047,711,918,16.8
2681,New-8ad2008,0-1,0.0,1047,711,919,16.6
2676,Base-41b4968,1-0,0.0,1047,711,920,16.5
2678,Base-41b4968,1-0,0.0,1047,711,921,16.4
2680,Base-41b4968,1-0,0.0,1047,711,922,16.2
2679,New-8ad2008,0-1,0.0,1047,711,923,16.1
2684,Base-41b4968,0-1,1.0,1048,711,923,16.2
2683,New-8ad2008,0-1,0.0,1048,711,924,16.1
2687,New-8ad2008,1-0,1.0,1049,711,924,16.2
2682,Base-41b4968,0-1,1.0,1050,711,924,16.3
2685,New-8ad2008,1-0,1.0,1051,711,924,16.4
2686,Base-41b4968,1-0,0.0,1051,711,925,16.3
2689,New-8ad2008,1-0,1.0,1052,711,925,16.4
2693,New-8ad2008,1-0,1.0,1053,711,925,16.6
2688,Base-41b4968,1/2-1/2,0.5,1053,712,925,16.5
2690,Base-41b4968,0-1,1.0,1054,712,925,16.7
2692,Base-41b4968,0-1,1.0,1055,712,925,16.8
2691,New-8ad2008,1/2-1/2,0.5,1055,713,925,16.8
2694,Base-41b4968,1-0,0.0,1055,713,926,16.6
2696,Base-41b4968,1-0,0.0,1055,713,927,16.5
2695,New-8ad2008,1-0,1.0,1056,713,927,16.6
2697,New-8ad2008,1-0,1.0,1057,713,927,16.8
2699,New-8ad2008,0-1,0.0,1057,713,928,16.6
2698,Base-41b4968,0-1,1.0,1058,713,928,16.7
2700,Base-41b4968,1-0,0.0,1058,713,929,16.6
2701,New-8ad2008,1/2-1/2,0.5,1058,714,929,16.6
2702,Base-41b4968,0-1,1.0,1059,714,929,16.7
2703,New-8ad2008,1/2-1/2,0.5,1059,715,929,16.7
2704,Base-41b4968,1-0,0.0,1059,715,930,16.6
2706,Base-41b4968,1-0,0.0,1059,715,931,16.5
2707,New-8ad2008,1-0,1.0,1060,715,931,16.6
2705,New-8ad2008,1-0,1.0,1061,715,931,16.7
2714,Base-41b4968,1/2-1/2,0.5,1061,716,931,16.7
2709,New-8ad2008,1/2-1/2,0.5,1061,717,931,16.7
2711,New-8ad2008,0-1,0.0,1061,717,932,16.6
2708,Base-41b4968,0-1,1.0,1062,717,932,16.7
2710,Base-41b4968,1/2-1/2,0.5,1062,718,932,16.7
2712,Base-41b4968,1-0,0.0,1062,718,933,16.5
2713,New-8ad2008,0-1,0.0,1062,718,934,16.4
2715,New-8ad2008,0-1,0.0,1062,718,935,16.3
2717,New-8ad2008,1-0,1.0,1063,718,935,16.4
2716,Base-41b4968,0-1,1.0,1064,718,935,16.5
2719,New-8ad2008,0-1,0.0,1064,718,936,16.4
2721,New-8ad2008,1/2-1/2,0.5,1064,719,936,16.4
2718,Base-41b4968,0-1,1.0,1065,719,936,16.5
2722,Base-41b4968,0-1,1.0,1066,719,936,16.6
2724,Base-41b4968,0-1,1.0,1067,719,936,16.7
2723,New-8ad2008,0-1,0.0,1067,719,937,16.6
2720,Base-41b4968,0-1,1.0,1068,719,937,16.7
2726,Base-41b4968,0-1,1.0,1069,719,937,16.8
2725,New-8ad2008,1/2-1/2,0.5,1069,720,937,16.8
2730,Base-41b4968,0-1,1.0,1070,720,937,17.0
2731,New-8ad2008,1/2-1/2,0.5,1070,721,937,17.0
2729,New-8ad2008,1-0,1.0,1071,721,937,17.1
2727,New-8ad2008,0-1,0.0,1071,721,938,16.9
2728,Base-41b4968,0-1,1.0,1072,721,938,17.1
2732,Base-41b4968,0-1,1.0,1073,721,938,17.2
2733,New-8ad2008,1-0,1.0,1074,721,938,17.3
2734,Base-41b4968,0-1,1.0,1075,721,938,17.4
2735,New-8ad2008,0-1,0.0,1075,721,939,17.3
2737,New-8ad2008,1-0,1.0,1076,721,939,17.4
2736,Base-41b4968,0-1,1.0,1077,721,939,17.5
2738,Base-41b4968,1-0,0.0,1077,721,940,17.4
2739,New-8ad2008,0-1,0.0,1077,721,941,17.3
2741,New-8ad2008,1-0,1.0,1078,721,941,17.4
2740,Base-41b4968,0-1,1.0,1079,721,941,17.5
2742,Base-41b4968,1-0,0.0,1079,721,942,17.4
2743,New-8ad2008,1-0,1.0,1080,721,942,17.5
2744,Base-41b4968,1/2-1/2,0.5,1080,722,942,17.5
2745,New-8ad2008,1-0,1.0,1081,722,942,17.6
2750,Base-41b4968,0-1,1.0,1082,722,942,17.7
2747,New-8ad2008,1-0,1.0,1083,722,942,17.8
2746,Base-41b4968,1-0,0.0,1083,722,943,17.7
2749,New-8ad2008,1-0,1.0,1084,722,943,17.8
2752,Base-41b4968,0-1,1.0,1085,722,943,18.0
2748,Base-41b4968,1-0,0.0,1085,722,944,17.8
2751,New-8ad2008,1/2-1/2,0.5,1085,723,944,17.8
2756,Base-41b4968,1/2-1/2,0.5,1085,724,944,17.8
2753,New-8ad2008,1-0,1.0,1086,724,944,17.9
2754,Base-41b4968,1-0,0.0,1086,724,945,17.8
2757,New-8ad2008,0-1,0.0,1086,724,946,17.7
2758,Base-41b4968,1/2-1/2,0.5,1086,725,946,17.7
2760,Base-41b4968,1-0,0.0,1086,725,947,17.5
2759,New-8ad2008,1-0,1.0,1087,725,947,17.6
2755,New-8ad2008,1-0,1.0,1088,725,947,17.8
2761,New-8ad2008,1-0,1.0,1089,725,947,17.9
2762,Base-41b4968,0-1,1.0,1090,725,947,18.0
2763,New-8ad2008,0-1,0.0,1090,725,948,17.9
2764,Base-41b4968,0-1,1.0,1091,725,948,18.0
2766,Base-41b4968,1-0,0.0,1091,725,949,17.9
2765,New-8ad2008,1-0,1.0,1092,725,949,18.0
2767,New-8ad2008,0-1,0.0,1092,725,950,17.8
2768,Base-41b4968,0-1,1.0,1093,725,950,18.0
2772,Base-41b4968,0-1,1.0,1094,725,950,18.1
2770,Base-41b4968,0-1,1.0,1095,725,950,18.2
2769,New-8ad2008,0-1,0.0,1095,725,951,18.1
2771,New-8ad2008,0-1,0.0,1095,725,952,17.9
2773,New-8ad2008,1-0,1.0,1096,725,952,18.1
2774,Base-41b4968,1-0,0.0,1096,725,953,17.9
2778,Base-41b4968,1/2-1/2,0.5,1096,726,953,17.9
2776,Base-41b4968,1-0,0.0,1096,726,954,17.8
2777,New-8ad2008,1-0,1.0,1097,726,954,17.9
2775,New-8ad2008,1/2-1/2,0.5,1097,727,954,17.9
2779,New-8ad2008,0-1,0.0,1097,727,955,17.8
2780,Base-41b4968,1-0,0.0,1097,727,956,17.6
2781,New-8ad2008,1-0,1.0,1098,727,956,17.8
2783,New-8ad2008,0-1,0.0,1098,727,957,17.6
2782,Base-41b4968,1/2-1/2,0.5,1098,728,957,17.6
2784,Base-41b4968,0-1,1.0,1099,728,957,17.7
2790,Base-41b4968,1/2-1/2,0.5,1099,729,957,17.7
2785,New-8ad2008,0-1,0.0,1099,729,958,17.6
2786,Base-41b4968,0-1,1.0,1100,729,958,17.7
2787,New-8ad2008,1/2-1/2,0.5,1100,730,958,17.7
2789,New-8ad2008,0-1,0.0,1100,730,959,17.6
2788,Base-41b4968,0-1,1.0,1101,730,959,17.7
2792,Base-41b4968,1/2-1/2,0.5,1101,731,959,17.7
2791,New-8ad2008,1-0,1.0,1102,731,959,17.8
2796,Base-41b4968,1/2-1/2,0.5,1102,732,959,17.8
2793,New-8ad2008,0-1,0.0,1102,732,960,17.7
2794,Base-41b4968,1-0,0.0,1102,732,961,17.5
2798,Base-41b4968,1/2-1/2,0.5,1102,733,961,17.5
2797,New-8ad2008,0-1,0.0,1102,733,962,17.4
2795,New-8ad2008,1/2-1/2,0.5,1102,734,962,17.4
2799,New-8ad2008,1/2-1/2,0.5,1102,735,962,17.4
2800,Base-41b4968,1/2-1/2,0.5,1102,736,962,17.4
2801,New-8ad2008,1-0,1.0,1103,736,962,17.5
2803,New-8ad2008,1-0,1.0,1104,736,962,17.6
2804,Base-41b4968,1/2-1/2,0.5,1104,737,962,17.6
2802,Base-41b4968,0-1,1.0,1105,737,962,17.7
2806,Base-41b4968,0-1,1.0,1106,737,962,17.9
2807,New-8ad2008,1-0,1.0,1107,737,962,18.0
2808,Base-41b4968,1/2-1/2,0.5,1107,738,962,18.0
2805,New-8ad2008,1-0,1.0,1108,738,962,18.1
2810,Base-41b4968,1-0,0.0,1108,738,963,18.0
2811,New-8ad2008,1-0,1.0,1109,738,963,18.1
2812,Base-41b4968,0-1,1.0,1110,738,963,18.2
2809,New-8ad2008,1-0,1.0,1111,738,963,18.3
2813,New-8ad2008,0-1,0.0,1111,738,964,18.2
2815,New-8ad2008,1/2-1/2,0.5,1111,739,964,18.2
2816,Base-41b4968,1-0,0.0,1111,739,965,18.0
2814,Base-41b4968,0-1,1.0,1112,739,965,18.2
2817,New-8ad2008,0-1,0.0,1112,739,966,18.0
2819,New-8ad2008,0-1,0.0,1112,739,967,17.9
2820,Base-41b4968,1-0,0.0,1112,739,968,17.8
2818,Base-41b4968,0-1,1.0,1113,739,968,17.9
2822,Base-41b4968,0-1,1.0,1114,739,968,18.0
2821,New-8ad2008,1-0,1.0,1115,739,968,18.1
2823,New-8ad2008,1-0,1.0,1116,739,968,18.2
2827,New-8ad2008,0-1,0.0,1116,739,969,18.1
2825,New-8ad2008,1-0,1.0,1117,739,969,18.2
2828,Base-41b4968,0-1,1.0,1118,739,969,18.3
2824,Base-41b4968,1-0,0.0,1118,739,970,18.2
2826,Base-41b4968,1/2-1/2,0.5,1118,740,970,18.2
2829,New-8ad2008,1-0,1.0,1119,740,970,18.3
2831,New-8ad2008,1-0,1.0,1120,740,970,18.4
2830,Base-41b4968,1/2-1/2,0.5,1120,741,970,18.4
2836,Base-41b4968,1-0,0.0,1120,741,971,18.3
2833,New-8ad2008,0-1,0.0,1120,741,972,18.2
2832,Base-41b4968,1-0,0.0,1120,741,973,18.0
2835,New-8ad2008,0-1,0.0,1120,741,974,17.9
2838,Base-41b4968,1-0,0.0,1120,741,975,17.8
2834,Base-41b4968,0-1,1.0,1121,741,975,17.9
2837,New-8ad2008,1-0,1.0,1122,741,975,18.0
2843,New-8ad2008,1/2-1/2,0.5,1122,742,975,18.0
2840,Base-41b4968,1-0,0.0,1122,742,976,17.9
2842,Base-41b4968,1-0,0.0,1122,742,977,17.7
2841,New-8ad2008,1/2-1/2,0.5,1122,743,977,17.7
2839,New-8ad2008,0-1,0.0,1122,743,978,17.6
2844,Base-41b4968,0-1,1.0,1123,743,978,17.7
2845,New-8ad2008,1/2-1/2,0.5,1123,744,978,17.7
2847,New-8ad2008,0-1,0.0,1123,744,979,17.6
2848,Base-41b4968,0-1,1.0,1124,744,979,17.7
2846,Base-41b4968,1-0,0.0,1124,744,980,17.6
2849,New-8ad2008,0-1,0.0,1124,744,981,17.5
2852,Base-41b4968,1/2-1/2,0.5,1124,745,981,17.4
2851,New-8ad2008,1-0,1.0,1125,745,981,17.6
2850,Base-41b4968,1-0,0.0,1125,745,982,17.4
2855,New-8ad2008,0-1,0.0,1125,745,983,17.3
2853,New-8ad2008,0-1,0.0,1125,745,984,17.2
2854,Base-41b4968,1-0,0.0,1125,745,985,17.1
2856,Base-41b4968,1-0,0.0,1125,745,986,16.9
2857,New-8ad2008,1/2-1/2,0.5,1125,746,986,16.9
2858,Base-41b4968,1/2-1/2,0.5,1125,747,986,16.9
2861,New-8ad2008,0-1,0.0,1125,747,987,16.8
2859,New-8ad2008,1-0,1.0,1126,747,987,16.9
2860,Base-41b4968,0-1,1.0,1127,747,987,17.0
2862,Base-41b4968,0-1,1.0,1128,747,987,17.1
2864,Base-41b4968,1-0,0.0,1128,747,988,17.0
2866,Base-41b4968,0-1,1.0,1129,747,988,17.1
2865,New-8ad2008,1-0,1.0,1130,747,988,17.2
2867,New-8ad2008,1-0,1.0,1131,747,988,17.3
2868,Base-41b4968,0-1,1.0,1132,747,988,17.5
2863,New-8ad2008,1/2-1/2,0.5,1132,748,988,17.5
2870,Base-41b4968,1-0,0.0,1132,748,989,17.3
2869,New-8ad2008,1/2-1/2,0.5,1132,749,989,17.3
2871,New-8ad2008,1/2-1/2,0.5,1132,750,989,17.3
2876,Base-41b4968,1/2-1/2,0.5,1132,751,989,17.3
2877,New-8ad2008,1/2-1/2,0.5,1132,752,989,17.3
2873,New-8ad2008,0-1,0.0,1132,752,990,17.2
2875,New-8ad2008,1/2-1/2,0.5,1132,753,990,17.2
2872,Base-41b4968,1/2-1/2,0.5,1132,754,990,17.2
2878,Base-41b4968,1/2-1/2,0.5,1132,755,990,17.2
2874,Base-41b4968,0-1,1.0,1133,755,990,17.3
2882,Base-41b4968,1-0,0.0,1133,755,991,17.2
2879,New-8ad2008,1/2-1/2,0.5,1133,756,991,17.1
2883,New-8ad2008,0-1,0.0,1133,756,992,17.0
2880,Base-41b4968,0-1,1.0,1134,756,992,17.1
2881,New-8ad2008,1-0,1.0,1135,756,992,17.2
2884,Base-41b4968,1/2-1/2,0.5,1135,757,992,17.2
2885,New-8ad2008,0-1,0.0,1135,757,993,17.1
2886,Base-41b4968,0-1,1.0,1136,757,993,17.2
2887,New-8ad2008,0-1,0.0,1136,757,994,17.1
2888,Base-41b4968,0-1,1.0,1137,757,994,17.2
2891,New-8ad2008,1-0,1.0,1138,757,994,17.3
2889,New-8ad2008,1/2-1/2,0.5,1138,758,994,17.3
2894,Base-41b4968,1-0,0.0,1138,758,995,17.2
2892,Base-41b4968,0-1,1.0,1139,758,995,17.3
2890,Base-41b4968,1/2-1/2,0.5,1139,759,995,17.3
2893,New-8ad2008,1-0,1.0,1140,759,995,17.4
2895,New-8ad2008,1/2-1/2,0.5,1140,760,995,17.4
2896,Base-41b4968,0-1,1.0,1141,760,995,17.5
2897,New-8ad2008,0-1,0.0,1141,760,996,17.4
2901,New-8ad2008,0-1,0.0,1141,760,997,17.3
2898,Base-41b4968,0-1,1.0,1142,760,997,17.4
2900,Base-41b4968,1-0,0.0,1142,760,998,17.3
2899,New-8ad2008,1/2-1/2,0.5,1142,761,998,17.3
2903,New-8ad2008,1-0,1.0,1143,761,998,17.4
2902,Base-41b4968,0-1,1.0,1144,761,998,17.5
2905,New-8ad2008,0-1,0.0,1144,761,999,17.4
2907,New-8ad2008,0-1,0.0,1144,761,1000,17.2
2904,Base-41b4968,1-0,0.0,1144,761,1001,17.1
2906,Base-41b4968,1-0,0.0,1144,761,1002,17.0
2909,New-8ad2008,1-0,1.0,1145,761,1002,17.1
2908,Base-41b4968,1-0,0.0,1145,761,1003,17.0
2911,New-8ad2008,1-0,1.0,1146,761,1003,17.1
2914,Base-41b4968,0-1,1.0,1147,761,1003,17.2
2912,Base-41b4968,1-0,0.0,1147,761,1004,17.1
2910,Base-41b4968,0-1,1.0,1148,761,1004,17.2
2915,New-8ad2008,1-0,1.0,1149,761,1004,17.3
2913,New-8ad2008,1/2-1/2,0.5,1149,762,1004,17.3
2916,Base-41b4968,0-1,1.0,1150,762,1004,17.4
2921,New-8ad2008,1/2-1/2,0.5,1150,763,1004,17.4
2920,Base-41b4968,1-0,0.0,1150,763,1005,17.3
2917,New-8ad2008,0-1,0.0,1150,763,1006,17.2
2918,Base-41b4968,0-1,1.0,1151,763,1006,17.3
2923,New-8ad2008,0-1,0.0,1151,763,1007,17.1
2919,New-8ad2008,1-0,1.0,1152,763,1007,17.3
2928,Base-41b4968,1/2-1/2,0.5,1152,764,1007,17.2
2922,Base-41b4968,0-1,1.0,1153,764,1007,17.4
2924,Base-41b4968,1-0,0.0,1153,764,1008,17.2
2925,New-8ad2008,1-0,1.0,1154,764,1008,17.4
2926,Base-41b4968,0-1,1.0,1155,764,1008,17.5
2927,New-8ad2008,1-0,1.0,1156,764,1008,17.6
2929,New-8ad2008,1-0,1.0,1157,764,1008,17.7
2930,Base-41b4968,1/2-1/2,0.5,1157,765,1008,17.7
2932,Base-41b4968,1-0,0.0,1157,765,1009,17.6
2931,New-8ad2008,1/2-1/2,0.5,1157,766,1009,17.6
2936,Base-41b4968,1/2-1/2,0.5,1157,767,1009,17.5
2933,New-8ad2008,1/2-1/2,0.5,1157,768,1009,17.5
2934,Base-41b4968,1-0,0.0,1157,768,1010,17.4
2937,New-8ad2008,1/2-1/2,0.5,1157,769,1010,17.4
2935,New-8ad2008,1-0,1.0,1158,769,1010,17.5
2939,New-8ad2008,0-1,0.0,1158,769,1011,17.4
2938,Base-41b4968,1/2-1/2,0.5,1158,770,1011,17.4
2940,Base-41b4968,1/2-1/2,0.5,1158,771,1011,17.4
2942,Base-41b4968,0-1,1.0,1159,771,1011,17.5
2941,New-8ad2008,0-1,0.0,1159,771,1012,17.4
2943,New-8ad2008,0-1,0.0,1159,771,1013,17.3
2944,Base-41b4968,0-1,1.0,1160,771,1013,17.4
2945,New-8ad2008,1-0,1.0,1161,771,1013,17.5
2946,Base-41b4968,1/2-1/2,0.5,1161,772,1013,17.5
2947,New-8ad2008,0-1,0.0,1161,772,1014,17.3
2952,Base-41b4968,0-1,1.0,1162,772,1014,17.5
2949,New-8ad2008,1-0,1.0,1163,772,1014,17.6
2950,Base-41b4968,0-1,1.0,1164,772,1014,17.7
2951,New-8ad2008,1-0,1.0,1165,772,1014,17.8
2954,Base-41b4968,1-0,0.0,1165,772,1015,17.7
2953,New-8ad2008,1/2-1/2,0.5,1165,773,1015,17.7
2957,New-8ad2008,1/2-1/2,0.5,1165,774,1015,17.7
2955,New-8ad2008,1/2-1/2,0.5,1165,775,1015,17.7
2948,Base-41b4968,1/2-1/2,0.5,1165,776,1015,17.6
2961,New-8ad2008,1-0,1.0,1166,776,1015,17.8
2956,Base-41b4968,0-1,1.0,1167,776,1015,17.9
2958,Base-41b4968,1-0,0.0,1167,776,1016,17.7
2959,New-8ad2008,1-0,1.0,1168,776,1016,17.9
2960,Base-41b4968,0-1,1.0,1169,776,1016,18.0
2962,Base-41b4968,1-0,0.0,1169,776,1017,17.8
2965,New-8ad2008,1-0,1.0,1170,776,1017,18.0
2964,Base-41b4968,1-0,0.0,1170,776,1018,17.8
2966,Base-41b4968,1-0,0.0,1170,776,1019,17.7
2967,New-8ad2008,1-0,1.0,1171,776,1019,17.8
2968,Base-41b4968,0-1,1.0,1172,776,1019,17.9
2969,New-8ad2008,0-1,0.0,1172,776,1020,17.8
2963,New-8ad2008,1/2-1/2,0.5,1172,777,1020,17.8
2970,Base-41b4968,0-1,1.0,1173,777,1020,17.9
2971,New-8ad2008,1/2-1/2,0.5,1173,778,1020,17.9
2973,New-8ad2008,1-0,1.0,1174,778,1020,18.0
2974,Base-41b4968,1-0,0.0,1174,778,1021,17.9
2976,Base-41b4968,1-0,0.0,1174,778,1022,17.8
2972,Base-41b4968,1/2-1/2,0.5,1174,779,1022,17.8
2975,New-8ad2008,1-0,1.0,1175,779,1022,17.9
2979,New-8ad2008,1-0,1.0,1176,779,1022,18.0
2977,New-8ad2008,1/2-1/2,0.5,1176,780,1022,18.0
2978,Base-41b4968,1/2-1/2,0.5,1176,781,1022,18.0
2982,Base-41b4968,0-1,1.0,1177,781,1022,18.1
2981,New-8ad2008,1/2-1/2,0.5,1177,782,1022,18.1
2980,Base-41b4968,0-1,1.0,1178,782,1022,18.2
2983,New-8ad2008,0-1,0.0,1178,782,1023,18.1
2984,Base-41b4968,1-0,0.0,1178,782,1024,17.9
2986,Base-41b4968,0-1,1.0,1179,782,1024,18.1
2985,New-8ad2008,1/2-1/2,0.5,1179,783,1024,18.1
2987,New-8ad2008,1-0,1.0,1180,783,1024,18.2
2988,Base-41b4968,0-1,1.0,1181,783,1024,18.3
2989,New-8ad2008,0-1,0.0,1181,783,1025,18.1
2990,Base-41b4968,0-1,1.0,1182,783,1025,18.3
2991,New-8ad2008,1-0,1.0,1183,783,1025,18.4
2992,Base-41b4968,1-0,0.0,1183,783,1026,18.2
2997,New-8ad2008,1/2-1/2,0.5,1183,784,1026,18.2
2993,New-8ad2008,0-1,0.0,1183,784,1027,18.1
3000,Base-41b4968,1-0,0.0,1183,784,1028,18.0
2995,New-8ad2008,1-0,1.0,1184,784,1028,18.1
2996,Base-41b4968,0-1,1.0,1185,784,1028,18.2
3001,New-8ad2008,1/2-1/2,0.5,1185,785,1028,18.2
2999,New-8ad2008,1-0,1.0,1186,785,1028,18.3
2998,Base-41b4968,0-1,1.0,1187,785,1028,18.4
2994,Base-41b4968,1-0,0.0,1187,785,1029,18.3
3002,Base-41b4968,1-0,0.0,1187,785,1030,18.2
3004,Base-41b4968,0-1,1.0,1188,785,1030,18.3
3005,New-8ad2008,1-0,1.0,1189,785,1030,18.4
3003,New-8ad2008,0-1,0.0,1189,785,1031,18.3
3006,Base-41b4968,0-1,1.0,1190,785,1031,18.4
3008,Base-41b4968,1/2-1/2,0.5,1190,786,1031,18.4
3007,New-8ad2008,1/2-1/2,0.5,1190,787,1031,18.4
3011,New-8ad2008,0-1,0.0,1190,787,1032,18.3
3009,New-8ad2008,1-0,1.0,1191,787,1032,18.4
3014,Base-41b4968,0-1,1.0,1192,787,1032,18.5
3010,Base-41b4968,1-0,0.0,1192,787,1033,18.4
3016,Base-41b4968,0-1,1.0,1193,787,1033,18.5
3018,Base-41b4968,1-0,0.0,1193,787,1034,18.3
3015,New-8ad2008,1/2-1/2,0.5,1193,788,1034,18.3
3012,Base-41b4968,1/2-1/2,0.5,1193,789,1034,18.3
3013,New-8ad2008,1/2-1/2,0.5,1193,790,1034,18.3
3020,Base-41b4968,1-0,0.0,1193,790,1035,18.2
3017,New-8ad2008,0-1,0.0,1193,790,1036,18.1
3019,New-8ad2008,1-0,1.0,1194,790,1036,18.2
3021,New-8ad2008,1-0,1.0,1195,790,1036,18.3
3024,Base-41b4968,1/2-1/2,0.5,1195,791,1036,18.3
3022,Base-41b4968,0-1,1.0,1196,791,1036,18.4
3026,Base-41b4968,0-1,1.0,1197,791,1036,18.5
3023,New-8ad2008,0-1,0.0,1197,791,1037,18.4
3025,New-8ad2008,0-1,0.0,1197,791,1038,18.3
3033,New-8ad2008,1/2-1/2,0.5,1197,792,1038,18.3
3027,New-8ad2008,1-0,1.0,1198,792,1038,18.4
3031,New-8ad2008,1/2-1/2,0.5,1198,793,1038,18.4
3028,Base-41b4968,0-1,1.0,1199,793,1038,18.5
3030,Base-41b4968,1/2-1/2,0.5,1199,794,1038,18.5
3029,New-8ad2008,1-0,1.0,1200,794,1038,18.6
3036,Base-41b4968,1/2-1/2,0.5,1200,795,1038,18.6
3034,Base-41b4968,0-1,1.0,1201,795,1038,18.7
3040,Base-41b4968,1-0,0.0,1201,795,1039,18.6
3032,Base-41b4968,1/2-1/2,0.5,1201,796,1039,18.6
3035,New-8ad2008,0-1,0.0,1201,796,1040,18.4
3039,New-8ad2008,1/2-1/2,0.5,1201,797,1040,18.4
3038,Base-41b4968,1-0,0.0,1201,797,1041,18.3
3037,New-8ad2008,0-1,0.0,1201,797,1042,18.2
3042,Base-41b4968,0-1,1.0,1202,797,1042,18.3
3045,New-8ad2008,1-0,1.0,1203,797,1042,18.4
3041,New-8ad2008,1/2-1/2,0.5,1203,798,1042,18.4
3046,Base-41b4968,0-1,1.0,1204,798,1042,18.5
3044,Base-41b4968,1-0,0.0,1204,798,1043,18.4
3043,New-8ad2008,1/2-1/2,0.5,1204,799,1043,18.4
3048,Base-41b4968,1/2-1/2,0.5,1204,800,1043,18.4
3051,New-8ad2008,1-0,1.0,1205,800,1043,18.5
3049,New-8ad2008,1-0,1.0,1206,800,1043,18.6
3047,New-8ad2008,1-0,1.0,1207,800,1043,18.7
3053,New-8ad2008,1-0,1.0,1208,800,1043,18.8
3050,Base-41b4968,1-0,0.0,1208,800,1044,18.7
3052,Base-41b4968,1-0,0.0,1208,800,1045,18.6
3054,Base-41b4968,1/2-1/2,0.5,1208,801,1045,18.6
3056,Base-41b4968,0-1,1.0,1209,801,1045,18.7
3055,New-8ad2008,0-1,0.0,1209,801,1046,18.5
3057,New-8ad2008,1-0,1.0,1210,801,1046,18.7
3060,Base-41b4968,0-1,1.0,1211,801,1046,18.8
3061,New-8ad2008,1/2-1/2,0.5,1211,802,1046,18.8
3059,New-8ad2008,0-1,0.0,1211,802,1047,18.6
3062,Base-41b4968,0-1,1.0,1212,802,1047,18.7
3058,Base-41b4968,1-0,0.0,1212,802,1048,18.6
3063,New-8ad2008,1/2-1/2,0.5,1212,803,1048,18.6
3064,Base-41b4968,0-1,1.0,1213,803,1048,18.7
3068,Base-41b4968,1/2-1/2,0.5,1213,804,1048,18.7
3069,New-8ad2008,0-1,0.0,1213,804,1049,18.6
3065,New-8ad2008,0-1,0.0,1213,804,1050,18.5
3067,New-8ad2008,1-0,1.0,1214,804,1050,18.6
3066,Base-41b4968,0-1,1.0,1215,804,1050,18.7
3071,New-8ad2008,0-1,0.0,1215,804,1051,18.6
3070,Base-41b4968,0-1,1.0,1216,804,1051,18.7
3072,Base-41b4968,0-1,1.0,1217,804,1051,18.8
3079,New-8ad2008,1/2-1/2,0.5,1217,805,1051,18.8
3073,New-8ad2008,1-0,1.0,1218,805,1051,18.9
3074,Base-41b4968,0-1,1.0,1219,805,1051,19.0
3076,Base-41b4968,1/2-1/2,0.5,1219,806,1051,19.0
3078,Base-41b4968,0-1,1.0,1220,806,1051,19.1
3075,New-8ad2008,0-1,0.0,1220,806,1052,19.0
3080,Base-41b4968,1/2-1/2,0.5,1220,807,1052,19.0
3077,New-8ad2008,1-0,1.0,1221,807,1052,19.1
3084,Base-41b4968,1-0,0.0,1221,807,1053,19.0
3082,Base-41b4968,1-0,0.0,1221,807,1054,18.8
3081,New-8ad2008,1-0,1.0,1222,807,1054,19.0
3083,New-8ad2008,1-0,1.0,1223,807,1054,19.1
3085,New-8ad2008,0-1,0.0,1223,807,1055,18.9
3086,Base-41b4968,0-1,1.0,1224,807,1055,19.0
3088,Base-41b4968,1-0,0.0,1224,807,1056,18.9
3087,New-8ad2008,1-0,1.0,1225,807,1056,19.0
3091,New-8ad2008,0-1,0.0,1225,807,1057,18.9
3089,New-8ad2008,1/2-1/2,0.5,1225,808,1057,18.9
3095,New-8ad2008,1/2-1/2,0.5,1225,809,1057,18.9
3092,Base-41b4968,1-0,0.0,1225,809,1058,18.8
3093,New-8ad2008,0-1,0.0,1225,809,1059,18.7
3090,Base-41b4968,0-1,1.0,1226,809,1059,18.8
3097,New-8ad2008,1/2-1/2,0.5,1226,810,1059,18.8
3094,Base-41b4968,1-0,0.0,1226,810,1060,18.6
3096,Base-41b4968,1/2-1/2,0.5,1226,811,1060,18.6
3099,New-8ad2008,0-1,0.0,1226,811,1061,18.5
3098,Base-41b4968,0-1,1.0,1227,811,1061,18.6
3104,Base-41b4968,1-0,0.0,1227,811,1062,18.5
3102,Base-41b4968,0-1,1.0,1228,811,1062,18.6
3105,New-8ad2008,1-0,1.0,1229,811,1062,18.7
3100,Base-41b4968,1/2-1/2,0.5,1229,812,1062,18.7
3101,New-8ad2008,1/2-1/2,0.5,1229,813,1062,18.7
3106,Base-41b4968,0-1,1.0,1230,813,1062,18.8
3103,New-8ad2008,1-0,1.0,1231,813,1062,18.9
3107,New-8ad2008,1-0,1.0,1232,813,1062,19.0
3109,New-8ad2008,1/2-1/2,0.5,1232,814,1062,19.0
3108,Base-41b4968,1-0,0.0,1232,814,1063,18.9
3112,Base-41b4968,0-1,1.0,1233,814,1063,19.0
3110,Base-41b4968,0-1,1.0,1234,814,1063,19.1
3111,New-8ad2008,1-0,1.0,1235,814,1063,19.2
3114,Base-41b4968,1/2-1/2,0.5,1235,815,1063,19.2
3113,New-8ad2008,0-1,0.0,1235,815,1064,19.1
3115,New-8ad2008,1-0,1.0,1236,815,1064,19.2
3117,New-8ad2008,1/2-1/2,0.5,1236,816,1064,19.2
3121,New-8ad2008,1/2-1/2,0.5,1236,817,1064,19.2
3116,Base-41b4968,0-1,1.0,1237,817,1064,19.3
3118,Base-41b4968,1-0,0.0,1237,817,1065,19.2
3120,Base-41b4968,1-0,0.0,1237,817,1066,19.1
3119,New-8ad2008,1-0,1.0,1238,817,1066,19.2
3123,New-8ad2008,1/2-1/2,0.5,1238,818,1066,19.2
3126,Base-41b4968,0-1,1.0,1239,818,1066,19.3
3124,Base-41b4968,1-0,0.0,1239,818,1067,19.1
3125,New-8ad2008,0-1,0.0,1239,818,1068,19.0
3122,Base-41b4968,1/2-1/2,0.5,1239,819,1068,19.0
3127,New-8ad2008,1-0,1.0,1240,819,1068,19.1
3128,Base-41b4968,0-1,1.0,1241,819,1068,19.2
3129,New-8ad2008,1-0,1.0,1242,819,1068,19.3
3134,Base-41b4968,*,0.5,1242,820,1068,19.3
3130,Base-41b4968,*,0.5,1242,821,1068,19.3
3135,New-8ad2008,*,0.5,1242,822,1068,19.3
3136,Base-41b4968,*,0.5,1242,823,1068,19.3
3133,New-8ad2008,*,0.5,1242,824,1068,19.3
3132,Base-41b4968,*,0.5,1242,825,1068,19.3
3131,New-8ad2008,*,0.5,1242,826,1068,19.3
