game,white,result,score,running_wins,running_draws,running_losses,running_elo
4,Base-2358a28,1-0,0.0,0,0,1,-1199.8
8,Base-2358a28,1/2-1/2,0.5,0,1,1,-190.8
6,Base-2358a28,1-0,0.0,0,1,2,-279.6
7,New-8396454,1-0,1.0,1,1,2,-88.7
2,Base-2358a28,1-0,0.0,1,1,3,-147.2
1,New-8396454,1-0,1.0,2,1,3,-58.5
5,New-8396454,1/2-1/2,0.5,2,2,3,-50.0
3,New-8396454,1-0,1.0,3,2,3,-0.0
9,New-8396454,1-0,1.0,4,2,3,38.8
12,Base-2358a28,1-0,0.0,4,2,4,-0.0
15,New-8396454,0-1,0.0,4,2,5,-31.7
11,New-8396454,1-0,1.0,5,2,5,-0.0
16,Base-2358a28,1/2-1/2,0.5,5,3,5,-0.0
13,New-8396454,0-1,0.0,5,3,6,-24.9
10,Base-2358a28,1/2-1/2,0.5,5,4,6,-23.2
14,Base-2358a28,1-0,0.0,5,4,7,-43.7
17,New-8396454,0-1,0.0,5,4,8,-62.0
21,New-8396454,0-1,0.0,5,4,9,-78.5
20,Base-2358a28,1/2-1/2,0.5,5,5,9,-74.3
18,Base-2358a28,0-1,1.0,6,5,9,-52.5
22,Base-2358a28,0-1,1.0,7,5,9,-33.2
19,New-8396454,1-0,1.0,8,5,9,-15.8
24,Base-2358a28,1/2-1/2,0.5,8,6,9,-15.1
23,New-8396454,0-1,0.0,8,6,10,-29.0
26,Base-2358a28,1/2-1/2,0.5,8,7,10,-27.9
25,New-8396454,0-1,0.0,8,7,11,-40.3
29,New-8396454,1/2-1/2,0.5,8,8,11,-38.8
27,New-8396454,1-0,1.0,9,8,11,-24.9
32,Base-2358a28,1-0,0.0,9,8,12,-36.1
30,Base-2358a28,0-1,1.0,10,8,12,-23.2
28,Base-2358a28,0-1,1.0,11,8,12,-11.2
31,New-8396454,1-0,1.0,12,8,12,-0.0
35,New-8396454,1/2-1/2,0.5,12,9,12,-0.0
33,New-8396454,1-0,1.0,13,9,12,10.2
34,Base-2358a28,1/2-1/2,0.5,13,10,12,9.9
36,Base-2358a28,0-1,1.0,14,10,12,19.3
37,New-8396454,1-0,1.0,15,10,12,28.2
38,Base-2358a28,1-0,0.0,15,10,13,18.3
39,New-8396454,0-1,0.0,15,10,14,8.9
40,Base-2358a28,1-0,0.0,15,10,15,-0.0
41,New-8396454,1-0,1.0,16,10,15,8.5
42,Base-2358a28,0-1,1.0,17,10,15,16.6
43,New-8396454,1/2-1/2,0.5,17,11,15,16.2
47,New-8396454,0-1,0.0,17,11,16,7.9
49,New-8396454,1-0,1.0,18,11,16,15.5
45,New-8396454,1-0,1.0,19,11,16,22.7
46,Base-2358a28,0-1,1.0,20,11,16,29.6
44,Base-2358a28,1/2-1/2,0.5,20,12,16,29.0
48,Base-2358a28,0-1,1.0,21,12,16,35.6
50,Base-2358a28,1/2-1/2,0.5,21,13,16,34.9
51,New-8396454,1-0,1.0,22,13,16,41.1
55,New-8396454,1/2-1/2,0.5,22,14,16,40.3
53,New-8396454,1/2-1/2,0.5,22,15,16,39.5
54,Base-2358a28,0-1,1.0,23,15,16,45.3
58,Base-2358a28,0-1,1.0,24,15,16,50.9
52,Base-2358a28,1/2-1/2,0.5,24,16,16,50.0
56,Base-2358a28,1-0,0.0,24,16,17,42.9
60,Base-2358a28,1-0,0.0,24,16,18,36.1
59,New-8396454,1-0,1.0,25,16,18,41.4
57,New-8396454,1/2-1/2,0.5,25,17,18,40.7
61,New-8396454,0-1,0.0,25,17,19,34.3
62,Base-2358a28,0-1,1.0,26,17,19,39.4
64,Base-2358a28,1/2-1/2,0.5,26,18,19,38.8
63,New-8396454,1/2-1/2,0.5,26,19,19,38.2
66,Base-2358a28,0-1,1.0,27,19,19,43.0
65,New-8396454,1/2-1/2,0.5,27,20,19,42.3
67,New-8396454,1-0,1.0,28,20,19,47.0
73,New-8396454,1/2-1/2,0.5,28,21,19,46.3
68,Base-2358a28,1/2-1/2,0.5,28,22,19,45.6
71,New-8396454,0-1,0.0,28,22,20,39.9
70,Base-2358a28,1-0,0.0,28,22,21,34.4
72,Base-2358a28,0-1,1.0,29,22,21,38.8
69,New-8396454,0-1,0.0,29,22,22,33.4
74,Base-2358a28,0-1,1.0,30,22,22,37.7
75,New-8396454,1-0,1.0,31,22,22,41.9
77,New-8396454,0-1,0.0,31,22,23,36.7
80,Base-2358a28,0-1,1.0,32,22,23,40.8
76,Base-2358a28,1/2-1/2,0.5,32,23,23,40.3
79,New-8396454,0-1,0.0,32,23,24,35.3
78,Base-2358a28,0-1,1.0,33,23,24,39.3
81,New-8396454,1/2-1/2,0.5,33,24,24,38.8
83,New-8396454,1-0,1.0,34,24,24,42.6
82,Base-2358a28,1-0,0.0,34,24,25,37.8
85,New-8396454,0-1,0.0,34,24,26,33.2
84,Base-2358a28,0-1,1.0,35,24,26,36.9
86,Base-2358a28,0-1,1.0,36,24,26,40.6
88,Base-2358a28,0-1,1.0,37,24,26,44.2
87,New-8396454,1-0,1.0,38,24,26,47.7
91,New-8396454,1-0,1.0,39,24,26,51.1
89,New-8396454,1-0,1.0,40,24,26,54.5
94,Base-2358a28,1-0,0.0,40,24,27,50.0
92,Base-2358a28,0-1,1.0,41,24,27,53.3
93,New-8396454,0-1,0.0,41,24,28,48.9
95,New-8396454,1-0,1.0,42,24,28,52.1
90,Base-2358a28,1/2-1/2,0.5,42,25,28,51.6
98,Base-2358a28,1/2-1/2,0.5,42,26,28,51.0
99,New-8396454,0-1,0.0,42,26,29,46.8
97,New-8396454,1/2-1/2,0.5,42,27,29,46.4
100,Base-2358a28,0-1,1.0,43,27,29,49.5
96,Base-2358a28,1-0,0.0,43,27,30,45.4
103,New-8396454,1-0,1.0,44,27,30,48.5
101,New-8396454,1/2-1/2,0.5,44,28,30,48.0
105,New-8396454,1-0,1.0,45,28,30,51.0
104,Base-2358a28,0-1,1.0,46,28,30,53.9
102,Base-2358a28,1-0,0.0,46,28,31,50.0
108,Base-2358a28,0-1,1.0,47,28,31,52.8
106,Base-2358a28,1/2-1/2,0.5,47,29,31,52.3
109,New-8396454,0-1,0.0,47,29,32,48.6
110,Base-2358a28,1-0,0.0,47,29,33,44.9
111,New-8396454,1-0,1.0,48,29,33,47.7
112,Base-2358a28,1-0,0.0,48,29,34,44.1
107,New-8396454,1/2-1/2,0.5,48,30,34,43.7
113,New-8396454,1-0,1.0,49,30,34,46.4
116,Base-2358a28,0-1,1.0,50,30,34,49.1
118,Base-2358a28,1/2-1/2,0.5,50,31,34,48.7
120,Base-2358a28,1-0,0.0,50,31,35,45.2
115,New-8396454,0-1,0.0,50,31,36,41.8
121,New-8396454,1-0,1.0,51,31,36,44.4
114,Base-2358a28,1/2-1/2,0.5,51,32,36,44.0
117,New-8396454,0-1,0.0,51,32,37,40.7
119,New-8396454,0-1,0.0,51,32,38,37.5
125,New-8396454,1/2-1/2,0.5,51,33,38,37.2
122,Base-2358a28,1/2-1/2,0.5,51,34,38,36.9
123,New-8396454,1/2-1/2,0.5,51,35,38,36.6
124,Base-2358a28,0-1,1.0,52,35,38,39.1
127,New-8396454,0-1,0.0,52,35,39,36.0
126,Base-2358a28,1-0,0.0,52,35,40,32.9
128,Base-2358a28,1/2-1/2,0.5,52,36,40,32.7
129,New-8396454,1-0,1.0,53,36,40,35.1
130,Base-2358a28,1-0,0.0,53,36,41,32.2
132,Base-2358a28,0-1,1.0,54,36,41,34.6
131,New-8396454,0-1,0.0,54,36,42,31.7
134,Base-2358a28,0-1,1.0,55,36,42,34.1
135,New-8396454,1/2-1/2,0.5,55,37,42,33.8
136,Base-2358a28,1/2-1/2,0.5,55,38,42,33.6
133,New-8396454,1/2-1/2,0.5,55,39,42,33.3
137,New-8396454,0-1,0.0,55,39,43,30.5
138,Base-2358a28,0-1,1.0,56,39,43,32.8
139,New-8396454,1-0,1.0,57,39,43,35.1
140,Base-2358a28,0-1,1.0,58,39,43,37.4
141,New-8396454,1-0,1.0,59,39,43,39.6
143,New-8396454,1/2-1/2,0.5,59,40,43,39.3
144,Base-2358a28,0-1,1.0,60,40,43,41.5
145,New-8396454,0-1,0.0,60,40,44,38.8
146,Base-2358a28,1-0,0.0,60,40,45,36.1
142,Base-2358a28,0-1,1.0,61,40,45,38.2
147,New-8396454,1/2-1/2,0.5,61,41,45,38.0
148,Base-2358a28,1/2-1/2,0.5,61,42,45,37.7
150,Base-2358a28,1-0,0.0,61,42,46,35.1
154,Base-2358a28,1/2-1/2,0.5,61,43,46,34.9
149,New-8396454,1/2-1/2,0.5,61,44,46,34.6
151,New-8396454,1-0,1.0,62,44,46,36.7
152,Base-2358a28,1-0,0.0,62,44,47,34.2
153,New-8396454,0-1,0.0,62,44,48,31.7
155,New-8396454,1-0,1.0,63,44,48,33.7
156,Base-2358a28,0-1,1.0,64,44,48,35.8
157,New-8396454,0-1,0.0,64,44,49,33.3
158,Base-2358a28,1/2-1/2,0.5,64,45,49,33.1
161,New-8396454,1/2-1/2,0.5,64,46,49,32.9
159,New-8396454,1-0,1.0,65,46,49,34.9
160,Base-2358a28,0-1,1.0,66,46,49,36.8
163,New-8396454,1-0,1.0,67,46,49,38.8
162,Base-2358a28,1/2-1/2,0.5,67,47,49,38.5
164,Base-2358a28,1/2-1/2,0.5,67,48,49,38.3
165,New-8396454,0-1,0.0,67,48,50,35.9
166,Base-2358a28,0-1,1.0,68,48,50,37.8
167,New-8396454,1-0,1.0,69,48,50,39.7
169,New-8396454,0-1,0.0,69,48,51,37.4
168,Base-2358a28,1-0,0.0,69,48,52,35.1
170,Base-2358a28,1-0,0.0,69,48,53,32.8
172,Base-2358a28,1/2-1/2,0.5,69,49,53,32.6
175,New-8396454,1/2-1/2,0.5,69,50,53,32.4
171,New-8396454,0-1,0.0,69,50,54,30.2
173,New-8396454,1/2-1/2,0.5,69,51,54,30.0
174,Base-2358a28,1-0,0.0,69,51,55,27.9
181,New-8396454,1-0,1.0,70,51,55,29.7
182,Base-2358a28,1/2-1/2,0.5,70,52,55,29.5
176,Base-2358a28,1/2-1/2,0.5,70,53,55,29.3
178,Base-2358a28,1/2-1/2,0.5,70,54,55,29.2
177,New-8396454,1/2-1/2,0.5,70,55,55,29.0
179,New-8396454,0-1,0.0,70,55,56,26.9
180,Base-2358a28,0-1,1.0,71,55,56,28.7
183,New-8396454,0-1,0.0,71,55,57,26.6
190,Base-2358a28,0-1,1.0,72,55,57,28.4
186,Base-2358a28,0-1,1.0,73,55,57,30.1
188,Base-2358a28,0-1,1.0,74,55,57,31.8
184,Base-2358a28,1/2-1/2,0.5,74,56,57,31.7
185,New-8396454,0-1,0.0,74,56,58,29.6
189,New-8396454,1-0,1.0,75,56,58,31.3
187,New-8396454,1/2-1/2,0.5,75,57,58,31.2
191,New-8396454,0-1,0.0,75,57,59,29.2
196,Base-2358a28,1/2-1/2,0.5,75,58,59,29.0
192,Base-2358a28,1/2-1/2,0.5,75,59,59,28.9
193,New-8396454,0-1,0.0,75,59,60,26.9
195,New-8396454,1-0,1.0,76,59,60,28.6
194,Base-2358a28,1/2-1/2,0.5,76,60,60,28.4
197,New-8396454,1-0,1.0,77,60,60,30.1
198,Base-2358a28,0-1,1.0,78,60,60,31.7
199,New-8396454,1-0,1.0,79,60,60,33.3
200,Base-2358a28,1-0,0.0,79,60,61,31.4
203,New-8396454,1-0,1.0,80,60,61,32.9
204,Base-2358a28,1-0,0.0,80,60,62,31.0
201,New-8396454,1-0,1.0,81,60,62,32.6
202,Base-2358a28,1/2-1/2,0.5,81,61,62,32.5
205,New-8396454,0-1,0.0,81,61,63,30.6
208,Base-2358a28,1/2-1/2,0.5,81,62,63,30.4
206,Base-2358a28,0-1,1.0,82,62,63,32.0
207,New-8396454,1/2-1/2,0.5,82,63,63,31.8
211,New-8396454,0-1,0.0,82,63,64,30.0
209,New-8396454,1-0,1.0,83,63,64,31.5
214,Base-2358a28,1/2-1/2,0.5,83,64,64,31.4
212,Base-2358a28,1-0,0.0,83,64,65,29.6
210,Base-2358a28,1-0,0.0,83,64,66,27.8
213,New-8396454,0-1,0.0,83,64,67,26.0
216,Base-2358a28,1/2-1/2,0.5,83,65,67,25.9
218,Base-2358a28,1/2-1/2,0.5,83,66,67,25.8
215,New-8396454,1-0,1.0,84,66,67,27.3
219,New-8396454,1-0,1.0,85,66,67,28.8
217,New-8396454,0-1,0.0,85,66,68,27.0
222,Base-2358a28,1-0,0.0,85,66,69,25.3
221,New-8396454,0-1,0.0,85,66,70,23.6
220,Base-2358a28,1/2-1/2,0.5,85,67,70,23.5
223,New-8396454,1-0,1.0,86,67,70,25.0
224,Base-2358a28,0-1,1.0,87,67,70,26.4
225,New-8396454,1-0,1.0,88,67,70,27.9
227,New-8396454,1-0,1.0,89,67,70,29.3
229,New-8396454,0-1,0.0,89,67,71,27.6
228,Base-2358a28,0-1,1.0,90,67,71,29.0
226,Base-2358a28,1/2-1/2,0.5,90,68,71,28.9
234,Base-2358a28,1/2-1/2,0.5,90,69,71,28.8
230,Base-2358a28,0-1,1.0,91,69,71,30.2
236,Base-2358a28,1/2-1/2,0.5,91,70,71,30.0
231,New-8396454,1-0,1.0,92,70,71,31.4
232,Base-2358a28,1-0,0.0,92,70,72,29.8
233,New-8396454,1-0,1.0,93,70,72,31.1
238,Base-2358a28,0-1,1.0,94,70,72,32.5
241,New-8396454,0-1,0.0,94,70,73,30.9
239,New-8396454,1-0,1.0,95,70,73,32.2
240,Base-2358a28,0-1,1.0,96,70,73,33.5
235,New-8396454,1/2-1/2,0.5,96,71,73,33.4
237,New-8396454,1-0,1.0,97,71,73,34.7
242,Base-2358a28,1-0,0.0,97,71,74,33.1
243,New-8396454,1/2-1/2,0.5,97,72,74,33.0
245,New-8396454,1-0,1.0,98,72,74,34.3
249,New-8396454,0-1,0.0,98,72,75,32.7
248,Base-2358a28,0-1,1.0,99,72,75,34.0
244,Base-2358a28,1-0,0.0,99,72,76,32.4
246,Base-2358a28,1-0,0.0,99,72,77,30.9
250,Base-2358a28,0-1,1.0,100,72,77,32.2
247,New-8396454,1-0,1.0,101,72,77,33.5
251,New-8396454,1-0,1.0,102,72,77,34.7
257,New-8396454,1/2-1/2,0.5,102,73,77,34.6
253,New-8396454,0-1,0.0,102,73,78,33.1
252,Base-2358a28,1-0,0.0,102,73,79,31.5
254,Base-2358a28,1-0,0.0,102,73,80,30.0
255,New-8396454,1-0,1.0,103,73,80,31.3
256,Base-2358a28,0-1,1.0,104,73,80,32.5
258,Base-2358a28,0-1,1.0,105,73,80,33.8
259,New-8396454,1-0,1.0,106,73,80,35.0
263,New-8396454,1/2-1/2,0.5,106,74,80,34.9
260,Base-2358a28,1-0,0.0,106,74,81,33.4
261,New-8396454,0-1,0.0,106,74,82,31.9
262,Base-2358a28,1-0,0.0,106,74,83,30.5
264,Base-2358a28,1-0,0.0,106,74,84,29.0
265,New-8396454,1-0,1.0,107,74,84,30.2
266,Base-2358a28,1/2-1/2,0.5,107,75,84,30.1
268,Base-2358a28,1-0,0.0,107,75,85,28.7
267,New-8396454,1/2-1/2,0.5,107,76,85,28.6
269,New-8396454,1-0,1.0,108,76,85,29.8
272,Base-2358a28,1/2-1/2,0.5,108,77,85,29.7
276,Base-2358a28,0-1,1.0,109,77,85,30.9
270,Base-2358a28,0-1,1.0,110,77,85,32.0
271,New-8396454,1-0,1.0,111,77,85,33.2
273,New-8396454,1/2-1/2,0.5,111,78,85,33.1
274,Base-2358a28,1/2-1/2,0.5,111,79,85,32.9
275,New-8396454,1/2-1/2,0.5,111,80,85,32.8
278,Base-2358a28,0-1,1.0,112,80,85,34.0
277,New-8396454,1-0,1.0,113,80,85,35.1
281,New-8396454,0-1,0.0,113,80,86,33.7
279,New-8396454,0-1,0.0,113,80,87,32.4
282,Base-2358a28,1-0,0.0,113,80,88,31.0
283,New-8396454,1-0,1.0,114,80,88,32.1
280,Base-2358a28,1-0,0.0,114,80,89,30.8
284,Base-2358a28,0-1,1.0,115,80,89,31.9
288,Base-2358a28,1/2-1/2,0.5,115,81,89,31.8
290,Base-2358a28,0-1,1.0,116,81,89,32.9
285,New-8396454,1-0,1.0,117,81,89,34.0
289,New-8396454,1-0,1.0,118,81,89,35.1
286,Base-2358a28,0-1,1.0,119,81,89,36.2
287,New-8396454,0-1,0.0,119,81,90,34.9
295,New-8396454,1/2-1/2,0.5,119,82,90,34.7
292,Base-2358a28,1/2-1/2,0.5,119,83,90,34.6
291,New-8396454,0-1,0.0,119,83,91,33.3
294,Base-2358a28,0-1,1.0,120,83,91,34.4
298,Base-2358a28,1/2-1/2,0.5,120,84,91,34.3
297,New-8396454,1/2-1/2,0.5,120,85,91,34.1
296,Base-2358a28,1-0,0.0,120,85,92,32.9
293,New-8396454,1/2-1/2,0.5,120,86,92,32.7
300,Base-2358a28,1-0,0.0,120,86,93,31.5
299,New-8396454,0-1,0.0,120,86,94,30.2
301,New-8396454,0-1,0.0,120,86,95,28.9
302,Base-2358a28,1-0,0.0,120,86,96,27.7
303,New-8396454,0-1,0.0,120,86,97,26.4
304,Base-2358a28,1-0,0.0,120,86,98,25.2
305,New-8396454,1-0,1.0,121,86,98,26.2
307,New-8396454,0-1,0.0,121,86,99,25.0
306,Base-2358a28,1/2-1/2,0.5,121,87,99,24.9
308,Base-2358a28,1/2-1/2,0.5,121,88,99,24.9
310,Base-2358a28,1-0,0.0,121,88,100,23.6
311,New-8396454,0-1,0.0,121,88,101,22.4
309,New-8396454,0-1,0.0,121,88,102,21.3
313,New-8396454,1-0,1.0,122,88,102,22.3
312,Base-2358a28,0-1,1.0,123,88,102,23.3
315,New-8396454,0-1,0.0,123,88,103,22.2
314,Base-2358a28,0-1,1.0,124,88,103,23.2
317,New-8396454,1/2-1/2,0.5,124,89,103,23.1
320,Base-2358a28,1-0,0.0,124,89,104,21.9
319,New-8396454,0-1,0.0,124,89,105,20.8
318,Base-2358a28,0-1,1.0,125,89,105,21.8
316,Base-2358a28,1/2-1/2,0.5,125,90,105,21.7
321,New-8396454,1-0,1.0,126,90,105,22.8
327,New-8396454,1/2-1/2,0.5,126,91,105,22.7
324,Base-2358a28,1/2-1/2,0.5,126,92,105,22.6
322,Base-2358a28,1/2-1/2,0.5,126,93,105,22.6
325,New-8396454,0-1,0.0,126,93,106,21.4
326,Base-2358a28,1-0,0.0,126,93,107,20.3
328,Base-2358a28,0-1,1.0,127,93,107,21.3
323,New-8396454,1/2-1/2,0.5,127,94,107,21.2
330,Base-2358a28,1-0,0.0,127,94,108,20.1
329,New-8396454,1/2-1/2,0.5,127,95,108,20.0
333,New-8396454,1/2-1/2,0.5,127,96,108,20.0
332,Base-2358a28,1-0,0.0,127,96,109,18.9
331,New-8396454,1/2-1/2,0.5,127,97,109,18.8
334,Base-2358a28,0-1,1.0,128,97,109,19.8
335,New-8396454,1/2-1/2,0.5,128,98,109,19.7
337,New-8396454,1-0,1.0,129,98,109,20.7
338,Base-2358a28,1-0,0.0,129,98,110,19.6
336,Base-2358a28,1/2-1/2,0.5,129,99,110,19.6
339,New-8396454,1-0,1.0,130,99,110,20.5
340,Base-2358a28,1-0,0.0,130,99,111,19.4
342,Base-2358a28,1/2-1/2,0.5,130,100,111,19.4
343,New-8396454,1-0,1.0,131,100,111,20.3
341,New-8396454,1-0,1.0,132,100,111,21.3
344,Base-2358a28,1-0,0.0,132,100,112,20.2
346,Base-2358a28,1-0,0.0,132,100,113,19.2
345,New-8396454,1-0,1.0,133,100,113,20.1
348,Base-2358a28,1-0,0.0,133,100,114,19.0
347,New-8396454,0-1,0.0,133,100,115,18.0
351,New-8396454,1/2-1/2,0.5,133,101,115,17.9
349,New-8396454,1-0,1.0,134,101,115,18.9
354,Base-2358a28,1-0,0.0,134,101,116,17.8
352,Base-2358a28,1/2-1/2,0.5,134,102,116,17.8
353,New-8396454,0-1,0.0,134,102,117,16.7
355,New-8396454,1/2-1/2,0.5,134,103,117,16.7
356,Base-2358a28,1-0,0.0,134,103,118,15.7
350,Base-2358a28,1/2-1/2,0.5,134,104,118,15.6
357,New-8396454,0-1,0.0,134,104,119,14.6
359,New-8396454,1/2-1/2,0.5,134,105,119,14.6
360,Base-2358a28,1-0,0.0,134,105,120,13.6
365,New-8396454,0-1,0.0,134,105,121,12.6
361,New-8396454,1-0,1.0,135,105,121,13.5
368,Base-2358a28,1/2-1/2,0.5,135,106,121,13.4
358,Base-2358a28,1/2-1/2,0.5,135,107,121,13.4
363,New-8396454,1-0,1.0,136,107,121,14.3
364,Base-2358a28,1-0,0.0,136,107,122,13.3
362,Base-2358a28,1/2-1/2,0.5,136,108,122,13.3
372,Base-2358a28,1/2-1/2,0.5,136,109,122,13.3
367,New-8396454,0-1,0.0,136,109,123,12.3
366,Base-2358a28,1-0,0.0,136,109,124,11.3
371,New-8396454,1-0,1.0,137,109,124,12.2
370,Base-2358a28,0-1,1.0,138,109,124,13.1
373,New-8396454,1/2-1/2,0.5,138,110,124,13.1
369,New-8396454,0-1,0.0,138,110,125,12.1
377,New-8396454,1/2-1/2,0.5,138,111,125,12.1
374,Base-2358a28,0-1,1.0,139,111,125,13.0
376,Base-2358a28,1-0,0.0,139,111,126,12.0
382,Base-2358a28,1/2-1/2,0.5,139,112,126,12.0
375,New-8396454,1-0,1.0,140,112,126,12.9
379,New-8396454,1-0,1.0,141,112,126,13.8
381,New-8396454,1-0,1.0,142,112,126,14.6
380,Base-2358a28,0-1,1.0,143,112,126,15.5
378,Base-2358a28,0-1,1.0,144,112,126,16.4
388,Base-2358a28,1/2-1/2,0.5,144,113,126,16.3
385,New-8396454,0-1,0.0,144,113,127,15.4
384,Base-2358a28,0-1,1.0,145,113,127,16.3
383,New-8396454,0-1,0.0,145,113,128,15.3
393,New-8396454,1/2-1/2,0.5,145,114,128,15.3
386,Base-2358a28,1-0,0.0,145,114,129,14.3
387,New-8396454,1-0,1.0,146,114,129,15.2
389,New-8396454,0-1,0.0,146,114,130,14.3
391,New-8396454,1-0,1.0,147,114,130,15.1
390,Base-2358a28,1/2-1/2,0.5,147,115,130,15.1
394,Base-2358a28,1/2-1/2,0.5,147,116,130,15.0
392,Base-2358a28,1-0,0.0,147,116,131,14.1
395,New-8396454,1-0,1.0,148,116,131,15.0
397,New-8396454,0-1,0.0,148,116,132,14.0
400,Base-2358a28,0-1,1.0,149,116,132,14.9
396,Base-2358a28,1-0,0.0,149,116,133,14.0
399,New-8396454,1-0,1.0,150,116,133,14.8
398,Base-2358a28,1/2-1/2,0.5,150,117,133,14.8
402,Base-2358a28,1-0,0.0,150,117,134,13.9
401,New-8396454,1-0,1.0,151,117,134,14.7
403,New-8396454,0-1,0.0,151,117,135,13.8
406,Base-2358a28,1-0,0.0,151,117,136,12.9
405,New-8396454,1/2-1/2,0.5,151,118,136,12.9
407,New-8396454,0-1,0.0,151,118,137,12.0
404,Base-2358a28,1-0,0.0,151,118,138,11.1
408,Base-2358a28,1-0,0.0,151,118,139,10.2
409,New-8396454,1-0,1.0,152,118,139,11.0
412,Base-2358a28,1-0,0.0,152,118,140,10.2
415,New-8396454,0-1,0.0,152,118,141,9.3
413,New-8396454,1-0,1.0,153,118,141,10.1
411,New-8396454,1-0,1.0,154,118,141,10.9
410,Base-2358a28,1/2-1/2,0.5,154,119,141,10.9
414,Base-2358a28,1-0,0.0,154,119,142,10.0
417,New-8396454,0-1,0.0,154,119,143,9.2
416,Base-2358a28,1/2-1/2,0.5,154,120,143,9.2
421,New-8396454,1/2-1/2,0.5,154,121,143,9.1
419,New-8396454,1/2-1/2,0.5,154,122,143,9.1
422,Base-2358a28,1/2-1/2,0.5,154,123,143,9.1
420,Base-2358a28,0-1,1.0,155,123,143,9.9
418,Base-2358a28,1-0,0.0,155,123,144,9.1
423,New-8396454,1/2-1/2,0.5,155,124,144,9.0
424,Base-2358a28,1-0,0.0,155,124,145,8.2
425,New-8396454,0-1,0.0,155,124,146,7.4
426,Base-2358a28,1-0,0.0,155,124,147,6.5
429,New-8396454,1-0,1.0,156,124,147,7.3
427,New-8396454,0-1,0.0,156,124,148,6.5
428,Base-2358a28,0-1,1.0,157,124,148,7.3
432,Base-2358a28,1/2-1/2,0.5,157,125,148,7.3
431,New-8396454,1/2-1/2,0.5,157,126,148,7.3
430,Base-2358a28,1-0,0.0,157,126,149,6.4
433,New-8396454,1-0,1.0,158,126,149,7.2
437,New-8396454,1-0,1.0,159,126,149,8.0
438,Base-2358a28,1-0,0.0,159,126,150,7.2
440,Base-2358a28,0-1,1.0,160,126,150,8.0
435,New-8396454,1/2-1/2,0.5,160,127,150,8.0
439,New-8396454,0-1,0.0,160,127,151,7.1
436,Base-2358a28,1/2-1/2,0.5,160,128,151,7.1
434,Base-2358a28,1/2-1/2,0.5,160,129,151,7.1
441,New-8396454,0-1,0.0,160,129,152,6.3
442,Base-2358a28,1/2-1/2,0.5,160,130,152,6.3
443,New-8396454,0-1,0.0,160,130,153,5.5
444,Base-2358a28,1-0,0.0,160,130,154,4.7
446,Base-2358a28,0-1,1.0,161,130,154,5.5
445,New-8396454,1/2-1/2,0.5,161,131,154,5.5
447,New-8396454,0-1,0.0,161,131,155,4.7
448,Base-2358a28,1-0,0.0,161,131,156,3.9
454,Base-2358a28,1/2-1/2,0.5,161,132,156,3.9
449,New-8396454,0-1,0.0,161,132,157,3.1
450,Base-2358a28,1/2-1/2,0.5,161,133,157,3.1
455,New-8396454,0-1,0.0,161,133,158,2.3
451,New-8396454,1-0,1.0,162,133,158,3.1
453,New-8396454,1/2-1/2,0.5,162,134,158,3.1
452,Base-2358a28,1/2-1/2,0.5,162,135,158,3.1
458,Base-2358a28,0-1,1.0,163,135,158,3.8
456,Base-2358a28,1-0,0.0,163,135,159,3.0
457,New-8396454,1/2-1/2,0.5,163,136,159,3.0
461,New-8396454,1/2-1/2,0.5,163,137,159,3.0
459,New-8396454,0-1,0.0,163,137,160,2.3
460,Base-2358a28,0-1,1.0,164,137,160,3.0
462,Base-2358a28,1-0,0.0,164,137,161,2.3
463,New-8396454,0-1,0.0,164,137,162,1.5
466,Base-2358a28,1/2-1/2,0.5,164,138,162,1.5
464,Base-2358a28,1-0,0.0,164,138,163,0.7
465,New-8396454,1-0,1.0,165,138,163,1.5
468,Base-2358a28,1-0,0.0,165,138,164,0.7
472,Base-2358a28,0-1,1.0,166,138,164,1.5
467,New-8396454,1/2-1/2,0.5,166,139,164,1.5
469,New-8396454,1-0,1.0,167,139,164,2.2
473,New-8396454,1-0,1.0,168,139,164,3.0
471,New-8396454,0-1,0.0,168,139,165,2.2
470,Base-2358a28,1/2-1/2,0.5,168,140,165,2.2
474,Base-2358a28,1-0,0.0,168,140,166,1.5
476,Base-2358a28,1-0,0.0,168,140,167,0.7
477,New-8396454,1/2-1/2,0.5,168,141,167,0.7
475,New-8396454,0-1,0.0,168,141,168,-0.0
480,Base-2358a28,1-0,0.0,168,141,169,-0.7
478,Base-2358a28,0-1,1.0,169,141,169,-0.0
479,New-8396454,0-1,0.0,169,141,170,-0.7
481,New-8396454,0-1,0.0,169,141,171,-1.4
482,Base-2358a28,1/2-1/2,0.5,169,142,171,-1.4
483,New-8396454,1-0,1.0,170,142,171,-0.7
484,Base-2358a28,1-0,0.0,170,142,172,-1.4
485,New-8396454,0-1,0.0,170,142,173,-2.1
488,Base-2358a28,1/2-1/2,0.5,170,143,173,-2.1
486,Base-2358a28,1-0,0.0,170,143,174,-2.9
487,New-8396454,1/2-1/2,0.5,170,144,174,-2.8
489,New-8396454,0-1,0.0,170,144,175,-3.6
490,Base-2358a28,0-1,1.0,171,144,175,-2.8
491,New-8396454,1-0,1.0,172,144,175,-2.1
492,Base-2358a28,1-0,0.0,172,144,176,-2.8
493,New-8396454,0-1,0.0,172,144,177,-3.5
496,Base-2358a28,1-0,0.0,172,144,178,-4.2
494,Base-2358a28,1/2-1/2,0.5,172,145,178,-4.2
495,New-8396454,1/2-1/2,0.5,172,146,178,-4.2
497,New-8396454,1-0,1.0,173,146,178,-3.5
502,Base-2358a28,1/2-1/2,0.5,173,147,178,-3.5
500,Base-2358a28,0-1,1.0,174,147,178,-2.8
503,New-8396454,1/2-1/2,0.5,174,148,178,-2.8
498,Base-2358a28,1-0,0.0,174,148,179,-3.5
499,New-8396454,1/2-1/2,0.5,174,149,179,-3.5
501,New-8396454,1/2-1/2,0.5,174,150,179,-3.5
504,Base-2358a28,0-1,1.0,175,150,179,-2.8
505,New-8396454,1-0,1.0,176,150,179,-2.1
508,Base-2358a28,1-0,0.0,176,150,180,-2.7
506,Base-2358a28,1-0,0.0,176,150,181,-3.4
510,Base-2358a28,1-0,0.0,176,150,182,-4.1
507,New-8396454,1-0,1.0,177,150,182,-3.4
509,New-8396454,1/2-1/2,0.5,177,151,182,-3.4
513,New-8396454,1/2-1/2,0.5,177,152,182,-3.4
511,New-8396454,1-0,1.0,178,152,182,-2.7
512,Base-2358a28,0-1,1.0,179,152,182,-2.0
516,Base-2358a28,0-1,1.0,180,152,182,-1.4
514,Base-2358a28,1-0,0.0,180,152,183,-2.0
515,New-8396454,0-1,0.0,180,152,184,-2.7
517,New-8396454,0-1,0.0,180,152,185,-3.4
518,Base-2358a28,1-0,0.0,180,152,186,-4.0
519,New-8396454,1-0,1.0,181,152,186,-3.3
521,New-8396454,1-0,1.0,182,152,186,-2.7
520,Base-2358a28,0-1,1.0,183,152,186,-2.0
522,Base-2358a28,1-0,0.0,183,152,187,-2.7
525,New-8396454,1-0,1.0,184,152,187,-2.0
524,Base-2358a28,1-0,0.0,184,152,188,-2.7
523,New-8396454,1-0,1.0,185,152,188,-2.0
528,Base-2358a28,0-1,1.0,186,152,188,-1.3
527,New-8396454,1/2-1/2,0.5,186,153,188,-1.3
526,Base-2358a28,0-1,1.0,187,153,188,-0.7
529,New-8396454,0-1,0.0,187,153,189,-1.3
530,Base-2358a28,1-0,0.0,187,153,190,-2.0
531,New-8396454,1/2-1/2,0.5,187,154,190,-2.0
536,Base-2358a28,1/2-1/2,0.5,187,155,190,-2.0
532,Base-2358a28,1-0,0.0,187,155,191,-2.6
537,New-8396454,1/2-1/2,0.5,187,156,191,-2.6
533,New-8396454,1-0,1.0,188,156,191,-1.9
535,New-8396454,0-1,0.0,188,156,192,-2.6
534,Base-2358a28,1/2-1/2,0.5,188,157,192,-2.6
538,Base-2358a28,0-1,1.0,189,157,192,-1.9
539,New-8396454,1-0,1.0,190,157,192,-1.3
542,Base-2358a28,1/2-1/2,0.5,190,158,192,-1.3
543,New-8396454,1-0,1.0,191,158,192,-0.6
540,Base-2358a28,1/2-1/2,0.5,191,159,192,-0.6
544,Base-2358a28,0-1,1.0,192,159,192,-0.0
541,New-8396454,1-0,1.0,193,159,192,0.6
546,Base-2358a28,1-0,0.0,193,159,193,-0.0
545,New-8396454,1/2-1/2,0.5,193,160,193,-0.0
547,New-8396454,0-1,0.0,193,160,194,-0.6
548,Base-2358a28,1/2-1/2,0.5,193,161,194,-0.6
549,New-8396454,0-1,0.0,193,161,195,-1.3
552,Base-2358a28,1-0,0.0,193,161,196,-1.9
551,New-8396454,0-1,0.0,193,161,197,-2.5
550,Base-2358a28,1/2-1/2,0.5,193,162,197,-2.5
555,New-8396454,0-1,0.0,193,162,198,-3.1
554,Base-2358a28,1-0,0.0,193,162,199,-3.8
553,New-8396454,1/2-1/2,0.5,193,163,199,-3.8
556,Base-2358a28,1/2-1/2,0.5,193,164,199,-3.7
557,New-8396454,0-1,0.0,193,164,200,-4.4
559,New-8396454,0-1,0.0,193,164,201,-5.0
561,New-8396454,1/2-1/2,0.5,193,165,201,-5.0
558,Base-2358a28,1-0,0.0,193,165,202,-5.6
562,Base-2358a28,1/2-1/2,0.5,193,166,202,-5.6
560,Base-2358a28,0-1,1.0,194,166,202,-4.9
563,New-8396454,1-0,1.0,195,166,202,-4.3
565,New-8396454,1-0,1.0,196,166,202,-3.7
567,New-8396454,0-1,0.0,196,166,203,-4.3
564,Base-2358a28,1-0,0.0,196,166,204,-4.9
568,Base-2358a28,0-1,1.0,197,166,204,-4.3
569,New-8396454,1/2-1/2,0.5,197,167,204,-4.3
570,Base-2358a28,0-1,1.0,198,167,204,-3.7
566,Base-2358a28,1/2-1/2,0.5,198,168,204,-3.7
572,Base-2358a28,1/2-1/2,0.5,198,169,204,-3.7
571,New-8396454,1-0,1.0,199,169,204,-3.0
573,New-8396454,1/2-1/2,0.5,199,170,204,-3.0
575,New-8396454,1/2-1/2,0.5,199,171,204,-3.0
574,Base-2358a28,1/2-1/2,0.5,199,172,204,-3.0
577,New-8396454,0-1,0.0,199,172,205,-3.6
579,New-8396454,0-1,0.0,199,172,206,-4.2
578,Base-2358a28,1/2-1/2,0.5,199,173,206,-4.2
580,Base-2358a28,0-1,1.0,200,173,206,-3.6
576,Base-2358a28,1/2-1/2,0.5,200,174,206,-3.6
581,New-8396454,1-0,1.0,201,174,206,-3.0
582,Base-2358a28,1-0,0.0,201,174,207,-3.6
584,Base-2358a28,0-1,1.0,202,174,207,-3.0
585,New-8396454,1-0,1.0,203,174,207,-2.4
586,Base-2358a28,0-1,1.0,204,174,207,-1.8
587,New-8396454,1-0,1.0,205,174,207,-1.2
588,Base-2358a28,1-0,0.0,205,174,208,-1.8
583,New-8396454,1/2-1/2,0.5,205,175,208,-1.8
591,New-8396454,1-0,1.0,206,175,208,-1.2
590,Base-2358a28,0-1,1.0,207,175,208,-0.6
589,New-8396454,1/2-1/2,0.5,207,176,208,-0.6
592,Base-2358a28,1/2-1/2,0.5,207,177,208,-0.6
593,New-8396454,1-0,1.0,208,177,208,-0.0
594,Base-2358a28,0-1,1.0,209,177,208,0.6
597,New-8396454,0-1,0.0,209,177,209,-0.0
596,Base-2358a28,0-1,1.0,210,177,209,0.6
595,New-8396454,1-0,1.0,211,177,209,1.2
599,New-8396454,1/2-1/2,0.5,211,178,209,1.2
598,Base-2358a28,1-0,0.0,211,178,210,0.6
601,New-8396454,1-0,1.0,212,178,210,1.2
600,Base-2358a28,1-0,0.0,212,178,211,0.6
606,Base-2358a28,1-0,0.0,212,178,212,-0.0
602,Base-2358a28,0-1,1.0,213,178,212,0.6
603,New-8396454,1/2-1/2,0.5,213,179,212,0.6
604,Base-2358a28,1/2-1/2,0.5,213,180,212,0.6
608,Base-2358a28,1/2-1/2,0.5,213,181,212,0.6
607,New-8396454,1/2-1/2,0.5,213,182,212,0.6
609,New-8396454,0-1,0.0,213,182,213,-0.0
605,New-8396454,0-1,0.0,213,182,214,-0.6
611,New-8396454,1-0,1.0,214,182,214,-0.0
610,Base-2358a28,0-1,1.0,215,182,214,0.6
612,Base-2358a28,1-0,0.0,215,182,215,-0.0
614,Base-2358a28,1/2-1/2,0.5,215,183,215,-0.0
616,Base-2358a28,0-1,1.0,216,183,215,0.6
613,New-8396454,1/2-1/2,0.5,216,184,215,0.6
615,New-8396454,0-1,0.0,216,184,216,-0.0
617,New-8396454,0-1,0.0,216,184,217,-0.6
618,Base-2358a28,1/2-1/2,0.5,216,185,217,-0.6
619,New-8396454,1/2-1/2,0.5,216,186,217,-0.6
620,Base-2358a28,0-1,1.0,217,186,217,-0.0
622,Base-2358a28,1/2-1/2,0.5,217,187,217,-0.0
623,New-8396454,0-1,0.0,217,187,218,-0.6
624,Base-2358a28,1-0,0.0,217,187,219,-1.1
621,New-8396454,1-0,1.0,218,187,219,-0.6
628,Base-2358a28,0-1,1.0,219,187,219,-0.0
627,New-8396454,1/2-1/2,0.5,219,188,219,-0.0
630,Base-2358a28,1/2-1/2,0.5,219,189,219,-0.0
629,New-8396454,1-0,1.0,220,189,219,0.6
625,New-8396454,1/2-1/2,0.5,220,190,219,0.6
626,Base-2358a28,1-0,0.0,220,190,220,-0.0
631,New-8396454,0-1,0.0,220,190,221,-0.6
633,New-8396454,1-0,1.0,221,190,221,-0.0
632,Base-2358a28,0-1,1.0,222,190,221,0.5
636,Base-2358a28,1-0,0.0,222,190,222,-0.0
637,New-8396454,1/2-1/2,0.5,222,191,222,-0.0
634,Base-2358a28,1/2-1/2,0.5,222,192,222,-0.0
638,Base-2358a28,1-0,0.0,222,192,223,-0.5
635,New-8396454,1-0,1.0,223,192,223,-0.0
639,New-8396454,0-1,0.0,223,192,224,-0.5
640,Base-2358a28,1-0,0.0,223,192,225,-1.1
641,New-8396454,0-1,0.0,223,192,226,-1.6
642,Base-2358a28,1/2-1/2,0.5,223,193,226,-1.6
646,Base-2358a28,1/2-1/2,0.5,223,194,226,-1.6
644,Base-2358a28,1/2-1/2,0.5,223,195,226,-1.6
645,New-8396454,1-0,1.0,224,195,226,-1.1
643,New-8396454,1-0,1.0,225,195,226,-0.5
647,New-8396454,0-1,0.0,225,195,227,-1.1
651,New-8396454,1/2-1/2,0.5,225,196,227,-1.1
649,New-8396454,1-0,1.0,226,196,227,-0.5
648,Base-2358a28,0-1,1.0,227,196,227,-0.0
652,Base-2358a28,0-1,1.0,228,196,227,0.5
650,Base-2358a28,0-1,1.0,229,196,227,1.1
654,Base-2358a28,1-0,0.0,229,196,228,0.5
657,New-8396454,1-0,1.0,230,196,228,1.1
653,New-8396454,1/2-1/2,0.5,230,197,228,1.1
656,Base-2358a28,1-0,0.0,230,197,229,0.5
655,New-8396454,0-1,0.0,230,197,230,-0.0
659,New-8396454,0-1,0.0,230,197,231,-0.5
660,Base-2358a28,0-1,1.0,231,197,231,-0.0
658,Base-2358a28,1/2-1/2,0.5,231,198,231,-0.0
661,New-8396454,0-1,0.0,231,198,232,-0.5
664,Base-2358a28,1-0,0.0,231,198,233,-1.0
662,Base-2358a28,0-1,1.0,232,198,233,-0.5
663,New-8396454,0-1,0.0,232,198,234,-1.0
665,New-8396454,1-0,1.0,233,198,234,-0.5
666,Base-2358a28,0-1,1.0,234,198,234,-0.0
668,Base-2358a28,1-0,0.0,234,198,235,-0.5
671,New-8396454,1-0,1.0,235,198,235,-0.0
670,Base-2358a28,0-1,1.0,236,198,235,0.5
669,New-8396454,1/2-1/2,0.5,236,199,235,0.5
667,New-8396454,1/2-1/2,0.5,236,200,235,0.5
672,Base-2358a28,1-0,0.0,236,200,236,-0.0
673,New-8396454,0-1,0.0,236,200,237,-0.5
674,Base-2358a28,0-1,1.0,237,200,237,-0.0
675,New-8396454,1-0,1.0,238,200,237,0.5
677,New-8396454,1/2-1/2,0.5,238,201,237,0.5
680,Base-2358a28,0-1,1.0,239,201,237,1.0
679,New-8396454,0-1,0.0,239,201,238,0.5
676,Base-2358a28,1/2-1/2,0.5,239,202,238,0.5
682,Base-2358a28,1-0,0.0,239,202,239,-0.0
678,Base-2358a28,1/2-1/2,0.5,239,203,239,-0.0
681,New-8396454,1-0,1.0,240,203,239,0.5
683,New-8396454,1/2-1/2,0.5,240,204,239,0.5
686,Base-2358a28,1/2-1/2,0.5,240,205,239,0.5
687,New-8396454,1-0,1.0,241,205,239,1.0
685,New-8396454,1-0,1.0,242,205,239,1.5
688,Base-2358a28,0-1,1.0,243,205,239,2.0
684,Base-2358a28,0-1,1.0,244,205,239,2.5
689,New-8396454,0-1,0.0,244,205,240,2.0
690,Base-2358a28,1/2-1/2,0.5,244,206,240,2.0
694,Base-2358a28,1/2-1/2,0.5,244,207,240,2.0
691,New-8396454,0-1,0.0,244,207,241,1.5
692,Base-2358a28,1-0,0.0,244,207,242,1.0
695,New-8396454,0-1,0.0,244,207,243,0.5
693,New-8396454,0-1,0.0,244,207,244,-0.0
696,Base-2358a28,0-1,1.0,245,207,244,0.5
697,New-8396454,0-1,0.0,245,207,245,-0.0
698,Base-2358a28,0-1,1.0,246,207,245,0.5
702,Base-2358a28,0-1,1.0,247,207,245,1.0
701,New-8396454,1-0,1.0,248,207,245,1.5
700,Base-2358a28,1-0,0.0,248,207,246,1.0
704,Base-2358a28,1-0,0.0,248,207,247,0.5
699,New-8396454,1/2-1/2,0.5,248,208,247,0.5
705,New-8396454,1/2-1/2,0.5,248,209,247,0.5
708,Base-2358a28,1/2-1/2,0.5,248,210,247,0.5
703,New-8396454,1-0,1.0,249,210,247,1.0
706,Base-2358a28,0-1,1.0,250,210,247,1.5
709,New-8396454,1-0,1.0,251,210,247,2.0
707,New-8396454,1/2-1/2,0.5,251,211,247,2.0
711,New-8396454,0-1,0.0,251,211,248,1.5
710,Base-2358a28,0-1,1.0,252,211,248,2.0
712,Base-2358a28,0-1,1.0,253,211,248,2.4
713,New-8396454,0-1,0.0,253,211,249,1.9
714,Base-2358a28,1-0,0.0,253,211,250,1.5
715,New-8396454,1-0,1.0,254,211,250,1.9
719,New-8396454,1/2-1/2,0.5,254,212,250,1.9
718,Base-2358a28,1-0,0.0,254,212,251,1.5
716,Base-2358a28,1/2-1/2,0.5,254,213,251,1.5
721,New-8396454,1-0,1.0,255,213,251,1.9
717,New-8396454,0-1,0.0,255,213,252,1.4
720,Base-2358a28,1/2-1/2,0.5,255,214,252,1.4
723,New-8396454,1-0,1.0,256,214,252,1.9
722,Base-2358a28,1/2-1/2,0.5,256,215,252,1.9
724,Base-2358a28,1/2-1/2,0.5,256,216,252,1.9
730,Base-2358a28,0-1,1.0,257,216,252,2.4
729,New-8396454,0-1,0.0,257,216,253,1.9
726,Base-2358a28,1/2-1/2,0.5,257,217,253,1.9
728,Base-2358a28,0-1,1.0,258,217,253,2.4
727,New-8396454,1/2-1/2,0.5,258,218,253,2.4
725,New-8396454,1-0,1.0,259,218,253,2.9
731,New-8396454,1-0,1.0,260,218,253,3.3
732,Base-2358a28,1-0,0.0,260,218,254,2.8
734,Base-2358a28,0-1,1.0,261,218,254,3.3
736,Base-2358a28,1/2-1/2,0.5,261,219,254,3.3
733,New-8396454,1-0,1.0,262,219,254,3.8
735,New-8396454,0-1,0.0,262,219,255,3.3
738,Base-2358a28,0-1,1.0,263,219,255,3.8
737,New-8396454,1/2-1/2,0.5,263,220,255,3.8
739,New-8396454,1-0,1.0,264,220,255,4.2
740,Base-2358a28,0-1,1.0,265,220,255,4.7
742,Base-2358a28,1-0,0.0,265,220,256,4.2
743,New-8396454,0-1,0.0,265,220,257,3.7
741,New-8396454,0-1,0.0,265,220,258,3.3
744,Base-2358a28,1/2-1/2,0.5,265,221,258,3.3
745,New-8396454,1/2-1/2,0.5,265,222,258,3.3
746,Base-2358a28,0-1,1.0,266,222,258,3.7
747,New-8396454,0-1,0.0,266,222,259,3.3
749,New-8396454,1/2-1/2,0.5,266,223,259,3.3
751,New-8396454,0-1,0.0,266,223,260,2.8
748,Base-2358a28,0-1,1.0,267,223,260,3.2
750,Base-2358a28,1-0,0.0,267,223,261,2.8
752,Base-2358a28,1-0,0.0,267,223,262,2.3
753,New-8396454,1-0,1.0,268,223,262,2.8
754,Base-2358a28,1-0,0.0,268,223,263,2.3
755,New-8396454,1/2-1/2,0.5,268,224,263,2.3
756,Base-2358a28,1-0,0.0,268,224,264,1.8
757,New-8396454,1/2-1/2,0.5,268,225,264,1.8
759,New-8396454,0-1,0.0,268,225,265,1.4
763,New-8396454,0-1,0.0,268,225,266,0.9
761,New-8396454,0-1,0.0,268,225,267,0.5
760,Base-2358a28,0-1,1.0,269,225,267,0.9
762,Base-2358a28,0-1,1.0,270,225,267,1.4
758,Base-2358a28,0-1,1.0,271,225,267,1.8
764,Base-2358a28,1-0,0.0,271,225,268,1.4
766,Base-2358a28,1/2-1/2,0.5,271,226,268,1.4
769,New-8396454,0-1,0.0,271,226,269,0.9
767,New-8396454,1-0,1.0,272,226,269,1.4
765,New-8396454,0-1,0.0,272,226,270,0.9
772,Base-2358a28,1/2-1/2,0.5,272,227,270,0.9
768,Base-2358a28,1-0,0.0,272,227,271,0.5
770,Base-2358a28,1-0,0.0,272,227,272,-0.0
771,New-8396454,1-0,1.0,273,227,272,0.5
773,New-8396454,1/2-1/2,0.5,273,228,272,0.4
775,New-8396454,1/2-1/2,0.5,273,229,272,0.4
774,Base-2358a28,1/2-1/2,0.5,273,230,272,0.4
779,New-8396454,0-1,0.0,273,230,273,-0.0
778,Base-2358a28,1-0,0.0,273,230,274,-0.4
777,New-8396454,1/2-1/2,0.5,273,231,274,-0.4
776,Base-2358a28,0-1,1.0,274,231,274,-0.0
780,Base-2358a28,0-1,1.0,275,231,274,0.4
781,New-8396454,0-1,0.0,275,231,275,-0.0
782,Base-2358a28,0-1,1.0,276,231,275,0.4
784,Base-2358a28,1-0,0.0,276,231,276,-0.0
785,New-8396454,1-0,1.0,277,231,276,0.4
783,New-8396454,0-1,0.0,277,231,277,-0.0
786,Base-2358a28,0-1,1.0,278,231,277,0.4
787,New-8396454,1-0,1.0,279,231,277,0.9
788,Base-2358a28,0-1,1.0,280,231,277,1.3
789,New-8396454,0-1,0.0,280,231,278,0.9
795,New-8396454,1/2-1/2,0.5,280,232,278,0.9
792,Base-2358a28,1/2-1/2,0.5,280,233,278,0.9
790,Base-2358a28,1-0,0.0,280,233,279,0.4
791,New-8396454,1/2-1/2,0.5,280,234,279,0.4
793,New-8396454,1/2-1/2,0.5,280,235,279,0.4
794,Base-2358a28,0-1,1.0,281,235,279,0.9
796,Base-2358a28,1-0,0.0,281,235,280,0.4
799,New-8396454,0-1,0.0,281,235,281,-0.0
800,Base-2358a28,1/2-1/2,0.5,281,236,281,-0.0
797,New-8396454,0-1,0.0,281,236,282,-0.4
798,Base-2358a28,1-0,0.0,281,236,283,-0.9
801,New-8396454,1-0,1.0,282,236,283,-0.4
802,Base-2358a28,0-1,1.0,283,236,283,-0.0
803,New-8396454,1-0,1.0,284,236,283,0.4
804,Base-2358a28,1/2-1/2,0.5,284,237,283,0.4
805,New-8396454,0-1,0.0,284,237,284,-0.0
807,New-8396454,0-1,0.0,284,237,285,-0.4
808,Base-2358a28,1-0,0.0,284,237,286,-0.9
806,Base-2358a28,1-0,0.0,284,237,287,-1.3
810,Base-2358a28,1/2-1/2,0.5,284,238,287,-1.3
811,New-8396454,1-0,1.0,285,238,287,-0.9
809,New-8396454,1-0,1.0,286,238,287,-0.4
812,Base-2358a28,0-1,1.0,287,238,287,-0.0
816,Base-2358a28,1/2-1/2,0.5,287,239,287,-0.0
815,New-8396454,0-1,0.0,287,239,288,-0.4
813,New-8396454,1-0,1.0,288,239,288,-0.0
814,Base-2358a28,0-1,1.0,289,239,288,0.4
821,New-8396454,0-1,0.0,289,239,289,-0.0
819,New-8396454,0-1,0.0,289,239,290,-0.4
817,New-8396454,1/2-1/2,0.5,289,240,290,-0.4
818,Base-2358a28,1/2-1/2,0.5,289,241,290,-0.4
820,Base-2358a28,0-1,1.0,290,241,290,-0.0
822,Base-2358a28,0-1,1.0,291,241,290,0.4
823,New-8396454,1-0,1.0,292,241,290,0.8
824,Base-2358a28,1-0,0.0,292,241,291,0.4
825,New-8396454,0-1,0.0,292,241,292,-0.0
827,New-8396454,0-1,0.0,292,241,293,-0.4
826,Base-2358a28,0-1,1.0,293,241,293,-0.0
828,Base-2358a28,0-1,1.0,294,241,293,0.4
829,New-8396454,0-1,0.0,294,241,294,-0.0
830,Base-2358a28,1/2-1/2,0.5,294,242,294,-0.0
831,New-8396454,0-1,0.0,294,242,295,-0.4
832,Base-2358a28,1/2-1/2,0.5,294,243,295,-0.4
833,New-8396454,0-1,0.0,294,243,296,-0.8
838,Base-2358a28,1-0,0.0,294,243,297,-1.2
835,New-8396454,1/2-1/2,0.5,294,244,297,-1.2
834,Base-2358a28,1/2-1/2,0.5,294,245,297,-1.2
836,Base-2358a28,1-0,0.0,294,245,298,-1.7
837,New-8396454,1/2-1/2,0.5,294,246,298,-1.7
839,New-8396454,1-0,1.0,295,246,298,-1.2
841,New-8396454,0-1,0.0,295,246,299,-1.7
840,Base-2358a28,0-1,1.0,296,246,299,-1.2
843,New-8396454,0-1,0.0,296,246,300,-1.7
842,Base-2358a28,1-0,0.0,296,246,301,-2.1
845,New-8396454,1-0,1.0,297,246,301,-1.6
847,New-8396454,1/2-1/2,0.5,297,247,301,-1.6
844,Base-2358a28,1-0,0.0,297,247,302,-2.1
846,Base-2358a28,0-1,1.0,298,247,302,-1.6
848,Base-2358a28,1-0,0.0,298,247,303,-2.0
851,New-8396454,1-0,1.0,299,247,303,-1.6
856,Base-2358a28,1/2-1/2,0.5,299,248,303,-1.6
850,Base-2358a28,0-1,1.0,300,248,303,-1.2
852,Base-2358a28,0-1,1.0,301,248,303,-0.8
849,New-8396454,1/2-1/2,0.5,301,249,303,-0.8
855,New-8396454,1-0,1.0,302,249,303,-0.4
854,Base-2358a28,0-1,1.0,303,249,303,-0.0
853,New-8396454,1/2-1/2,0.5,303,250,303,-0.0
857,New-8396454,0-1,0.0,303,250,304,-0.4
858,Base-2358a28,0-1,1.0,304,250,304,-0.0
859,New-8396454,1-0,1.0,305,250,304,0.4
860,Base-2358a28,0-1,1.0,306,250,304,0.8
861,New-8396454,1/2-1/2,0.5,306,251,304,0.8
865,New-8396454,0-1,0.0,306,251,305,0.4
863,New-8396454,1/2-1/2,0.5,306,252,305,0.4
862,Base-2358a28,0-1,1.0,307,252,305,0.8
866,Base-2358a28,1/2-1/2,0.5,307,253,305,0.8
867,New-8396454,0-1,0.0,307,253,306,0.4
873,New-8396454,1/2-1/2,0.5,307,254,306,0.4
864,Base-2358a28,1/2-1/2,0.5,307,255,306,0.4
868,Base-2358a28,0-1,1.0,308,255,306,0.8
869,New-8396454,1-0,1.0,309,255,306,1.2
872,Base-2358a28,0-1,1.0,310,255,306,1.6
870,Base-2358a28,0-1,1.0,311,255,306,2.0
871,New-8396454,0-1,0.0,311,255,307,1.6
874,Base-2358a28,1/2-1/2,0.5,311,256,307,1.6
875,New-8396454,1-0,1.0,312,256,307,2.0
878,Base-2358a28,0-1,1.0,313,256,307,2.4
877,New-8396454,0-1,0.0,313,256,308,2.0
879,New-8396454,1-0,1.0,314,256,308,2.4
881,New-8396454,0-1,0.0,314,256,309,2.0
880,Base-2358a28,1/2-1/2,0.5,314,257,309,2.0
884,Base-2358a28,1-0,0.0,314,257,310,1.6
876,Base-2358a28,1-0,0.0,314,257,311,1.2
882,Base-2358a28,1-0,0.0,314,257,312,0.8
883,New-8396454,1-0,1.0,315,257,312,1.2
891,New-8396454,1/2-1/2,0.5,315,258,312,1.2
885,New-8396454,0-1,0.0,315,258,313,0.8
888,Base-2358a28,1/2-1/2,0.5,315,259,313,0.8
887,New-8396454,0-1,0.0,315,259,314,0.4
886,Base-2358a28,0-1,1.0,316,259,314,0.8
889,New-8396454,0-1,0.0,316,259,315,0.4
890,Base-2358a28,1/2-1/2,0.5,316,260,315,0.4
892,Base-2358a28,0-1,1.0,317,260,315,0.8
894,Base-2358a28,1-0,0.0,317,260,316,0.4
896,Base-2358a28,0-1,1.0,318,260,316,0.8
895,New-8396454,1-0,1.0,319,260,316,1.2
893,New-8396454,0-1,0.0,319,260,317,0.8
897,New-8396454,0-1,0.0,319,260,318,0.4
899,New-8396454,0-1,0.0,319,260,319,-0.0
898,Base-2358a28,1/2-1/2,0.5,319,261,319,-0.0
900,Base-2358a28,0-1,1.0,320,261,319,0.4
902,Base-2358a28,1/2-1/2,0.5,320,262,319,0.4
901,New-8396454,1/2-1/2,0.5,320,263,319,0.4
904,Base-2358a28,1-0,0.0,320,263,320,-0.0
903,New-8396454,1-0,1.0,321,263,320,0.4
906,Base-2358a28,0-1,1.0,322,263,320,0.8
909,New-8396454,1/2-1/2,0.5,322,264,320,0.8
905,New-8396454,1/2-1/2,0.5,322,265,320,0.8
910,Base-2358a28,1-0,0.0,322,265,321,0.4
912,Base-2358a28,1/2-1/2,0.5,322,266,321,0.4
908,Base-2358a28,1-0,0.0,322,266,322,-0.0
911,New-8396454,1/2-1/2,0.5,322,267,322,-0.0
907,New-8396454,1/2-1/2,0.5,322,268,322,-0.0
914,Base-2358a28,1-0,0.0,322,268,323,-0.4
913,New-8396454,1/2-1/2,0.5,322,269,323,-0.4
918,Base-2358a28,1-0,0.0,322,269,324,-0.8
915,New-8396454,0-1,0.0,322,269,325,-1.1
916,Base-2358a28,0-1,1.0,323,269,325,-0.8
917,New-8396454,1-0,1.0,324,269,325,-0.4
919,New-8396454,1/2-1/2,0.5,324,270,325,-0.4
920,Base-2358a28,0-1,1.0,325,270,325,-0.0
921,New-8396454,1-0,1.0,326,270,325,0.4
923,New-8396454,1-0,1.0,327,270,325,0.8
922,Base-2358a28,0-1,1.0,328,270,325,1.1
924,Base-2358a28,1-0,0.0,328,270,326,0.8
926,Base-2358a28,1/2-1/2,0.5,328,271,326,0.8
927,New-8396454,1/2-1/2,0.5,328,272,326,0.8
925,New-8396454,1/2-1/2,0.5,328,273,326,0.7
928,Base-2358a28,0-1,1.0,329,273,326,1.1
929,New-8396454,1/2-1/2,0.5,329,274,326,1.1
931,New-8396454,1/2-1/2,0.5,329,275,326,1.1
932,Base-2358a28,0-1,1.0,330,275,326,1.5
930,Base-2358a28,1-0,0.0,330,275,327,1.1
933,New-8396454,1/2-1/2,0.5,330,276,327,1.1
934,Base-2358a28,0-1,1.0,331,276,327,1.5
935,New-8396454,1-0,1.0,332,276,327,1.9
937,New-8396454,0-1,0.0,332,276,328,1.5
936,Base-2358a28,1-0,0.0,332,276,329,1.1
938,Base-2358a28,1-0,0.0,332,276,330,0.7
940,Base-2358a28,1/2-1/2,0.5,332,277,330,0.7
939,New-8396454,0-1,0.0,332,277,331,0.4
942,Base-2358a28,1-0,0.0,332,277,332,-0.0
941,New-8396454,1-0,1.0,333,277,332,0.4
944,Base-2358a28,1/2-1/2,0.5,333,278,332,0.4
943,New-8396454,1/2-1/2,0.5,333,279,332,0.4
946,Base-2358a28,1/2-1/2,0.5,333,280,332,0.4
945,New-8396454,1/2-1/2,0.5,333,281,332,0.4
947,New-8396454,1-0,1.0,334,281,332,0.7
949,New-8396454,1-0,1.0,335,281,332,1.1
948,Base-2358a28,0-1,1.0,336,281,332,1.5
950,Base-2358a28,1-0,0.0,336,281,333,1.1
952,Base-2358a28,1-0,0.0,336,281,334,0.7
951,New-8396454,1-0,1.0,337,281,334,1.1
957,New-8396454,1-0,1.0,338,281,334,1.5
953,New-8396454,0-1,0.0,338,281,335,1.1
954,Base-2358a28,1-0,0.0,338,281,336,0.7
956,Base-2358a28,0-1,1.0,339,281,336,1.1
955,New-8396454,1-0,1.0,340,281,336,1.5
958,Base-2358a28,1-0,0.0,340,281,337,1.1
964,Base-2358a28,0-1,1.0,341,281,337,1.4
960,Base-2358a28,0-1,1.0,342,281,337,1.8
959,New-8396454,1-0,1.0,343,281,337,2.2
961,New-8396454,1/2-1/2,0.5,343,282,337,2.2
962,Base-2358a28,1/2-1/2,0.5,343,283,337,2.2
963,New-8396454,1-0,1.0,344,283,337,2.5
965,New-8396454,0-1,0.0,344,283,338,2.2
966,Base-2358a28,1/2-1/2,0.5,344,284,338,2.2
968,Base-2358a28,0-1,1.0,345,284,338,2.5
967,New-8396454,1-0,1.0,346,284,338,2.9
969,New-8396454,0-1,0.0,346,284,339,2.5
971,New-8396454,0-1,0.0,346,284,340,2.1
972,Base-2358a28,1-0,0.0,346,284,341,1.8
970,Base-2358a28,0-1,1.0,347,284,341,2.1
973,New-8396454,0-1,0.0,347,284,342,1.8
974,Base-2358a28,1/2-1/2,0.5,347,285,342,1.8
976,Base-2358a28,1-0,0.0,347,285,343,1.4
978,Base-2358a28,0-1,1.0,348,285,343,1.8
975,New-8396454,0-1,0.0,348,285,344,1.4
977,New-8396454,0-1,0.0,348,285,345,1.1
979,New-8396454,1-0,1.0,349,285,345,1.4
981,New-8396454,0-1,0.0,349,285,346,1.1
980,Base-2358a28,1/2-1/2,0.5,349,286,346,1.1
982,Base-2358a28,1/2-1/2,0.5,349,287,346,1.1
986,Base-2358a28,1/2-1/2,0.5,349,288,346,1.1
983,New-8396454,0-1,0.0,349,288,347,0.7
985,New-8396454,1/2-1/2,0.5,349,289,347,0.7
984,Base-2358a28,0-1,1.0,350,289,347,1.1
987,New-8396454,1/2-1/2,0.5,350,290,347,1.1
988,Base-2358a28,1-0,0.0,350,290,348,0.7
994,Base-2358a28,1/2-1/2,0.5,350,291,348,0.7
990,Base-2358a28,1/2-1/2,0.5,350,292,348,0.7
995,New-8396454,1/2-1/2,0.5,350,293,348,0.7
992,Base-2358a28,0-1,1.0,351,293,348,1.1
991,New-8396454,1-0,1.0,352,293,348,1.4
996,Base-2358a28,1/2-1/2,0.5,352,294,348,1.4
993,New-8396454,1-0,1.0,353,294,348,1.7
989,New-8396454,1/2-1/2,0.5,353,295,348,1.7
997,New-8396454,1-0,1.0,354,295,348,2.1
998,Base-2358a28,0-1,1.0,355,295,348,2.4
999,New-8396454,0-1,0.0,355,295,349,2.1
1003,New-8396454,0-1,0.0,355,295,350,1.7
1000,Base-2358a28,1-0,0.0,355,295,351,1.4
1002,Base-2358a28,1-0,0.0,355,295,352,1.0
1001,New-8396454,1-0,1.0,356,295,352,1.4
1004,Base-2358a28,0-1,1.0,357,295,352,1.7
1006,Base-2358a28,1/2-1/2,0.5,357,296,352,1.7
1005,New-8396454,0-1,0.0,357,296,353,1.4
1007,New-8396454,0-1,0.0,357,296,354,1.0
1008,Base-2358a28,1/2-1/2,0.5,357,297,354,1.0
1014,Base-2358a28,1/2-1/2,0.5,357,298,354,1.0
1012,Base-2358a28,1/2-1/2,0.5,357,299,354,1.0
1009,New-8396454,1-0,1.0,358,299,354,1.4
1010,Base-2358a28,1-0,0.0,358,299,355,1.0
1017,New-8396454,1/2-1/2,0.5,358,300,355,1.0
1011,New-8396454,1/2-1/2,0.5,358,301,355,1.0
1013,New-8396454,0-1,0.0,358,301,356,0.7
1015,New-8396454,0-1,0.0,358,301,357,0.3
1016,Base-2358a28,1-0,0.0,358,301,358,-0.0
1018,Base-2358a28,0-1,1.0,359,301,358,0.3
1024,Base-2358a28,1/2-1/2,0.5,359,302,358,0.3
1023,New-8396454,0-1,0.0,359,302,359,-0.0
1020,Base-2358a28,1/2-1/2,0.5,359,303,359,-0.0
1025,New-8396454,1/2-1/2,0.5,359,304,359,-0.0
1022,Base-2358a28,0-1,1.0,360,304,359,0.3
1019,New-8396454,1/2-1/2,0.5,360,305,359,0.3
1021,New-8396454,1/2-1/2,0.5,360,306,359,0.3
1026,Base-2358a28,0-1,1.0,361,306,359,0.7
1027,New-8396454,1-0,1.0,362,306,359,1.0
1028,Base-2358a28,0-1,1.0,363,306,359,1.4
1029,New-8396454,1-0,1.0,364,306,359,1.7
1033,New-8396454,0-1,0.0,364,306,360,1.3
1031,New-8396454,1/2-1/2,0.5,364,307,360,1.3
1030,Base-2358a28,1-0,0.0,364,307,361,1.0
1032,Base-2358a28,0-1,1.0,365,307,361,1.3
1036,Base-2358a28,1/2-1/2,0.5,365,308,361,1.3
1034,Base-2358a28,0-1,1.0,366,308,361,1.7
1038,Base-2358a28,1/2-1/2,0.5,366,309,361,1.7
1035,New-8396454,1-0,1.0,367,309,361,2.0
1037,New-8396454,0-1,0.0,367,309,362,1.7
1040,Base-2358a28,1-0,0.0,367,309,363,1.3
1039,New-8396454,1-0,1.0,368,309,363,1.7
1041,New-8396454,1/2-1/2,0.5,368,310,363,1.7
1043,New-8396454,1/2-1/2,0.5,368,311,363,1.7
1042,Base-2358a28,0-1,1.0,369,311,363,2.0
1047,New-8396454,0-1,0.0,369,311,364,1.7
1045,New-8396454,1-0,1.0,370,311,364,2.0
1048,Base-2358a28,1/2-1/2,0.5,370,312,364,2.0
1044,Base-2358a28,1-0,0.0,370,312,365,1.7
1049,New-8396454,0-1,0.0,370,312,366,1.3
1046,Base-2358a28,1-0,0.0,370,312,367,1.0
1050,Base-2358a28,1-0,0.0,370,312,368,0.7
1052,Base-2358a28,0-1,1.0,371,312,368,1.0
1051,New-8396454,1-0,1.0,372,312,368,1.3
1056,Base-2358a28,0-1,1.0,373,312,368,1.6
1053,New-8396454,1-0,1.0,374,312,368,2.0
1055,New-8396454,1-0,1.0,375,312,368,2.3
1057,New-8396454,1-0,1.0,376,312,368,2.6
1054,Base-2358a28,1/2-1/2,0.5,376,313,368,2.6
1058,Base-2358a28,1-0,0.0,376,313,369,2.3
1060,Base-2358a28,1/2-1/2,0.5,376,314,369,2.3
1059,New-8396454,0-1,0.0,376,314,370,2.0
1063,New-8396454,1/2-1/2,0.5,376,315,370,2.0
1061,New-8396454,0-1,0.0,376,315,371,1.6
1065,New-8396454,1/2-1/2,0.5,376,316,371,1.6
1062,Base-2358a28,1/2-1/2,0.5,376,317,371,1.6
1064,Base-2358a28,0-1,1.0,377,317,371,2.0
1067,New-8396454,1-0,1.0,378,317,371,2.3
1068,Base-2358a28,0-1,1.0,379,317,371,2.6
1066,Base-2358a28,1-0,0.0,379,317,372,2.3
1069,New-8396454,0-1,0.0,379,317,373,2.0
1070,Base-2358a28,1-0,0.0,379,317,374,1.6
1071,New-8396454,1-0,1.0,380,317,374,1.9
1073,New-8396454,1/2-1/2,0.5,380,318,374,1.9
1072,Base-2358a28,1-0,0.0,380,318,375,1.6
1075,New-8396454,1/2-1/2,0.5,380,319,375,1.6
1079,New-8396454,0-1,0.0,380,319,376,1.3
1076,Base-2358a28,0-1,1.0,381,319,376,1.6
1078,Base-2358a28,1-0,0.0,381,319,377,1.3
1077,New-8396454,1/2-1/2,0.5,381,320,377,1.3
1080,Base-2358a28,0-1,1.0,382,320,377,1.6
1081,New-8396454,0-1,0.0,382,320,378,1.3
1084,Base-2358a28,1/2-1/2,0.5,382,321,378,1.3
1074,Base-2358a28,1/2-1/2,0.5,382,322,378,1.3
1082,Base-2358a28,1-0,0.0,382,322,379,1.0
1083,New-8396454,0-1,0.0,382,322,380,0.6
1085,New-8396454,1-0,1.0,383,322,380,1.0
1087,New-8396454,1/2-1/2,0.5,383,323,380,1.0
1088,Base-2358a28,0-1,1.0,384,323,380,1.3
1086,Base-2358a28,1-0,0.0,384,323,381,1.0
1090,Base-2358a28,1/2-1/2,0.5,384,324,381,1.0
1092,Base-2358a28,0-1,1.0,385,324,381,1.3
1091,New-8396454,1/2-1/2,0.5,385,325,381,1.3
1089,New-8396454,1/2-1/2,0.5,385,326,381,1.3
1096,Base-2358a28,0-1,1.0,386,326,381,1.6
1095,New-8396454,1/2-1/2,0.5,386,327,381,1.6
1093,New-8396454,1/2-1/2,0.5,386,328,381,1.6
1094,Base-2358a28,1/2-1/2,0.5,386,329,381,1.6
1097,New-8396454,0-1,0.0,386,329,382,1.3
1098,Base-2358a28,0-1,1.0,387,329,382,1.6
1104,Base-2358a28,1-0,0.0,387,329,383,1.3
1100,Base-2358a28,1-0,0.0,387,329,384,0.9
1102,Base-2358a28,1-0,0.0,387,329,385,0.6
1101,New-8396454,1/2-1/2,0.5,387,330,385,0.6
1099,New-8396454,1/2-1/2,0.5,387,331,385,0.6
1103,New-8396454,1/2-1/2,0.5,387,332,385,0.6
1105,New-8396454,1-0,1.0,388,332,385,0.9
1106,Base-2358a28,0-1,1.0,389,332,385,1.3
1109,New-8396454,1-0,1.0,390,332,385,1.6
1107,New-8396454,1/2-1/2,0.5,390,333,385,1.6
1108,Base-2358a28,0-1,1.0,391,333,385,1.9
1110,Base-2358a28,1-0,0.0,391,333,386,1.6
1112,Base-2358a28,1/2-1/2,0.5,391,334,386,1.6
1111,New-8396454,1-0,1.0,392,334,386,1.9
1116,Base-2358a28,0-1,1.0,393,334,386,2.2
1113,New-8396454,0-1,0.0,393,334,387,1.9
1114,Base-2358a28,0-1,1.0,394,334,387,2.2
1115,New-8396454,0-1,0.0,394,334,388,1.9
1118,Base-2358a28,0-1,1.0,395,334,388,2.2
1120,Base-2358a28,0-1,1.0,396,334,388,2.5
1117,New-8396454,1/2-1/2,0.5,396,335,388,2.5
1119,New-8396454,1-0,1.0,397,335,388,2.8
1123,New-8396454,0-1,0.0,397,335,389,2.5
1124,Base-2358a28,1-0,0.0,397,335,390,2.2
1121,New-8396454,1-0,1.0,398,335,390,2.5
1129,New-8396454,0-1,0.0,398,335,391,2.2
1125,New-8396454,0-1,0.0,398,335,392,1.9
1122,Base-2358a28,1/2-1/2,0.5,398,336,392,1.9
1128,Base-2358a28,1/2-1/2,0.5,398,337,392,1.8
1126,Base-2358a28,1/2-1/2,0.5,398,338,392,1.8
1127,New-8396454,0-1,0.0,398,338,393,1.5
1130,Base-2358a28,1-0,0.0,398,338,394,1.2
1131,New-8396454,1-0,1.0,399,338,394,1.5
1132,Base-2358a28,0-1,1.0,400,338,394,1.8
1134,Base-2358a28,1/2-1/2,0.5,400,339,394,1.8
1135,New-8396454,1-0,1.0,401,339,394,2.1
1133,New-8396454,0-1,0.0,401,339,395,1.8
1137,New-8396454,1/2-1/2,0.5,401,340,395,1.8
1136,Base-2358a28,1-0,0.0,401,340,396,1.5
1139,New-8396454,1-0,1.0,402,340,396,1.8
1141,New-8396454,1/2-1/2,0.5,402,341,396,1.8
1140,Base-2358a28,0-1,1.0,403,341,396,2.1
1138,Base-2358a28,1/2-1/2,0.5,403,342,396,2.1
1143,New-8396454,0-1,0.0,403,342,397,1.8
1142,Base-2358a28,1/2-1/2,0.5,403,343,397,1.8
1149,New-8396454,1/2-1/2,0.5,403,344,397,1.8
1146,Base-2358a28,1-0,0.0,403,344,398,1.5
1147,New-8396454,0-1,0.0,403,344,399,1.2
1145,New-8396454,1-0,1.0,404,344,399,1.5
1144,Base-2358a28,1/2-1/2,0.5,404,345,399,1.5
1148,Base-2358a28,1/2-1/2,0.5,404,346,399,1.5
1157,New-8396454,1/2-1/2,0.5,404,347,399,1.5
1152,Base-2358a28,1/2-1/2,0.5,404,348,399,1.5
1151,New-8396454,1-0,1.0,405,348,399,1.8
1154,Base-2358a28,1/2-1/2,0.5,405,349,399,1.8
1150,Base-2358a28,1-0,0.0,405,349,400,1.5
1153,New-8396454,0-1,0.0,405,349,401,1.2
1155,New-8396454,1-0,1.0,406,349,401,1.5
1156,Base-2358a28,0-1,1.0,407,349,401,1.8
1159,New-8396454,0-1,0.0,407,349,402,1.5
1161,New-8396454,0-1,0.0,407,349,403,1.2
1158,Base-2358a28,1-0,0.0,407,349,404,0.9
1163,New-8396454,1-0,1.0,408,349,404,1.2
1160,Base-2358a28,0-1,1.0,409,349,404,1.5
1162,Base-2358a28,1-0,0.0,409,349,405,1.2
1167,New-8396454,1/2-1/2,0.5,409,350,405,1.2
1168,Base-2358a28,1-0,0.0,409,350,406,0.9
1165,New-8396454,0-1,0.0,409,350,407,0.6
1166,Base-2358a28,0-1,1.0,410,350,407,0.9
1164,Base-2358a28,1/2-1/2,0.5,410,351,407,0.9
1169,New-8396454,1-0,1.0,411,351,407,1.2
1173,New-8396454,0-1,0.0,411,351,408,0.9
1171,New-8396454,1-0,1.0,412,351,408,1.2
1175,New-8396454,1/2-1/2,0.5,412,352,408,1.2
1172,Base-2358a28,1-0,0.0,412,352,409,0.9
1170,Base-2358a28,1/2-1/2,0.5,412,353,409,0.9
1176,Base-2358a28,1-0,0.0,412,353,410,0.6
1174,Base-2358a28,1-0,0.0,412,353,411,0.3
1177,New-8396454,0-1,0.0,412,353,412,-0.0
1178,Base-2358a28,1-0,0.0,412,353,413,-0.3
1179,New-8396454,1-0,1.0,413,353,413,-0.0
1181,New-8396454,1-0,1.0,414,353,413,0.3
1186,Base-2358a28,1/2-1/2,0.5,414,354,413,0.3
1184,Base-2358a28,1/2-1/2,0.5,414,355,413,0.3
1180,Base-2358a28,1/2-1/2,0.5,414,356,413,0.3
1183,New-8396454,1/2-1/2,0.5,414,357,413,0.3
1182,Base-2358a28,1-0,0.0,414,357,414,-0.0
1185,New-8396454,0-1,0.0,414,357,415,-0.3
1187,New-8396454,0-1,0.0,414,357,416,-0.6
1188,Base-2358a28,1-0,0.0,414,357,417,-0.9
1191,New-8396454,0-1,0.0,414,357,418,-1.2
1189,New-8396454,0-1,0.0,414,357,419,-1.5
1194,Base-2358a28,1/2-1/2,0.5,414,358,419,-1.5
1190,Base-2358a28,1/2-1/2,0.5,414,359,419,-1.5
1192,Base-2358a28,1/2-1/2,0.5,414,360,419,-1.5
1193,New-8396454,0-1,0.0,414,360,420,-1.7
1195,New-8396454,0-1,0.0,414,360,421,-2.0
1197,New-8396454,1-0,1.0,415,360,421,-1.7
1196,Base-2358a28,1/2-1/2,0.5,415,361,421,-1.7
1200,Base-2358a28,1/2-1/2,0.5,415,362,421,-1.7
1199,New-8396454,1-0,1.0,416,362,421,-1.4
1198,Base-2358a28,1/2-1/2,0.5,416,363,421,-1.4
1202,Base-2358a28,1-0,0.0,416,363,422,-1.7
1201,New-8396454,0-1,0.0,416,363,423,-2.0
1203,New-8396454,0-1,0.0,416,363,424,-2.3
1210,Base-2358a28,1/2-1/2,0.5,416,364,424,-2.3
1205,New-8396454,0-1,0.0,416,364,425,-2.6
1204,Base-2358a28,1-0,0.0,416,364,426,-2.9
1206,Base-2358a28,0-1,1.0,417,364,426,-2.6
1209,New-8396454,0-1,0.0,417,364,427,-2.9
1208,Base-2358a28,0-1,1.0,418,364,427,-2.6
1207,New-8396454,0-1,0.0,418,364,428,-2.9
1211,New-8396454,1-0,1.0,419,364,428,-2.6
1213,New-8396454,1/2-1/2,0.5,419,365,428,-2.6
1212,Base-2358a28,0-1,1.0,420,365,428,-2.3
1217,New-8396454,1-0,1.0,421,365,428,-2.0
1214,Base-2358a28,0-1,1.0,422,365,428,-1.7
1219,New-8396454,1-0,1.0,423,365,428,-1.4
1215,New-8396454,0-1,0.0,423,365,429,-1.7
1216,Base-2358a28,0-1,1.0,424,365,429,-1.4
1223,New-8396454,1-0,1.0,425,365,429,-1.1
1218,Base-2358a28,1/2-1/2,0.5,425,366,429,-1.1
1221,New-8396454,1-0,1.0,426,366,429,-0.9
1224,Base-2358a28,1-0,0.0,426,366,430,-1.1
1220,Base-2358a28,1/2-1/2,0.5,426,367,430,-1.1
1222,Base-2358a28,1-0,0.0,426,367,431,-1.4
1226,Base-2358a28,1-0,0.0,426,367,432,-1.7
1228,Base-2358a28,0-1,1.0,427,367,432,-1.4
1227,New-8396454,1/2-1/2,0.5,427,368,432,-1.4
1225,New-8396454,1/2-1/2,0.5,427,369,432,-1.4
1233,New-8396454,1-0,1.0,428,369,432,-1.1
1230,Base-2358a28,1-0,0.0,428,369,433,-1.4
1231,New-8396454,1-0,1.0,429,369,433,-1.1
1229,New-8396454,1/2-1/2,0.5,429,370,433,-1.1
1232,Base-2358a28,1/2-1/2,0.5,429,371,433,-1.1
1236,Base-2358a28,1/2-1/2,0.5,429,372,433,-1.1
1234,Base-2358a28,0-1,1.0,430,372,433,-0.8
1242,Base-2358a28,1-0,0.0,430,372,434,-1.1
1240,Base-2358a28,0-1,1.0,431,372,434,-0.8
1238,Base-2358a28,0-1,1.0,432,372,434,-0.6
1237,New-8396454,1-0,1.0,433,372,434,-0.3
1241,New-8396454,1-0,1.0,434,372,434,-0.0
1239,New-8396454,1-0,1.0,435,372,434,0.3
1235,New-8396454,1/2-1/2,0.5,435,373,434,0.3
1243,New-8396454,1/2-1/2,0.5,435,374,434,0.3
1244,Base-2358a28,1/2-1/2,0.5,435,375,434,0.3
1245,New-8396454,1/2-1/2,0.5,435,376,434,0.3
1250,Base-2358a28,0-1,1.0,436,376,434,0.6
1246,Base-2358a28,1-0,0.0,436,376,435,0.3
1248,Base-2358a28,0-1,1.0,437,376,435,0.6
1247,New-8396454,0-1,0.0,437,376,436,0.3
1251,New-8396454,0-1,0.0,437,376,437,-0.0
1252,Base-2358a28,1-0,0.0,437,376,438,-0.3
1249,New-8396454,1/2-1/2,0.5,437,377,438,-0.3
1253,New-8396454,0-1,0.0,437,377,439,-0.6
1256,Base-2358a28,1/2-1/2,0.5,437,378,439,-0.6
1257,New-8396454,1-0,1.0,438,378,439,-0.3
1254,Base-2358a28,0-1,1.0,439,378,439,-0.0
1255,New-8396454,1-0,1.0,440,378,439,0.3
1259,New-8396454,1/2-1/2,0.5,440,379,439,0.3
1258,Base-2358a28,0-1,1.0,441,379,439,0.6
1260,Base-2358a28,1-0,0.0,441,379,440,0.3
1261,New-8396454,1/2-1/2,0.5,441,380,440,0.3
1262,Base-2358a28,0-1,1.0,442,380,440,0.6
1264,Base-2358a28,1-0,0.0,442,380,441,0.3
1263,New-8396454,0-1,0.0,442,380,442,-0.0
1266,Base-2358a28,0-1,1.0,443,380,442,0.3
1265,New-8396454,1-0,1.0,444,380,442,0.5
1268,Base-2358a28,0-1,1.0,445,380,442,0.8
1267,New-8396454,0-1,0.0,445,380,443,0.5
1269,New-8396454,0-1,0.0,445,380,444,0.3
1270,Base-2358a28,0-1,1.0,446,380,444,0.5
1271,New-8396454,0-1,0.0,446,380,445,0.3
1274,Base-2358a28,1-0,0.0,446,380,446,-0.0
1273,New-8396454,0-1,0.0,446,380,447,-0.3
1275,New-8396454,1-0,1.0,447,380,447,-0.0
1272,Base-2358a28,1-0,0.0,447,380,448,-0.3
1276,Base-2358a28,1/2-1/2,0.5,447,381,448,-0.3
1277,New-8396454,0-1,0.0,447,381,449,-0.5
1278,Base-2358a28,0-1,1.0,448,381,449,-0.3
1279,New-8396454,1-0,1.0,449,381,449,-0.0
1281,New-8396454,1-0,1.0,450,381,449,0.3
1284,Base-2358a28,1/2-1/2,0.5,450,382,449,0.3
1280,Base-2358a28,1/2-1/2,0.5,450,383,449,0.3
1283,New-8396454,1-0,1.0,451,383,449,0.5
1282,Base-2358a28,1/2-1/2,0.5,451,384,449,0.5
1286,Base-2358a28,0-1,1.0,452,384,449,0.8
1287,New-8396454,1-0,1.0,453,384,449,1.1
1285,New-8396454,1/2-1/2,0.5,453,385,449,1.1
1288,Base-2358a28,1/2-1/2,0.5,453,386,449,1.1
1292,Base-2358a28,1/2-1/2,0.5,453,387,449,1.1
1290,Base-2358a28,1-0,0.0,453,387,450,0.8
1291,New-8396454,1/2-1/2,0.5,453,388,450,0.8
1289,New-8396454,1-0,1.0,454,388,450,1.1
1293,New-8396454,0-1,0.0,454,388,451,0.8
1294,Base-2358a28,1/2-1/2,0.5,454,389,451,0.8
1298,Base-2358a28,1/2-1/2,0.5,454,390,451,0.8
1295,New-8396454,1-0,1.0,455,390,451,1.1
1297,New-8396454,0-1,0.0,455,390,452,0.8
1296,Base-2358a28,0-1,1.0,456,390,452,1.1
1299,New-8396454,1-0,1.0,457,390,452,1.3
1300,Base-2358a28,1-0,0.0,457,390,453,1.1
1302,Base-2358a28,0-1,1.0,458,390,453,1.3
1301,New-8396454,0-1,0.0,458,390,454,1.1
1303,New-8396454,1-0,1.0,459,390,454,1.3
1305,New-8396454,1-0,1.0,460,390,454,1.6
1307,New-8396454,1/2-1/2,0.5,460,391,454,1.6
1304,Base-2358a28,0-1,1.0,461,391,454,1.9
1306,Base-2358a28,1/2-1/2,0.5,461,392,454,1.9
1308,Base-2358a28,1-0,0.0,461,392,455,1.6
1310,Base-2358a28,1/2-1/2,0.5,461,393,455,1.6
1309,New-8396454,1/2-1/2,0.5,461,394,455,1.6
1311,New-8396454,0-1,0.0,461,394,456,1.3
1313,New-8396454,0-1,0.0,461,394,457,1.1
1315,New-8396454,1/2-1/2,0.5,461,395,457,1.1
1314,Base-2358a28,1/2-1/2,0.5,461,396,457,1.1
1312,Base-2358a28,0-1,1.0,462,396,457,1.3
1316,Base-2358a28,0-1,1.0,463,396,457,1.6
1319,New-8396454,1-0,1.0,464,396,457,1.8
1318,Base-2358a28,1-0,0.0,464,396,458,1.6
1320,Base-2358a28,1-0,0.0,464,396,459,1.3
1317,New-8396454,1/2-1/2,0.5,464,397,459,1.3
1323,New-8396454,1/2-1/2,0.5,464,398,459,1.3
1321,New-8396454,1-0,1.0,465,398,459,1.6
1324,Base-2358a28,0-1,1.0,466,398,459,1.8
1325,New-8396454,0-1,0.0,466,398,460,1.6
1322,Base-2358a28,1/2-1/2,0.5,466,399,460,1.6
1326,Base-2358a28,1-0,0.0,466,399,461,1.3
1327,New-8396454,1-0,1.0,467,399,461,1.6
1330,Base-2358a28,1/2-1/2,0.5,467,400,461,1.6
1329,New-8396454,1-0,1.0,468,400,461,1.8
1331,New-8396454,1-0,1.0,469,400,461,2.1
1328,Base-2358a28,1-0,0.0,469,400,462,1.8
1333,New-8396454,1-0,1.0,470,400,462,2.1
1332,Base-2358a28,0-1,1.0,471,400,462,2.3
1335,New-8396454,0-1,0.0,471,400,463,2.1
1334,Base-2358a28,0-1,1.0,472,400,463,2.3
1336,Base-2358a28,0-1,1.0,473,400,463,2.6
1337,New-8396454,1-0,1.0,474,400,463,2.9
1338,Base-2358a28,0-1,1.0,475,400,463,3.1
1339,New-8396454,0-1,0.0,475,400,464,2.9
1340,Base-2358a28,1-0,0.0,475,400,465,2.6
1341,New-8396454,1/2-1/2,0.5,475,401,465,2.6
1342,Base-2358a28,1/2-1/2,0.5,475,402,465,2.6
1344,Base-2358a28,1-0,0.0,475,402,466,2.3
1343,New-8396454,0-1,0.0,475,402,467,2.1
1345,New-8396454,0-1,0.0,475,402,468,1.8
1347,New-8396454,0-1,0.0,475,402,469,1.5
1346,Base-2358a28,0-1,1.0,476,402,469,1.8
1349,New-8396454,0-1,0.0,476,402,470,1.5
1350,Base-2358a28,1/2-1/2,0.5,476,403,470,1.5
1348,Base-2358a28,0-1,1.0,477,403,470,1.8
1351,New-8396454,0-1,0.0,477,403,471,1.5
1352,Base-2358a28,1/2-1/2,0.5,477,404,471,1.5
1354,Base-2358a28,1/2-1/2,0.5,477,405,471,1.5
1355,New-8396454,1-0,1.0,478,405,471,1.8
1353,New-8396454,1/2-1/2,0.5,478,406,471,1.8
1357,New-8396454,0-1,0.0,478,406,472,1.5
1358,Base-2358a28,1-0,0.0,478,406,473,1.3
1356,Base-2358a28,1/2-1/2,0.5,478,407,473,1.3
1360,Base-2358a28,0-1,1.0,479,407,473,1.5
1359,New-8396454,1-0,1.0,480,407,473,1.8
1361,New-8396454,0-1,0.0,480,407,474,1.5
1363,New-8396454,1/2-1/2,0.5,480,408,474,1.5
1362,Base-2358a28,1-0,0.0,480,408,475,1.3
1364,Base-2358a28,1-0,0.0,480,408,476,1.0
1365,New-8396454,1/2-1/2,0.5,480,409,476,1.0
1366,Base-2358a28,1-0,0.0,480,409,477,0.8
1367,New-8396454,1-0,1.0,481,409,477,1.0
1368,Base-2358a28,1-0,0.0,481,409,478,0.8
1369,New-8396454,1/2-1/2,0.5,481,410,478,0.8
1371,New-8396454,1-0,1.0,482,410,478,1.0
1372,Base-2358a28,1-0,0.0,482,410,479,0.8
1370,Base-2358a28,1-0,0.0,482,410,480,0.5
1377,New-8396454,1-0,1.0,483,410,480,0.8
1374,Base-2358a28,0-1,1.0,484,410,480,1.0
1376,Base-2358a28,0-1,1.0,485,410,480,1.3
1373,New-8396454,1-0,1.0,486,410,480,1.5
1375,New-8396454,1/2-1/2,0.5,486,411,480,1.5
1378,Base-2358a28,1-0,0.0,486,411,481,1.3
1382,Base-2358a28,1/2-1/2,0.5,486,412,481,1.3
1379,New-8396454,0-1,0.0,486,412,482,1.0
1380,Base-2358a28,1-0,0.0,486,412,483,0.8
1381,New-8396454,1/2-1/2,0.5,486,413,483,0.8
1384,Base-2358a28,0-1,1.0,487,413,483,1.0
1383,New-8396454,1-0,1.0,488,413,483,1.3
1388,Base-2358a28,0-1,1.0,489,413,483,1.5
1385,New-8396454,1-0,1.0,490,413,483,1.8
1386,Base-2358a28,0-1,1.0,491,413,483,2.0
1387,New-8396454,0-1,0.0,491,413,484,1.8
1389,New-8396454,0-1,0.0,491,413,485,1.5
1390,Base-2358a28,1-0,0.0,491,413,486,1.2
1391,New-8396454,1-0,1.0,492,413,486,1.5
1392,Base-2358a28,1-0,0.0,492,413,487,1.2
1393,New-8396454,1-0,1.0,493,413,487,1.5
1394,Base-2358a28,1-0,0.0,493,413,488,1.2
1396,Base-2358a28,0-1,1.0,494,413,488,1.5
1395,New-8396454,0-1,0.0,494,413,489,1.2
1397,New-8396454,0-1,0.0,494,413,490,1.0
1398,Base-2358a28,1/2-1/2,0.5,494,414,490,1.0
1399,New-8396454,1-0,1.0,495,414,490,1.2
1400,Base-2358a28,0-1,1.0,496,414,490,1.5
1401,New-8396454,0-1,0.0,496,414,491,1.2
1404,Base-2358a28,1-0,0.0,496,414,492,1.0
1402,Base-2358a28,1-0,0.0,496,414,493,0.7
1403,New-8396454,1-0,1.0,497,414,493,1.0
1405,New-8396454,0-1,0.0,497,414,494,0.7
1406,Base-2358a28,0-1,1.0,498,414,494,1.0
1408,Base-2358a28,1-0,0.0,498,414,495,0.7
1411,New-8396454,1/2-1/2,0.5,498,415,495,0.7
1410,Base-2358a28,1-0,0.0,498,415,496,0.5
1407,New-8396454,1/2-1/2,0.5,498,416,496,0.5
1413,New-8396454,0-1,0.0,498,416,497,0.2
1412,Base-2358a28,1/2-1/2,0.5,498,417,497,0.2
1409,New-8396454,1/2-1/2,0.5,498,418,497,0.2
1419,New-8396454,0-1,0.0,498,418,498,-0.0
1415,New-8396454,1-0,1.0,499,418,498,0.2
1418,Base-2358a28,1-0,0.0,499,418,499,-0.0
1417,New-8396454,1-0,1.0,500,418,499,0.2
1414,Base-2358a28,1-0,0.0,500,418,500,-0.0
1416,Base-2358a28,0-1,1.0,501,418,500,0.2
1420,Base-2358a28,0-1,1.0,502,418,500,0.5
1421,New-8396454,1-0,1.0,503,418,500,0.7
1423,New-8396454,1-0,1.0,504,418,500,1.0
1424,Base-2358a28,1-0,0.0,504,418,501,0.7
1422,Base-2358a28,0-1,1.0,505,418,501,1.0
1425,New-8396454,1-0,1.0,506,418,501,1.2
1426,Base-2358a28,0-1,1.0,507,418,501,1.5
1427,New-8396454,0-1,0.0,507,418,502,1.2
1429,New-8396454,1-0,1.0,508,418,502,1.5
1430,Base-2358a28,1-0,0.0,508,418,503,1.2
1428,Base-2358a28,1/2-1/2,0.5,508,419,503,1.2
1432,Base-2358a28,0-1,1.0,509,419,503,1.5
1435,New-8396454,0-1,0.0,509,419,504,1.2
1433,New-8396454,1-0,1.0,510,419,504,1.5
1431,New-8396454,1/2-1/2,0.5,510,420,504,1.5
1434,Base-2358a28,1/2-1/2,0.5,510,421,504,1.5
1440,Base-2358a28,1-0,0.0,510,421,505,1.2
1438,Base-2358a28,1/2-1/2,0.5,510,422,505,1.2
1437,New-8396454,1-0,1.0,511,422,505,1.4
1439,New-8396454,1-0,1.0,512,422,505,1.7
1441,New-8396454,1-0,1.0,513,422,505,1.9
1442,Base-2358a28,1-0,0.0,513,422,506,1.7
1436,Base-2358a28,1/2-1/2,0.5,513,423,506,1.7
1443,New-8396454,0-1,0.0,513,423,507,1.4
1444,Base-2358a28,0-1,1.0,514,423,507,1.7
1446,Base-2358a28,0-1,1.0,515,423,507,1.9
1445,New-8396454,1-0,1.0,516,423,507,2.2
1447,New-8396454,0-1,0.0,516,423,508,1.9
1450,Base-2358a28,0-1,1.0,517,423,508,2.2
1451,New-8396454,0-1,0.0,517,423,509,1.9
1449,New-8396454,1-0,1.0,518,423,509,2.2
1448,Base-2358a28,1/2-1/2,0.5,518,424,509,2.2
1454,Base-2358a28,1-0,0.0,518,424,510,1.9
1453,New-8396454,0-1,0.0,518,424,511,1.7
1452,Base-2358a28,1/2-1/2,0.5,518,425,511,1.7
1455,New-8396454,1-0,1.0,519,425,511,1.9
1459,New-8396454,1-0,1.0,520,425,511,2.1
1456,Base-2358a28,0-1,1.0,521,425,511,2.4
1458,Base-2358a28,1-0,0.0,521,425,512,2.1
1457,New-8396454,1/2-1/2,0.5,521,426,512,2.1
1460,Base-2358a28,1-0,0.0,521,426,513,1.9
1461,New-8396454,0-1,0.0,521,426,514,1.7
1462,Base-2358a28,1/2-1/2,0.5,521,427,514,1.7
1463,New-8396454,1/2-1/2,0.5,521,428,514,1.7
1468,Base-2358a28,1/2-1/2,0.5,521,429,514,1.7
1465,New-8396454,0-1,0.0,521,429,515,1.4
1464,Base-2358a28,0-1,1.0,522,429,515,1.7
1469,New-8396454,0-1,0.0,522,429,516,1.4
1466,Base-2358a28,0-1,1.0,523,429,516,1.7
1467,New-8396454,1-0,1.0,524,429,516,1.9
1470,Base-2358a28,0-1,1.0,525,429,516,2.1
1471,New-8396454,1/2-1/2,0.5,525,430,516,2.1
1473,New-8396454,1-0,1.0,526,430,516,2.4
1472,Base-2358a28,1-0,0.0,526,430,517,2.1
1477,New-8396454,1-0,1.0,527,430,517,2.4
1476,Base-2358a28,1-0,0.0,527,430,518,2.1
1474,Base-2358a28,1-0,0.0,527,430,519,1.9
1475,New-8396454,1-0,1.0,528,430,519,2.1
1478,Base-2358a28,1-0,0.0,528,430,520,1.9
1479,New-8396454,1/2-1/2,0.5,528,431,520,1.9
1482,Base-2358a28,1-0,0.0,528,431,521,1.6
1480,Base-2358a28,1-0,0.0,528,431,522,1.4
1481,New-8396454,1-0,1.0,529,431,522,1.6
1485,New-8396454,0-1,0.0,529,431,523,1.4
1484,Base-2358a28,1-0,0.0,529,431,524,1.2
1486,Base-2358a28,1-0,0.0,529,431,525,0.9
1483,New-8396454,0-1,0.0,529,431,526,0.7
1487,New-8396454,1/2-1/2,0.5,529,432,526,0.7
1489,New-8396454,1-0,1.0,530,432,526,0.9
1493,New-8396454,0-1,0.0,530,432,527,0.7
1490,Base-2358a28,0-1,1.0,531,432,527,0.9
1488,Base-2358a28,0-1,1.0,532,432,527,1.2
1491,New-8396454,0-1,0.0,532,432,528,0.9
1492,Base-2358a28,1-0,0.0,532,432,529,0.7
1494,Base-2358a28,1-0,0.0,532,432,530,0.5
1495,New-8396454,1/2-1/2,0.5,532,433,530,0.5
1496,Base-2358a28,0-1,1.0,533,433,530,0.7
1497,New-8396454,1-0,1.0,534,433,530,0.9
1500,Base-2358a28,0-1,1.0,535,433,530,1.2
1499,New-8396454,1/2-1/2,0.5,535,434,530,1.2
1502,Base-2358a28,1-0,0.0,535,434,531,0.9
1501,New-8396454,1-0,1.0,536,434,531,1.2
1498,Base-2358a28,0-1,1.0,537,434,531,1.4
1503,New-8396454,1-0,1.0,538,434,531,1.6
1507,New-8396454,1/2-1/2,0.5,538,435,531,1.6
1504,Base-2358a28,0-1,1.0,539,435,531,1.8
1508,Base-2358a28,0-1,1.0,540,435,531,2.1
1506,Base-2358a28,1-0,0.0,540,435,532,1.8
1505,New-8396454,1-0,1.0,541,435,532,2.1
1509,New-8396454,1/2-1/2,0.5,541,436,532,2.1
1511,New-8396454,1-0,1.0,542,436,532,2.3
1512,Base-2358a28,1-0,0.0,542,436,533,2.1
1510,Base-2358a28,1-0,0.0,542,436,534,1.8
1513,New-8396454,1-0,1.0,543,436,534,2.1
1516,Base-2358a28,0-1,1.0,544,436,534,2.3
1514,Base-2358a28,0-1,1.0,545,436,534,2.5
1517,New-8396454,1/2-1/2,0.5,545,437,534,2.5
1519,New-8396454,1/2-1/2,0.5,545,438,534,2.5
1520,Base-2358a28,1-0,0.0,545,438,535,2.3
1515,New-8396454,1/2-1/2,0.5,545,439,535,2.3
1518,Base-2358a28,1-0,0.0,545,439,536,2.1
1521,New-8396454,0-1,0.0,545,439,537,1.8
1523,New-8396454,1/2-1/2,0.5,545,440,537,1.8
1522,Base-2358a28,0-1,1.0,546,440,537,2.1
1528,Base-2358a28,1/2-1/2,0.5,546,441,537,2.1
1525,New-8396454,1-0,1.0,547,441,537,2.3
1526,Base-2358a28,1-0,0.0,547,441,538,2.0
1527,New-8396454,0-1,0.0,547,441,539,1.8
1529,New-8396454,0-1,0.0,547,441,540,1.6
1530,Base-2358a28,0-1,1.0,548,441,540,1.8
1524,Base-2358a28,1/2-1/2,0.5,548,442,540,1.8
1531,New-8396454,1/2-1/2,0.5,548,443,540,1.8
1532,Base-2358a28,1/2-1/2,0.5,548,444,540,1.8
1533,New-8396454,1-0,1.0,549,444,540,2.0
1534,Base-2358a28,0-1,1.0,550,444,540,2.3
1538,Base-2358a28,1/2-1/2,0.5,550,445,540,2.3
1535,New-8396454,0-1,0.0,550,445,541,2.0
1537,New-8396454,0-1,0.0,550,445,542,1.8
1536,Base-2358a28,1-0,0.0,550,445,543,1.6
1539,New-8396454,1/2-1/2,0.5,550,446,543,1.6
1544,Base-2358a28,0-1,1.0,551,446,543,1.8
1541,New-8396454,1-0,1.0,552,446,543,2.0
1542,Base-2358a28,0-1,1.0,553,446,543,2.3
1540,Base-2358a28,1/2-1/2,0.5,553,447,543,2.3
1543,New-8396454,1-0,1.0,554,447,543,2.5
1546,Base-2358a28,1-0,0.0,554,447,544,2.2
1545,New-8396454,1-0,1.0,555,447,544,2.5
1550,Base-2358a28,0-1,1.0,556,447,544,2.7
1549,New-8396454,1-0,1.0,557,447,544,2.9
1547,New-8396454,1-0,1.0,558,447,544,3.1
1552,Base-2358a28,0-1,1.0,559,447,544,3.4
1554,Base-2358a28,1/2-1/2,0.5,559,448,544,3.4
1553,New-8396454,0-1,0.0,559,448,545,3.1
1548,Base-2358a28,1/2-1/2,0.5,559,449,545,3.1
1557,New-8396454,1/2-1/2,0.5,559,450,545,3.1
1551,New-8396454,1-0,1.0,560,450,545,3.4
1563,New-8396454,1/2-1/2,0.5,560,451,545,3.3
1555,New-8396454,0-1,0.0,560,451,546,3.1
1556,Base-2358a28,0-1,1.0,561,451,546,3.3
1558,Base-2358a28,1-0,0.0,561,451,547,3.1
1560,Base-2358a28,0-1,1.0,562,451,547,3.3
1559,New-8396454,0-1,0.0,562,451,548,3.1
1561,New-8396454,0-1,0.0,562,451,549,2.9
1562,Base-2358a28,1/2-1/2,0.5,562,452,549,2.9
1567,New-8396454,1/2-1/2,0.5,562,453,549,2.9
1565,New-8396454,1/2-1/2,0.5,562,454,549,2.9
1566,Base-2358a28,0-1,1.0,563,454,549,3.1
1564,Base-2358a28,1/2-1/2,0.5,563,455,549,3.1
1570,Base-2358a28,1-0,0.0,563,455,550,2.9
1568,Base-2358a28,0-1,1.0,564,455,550,3.1
1571,New-8396454,0-1,0.0,564,455,551,2.9
1569,New-8396454,1-0,1.0,565,455,551,3.1
1573,New-8396454,1-0,1.0,566,455,551,3.3
1572,Base-2358a28,0-1,1.0,567,455,551,3.5
1576,Base-2358a28,1/2-1/2,0.5,567,456,551,3.5
1575,New-8396454,1/2-1/2,0.5,567,457,551,3.5
1577,New-8396454,0-1,0.0,567,457,552,3.3
1574,Base-2358a28,1/2-1/2,0.5,567,458,552,3.3
1579,New-8396454,1/2-1/2,0.5,567,459,552,3.3
1580,Base-2358a28,1/2-1/2,0.5,567,460,552,3.3
1578,Base-2358a28,1/2-1/2,0.5,567,461,552,3.3
1581,New-8396454,1-0,1.0,568,461,552,3.5
1582,Base-2358a28,0-1,1.0,569,461,552,3.7
1584,Base-2358a28,1/2-1/2,0.5,569,462,552,3.7
1585,New-8396454,1/2-1/2,0.5,569,463,552,3.7
1583,New-8396454,0-1,0.0,569,463,553,3.5
1589,New-8396454,1/2-1/2,0.5,569,464,553,3.5
1588,Base-2358a28,1-0,0.0,569,464,554,3.3
1587,New-8396454,1-0,1.0,570,464,554,3.5
1586,Base-2358a28,0-1,1.0,571,464,554,3.7
1590,Base-2358a28,0-1,1.0,572,464,554,3.9
1591,New-8396454,1/2-1/2,0.5,572,465,554,3.9
1592,Base-2358a28,1-0,0.0,572,465,555,3.7
1599,New-8396454,1/2-1/2,0.5,572,466,555,3.7
1594,Base-2358a28,0-1,1.0,573,466,555,3.9
1595,New-8396454,1-0,1.0,574,466,555,4.1
1593,New-8396454,1-0,1.0,575,466,555,4.4
1598,Base-2358a28,1/2-1/2,0.5,575,467,555,4.4
1597,New-8396454,1-0,1.0,576,467,555,4.6
1596,Base-2358a28,1-0,0.0,576,467,556,4.3
1600,Base-2358a28,1/2-1/2,0.5,576,468,556,4.3
1602,Base-2358a28,1-0,0.0,576,468,557,4.1
1604,Base-2358a28,1-0,0.0,576,468,558,3.9
1603,New-8396454,1-0,1.0,577,468,558,4.1
1605,New-8396454,0-1,0.0,577,468,559,3.9
1606,Base-2358a28,1-0,0.0,577,468,560,3.7
1607,New-8396454,0-1,0.0,577,468,561,3.5
1601,New-8396454,1/2-1/2,0.5,577,469,561,3.5
1609,New-8396454,1-0,1.0,578,469,561,3.7
1608,Base-2358a28,1/2-1/2,0.5,578,470,561,3.7
1614,Base-2358a28,1/2-1/2,0.5,578,471,561,3.7
1610,Base-2358a28,1/2-1/2,0.5,578,472,561,3.7
1612,Base-2358a28,1-0,0.0,578,472,562,3.4
1615,New-8396454,1-0,1.0,579,472,562,3.7
1613,New-8396454,0-1,0.0,579,472,563,3.4
1611,New-8396454,1-0,1.0,580,472,563,3.7
1617,New-8396454,1-0,1.0,581,472,563,3.9
1616,Base-2358a28,1/2-1/2,0.5,581,473,563,3.9
1619,New-8396454,0-1,0.0,581,473,564,3.7
1623,New-8396454,0-1,0.0,581,473,565,3.4
1622,Base-2358a28,0-1,1.0,582,473,565,3.6
1618,Base-2358a28,0-1,1.0,583,473,565,3.9
1620,Base-2358a28,1-0,0.0,583,473,566,3.6
1621,New-8396454,0-1,0.0,583,473,567,3.4
1624,Base-2358a28,0-1,1.0,584,473,567,3.6
1631,New-8396454,1/2-1/2,0.5,584,474,567,3.6
1626,Base-2358a28,1-0,0.0,584,474,568,3.4
1628,Base-2358a28,1-0,0.0,584,474,569,3.2
1625,New-8396454,1-0,1.0,585,474,569,3.4
1627,New-8396454,0-1,0.0,585,474,570,3.2
1629,New-8396454,1-0,1.0,586,474,570,3.4
1630,Base-2358a28,0-1,1.0,587,474,570,3.6
1633,New-8396454,0-1,0.0,587,474,571,3.4
1632,Base-2358a28,1-0,0.0,587,474,572,3.2
1634,Base-2358a28,1-0,0.0,587,474,573,3.0
1638,Base-2358a28,0-1,1.0,588,474,573,3.2
1636,Base-2358a28,1/2-1/2,0.5,588,475,573,3.2
1637,New-8396454,0-1,0.0,588,475,574,3.0
1635,New-8396454,1/2-1/2,0.5,588,476,574,3.0
1639,New-8396454,1/2-1/2,0.5,588,477,574,3.0
1640,Base-2358a28,1-0,0.0,588,477,575,2.8
1641,New-8396454,1-0,1.0,589,477,575,3.0
1642,Base-2358a28,1-0,0.0,589,477,576,2.8
1646,Base-2358a28,1/2-1/2,0.5,589,478,576,2.7
1643,New-8396454,0-1,0.0,589,478,577,2.5
1648,Base-2358a28,1-0,0.0,589,478,578,2.3
1644,Base-2358a28,1/2-1/2,0.5,589,479,578,2.3
1647,New-8396454,1-0,1.0,590,479,578,2.5
1645,New-8396454,0-1,0.0,590,479,579,2.3
1649,New-8396454,1-0,1.0,591,479,579,2.5
1652,Base-2358a28,1-0,0.0,591,479,580,2.3
1650,Base-2358a28,0-1,1.0,592,479,580,2.5
1653,New-8396454,1-0,1.0,593,479,580,2.7
1651,New-8396454,1-0,1.0,594,479,580,2.9
1655,New-8396454,1-0,1.0,595,479,580,3.2
1656,Base-2358a28,1-0,0.0,595,479,581,2.9
1654,Base-2358a28,0-1,1.0,596,479,581,3.1
1657,New-8396454,1-0,1.0,597,479,581,3.4
1658,Base-2358a28,1-0,0.0,597,479,582,3.1
1660,Base-2358a28,1-0,0.0,597,479,583,2.9
1659,New-8396454,1-0,1.0,598,479,583,3.1
1663,New-8396454,1/2-1/2,0.5,598,480,583,3.1
1662,Base-2358a28,1-0,0.0,598,480,584,2.9
1661,New-8396454,1/2-1/2,0.5,598,481,584,2.9
1666,Base-2358a28,1/2-1/2,0.5,598,482,584,2.9
1665,New-8396454,1-0,1.0,599,482,584,3.1
1668,Base-2358a28,0-1,1.0,600,482,584,3.3
1664,Base-2358a28,1/2-1/2,0.5,600,483,584,3.3
1667,New-8396454,1/2-1/2,0.5,600,484,584,3.3
1670,Base-2358a28,1/2-1/2,0.5,600,485,584,3.3
1669,New-8396454,0-1,0.0,600,485,585,3.1
1671,New-8396454,0-1,0.0,600,485,586,2.9
1674,Base-2358a28,1-0,0.0,600,485,587,2.7
1675,New-8396454,0-1,0.0,600,485,588,2.5
1672,Base-2358a28,0-1,1.0,601,485,588,2.7
1673,New-8396454,0-1,0.0,601,485,589,2.5
1679,New-8396454,0-1,0.0,601,485,590,2.3
1676,Base-2358a28,1-0,0.0,601,485,591,2.1
1677,New-8396454,0-1,0.0,601,485,592,1.9
1678,Base-2358a28,1-0,0.0,601,485,593,1.7
1680,Base-2358a28,1/2-1/2,0.5,601,486,593,1.7
1681,New-8396454,1-0,1.0,602,486,593,1.9
1682,Base-2358a28,1/2-1/2,0.5,602,487,593,1.9
1683,New-8396454,1-0,1.0,603,487,593,2.1
1684,Base-2358a28,1-0,0.0,603,487,594,1.9
1688,Base-2358a28,0-1,1.0,604,487,594,2.1
1685,New-8396454,1-0,1.0,605,487,594,2.3
1686,Base-2358a28,1/2-1/2,0.5,605,488,594,2.3
1689,New-8396454,1-0,1.0,606,488,594,2.5
1687,New-8396454,1/2-1/2,0.5,606,489,594,2.5
1691,New-8396454,1/2-1/2,0.5,606,490,594,2.5
1690,Base-2358a28,1-0,0.0,606,490,595,2.3
1692,Base-2358a28,1-0,0.0,606,490,596,2.1
1693,New-8396454,1/2-1/2,0.5,606,491,596,2.1
1695,New-8396454,1-0,1.0,607,491,596,2.3
1697,New-8396454,1/2-1/2,0.5,607,492,596,2.3
1696,Base-2358a28,1-0,0.0,607,492,597,2.0
1694,Base-2358a28,1/2-1/2,0.5,607,493,597,2.0
1698,Base-2358a28,1/2-1/2,0.5,607,494,597,2.0
1701,New-8396454,1-0,1.0,608,494,597,2.2
1699,New-8396454,1/2-1/2,0.5,608,495,597,2.2
1703,New-8396454,0-1,0.0,608,495,598,2.0
1700,Base-2358a28,1/2-1/2,0.5,608,496,598,2.0
1702,Base-2358a28,1/2-1/2,0.5,608,497,598,2.0
1704,Base-2358a28,1-0,0.0,608,497,599,1.8
1707,New-8396454,1/2-1/2,0.5,608,498,599,1.8
1705,New-8396454,1/2-1/2,0.5,608,499,599,1.8
1708,Base-2358a28,1/2-1/2,0.5,608,500,599,1.8
1706,Base-2358a28,1-0,0.0,608,500,600,1.6
1709,New-8396454,0-1,0.0,608,500,601,1.4
1711,New-8396454,0-1,0.0,608,500,602,1.2
1712,Base-2358a28,0-1,1.0,609,500,602,1.4
1713,New-8396454,1-0,1.0,610,500,602,1.6
1714,Base-2358a28,1/2-1/2,0.5,610,501,602,1.6
1715,New-8396454,0-1,0.0,610,501,603,1.4
1716,Base-2358a28,1-0,0.0,610,501,604,1.2
1710,Base-2358a28,1/2-1/2,0.5,610,502,604,1.2
1717,New-8396454,1-0,1.0,611,502,604,1.4
1718,Base-2358a28,1/2-1/2,0.5,611,503,604,1.4
1720,Base-2358a28,0-1,1.0,612,503,604,1.6
1721,New-8396454,1-0,1.0,613,503,604,1.8
1719,New-8396454,1-0,1.0,614,503,604,2.0
1723,New-8396454,0-1,0.0,614,503,605,1.8
1722,Base-2358a28,1-0,0.0,614,503,606,1.6
1727,New-8396454,1/2-1/2,0.5,614,504,606,1.6
1725,New-8396454,0-1,0.0,614,504,607,1.4
1724,Base-2358a28,0-1,1.0,615,504,607,1.6
1729,New-8396454,1/2-1/2,0.5,615,505,607,1.6
1728,Base-2358a28,1-0,0.0,615,505,608,1.4
1731,New-8396454,0-1,0.0,615,505,609,1.2
1730,Base-2358a28,0-1,1.0,616,505,609,1.4
1726,Base-2358a28,1/2-1/2,0.5,616,506,609,1.4
1732,Base-2358a28,1/2-1/2,0.5,616,507,609,1.4
1735,New-8396454,1-0,1.0,617,507,609,1.6
1734,Base-2358a28,1-0,0.0,617,507,610,1.4
1738,Base-2358a28,0-1,1.0,618,507,610,1.6
1737,New-8396454,0-1,0.0,618,507,611,1.4
1733,New-8396454,1-0,1.0,619,507,611,1.6
1736,Base-2358a28,1/2-1/2,0.5,619,508,611,1.6
1739,New-8396454,1/2-1/2,0.5,619,509,611,1.6
1741,New-8396454,1-0,1.0,620,509,611,1.8
1742,Base-2358a28,0-1,1.0,621,509,611,2.0
1740,Base-2358a28,0-1,1.0,622,509,611,2.2
1743,New-8396454,0-1,0.0,622,509,612,2.0
1744,Base-2358a28,0-1,1.0,623,509,612,2.2
1745,New-8396454,1-0,1.0,624,509,612,2.4
1746,Base-2358a28,0-1,1.0,625,509,612,2.6
1747,New-8396454,0-1,0.0,625,509,613,2.4
1748,Base-2358a28,1-0,0.0,625,509,614,2.2
1753,New-8396454,1-0,1.0,626,509,614,2.4
1752,Base-2358a28,0-1,1.0,627,509,614,2.6
1749,New-8396454,1-0,1.0,628,509,614,2.8
1751,New-8396454,1/2-1/2,0.5,628,510,614,2.8
1750,Base-2358a28,1-0,0.0,628,510,615,2.6
1754,Base-2358a28,1-0,0.0,628,510,616,2.4
1756,Base-2358a28,0-1,1.0,629,510,616,2.6
1755,New-8396454,1-0,1.0,630,510,616,2.8
1759,New-8396454,0-1,0.0,630,510,617,2.6
1757,New-8396454,0-1,0.0,630,510,618,2.4
1758,Base-2358a28,0-1,1.0,631,510,618,2.6
1761,New-8396454,0-1,0.0,631,510,619,2.4
1760,Base-2358a28,0-1,1.0,632,510,619,2.6
1763,New-8396454,1/2-1/2,0.5,632,511,619,2.6
1762,Base-2358a28,0-1,1.0,633,511,619,2.8
1766,Base-2358a28,0-1,1.0,634,511,619,3.0
1764,Base-2358a28,0-1,1.0,635,511,619,3.1
1765,New-8396454,0-1,0.0,635,511,620,3.0
1767,New-8396454,1/2-1/2,0.5,635,512,620,2.9
1768,Base-2358a28,1-0,0.0,635,512,621,2.8
1771,New-8396454,1/2-1/2,0.5,635,513,621,2.7
1772,Base-2358a28,1/2-1/2,0.5,635,514,621,2.7
1770,Base-2358a28,0-1,1.0,636,514,621,2.9
1769,New-8396454,0-1,0.0,636,514,622,2.7
1775,New-8396454,0-1,0.0,636,514,623,2.5
1774,Base-2358a28,0-1,1.0,637,514,623,2.7
1779,New-8396454,1/2-1/2,0.5,637,515,623,2.7
1778,Base-2358a28,1-0,0.0,637,515,624,2.5
1777,New-8396454,0-1,0.0,637,515,625,2.3
1776,Base-2358a28,1/2-1/2,0.5,637,516,625,2.3
1773,New-8396454,0-1,0.0,637,516,626,2.1
1780,Base-2358a28,0-1,1.0,638,516,626,2.3
1781,New-8396454,0-1,0.0,638,516,627,2.1
1784,Base-2358a28,1/2-1/2,0.5,638,517,627,2.1
1782,Base-2358a28,0-1,1.0,639,517,627,2.3
1783,New-8396454,0-1,0.0,639,517,628,2.1
1786,Base-2358a28,0-1,1.0,640,517,628,2.3
1785,New-8396454,1-0,1.0,641,517,628,2.5
1787,New-8396454,1/2-1/2,0.5,641,518,628,2.5
1788,Base-2358a28,1/2-1/2,0.5,641,519,628,2.5
1789,New-8396454,1-0,1.0,642,519,628,2.7
1791,New-8396454,1-0,1.0,643,519,628,2.9
1790,Base-2358a28,1-0,0.0,643,519,629,2.7
1793,New-8396454,1/2-1/2,0.5,643,520,629,2.7
1795,New-8396454,0-1,0.0,643,520,630,2.5
1792,Base-2358a28,1-0,0.0,643,520,631,2.3
1794,Base-2358a28,1-0,0.0,643,520,632,2.1
1796,Base-2358a28,0-1,1.0,644,520,632,2.3
1797,New-8396454,0-1,0.0,644,520,633,2.1
1799,New-8396454,1-0,1.0,645,520,633,2.3
1802,Base-2358a28,0-1,1.0,646,520,633,2.5
1798,Base-2358a28,0-1,1.0,647,520,633,2.7
1800,Base-2358a28,0-1,1.0,648,520,633,2.9
1803,New-8396454,1-0,1.0,649,520,633,3.1
1801,New-8396454,1/2-1/2,0.5,649,521,633,3.1
1806,Base-2358a28,0-1,1.0,650,521,633,3.3
1804,Base-2358a28,1/2-1/2,0.5,650,522,633,3.3
1805,New-8396454,0-1,0.0,650,522,634,3.1
1808,Base-2358a28,0-1,1.0,651,522,634,3.3
1807,New-8396454,0-1,0.0,651,522,635,3.1
1809,New-8396454,0-1,0.0,651,522,636,2.9
1811,New-8396454,0-1,0.0,651,522,637,2.7
1812,Base-2358a28,1/2-1/2,0.5,651,523,637,2.7
1810,Base-2358a28,1-0,0.0,651,523,638,2.5
1813,New-8396454,1/2-1/2,0.5,651,524,638,2.5
1814,Base-2358a28,1-0,0.0,651,524,639,2.3
1818,Base-2358a28,0-1,1.0,652,524,639,2.5
1816,Base-2358a28,0-1,1.0,653,524,639,2.7
1817,New-8396454,1-0,1.0,654,524,639,2.9
1815,New-8396454,1-0,1.0,655,524,639,3.1
1820,Base-2358a28,1/2-1/2,0.5,655,525,639,3.1
1819,New-8396454,0-1,0.0,655,525,640,2.9
1821,New-8396454,1-0,1.0,656,525,640,3.1
1822,Base-2358a28,1-0,0.0,656,525,641,2.9
1823,New-8396454,0-1,0.0,656,525,642,2.7
1828,Base-2358a28,1/2-1/2,0.5,656,526,642,2.7
1826,Base-2358a28,0-1,1.0,657,526,642,2.9
1825,New-8396454,1-0,1.0,658,526,642,3.0
1824,Base-2358a28,1/2-1/2,0.5,658,527,642,3.0
1829,New-8396454,1/2-1/2,0.5,658,528,642,3.0
1827,New-8396454,0-1,0.0,658,528,643,2.8
1830,Base-2358a28,1-0,0.0,658,528,644,2.7
1831,New-8396454,1-0,1.0,659,528,644,2.8
1832,Base-2358a28,1/2-1/2,0.5,659,529,644,2.8
1834,Base-2358a28,1-0,0.0,659,529,645,2.7
1833,New-8396454,1/2-1/2,0.5,659,530,645,2.7
1836,Base-2358a28,1-0,0.0,659,530,646,2.5
1835,New-8396454,1-0,1.0,660,530,646,2.6
1837,New-8396454,0-1,0.0,660,530,647,2.5
1839,New-8396454,0-1,0.0,660,530,648,2.3
1840,Base-2358a28,0-1,1.0,661,530,648,2.5
1838,Base-2358a28,1-0,0.0,661,530,649,2.3
1845,New-8396454,1/2-1/2,0.5,661,531,649,2.3
1842,Base-2358a28,0-1,1.0,662,531,649,2.5
1843,New-8396454,0-1,0.0,662,531,650,2.3
1844,Base-2358a28,1-0,0.0,662,531,651,2.1
1841,New-8396454,0-1,0.0,662,531,652,1.9
1846,Base-2358a28,0-1,1.0,663,531,652,2.1
1847,New-8396454,1/2-1/2,0.5,663,532,652,2.1
1849,New-8396454,1-0,1.0,664,532,652,2.3
1853,New-8396454,0-1,0.0,664,532,653,2.1
1852,Base-2358a28,0-1,1.0,665,532,653,2.3
1848,Base-2358a28,0-1,1.0,666,532,653,2.4
1850,Base-2358a28,1/2-1/2,0.5,666,533,653,2.4
1854,Base-2358a28,1-0,0.0,666,533,654,2.3
1851,New-8396454,1/2-1/2,0.5,666,534,654,2.2
1856,Base-2358a28,1-0,0.0,666,534,655,2.1
1855,New-8396454,0-1,0.0,666,534,656,1.9
1858,Base-2358a28,1-0,0.0,666,534,657,1.7
1857,New-8396454,0-1,0.0,666,534,658,1.5
1863,New-8396454,1/2-1/2,0.5,666,535,658,1.5
1861,New-8396454,1-0,1.0,667,535,658,1.7
1860,Base-2358a28,1/2-1/2,0.5,667,536,658,1.7
1859,New-8396454,0-1,0.0,667,536,659,1.5
1865,New-8396454,1/2-1/2,0.5,667,537,659,1.5
1862,Base-2358a28,1-0,0.0,667,537,660,1.3
1867,New-8396454,1-0,1.0,668,537,660,1.5
1864,Base-2358a28,1-0,0.0,668,537,661,1.3
1866,Base-2358a28,0-1,1.0,669,537,661,1.5
1870,Base-2358a28,1-0,0.0,669,537,662,1.3
1868,Base-2358a28,1-0,0.0,669,537,663,1.1
1872,Base-2358a28,1/2-1/2,0.5,669,538,663,1.1
1869,New-8396454,1-0,1.0,670,538,663,1.3
1871,New-8396454,1/2-1/2,0.5,670,539,663,1.3
1875,New-8396454,1-0,1.0,671,539,663,1.5
1873,New-8396454,1-0,1.0,672,539,663,1.7
1879,New-8396454,1-0,1.0,673,539,663,1.9
1874,Base-2358a28,1-0,0.0,673,539,664,1.7
1877,New-8396454,0-1,0.0,673,539,665,1.5
1876,Base-2358a28,1-0,0.0,673,539,666,1.3
1882,Base-2358a28,0-1,1.0,674,539,666,1.5
1880,Base-2358a28,0-1,1.0,675,539,666,1.7
1878,Base-2358a28,1/2-1/2,0.5,675,540,666,1.7
1883,New-8396454,1/2-1/2,0.5,675,541,666,1.7
1884,Base-2358a28,1-0,0.0,675,541,667,1.5
1885,New-8396454,1/2-1/2,0.5,675,542,667,1.5
1881,New-8396454,1/2-1/2,0.5,675,543,667,1.5
1886,Base-2358a28,1/2-1/2,0.5,675,544,667,1.5
1888,Base-2358a28,1-0,0.0,675,544,668,1.3
1887,New-8396454,0-1,0.0,675,544,669,1.1
1889,New-8396454,0-1,0.0,675,544,670,0.9
1891,New-8396454,0-1,0.0,675,544,671,0.7
1894,Base-2358a28,1-0,0.0,675,544,672,0.6
1890,Base-2358a28,1-0,0.0,675,544,673,0.4
1893,New-8396454,1/2-1/2,0.5,675,545,673,0.4
1892,Base-2358a28,1-0,0.0,675,545,674,0.2
1895,New-8396454,0-1,0.0,675,545,675,-0.0
1896,Base-2358a28,1-0,0.0,675,545,676,-0.2
1898,Base-2358a28,1-0,0.0,675,545,677,-0.4
1897,New-8396454,1-0,1.0,676,545,677,-0.2
1899,New-8396454,1-0,1.0,677,545,677,-0.0
1901,New-8396454,0-1,0.0,677,545,678,-0.2
1902,Base-2358a28,1/2-1/2,0.5,677,546,678,-0.2
1900,Base-2358a28,0-1,1.0,678,546,678,-0.0
1903,New-8396454,1-0,1.0,679,546,678,0.2
1904,Base-2358a28,1-0,0.0,679,546,679,-0.0
1905,New-8396454,0-1,0.0,679,546,680,-0.2
1907,New-8396454,1-0,1.0,680,546,680,-0.0
1906,Base-2358a28,1/2-1/2,0.5,680,547,680,-0.0
1910,Base-2358a28,1-0,0.0,680,547,681,-0.2
1909,New-8396454,1-0,1.0,681,547,681,-0.0
1911,New-8396454,1-0,1.0,682,547,681,0.2
1908,Base-2358a28,1/2-1/2,0.5,682,548,681,0.2
1912,Base-2358a28,0-1,1.0,683,548,681,0.4
1914,Base-2358a28,0-1,1.0,684,548,681,0.5
1913,New-8396454,1/2-1/2,0.5,684,549,681,0.5
1915,New-8396454,0-1,0.0,684,549,682,0.4
1920,Base-2358a28,1/2-1/2,0.5,684,550,682,0.4
1917,New-8396454,0-1,0.0,684,550,683,0.2
1916,Base-2358a28,0-1,1.0,685,550,683,0.4
1919,New-8396454,0-1,0.0,685,550,684,0.2
1922,Base-2358a28,0-1,1.0,686,550,684,0.4
1918,Base-2358a28,1/2-1/2,0.5,686,551,684,0.4
1926,Base-2358a28,1/2-1/2,0.5,686,552,684,0.4
1923,New-8396454,1-0,1.0,687,552,684,0.5
1921,New-8396454,1-0,1.0,688,552,684,0.7
1924,Base-2358a28,1-0,0.0,688,552,685,0.5
1927,New-8396454,1/2-1/2,0.5,688,553,685,0.5
1925,New-8396454,1-0,1.0,689,553,685,0.7
1928,Base-2358a28,1-0,0.0,689,553,686,0.5
1933,New-8396454,0-1,0.0,689,553,687,0.4
1930,Base-2358a28,0-1,1.0,690,553,687,0.5
1929,New-8396454,1-0,1.0,691,553,687,0.7
1931,New-8396454,1/2-1/2,0.5,691,554,687,0.7
1932,Base-2358a28,1/2-1/2,0.5,691,555,687,0.7
1934,Base-2358a28,0-1,1.0,692,555,687,0.9
1935,New-8396454,1-0,1.0,693,555,687,1.1
1936,Base-2358a28,0-1,1.0,694,555,687,1.3
1937,New-8396454,1-0,1.0,695,555,687,1.4
1939,New-8396454,0-1,0.0,695,555,688,1.3
1940,Base-2358a28,0-1,1.0,696,555,688,1.4
1938,Base-2358a28,0-1,1.0,697,555,688,1.6
1941,New-8396454,0-1,0.0,697,555,689,1.4
1945,New-8396454,1/2-1/2,0.5,697,556,689,1.4
1942,Base-2358a28,1/2-1/2,0.5,697,557,689,1.4
1944,Base-2358a28,1-0,0.0,697,557,690,1.3
1943,New-8396454,1/2-1/2,0.5,697,558,690,1.3
1948,Base-2358a28,1-0,0.0,697,558,691,1.1
1947,New-8396454,1/2-1/2,0.5,697,559,691,1.1
1946,Base-2358a28,1-0,0.0,697,559,692,0.9
1949,New-8396454,1-0,1.0,698,559,692,1.1
1950,Base-2358a28,0-1,1.0,699,559,692,1.2
1951,New-8396454,1-0,1.0,700,559,692,1.4
1953,New-8396454,1-0,1.0,701,559,692,1.6
1952,Base-2358a28,1/2-1/2,0.5,701,560,692,1.6
1954,Base-2358a28,1-0,0.0,701,560,693,1.4
1957,New-8396454,0-1,0.0,701,560,694,1.2
1959,New-8396454,1/2-1/2,0.5,701,561,694,1.2
1955,New-8396454,0-1,0.0,701,561,695,1.1
1956,Base-2358a28,1-0,0.0,701,561,696,0.9
1961,New-8396454,1/2-1/2,0.5,701,562,696,0.9
1958,Base-2358a28,1/2-1/2,0.5,701,563,696,0.9
1967,New-8396454,1/2-1/2,0.5,701,564,696,0.9
1962,Base-2358a28,0-1,1.0,702,564,696,1.1
1960,Base-2358a28,0-1,1.0,703,564,696,1.2
1963,New-8396454,1-0,1.0,704,564,696,1.4
1965,New-8396454,1-0,1.0,705,564,696,1.6
1964,Base-2358a28,1-0,0.0,705,564,697,1.4
1968,Base-2358a28,1-0,0.0,705,564,698,1.2
1966,Base-2358a28,1/2-1/2,0.5,705,565,698,1.2
1970,Base-2358a28,1/2-1/2,0.5,705,566,698,1.2
1969,New-8396454,1/2-1/2,0.5,705,567,698,1.2
1973,New-8396454,0-1,0.0,705,567,699,1.1
1971,New-8396454,0-1,0.0,705,567,700,0.9
1974,Base-2358a28,1-0,0.0,705,567,701,0.7
1972,Base-2358a28,1-0,0.0,705,567,702,0.5
1976,Base-2358a28,0-1,1.0,706,567,702,0.7
1975,New-8396454,1/2-1/2,0.5,706,568,702,0.7
1977,New-8396454,0-1,0.0,706,568,703,0.5
1980,Base-2358a28,1-0,0.0,706,568,704,0.4
1983,New-8396454,1-0,1.0,707,568,704,0.5
1981,New-8396454,1-0,1.0,708,568,704,0.7
1978,Base-2358a28,1-0,0.0,708,568,705,0.5
1979,New-8396454,0-1,0.0,708,568,706,0.4
1982,Base-2358a28,1/2-1/2,0.5,708,569,706,0.4
1984,Base-2358a28,0-1,1.0,709,569,706,0.5
1985,New-8396454,1/2-1/2,0.5,709,570,706,0.5
1987,New-8396454,1-0,1.0,710,570,706,0.7
1986,Base-2358a28,1-0,0.0,710,570,707,0.5
1988,Base-2358a28,0-1,1.0,711,570,707,0.7
1990,Base-2358a28,0-1,1.0,712,570,707,0.9
1992,Base-2358a28,1-0,0.0,712,570,708,0.7
1993,New-8396454,1-0,1.0,713,570,708,0.9
1989,New-8396454,0-1,0.0,713,570,709,0.7
1991,New-8396454,1-0,1.0,714,570,709,0.9
1998,Base-2358a28,0-1,1.0,715,570,709,1.0
2001,New-8396454,1-0,1.0,716,570,709,1.2
1995,New-8396454,1/2-1/2,0.5,716,571,709,1.2
1994,Base-2358a28,0-1,1.0,717,571,709,1.4
1996,Base-2358a28,1-0,0.0,717,571,710,1.2
1999,New-8396454,0-1,0.0,717,571,711,1.0
2000,Base-2358a28,1/2-1/2,0.5,717,572,711,1.0
1997,New-8396454,1-0,1.0,718,572,711,1.2
2005,New-8396454,0-1,0.0,718,572,712,1.0
2002,Base-2358a28,0-1,1.0,719,572,712,1.2
2003,New-8396454,1/2-1/2,0.5,719,573,712,1.2
2004,Base-2358a28,1-0,0.0,719,573,713,1.0
2009,New-8396454,1/2-1/2,0.5,719,574,713,1.0
2006,Base-2358a28,1-0,0.0,719,574,714,0.9
2007,New-8396454,1/2-1/2,0.5,719,575,714,0.9
2008,Base-2358a28,1-0,0.0,719,575,715,0.7
2014,Base-2358a28,0-1,1.0,720,575,715,0.9
2010,Base-2358a28,0-1,1.0,721,575,715,1.0
2012,Base-2358a28,1-0,0.0,721,575,716,0.9
2013,New-8396454,1-0,1.0,722,575,716,1.0
2011,New-8396454,1/2-1/2,0.5,722,576,716,1.0
2015,New-8396454,1-0,1.0,723,576,716,1.2
2016,Base-2358a28,0-1,1.0,724,576,716,1.4
2017,New-8396454,1-0,1.0,725,576,716,1.6
2018,Base-2358a28,1-0,0.0,725,576,717,1.4
2019,New-8396454,1-0,1.0,726,576,717,1.5
2021,New-8396454,1-0,1.0,727,576,717,1.7
2022,Base-2358a28,1-0,0.0,727,576,718,1.5
2020,Base-2358a28,1/2-1/2,0.5,727,577,718,1.5
2025,New-8396454,1/2-1/2,0.5,727,578,718,1.5
2023,New-8396454,1-0,1.0,728,578,718,1.7
2024,Base-2358a28,0-1,1.0,729,578,718,1.9
2027,New-8396454,1-0,1.0,730,578,718,2.1
2026,Base-2358a28,0-1,1.0,731,578,718,2.2
2030,Base-2358a28,0-1,1.0,732,578,718,2.4
2029,New-8396454,0-1,0.0,732,578,719,2.2
2033,New-8396454,1/2-1/2,0.5,732,579,719,2.2
2028,Base-2358a28,0-1,1.0,733,579,719,2.4
2032,Base-2358a28,0-1,1.0,734,579,719,2.6
2031,New-8396454,1-0,1.0,735,579,719,2.7
2034,Base-2358a28,0-1,1.0,736,579,719,2.9
2037,New-8396454,0-1,0.0,736,579,720,2.7
2035,New-8396454,1-0,1.0,737,579,720,2.9
2036,Base-2358a28,1-0,0.0,737,579,721,2.7
2039,New-8396454,0-1,0.0,737,579,722,2.6
2038,Base-2358a28,0-1,1.0,738,579,722,2.7
2040,Base-2358a28,1-0,0.0,738,579,723,2.6
2041,New-8396454,0-1,0.0,738,579,724,2.4
2043,New-8396454,0-1,0.0,738,579,725,2.2
2042,Base-2358a28,0-1,1.0,739,579,725,2.4
2044,Base-2358a28,0-1,1.0,740,579,725,2.5
2045,New-8396454,1-0,1.0,741,579,725,2.7
2047,New-8396454,0-1,0.0,741,579,726,2.5
2046,Base-2358a28,0-1,1.0,742,579,726,2.7
2048,Base-2358a28,1-0,0.0,742,579,727,2.5
2049,New-8396454,1-0,1.0,743,579,727,2.7
2051,New-8396454,1-0,1.0,744,579,727,2.9
2054,Base-2358a28,1-0,0.0,744,579,728,2.7
2055,New-8396454,0-1,0.0,744,579,729,2.5
2053,New-8396454,1/2-1/2,0.5,744,580,729,2.5
2050,Base-2358a28,0-1,1.0,745,580,729,2.7
2052,Base-2358a28,1/2-1/2,0.5,745,581,729,2.7
2056,Base-2358a28,1/2-1/2,0.5,745,582,729,2.7
2059,New-8396454,1-0,1.0,746,582,729,2.9
2058,Base-2358a28,1-0,0.0,746,582,730,2.7
2063,New-8396454,1-0,1.0,747,582,730,2.9
2057,New-8396454,1-0,1.0,748,582,730,3.0
2060,Base-2358a28,0-1,1.0,749,582,730,3.2
2062,Base-2358a28,0-1,1.0,750,582,730,3.4
2061,New-8396454,1/2-1/2,0.5,750,583,730,3.4
2065,New-8396454,0-1,0.0,750,583,731,3.2
2064,Base-2358a28,1-0,0.0,750,583,732,3.0
2066,Base-2358a28,0-1,1.0,751,583,732,3.2
2067,New-8396454,0-1,0.0,751,583,733,3.0
2069,New-8396454,0-1,0.0,751,583,734,2.9
2070,Base-2358a28,0-1,1.0,752,583,734,3.0
2068,Base-2358a28,1-0,0.0,752,583,735,2.9
2071,New-8396454,1/2-1/2,0.5,752,584,735,2.9
2072,Base-2358a28,0-1,1.0,753,584,735,3.0
2075,New-8396454,1/2-1/2,0.5,753,585,735,3.0
2073,New-8396454,1-0,1.0,754,585,735,3.2
2074,Base-2358a28,1-0,0.0,754,585,736,3.0
2077,New-8396454,1-0,1.0,755,585,736,3.2
2079,New-8396454,0-1,0.0,755,585,737,3.0
2081,New-8396454,1-0,1.0,756,585,737,3.2
2076,Base-2358a28,1-0,0.0,756,585,738,3.0
2080,Base-2358a28,1/2-1/2,0.5,756,586,738,3.0
2078,Base-2358a28,1-0,0.0,756,586,739,2.8
2083,New-8396454,1/2-1/2,0.5,756,587,739,2.8
2082,Base-2358a28,1/2-1/2,0.5,756,588,739,2.8
2085,New-8396454,0-1,0.0,756,588,740,2.7
2084,Base-2358a28,1-0,0.0,756,588,741,2.5
2089,New-8396454,1/2-1/2,0.5,756,589,741,2.5
2087,New-8396454,1/2-1/2,0.5,756,590,741,2.5
2086,Base-2358a28,0-1,1.0,757,590,741,2.7
2090,Base-2358a28,1-0,0.0,757,590,742,2.5
2088,Base-2358a28,0-1,1.0,758,590,742,2.7
2093,New-8396454,0-1,0.0,758,590,743,2.5
2091,New-8396454,0-1,0.0,758,590,744,2.3
2097,New-8396454,1-0,1.0,759,590,744,2.5
2092,Base-2358a28,1-0,0.0,759,590,745,2.3
2095,New-8396454,0-1,0.0,759,590,746,2.2
2094,Base-2358a28,0-1,1.0,760,590,746,2.3
2102,Base-2358a28,0-1,1.0,761,590,746,2.5
2099,New-8396454,1-0,1.0,762,590,746,2.6
2098,Base-2358a28,1/2-1/2,0.5,762,591,746,2.6
2096,Base-2358a28,1/2-1/2,0.5,762,592,746,2.6
2100,Base-2358a28,0-1,1.0,763,592,746,2.8
2101,New-8396454,1-0,1.0,764,592,746,3.0
2103,New-8396454,1-0,1.0,765,592,746,3.1
2109,New-8396454,1-0,1.0,766,592,746,3.3
2105,New-8396454,0-1,0.0,766,592,747,3.1
2104,Base-2358a28,1-0,0.0,766,592,748,3.0
2107,New-8396454,0-1,0.0,766,592,749,2.8
2106,Base-2358a28,0-1,1.0,767,592,749,3.0
2108,Base-2358a28,0-1,1.0,768,592,749,3.1
2113,New-8396454,1/2-1/2,0.5,768,593,749,3.1
2111,New-8396454,1/2-1/2,0.5,768,594,749,3.1
2110,Base-2358a28,0-1,1.0,769,594,749,3.3
2112,Base-2358a28,1-0,0.0,769,594,750,3.1
2114,Base-2358a28,1-0,0.0,769,594,751,3.0
2116,Base-2358a28,0-1,1.0,770,594,751,3.1
2115,New-8396454,0-1,0.0,770,594,752,3.0
2117,New-8396454,1-0,1.0,771,594,752,3.1
2120,Base-2358a28,1-0,0.0,771,594,753,3.0
2118,Base-2358a28,1-0,0.0,771,594,754,2.8
2121,New-8396454,1-0,1.0,772,594,754,2.9
2119,New-8396454,0-1,0.0,772,594,755,2.8
2122,Base-2358a28,1-0,0.0,772,594,756,2.6
2123,New-8396454,1-0,1.0,773,594,756,2.8
2125,New-8396454,0-1,0.0,773,594,757,2.6
2124,Base-2358a28,1/2-1/2,0.5,773,595,757,2.6
2126,Base-2358a28,0-1,1.0,774,595,757,2.8
2127,New-8396454,1-0,1.0,775,595,757,2.9
2133,New-8396454,1/2-1/2,0.5,775,596,757,2.9
2128,Base-2358a28,1/2-1/2,0.5,775,597,757,2.9
2129,New-8396454,1/2-1/2,0.5,775,598,757,2.9
2131,New-8396454,0-1,0.0,775,598,758,2.8
2132,Base-2358a28,1-0,0.0,775,598,759,2.6
2130,Base-2358a28,1-0,0.0,775,598,760,2.4
2134,Base-2358a28,0-1,1.0,776,598,760,2.6
2135,New-8396454,0-1,0.0,776,598,761,2.4
2136,Base-2358a28,1/2-1/2,0.5,776,599,761,2.4
2138,Base-2358a28,1/2-1/2,0.5,776,600,761,2.4
2137,New-8396454,0-1,0.0,776,600,762,2.3
2140,Base-2358a28,0-1,1.0,777,600,762,2.4
2139,New-8396454,1-0,1.0,778,600,762,2.6
2142,Base-2358a28,0-1,1.0,779,600,762,2.8
2143,New-8396454,0-1,0.0,779,600,763,2.6
2141,New-8396454,1/2-1/2,0.5,779,601,763,2.6
2146,Base-2358a28,1/2-1/2,0.5,779,602,763,2.6
2144,Base-2358a28,0-1,1.0,780,602,763,2.8
2147,New-8396454,1/2-1/2,0.5,780,603,763,2.8
2148,Base-2358a28,0-1,1.0,781,603,763,2.9
2150,Base-2358a28,1-0,0.0,781,603,764,2.7
2149,New-8396454,0-1,0.0,781,603,765,2.6
2151,New-8396454,1/2-1/2,0.5,781,604,765,2.6
2145,New-8396454,1/2-1/2,0.5,781,605,765,2.6
2153,New-8396454,0-1,0.0,781,605,766,2.4
2155,New-8396454,0-1,0.0,781,605,767,2.3
2156,Base-2358a28,1/2-1/2,0.5,781,606,767,2.3
2157,New-8396454,1-0,1.0,782,606,767,2.4
2154,Base-2358a28,1-0,0.0,782,606,768,2.3
2152,Base-2358a28,1/2-1/2,0.5,782,607,768,2.3
2158,Base-2358a28,0-1,1.0,783,607,768,2.4
2164,Base-2358a28,1-0,0.0,783,607,769,2.3
2160,Base-2358a28,0-1,1.0,784,607,769,2.4
2159,New-8396454,1-0,1.0,785,607,769,2.6
2161,New-8396454,1/2-1/2,0.5,785,608,769,2.6
2163,New-8396454,1-0,1.0,786,608,769,2.7
2165,New-8396454,1-0,1.0,787,608,769,2.9
2166,Base-2358a28,0-1,1.0,788,608,769,3.0
2162,Base-2358a28,1/2-1/2,0.5,788,609,769,3.0
2167,New-8396454,0-1,0.0,788,609,770,2.9
2169,New-8396454,1-0,1.0,789,609,770,3.0
2170,Base-2358a28,1-0,0.0,789,609,771,2.9
2172,Base-2358a28,1/2-1/2,0.5,789,610,771,2.9
2171,New-8396454,0-1,0.0,789,610,772,2.7
2168,Base-2358a28,1-0,0.0,789,610,773,2.6
2173,New-8396454,1/2-1/2,0.5,789,611,773,2.6
2174,Base-2358a28,1-0,0.0,789,611,774,2.4
2176,Base-2358a28,0-1,1.0,790,611,774,2.6
2175,New-8396454,1/2-1/2,0.5,790,612,774,2.6
2178,Base-2358a28,1/2-1/2,0.5,790,613,774,2.6
2180,Base-2358a28,1/2-1/2,0.5,790,614,774,2.6
2177,New-8396454,1-0,1.0,791,614,774,2.7
2179,New-8396454,1/2-1/2,0.5,791,615,774,2.7
2182,Base-2358a28,0-1,1.0,792,615,774,2.9
2183,New-8396454,1/2-1/2,0.5,792,616,774,2.9
2181,New-8396454,1/2-1/2,0.5,792,617,774,2.9
2185,New-8396454,1-0,1.0,793,617,774,3.0
2184,Base-2358a28,0-1,1.0,794,617,774,3.2
2186,Base-2358a28,1-0,0.0,794,617,775,3.0
2187,New-8396454,0-1,0.0,794,617,776,2.9
2188,Base-2358a28,1-0,0.0,794,617,777,2.7
2189,New-8396454,1/2-1/2,0.5,794,618,777,2.7
2191,New-8396454,0-1,0.0,794,618,778,2.5
2192,Base-2358a28,0-1,1.0,795,618,778,2.7
2193,New-8396454,0-1,0.0,795,618,779,2.5
2194,Base-2358a28,0-1,1.0,796,618,779,2.7
2190,Base-2358a28,0-1,1.0,797,618,779,2.9
2197,New-8396454,1/2-1/2,0.5,797,619,779,2.8
2195,New-8396454,1-0,1.0,798,619,779,3.0
2196,Base-2358a28,0-1,1.0,799,619,779,3.2
2198,Base-2358a28,1-0,0.0,799,619,780,3.0
2199,New-8396454,1-0,1.0,800,619,780,3.2
2202,Base-2358a28,1-0,0.0,800,619,781,3.0
2201,New-8396454,1-0,1.0,801,619,781,3.2
2200,Base-2358a28,0-1,1.0,802,619,781,3.3
2203,New-8396454,1-0,1.0,803,619,781,3.5
2209,New-8396454,1-0,1.0,804,619,781,3.6
2204,Base-2358a28,1-0,0.0,804,619,782,3.5
2206,Base-2358a28,1/2-1/2,0.5,804,620,782,3.5
2205,New-8396454,1-0,1.0,805,620,782,3.6
2208,Base-2358a28,0-1,1.0,806,620,782,3.8
2207,New-8396454,1/2-1/2,0.5,806,621,782,3.8
2211,New-8396454,0-1,0.0,806,621,783,3.6
2210,Base-2358a28,0-1,1.0,807,621,783,3.8
2212,Base-2358a28,1-0,0.0,807,621,784,3.6
2215,New-8396454,1-0,1.0,808,621,784,3.8
2214,Base-2358a28,1-0,0.0,808,621,785,3.6
2218,Base-2358a28,0-1,1.0,809,621,785,3.8
2213,New-8396454,1-0,1.0,810,621,785,3.9
2216,Base-2358a28,0-1,1.0,811,621,785,4.1
2221,New-8396454,1-0,1.0,812,621,785,4.2
2217,New-8396454,1-0,1.0,813,621,785,4.4
2223,New-8396454,0-1,0.0,813,621,786,4.2
2224,Base-2358a28,0-1,1.0,814,621,786,4.4
2222,Base-2358a28,0-1,1.0,815,621,786,4.5
2219,New-8396454,0-1,0.0,815,621,787,4.4
2220,Base-2358a28,1/2-1/2,0.5,815,622,787,4.4
2226,Base-2358a28,0-1,1.0,816,622,787,4.5
2227,New-8396454,1-0,1.0,817,622,787,4.7
2225,New-8396454,1/2-1/2,0.5,817,623,787,4.7
2228,Base-2358a28,0-1,1.0,818,623,787,4.8
2231,New-8396454,1-0,1.0,819,623,787,5.0
2229,New-8396454,0-1,0.0,819,623,788,4.8
2230,Base-2358a28,0-1,1.0,820,623,788,5.0
2232,Base-2358a28,0-1,1.0,821,623,788,5.1
2234,Base-2358a28,1-0,0.0,821,623,789,5.0
2235,New-8396454,1-0,1.0,822,623,789,5.1
2233,New-8396454,0-1,0.0,822,623,790,5.0
2239,New-8396454,0-1,0.0,822,623,791,4.8
2238,Base-2358a28,1-0,0.0,822,623,792,4.7
2236,Base-2358a28,0-1,1.0,823,623,792,4.8
2237,New-8396454,1/2-1/2,0.5,823,624,792,4.8
2240,Base-2358a28,1-0,0.0,823,624,793,4.7
2241,New-8396454,0-1,0.0,823,624,794,4.5
2244,Base-2358a28,0-1,1.0,824,624,794,4.6
2242,Base-2358a28,1-0,0.0,824,624,795,4.5
2247,New-8396454,1/2-1/2,0.5,824,625,795,4.5
2243,New-8396454,1/2-1/2,0.5,824,626,795,4.5
2246,Base-2358a28,0-1,1.0,825,626,795,4.6
2245,New-8396454,1-0,1.0,826,626,795,4.8
2248,Base-2358a28,1-0,0.0,826,626,796,4.6
2249,New-8396454,0-1,0.0,826,626,797,4.5
2250,Base-2358a28,0-1,1.0,827,626,797,4.6
2251,New-8396454,1-0,1.0,828,626,797,4.8
2254,Base-2358a28,1-0,0.0,828,626,798,4.6
2253,New-8396454,1/2-1/2,0.5,828,627,798,4.6
2252,Base-2358a28,1-0,0.0,828,627,799,4.5
2255,New-8396454,1-0,1.0,829,627,799,4.6
2257,New-8396454,1/2-1/2,0.5,829,628,799,4.6
2256,Base-2358a28,1-0,0.0,829,628,800,4.5
2258,Base-2358a28,1/2-1/2,0.5,829,629,800,4.5
2259,New-8396454,1-0,1.0,830,629,800,4.6
2260,Base-2358a28,0-1,1.0,831,629,800,4.8
2262,Base-2358a28,0-1,1.0,832,629,800,4.9
2263,New-8396454,0-1,0.0,832,629,801,4.8
2261,New-8396454,1-0,1.0,833,629,801,4.9
2264,Base-2358a28,0-1,1.0,834,629,801,5.1
2266,Base-2358a28,1-0,0.0,834,629,802,4.9
2265,New-8396454,1-0,1.0,835,629,802,5.1
2267,New-8396454,1-0,1.0,836,629,802,5.2
2268,Base-2358a28,0-1,1.0,837,629,802,5.4
2270,Base-2358a28,0-1,1.0,838,629,802,5.5
2272,Base-2358a28,0-1,1.0,839,629,802,5.7
2269,New-8396454,1-0,1.0,840,629,802,5.8
2271,New-8396454,0-1,0.0,840,629,803,5.7
2274,Base-2358a28,1-0,0.0,840,629,804,5.5
2273,New-8396454,1-0,1.0,841,629,804,5.7
2276,Base-2358a28,1-0,0.0,841,629,805,5.5
2275,New-8396454,1/2-1/2,0.5,841,630,805,5.5
2280,Base-2358a28,0-1,1.0,842,630,805,5.6
2277,New-8396454,1-0,1.0,843,630,805,5.8
2279,New-8396454,1-0,1.0,844,630,805,5.9
2281,New-8396454,1-0,1.0,845,630,805,6.1
2282,Base-2358a28,1-0,0.0,845,630,806,5.9
2284,Base-2358a28,1/2-1/2,0.5,845,631,806,5.9
2278,Base-2358a28,1/2-1/2,0.5,845,632,806,5.9
2285,New-8396454,0-1,0.0,845,632,807,5.8
2283,New-8396454,1/2-1/2,0.5,845,633,807,5.8
2288,Base-2358a28,0-1,1.0,846,633,807,5.9
2287,New-8396454,1-0,1.0,847,633,807,6.1
2286,Base-2358a28,1/2-1/2,0.5,847,634,807,6.1
2290,Base-2358a28,1-0,0.0,847,634,808,5.9
2293,New-8396454,1/2-1/2,0.5,847,635,808,5.9
2291,New-8396454,1-0,1.0,848,635,808,6.1
2292,Base-2358a28,1/2-1/2,0.5,848,636,808,6.1
2289,New-8396454,1/2-1/2,0.5,848,637,808,6.1
2294,Base-2358a28,1-0,0.0,848,637,809,5.9
2295,New-8396454,1-0,1.0,849,637,809,6.1
2296,Base-2358a28,0-1,1.0,850,637,809,6.2
2298,Base-2358a28,0-1,1.0,851,637,809,6.4
2297,New-8396454,1-0,1.0,852,637,809,6.5
2299,New-8396454,0-1,0.0,852,637,810,6.3
2300,Base-2358a28,0-1,1.0,853,637,810,6.5
2301,New-8396454,0-1,0.0,853,637,811,6.3
2302,Base-2358a28,1-0,0.0,853,637,812,6.2
2304,Base-2358a28,0-1,1.0,854,637,812,6.3
2303,New-8396454,1-0,1.0,855,637,812,6.5
2305,New-8396454,1-0,1.0,856,637,812,6.6
2306,Base-2358a28,1-0,0.0,856,637,813,6.5
2308,Base-2358a28,0-1,1.0,857,637,813,6.6
2309,New-8396454,0-1,0.0,857,637,814,6.5
2307,New-8396454,0-1,0.0,857,637,815,6.3
2310,Base-2358a28,1/2-1/2,0.5,857,638,815,6.3
2312,Base-2358a28,0-1,1.0,858,638,815,6.5
2311,New-8396454,0-1,0.0,858,638,816,6.3
2314,Base-2358a28,0-1,1.0,859,638,816,6.5
2313,New-8396454,1-0,1.0,860,638,816,6.6
2315,New-8396454,1/2-1/2,0.5,860,639,816,6.6
2316,Base-2358a28,0-1,1.0,861,639,816,6.8
2317,New-8396454,1-0,1.0,862,639,816,6.9
2318,Base-2358a28,1-0,0.0,862,639,817,6.7
2319,New-8396454,1/2-1/2,0.5,862,640,817,6.7
2320,Base-2358a28,1-0,0.0,862,640,818,6.6
2323,New-8396454,1/2-1/2,0.5,862,641,818,6.6
2321,New-8396454,0-1,0.0,862,641,819,6.4
2322,Base-2358a28,0-1,1.0,863,641,819,6.6
2325,New-8396454,1-0,1.0,864,641,819,6.7
2324,Base-2358a28,1-0,0.0,864,641,820,6.6
2326,Base-2358a28,0-1,1.0,865,641,820,6.7
2327,New-8396454,1-0,1.0,866,641,820,6.9
2328,Base-2358a28,0-1,1.0,867,641,820,7.0
2330,Base-2358a28,1-0,0.0,867,641,821,6.9
2329,New-8396454,0-1,0.0,867,641,822,6.7
2332,Base-2358a28,0-1,1.0,868,641,822,6.9
2331,New-8396454,1/2-1/2,0.5,868,642,822,6.9
2333,New-8396454,0-1,0.0,868,642,823,6.7
2335,New-8396454,1/2-1/2,0.5,868,643,823,6.7
2338,Base-2358a28,1-0,0.0,868,643,824,6.5
2337,New-8396454,1/2-1/2,0.5,868,644,824,6.5
2334,Base-2358a28,1/2-1/2,0.5,868,645,824,6.5
2336,Base-2358a28,0-1,1.0,869,645,824,6.7
2340,Base-2358a28,1-0,0.0,869,645,825,6.5
2339,New-8396454,1/2-1/2,0.5,869,646,825,6.5
2343,New-8396454,0-1,0.0,869,646,826,6.4
2344,Base-2358a28,0-1,1.0,870,646,826,6.5
2341,New-8396454,1-0,1.0,871,646,826,6.7
2346,Base-2358a28,1/2-1/2,0.5,871,647,826,6.7
2342,Base-2358a28,1/2-1/2,0.5,871,648,826,6.7
2347,New-8396454,0-1,0.0,871,648,827,6.5
2345,New-8396454,1-0,1.0,872,648,827,6.7
2348,Base-2358a28,1-0,0.0,872,648,828,6.5
2350,Base-2358a28,0-1,1.0,873,648,828,6.7
2349,New-8396454,1/2-1/2,0.5,873,649,828,6.7
2351,New-8396454,1-0,1.0,874,649,828,6.8
2355,New-8396454,1/2-1/2,0.5,874,650,828,6.8
2353,New-8396454,0-1,0.0,874,650,829,6.6
2354,Base-2358a28,1/2-1/2,0.5,874,651,829,6.6
2352,Base-2358a28,1/2-1/2,0.5,874,652,829,6.6
2358,Base-2358a28,0-1,1.0,875,652,829,6.8
2357,New-8396454,1-0,1.0,876,652,829,6.9
2356,Base-2358a28,0-1,1.0,877,652,829,7.1
2361,New-8396454,0-1,0.0,877,652,830,6.9
2359,New-8396454,1-0,1.0,878,652,830,7.1
2360,Base-2358a28,0-1,1.0,879,652,830,7.2
2362,Base-2358a28,1-0,0.0,879,652,831,7.1
2364,Base-2358a28,1/2-1/2,0.5,879,653,831,7.1
2363,New-8396454,0-1,0.0,879,653,832,6.9
2365,New-8396454,1/2-1/2,0.5,879,654,832,6.9
2367,New-8396454,0-1,0.0,879,654,833,6.8
2366,Base-2358a28,1/2-1/2,0.5,879,655,833,6.8
2370,Base-2358a28,1/2-1/2,0.5,879,656,833,6.8
2368,Base-2358a28,0-1,1.0,880,656,833,6.9
2369,New-8396454,1-0,1.0,881,656,833,7.0
2371,New-8396454,0-1,0.0,881,656,834,6.9
2372,Base-2358a28,1-0,0.0,881,656,835,6.7
2373,New-8396454,1-0,1.0,882,656,835,6.9
2374,Base-2358a28,1-0,0.0,882,656,836,6.7
2375,New-8396454,1-0,1.0,883,656,836,6.9
2378,Base-2358a28,1-0,0.0,883,656,837,6.7
2377,New-8396454,1/2-1/2,0.5,883,657,837,6.7
2376,Base-2358a28,0-1,1.0,884,657,837,6.9
2379,New-8396454,1-0,1.0,885,657,837,7.0
2381,New-8396454,0-1,0.0,885,657,838,6.9
2380,Base-2358a28,0-1,1.0,886,657,838,7.0
2383,New-8396454,0-1,0.0,886,657,839,6.9
2382,Base-2358a28,1-0,0.0,886,657,840,6.7
2384,Base-2358a28,0-1,1.0,887,657,840,6.9
2385,New-8396454,1-0,1.0,888,657,840,7.0
2388,Base-2358a28,1-0,0.0,888,657,841,6.8
2387,New-8396454,1-0,1.0,889,657,841,7.0
2386,Base-2358a28,0-1,1.0,890,657,841,7.1
2391,New-8396454,1-0,1.0,891,657,841,7.3
2389,New-8396454,0-1,0.0,891,657,842,7.1
2392,Base-2358a28,1-0,0.0,891,657,843,7.0
2393,New-8396454,1-0,1.0,892,657,843,7.1
2390,Base-2358a28,1/2-1/2,0.5,892,658,843,7.1
2395,New-8396454,0-1,0.0,892,658,844,7.0
2394,Base-2358a28,0-1,1.0,893,658,844,7.1
2396,Base-2358a28,1-0,0.0,893,658,845,7.0
2397,New-8396454,1/2-1/2,0.5,893,659,845,7.0
2400,Base-2358a28,1-0,0.0,893,659,846,6.8
2399,New-8396454,1-0,1.0,894,659,846,7.0
2398,Base-2358a28,1/2-1/2,0.5,894,660,846,6.9
2401,New-8396454,0-1,0.0,894,660,847,6.8
2403,New-8396454,1-0,1.0,895,660,847,6.9
2402,Base-2358a28,1-0,0.0,895,660,848,6.8
2405,New-8396454,1-0,1.0,896,660,848,6.9
2404,Base-2358a28,0-1,1.0,897,660,848,7.1
2406,Base-2358a28,0-1,1.0,898,660,848,7.2
2407,New-8396454,1/2-1/2,0.5,898,661,848,7.2
2408,Base-2358a28,1/2-1/2,0.5,898,662,848,7.2
2409,New-8396454,1/2-1/2,0.5,898,663,848,7.2
2413,New-8396454,1/2-1/2,0.5,898,664,848,7.2
2411,New-8396454,1/2-1/2,0.5,898,665,848,7.2
2410,Base-2358a28,1/2-1/2,0.5,898,666,848,7.2
2412,Base-2358a28,1-0,0.0,898,666,849,7.1
2415,New-8396454,1-0,1.0,899,666,849,7.2
2414,Base-2358a28,0-1,1.0,900,666,849,7.3
2417,New-8396454,1-0,1.0,901,666,849,7.5
2416,Base-2358a28,1-0,0.0,901,666,850,7.3
2420,Base-2358a28,0-1,1.0,902,666,850,7.5
2419,New-8396454,1-0,1.0,903,666,850,7.6
2424,Base-2358a28,0-1,1.0,904,666,850,7.8
2418,Base-2358a28,1/2-1/2,0.5,904,667,850,7.8
2421,New-8396454,1-0,1.0,905,667,850,7.9
2423,New-8396454,0-1,0.0,905,667,851,7.7
2422,Base-2358a28,1-0,0.0,905,667,852,7.6
2425,New-8396454,0-1,0.0,905,667,853,7.5
2429,New-8396454,1/2-1/2,0.5,905,668,853,7.4
2427,New-8396454,1-0,1.0,906,668,853,7.6
2430,Base-2358a28,0-1,1.0,907,668,853,7.7
2431,New-8396454,0-1,0.0,907,668,854,7.6
2426,Base-2358a28,0-1,1.0,908,668,854,7.7
2428,Base-2358a28,0-1,1.0,909,668,854,7.9
2432,Base-2358a28,0-1,1.0,910,668,854,8.0
2433,New-8396454,1-0,1.0,911,668,854,8.1
2434,Base-2358a28,0-1,1.0,912,668,854,8.3
2439,New-8396454,1/2-1/2,0.5,912,669,854,8.3
2438,Base-2358a28,1-0,0.0,912,669,855,8.1
2435,New-8396454,0-1,0.0,912,669,856,8.0
2436,Base-2358a28,1/2-1/2,0.5,912,670,856,8.0
2437,New-8396454,1/2-1/2,0.5,912,671,856,8.0
2442,Base-2358a28,1/2-1/2,0.5,912,672,856,8.0
2440,Base-2358a28,0-1,1.0,913,672,856,8.1
2441,New-8396454,1-0,1.0,914,672,856,8.3
2447,New-8396454,0-1,0.0,914,672,857,8.1
2443,New-8396454,0-1,0.0,914,672,858,8.0
2444,Base-2358a28,1/2-1/2,0.5,914,673,858,8.0
2446,Base-2358a28,1/2-1/2,0.5,914,674,858,8.0
2448,Base-2358a28,1/2-1/2,0.5,914,675,858,8.0
2449,New-8396454,0-1,0.0,914,675,859,7.8
2445,New-8396454,0-1,0.0,914,675,860,7.7
2452,Base-2358a28,1-0,0.0,914,675,861,7.5
2450,Base-2358a28,1/2-1/2,0.5,914,676,861,7.5
2451,New-8396454,1-0,1.0,915,676,861,7.7
2457,New-8396454,0-1,0.0,915,676,862,7.5
2453,New-8396454,1/2-1/2,0.5,915,677,862,7.5
2454,Base-2358a28,1-0,0.0,915,677,863,7.4
2455,New-8396454,1/2-1/2,0.5,915,678,863,7.4
2458,Base-2358a28,1/2-1/2,0.5,915,679,863,7.4
2456,Base-2358a28,0-1,1.0,916,679,863,7.5
2460,Base-2358a28,0-1,1.0,917,679,863,7.6
2459,New-8396454,0-1,0.0,917,679,864,7.5
2461,New-8396454,1-0,1.0,918,679,864,7.6
2462,Base-2358a28,1-0,0.0,918,679,865,7.5
2463,New-8396454,1-0,1.0,919,679,865,7.6
2464,Base-2358a28,1/2-1/2,0.5,919,680,865,7.6
2465,New-8396454,1/2-1/2,0.5,919,681,865,7.6
2469,New-8396454,1-0,1.0,920,681,865,7.8
2466,Base-2358a28,0-1,1.0,921,681,865,7.9
2467,New-8396454,1/2-1/2,0.5,921,682,865,7.9
2468,Base-2358a28,1/2-1/2,0.5,921,683,865,7.9
2471,New-8396454,1/2-1/2,0.5,921,684,865,7.9
2470,Base-2358a28,0-1,1.0,922,684,865,8.0
2472,Base-2358a28,0-1,1.0,923,684,865,8.2
2473,New-8396454,1/2-1/2,0.5,923,685,865,8.2
2475,New-8396454,0-1,0.0,923,685,866,8.0
2477,New-8396454,0-1,0.0,923,685,867,7.9
2476,Base-2358a28,0-1,1.0,924,685,867,8.0
2474,Base-2358a28,0-1,1.0,925,685,867,8.1
2478,Base-2358a28,1-0,0.0,925,685,868,8.0
2481,New-8396454,1-0,1.0,926,685,868,8.1
2479,New-8396454,0-1,0.0,926,685,869,8.0
2480,Base-2358a28,1/2-1/2,0.5,926,686,869,8.0
2482,Base-2358a28,1-0,0.0,926,686,870,7.8
2483,New-8396454,1-0,1.0,927,686,870,8.0
2485,New-8396454,0-1,0.0,927,686,871,7.8
2484,Base-2358a28,1/2-1/2,0.5,927,687,871,7.8
2489,New-8396454,1/2-1/2,0.5,927,688,871,7.8
2486,Base-2358a28,0-1,1.0,928,688,871,8.0
2487,New-8396454,1-0,1.0,929,688,871,8.1
2490,Base-2358a28,0-1,1.0,930,688,871,8.2
2493,New-8396454,0-1,0.0,930,688,872,8.1
2492,Base-2358a28,1/2-1/2,0.5,930,689,872,8.1
2491,New-8396454,1/2-1/2,0.5,930,690,872,8.1
2488,Base-2358a28,1-0,0.0,930,690,873,7.9
2494,Base-2358a28,1/2-1/2,0.5,930,691,873,7.9
2495,New-8396454,1/2-1/2,0.5,930,692,873,7.9
2498,Base-2358a28,1-0,0.0,930,692,874,7.8
2496,Base-2358a28,0-1,1.0,931,692,874,7.9
2497,New-8396454,1-0,1.0,932,692,874,8.1
2500,Base-2358a28,1-0,0.0,932,692,875,7.9
2499,New-8396454,0-1,0.0,932,692,876,7.8
2501,New-8396454,0-1,0.0,932,692,877,7.6
2502,Base-2358a28,1/2-1/2,0.5,932,693,877,7.6
2509,New-8396454,0-1,0.0,932,693,878,7.5
2506,Base-2358a28,0-1,1.0,933,693,878,7.6
2505,New-8396454,1-0,1.0,934,693,878,7.8
2507,New-8396454,0-1,0.0,934,693,879,7.6
2503,New-8396454,1/2-1/2,0.5,934,694,879,7.6
2504,Base-2358a28,0-1,1.0,935,694,879,7.8
2508,Base-2358a28,1-0,0.0,935,694,880,7.6
2511,New-8396454,1/2-1/2,0.5,935,695,880,7.6
2514,Base-2358a28,1/2-1/2,0.5,935,696,880,7.6
2510,Base-2358a28,1-0,0.0,935,696,881,7.5
2512,Base-2358a28,1-0,0.0,935,696,882,7.3
2516,Base-2358a28,0-1,1.0,936,696,882,7.5
2515,New-8396454,0-1,0.0,936,696,883,7.3
2513,New-8396454,1-0,1.0,937,696,883,7.5
2518,Base-2358a28,0-1,1.0,938,696,883,7.6
2519,New-8396454,0-1,0.0,938,696,884,7.5
2517,New-8396454,1/2-1/2,0.5,938,697,884,7.4
2521,New-8396454,1/2-1/2,0.5,938,698,884,7.4
2522,Base-2358a28,0-1,1.0,939,698,884,7.6
2523,New-8396454,1-0,1.0,940,698,884,7.7
2520,Base-2358a28,1/2-1/2,0.5,940,699,884,7.7
2524,Base-2358a28,1-0,0.0,940,699,885,7.6
2527,New-8396454,0-1,0.0,940,699,886,7.4
2526,Base-2358a28,0-1,1.0,941,699,886,7.6
2525,New-8396454,1-0,1.0,942,699,886,7.7
2529,New-8396454,1-0,1.0,943,699,886,7.8
2528,Base-2358a28,1/2-1/2,0.5,943,700,886,7.8
2531,New-8396454,1-0,1.0,944,700,886,8.0
2530,Base-2358a28,0-1,1.0,945,700,886,8.1
2532,Base-2358a28,0-1,1.0,946,700,886,8.2
2533,New-8396454,0-1,0.0,946,700,887,8.1
2534,Base-2358a28,0-1,1.0,947,700,887,8.2
2535,New-8396454,1-0,1.0,948,700,887,8.4
2537,New-8396454,1-0,1.0,949,700,887,8.5
2536,Base-2358a28,0-1,1.0,950,700,887,8.6
2538,Base-2358a28,0-1,1.0,951,700,887,8.8
2540,Base-2358a28,1/2-1/2,0.5,951,701,887,8.8
2541,New-8396454,1-0,1.0,952,701,887,8.9
2539,New-8396454,1/2-1/2,0.5,952,702,887,8.9
2543,New-8396454,1-0,1.0,953,702,887,9.0
2542,Base-2358a28,0-1,1.0,954,702,887,9.2
2545,New-8396454,1-0,1.0,955,702,887,9.3
2544,Base-2358a28,0-1,1.0,956,702,887,9.4
2546,Base-2358a28,0-1,1.0,957,702,887,9.6
2547,New-8396454,1-0,1.0,958,702,887,9.7
2551,New-8396454,1/2-1/2,0.5,958,703,887,9.7
2550,Base-2358a28,0-1,1.0,959,703,887,9.8
2549,New-8396454,1-0,1.0,960,703,887,9.9
2548,Base-2358a28,1/2-1/2,0.5,960,704,887,9.9
2552,Base-2358a28,1-0,0.0,960,704,888,9.8
2553,New-8396454,0-1,0.0,960,704,889,9.7
2558,Base-2358a28,1-0,0.0,960,704,890,9.5
2554,Base-2358a28,0-1,1.0,961,704,890,9.7
2555,New-8396454,1-0,1.0,962,704,890,9.8
2556,Base-2358a28,1-0,0.0,962,704,891,9.6
2557,New-8396454,0-1,0.0,962,704,892,9.5
2559,New-8396454,1/2-1/2,0.5,962,705,892,9.5
2561,New-8396454,0-1,0.0,962,705,893,9.4
2560,Base-2358a28,0-1,1.0,963,705,893,9.5
2562,Base-2358a28,1-0,0.0,963,705,894,9.4
2564,Base-2358a28,0-1,1.0,964,705,894,9.5
2563,New-8396454,1-0,1.0,965,705,894,9.6
2565,New-8396454,1/2-1/2,0.5,965,706,894,9.6
2566,Base-2358a28,1-0,0.0,965,706,895,9.5
2568,Base-2358a28,1/2-1/2,0.5,965,707,895,9.5
2569,New-8396454,1/2-1/2,0.5,965,708,895,9.5
2567,New-8396454,1/2-1/2,0.5,965,709,895,9.5
2572,Base-2358a28,1-0,0.0,965,709,896,9.3
2570,Base-2358a28,0-1,1.0,966,709,896,9.5
2571,New-8396454,1-0,1.0,967,709,896,9.6
2574,Base-2358a28,0-1,1.0,968,709,896,9.7
2573,New-8396454,1/2-1/2,0.5,968,710,896,9.7
2575,New-8396454,0-1,0.0,968,710,897,9.6
2576,Base-2358a28,0-1,1.0,969,710,897,9.7
2579,New-8396454,1-0,1.0,970,710,897,9.8
2578,Base-2358a28,0-1,1.0,971,710,897,10.0
2580,Base-2358a28,1-0,0.0,971,710,898,9.8
2581,New-8396454,1/2-1/2,0.5,971,711,898,9.8
2582,Base-2358a28,0-1,1.0,972,711,898,10.0
2577,New-8396454,1/2-1/2,0.5,972,712,898,10.0
2583,New-8396454,1/2-1/2,0.5,972,713,898,10.0
2584,Base-2358a28,0-1,1.0,973,713,898,10.1
2586,Base-2358a28,1/2-1/2,0.5,973,714,898,10.1
2589,New-8396454,1/2-1/2,0.5,973,715,898,10.1
2587,New-8396454,0-1,0.0,973,715,899,9.9
2585,New-8396454,0-1,0.0,973,715,900,9.8
2588,Base-2358a28,0-1,1.0,974,715,900,9.9
2590,Base-2358a28,0-1,1.0,975,715,900,10.1
2593,New-8396454,1-0,1.0,976,715,900,10.2
2591,New-8396454,1/2-1/2,0.5,976,716,900,10.2
2596,Base-2358a28,1-0,0.0,976,716,901,10.1
2595,New-8396454,1-0,1.0,977,716,901,10.2
2594,Base-2358a28,0-1,1.0,978,716,901,10.3
2597,New-8396454,0-1,0.0,978,716,902,10.2
2592,Base-2358a28,1/2-1/2,0.5,978,717,902,10.2
2598,Base-2358a28,0-1,1.0,979,717,902,10.3
2599,New-8396454,0-1,0.0,979,717,903,10.2
2600,Base-2358a28,1-0,0.0,979,717,904,10.0
2601,New-8396454,1/2-1/2,0.5,979,718,904,10.0
2603,New-8396454,1/2-1/2,0.5,979,719,904,10.0
2605,New-8396454,1-0,1.0,980,719,904,10.1
2602,Base-2358a28,1-0,0.0,980,719,905,10.0
2606,Base-2358a28,1-0,0.0,980,719,906,9.9
2604,Base-2358a28,0-1,1.0,981,719,906,10.0
2607,New-8396454,1-0,1.0,982,719,906,10.1
2608,Base-2358a28,1-0,0.0,982,719,907,10.0
2613,New-8396454,1-0,1.0,983,719,907,10.1
2609,New-8396454,0-1,0.0,983,719,908,10.0
2610,Base-2358a28,1/2-1/2,0.5,983,720,908,10.0
2611,New-8396454,1-0,1.0,984,720,908,10.1
2612,Base-2358a28,0-1,1.0,985,720,908,10.2
2615,New-8396454,1-0,1.0,986,720,908,10.4
2614,Base-2358a28,1/2-1/2,0.5,986,721,908,10.4
2616,Base-2358a28,1/2-1/2,0.5,986,722,908,10.4
2620,Base-2358a28,1/2-1/2,0.5,986,723,908,10.4
2619,New-8396454,1/2-1/2,0.5,986,724,908,10.4
2625,New-8396454,1/2-1/2,0.5,986,725,908,10.4
2618,Base-2358a28,1/2-1/2,0.5,986,726,908,10.3
2621,New-8396454,1-0,1.0,987,726,908,10.5
2617,New-8396454,1-0,1.0,988,726,908,10.6
2622,Base-2358a28,0-1,1.0,989,726,908,10.7
2623,New-8396454,0-1,0.0,989,726,909,10.6
2624,Base-2358a28,0-1,1.0,990,726,909,10.7
2628,Base-2358a28,1-0,0.0,990,726,910,10.6
2629,New-8396454,1/2-1/2,0.5,990,727,910,10.6
2626,Base-2358a28,0-1,1.0,991,727,910,10.7
2627,New-8396454,0-1,0.0,991,727,911,10.6
2632,Base-2358a28,0-1,1.0,992,727,911,10.7
2630,Base-2358a28,1-0,0.0,992,727,912,10.6
2631,New-8396454,0-1,0.0,992,727,913,10.4
2634,Base-2358a28,1-0,0.0,992,727,914,10.3
2633,New-8396454,1-0,1.0,993,727,914,10.4
2635,New-8396454,1-0,1.0,994,727,914,10.6
2636,Base-2358a28,1-0,0.0,994,727,915,10.4
2639,New-8396454,1-0,1.0,995,727,915,10.5
2640,Base-2358a28,1/2-1/2,0.5,995,728,915,10.5
2638,Base-2358a28,1-0,0.0,995,728,916,10.4
2637,New-8396454,0-1,0.0,995,728,917,10.3
2641,New-8396454,0-1,0.0,995,728,918,10.1
2643,New-8396454,1-0,1.0,996,728,918,10.3
2644,Base-2358a28,1-0,0.0,996,728,919,10.1
2642,Base-2358a28,0-1,1.0,997,728,919,10.3
2645,New-8396454,0-1,0.0,997,728,920,10.1
2646,Base-2358a28,1-0,0.0,997,728,921,10.0
2649,New-8396454,1-0,1.0,998,728,921,10.1
2648,Base-2358a28,1/2-1/2,0.5,998,729,921,10.1
2651,New-8396454,0-1,0.0,998,729,922,10.0
2652,Base-2358a28,1-0,0.0,998,729,923,9.8
2650,Base-2358a28,1-0,0.0,998,729,924,9.7
2647,New-8396454,1-0,1.0,999,729,924,9.8
2653,New-8396454,0-1,0.0,999,729,925,9.7
2656,Base-2358a28,1/2-1/2,0.5,999,730,925,9.7
2657,New-8396454,0-1,0.0,999,730,926,9.6
2655,New-8396454,1-0,1.0,1000,730,926,9.7
2654,Base-2358a28,1-0,0.0,1000,730,927,9.5
2659,New-8396454,1-0,1.0,1001,730,927,9.7
2660,Base-2358a28,0-1,1.0,1002,730,927,9.8
2658,Base-2358a28,0-1,1.0,1003,730,927,9.9
2662,Base-2358a28,0-1,1.0,1004,730,927,10.1
2661,New-8396454,0-1,0.0,1004,730,928,9.9
2664,Base-2358a28,1-0,0.0,1004,730,929,9.8
2665,New-8396454,0-1,0.0,1004,730,930,9.7
2663,New-8396454,1-0,1.0,1005,730,930,9.8
2669,New-8396454,0-1,0.0,1005,730,931,9.6
2667,New-8396454,1-0,1.0,1006,730,931,9.8
2666,Base-2358a28,0-1,1.0,1007,730,931,9.9
2668,Base-2358a28,0-1,1.0,1008,730,931,10.0
2670,Base-2358a28,0-1,1.0,1009,730,931,10.2
2673,New-8396454,1-0,1.0,1010,730,931,10.3
2671,New-8396454,0-1,0.0,1010,730,932,10.1
2675,New-8396454,0-1,0.0,1010,730,933,10.0
2672,Base-2358a28,1-0,0.0,1010,730,934,9.9
2674,Base-2358a28,1/2-1/2,0.5,1010,731,934,9.9
2676,Base-2358a28,1-0,0.0,1010,731,935,9.7
2677,New-8396454,1-0,1.0,1011,731,935,9.9
2678,Base-2358a28,1/2-1/2,0.5,1011,732,935,9.9
2681,New-8396454,1/2-1/2,0.5,1011,733,935,9.9
2680,Base-2358a28,1/2-1/2,0.5,1011,734,935,9.9
2679,New-8396454,1-0,1.0,1012,734,935,10.0
2684,Base-2358a28,0-1,1.0,1013,734,935,10.1
2683,New-8396454,1-0,1.0,1014,734,935,10.2
2685,New-8396454,0-1,0.0,1014,734,936,10.1
2682,Base-2358a28,1/2-1/2,0.5,1014,735,936,10.1
2690,Base-2358a28,1-0,0.0,1014,735,937,10.0
2689,New-8396454,0-1,0.0,1014,735,938,9.8
2686,Base-2358a28,1/2-1/2,0.5,1014,736,938,9.8
2687,New-8396454,1-0,1.0,1015,736,938,10.0
2691,New-8396454,1/2-1/2,0.5,1015,737,938,9.9
2688,Base-2358a28,1/2-1/2,0.5,1015,738,938,9.9
2692,Base-2358a28,1/2-1/2,0.5,1015,739,938,9.9
2697,New-8396454,1-0,1.0,1016,739,938,10.1
2695,New-8396454,1/2-1/2,0.5,1016,740,938,10.1
2693,New-8396454,1/2-1/2,0.5,1016,741,938,10.1
2696,Base-2358a28,0-1,1.0,1017,741,938,10.2
2694,Base-2358a28,1-0,0.0,1017,741,939,10.1
2699,New-8396454,1/2-1/2,0.5,1017,742,939,10.0
2698,Base-2358a28,1/2-1/2,0.5,1017,743,939,10.0
2700,Base-2358a28,1-0,0.0,1017,743,940,9.9
2701,New-8396454,0-1,0.0,1017,743,941,9.8
2705,New-8396454,0-1,0.0,1017,743,942,9.6
2702,Base-2358a28,1-0,0.0,1017,743,943,9.5
2703,New-8396454,1/2-1/2,0.5,1017,744,943,9.5
2704,Base-2358a28,1-0,0.0,1017,744,944,9.4
2706,Base-2358a28,1-0,0.0,1017,744,945,9.2
2708,Base-2358a28,0-1,1.0,1018,744,945,9.4
2707,New-8396454,1-0,1.0,1019,744,945,9.5
2709,New-8396454,0-1,0.0,1019,744,946,9.4
2710,Base-2358a28,1/2-1/2,0.5,1019,745,946,9.4
2712,Base-2358a28,0-1,1.0,1020,745,946,9.5
2711,New-8396454,1/2-1/2,0.5,1020,746,946,9.5
2714,Base-2358a28,0-1,1.0,1021,746,946,9.6
2713,New-8396454,1-0,1.0,1022,746,946,9.7
2715,New-8396454,1/2-1/2,0.5,1022,747,946,9.7
2716,Base-2358a28,1-0,0.0,1022,747,947,9.6
2717,New-8396454,1-0,1.0,1023,747,947,9.7
2718,Base-2358a28,0-1,1.0,1024,747,947,9.8
2719,New-8396454,0-1,0.0,1024,747,948,9.7
2724,Base-2358a28,1/2-1/2,0.5,1024,748,948,9.7
2721,New-8396454,0-1,0.0,1024,748,949,9.6
2720,Base-2358a28,0-1,1.0,1025,748,949,9.7
2723,New-8396454,1-0,1.0,1026,748,949,9.8
2722,Base-2358a28,0-1,1.0,1027,748,949,10.0
2725,New-8396454,0-1,0.0,1027,748,950,9.8
2728,Base-2358a28,0-1,1.0,1028,748,950,9.9
2731,New-8396454,1/2-1/2,0.5,1028,749,950,9.9
2729,New-8396454,0-1,0.0,1028,749,951,9.8
2726,Base-2358a28,0-1,1.0,1029,749,951,9.9
2727,New-8396454,1-0,1.0,1030,749,951,10.1
2730,Base-2358a28,1-0,0.0,1030,749,952,9.9
2732,Base-2358a28,1/2-1/2,0.5,1030,750,952,9.9
2736,Base-2358a28,1-0,0.0,1030,750,953,9.8
2733,New-8396454,1/2-1/2,0.5,1030,751,953,9.8
2734,Base-2358a28,1-0,0.0,1030,751,954,9.7
2739,New-8396454,0-1,0.0,1030,751,955,9.5
2738,Base-2358a28,1-0,0.0,1030,751,956,9.4
2737,New-8396454,1-0,1.0,1031,751,956,9.5
2735,New-8396454,0-1,0.0,1031,751,957,9.4
2742,Base-2358a28,1/2-1/2,0.5,1031,752,957,9.4
2741,New-8396454,1-0,1.0,1032,752,957,9.5
2740,Base-2358a28,0-1,1.0,1033,752,957,9.6
2745,New-8396454,1-0,1.0,1034,752,957,9.8
2744,Base-2358a28,1-0,0.0,1034,752,958,9.6
2743,New-8396454,0-1,0.0,1034,752,959,9.5
2746,Base-2358a28,0-1,1.0,1035,752,959,9.6
2750,Base-2358a28,1-0,0.0,1035,752,960,9.5
2747,New-8396454,1-0,1.0,1036,752,960,9.6
2748,Base-2358a28,1/2-1/2,0.5,1036,753,960,9.6
2749,New-8396454,0-1,0.0,1036,753,961,9.5
2752,Base-2358a28,0-1,1.0,1037,753,961,9.6
2751,New-8396454,1/2-1/2,0.5,1037,754,961,9.6
2753,New-8396454,1/2-1/2,0.5,1037,755,961,9.6
2754,Base-2358a28,1-0,0.0,1037,755,962,9.5
2755,New-8396454,1-0,1.0,1038,755,962,9.6
2756,Base-2358a28,1-0,0.0,1038,755,963,9.5
2757,New-8396454,0-1,0.0,1038,755,964,9.3
2758,Base-2358a28,1/2-1/2,0.5,1038,756,964,9.3
2760,Base-2358a28,1-0,0.0,1038,756,965,9.2
2759,New-8396454,0-1,0.0,1038,756,966,9.1
2761,New-8396454,0-1,0.0,1038,756,967,8.9
2762,Base-2358a28,1-0,0.0,1038,756,968,8.8
2763,New-8396454,1/2-1/2,0.5,1038,757,968,8.8
2765,New-8396454,1-0,1.0,1039,757,968,8.9
2766,Base-2358a28,1-0,0.0,1039,757,969,8.8
2764,Base-2358a28,1/2-1/2,0.5,1039,758,969,8.8
2767,New-8396454,1-0,1.0,1040,758,969,8.9
2770,Base-2358a28,0-1,1.0,1041,758,969,9.0
2768,Base-2358a28,1-0,0.0,1041,758,970,8.9
2769,New-8396454,1/2-1/2,0.5,1041,759,970,8.9
2772,Base-2358a28,1-0,0.0,1041,759,971,8.8
2771,New-8396454,1-0,1.0,1042,759,971,8.9
2773,New-8396454,1-0,1.0,1043,759,971,9.0
2774,Base-2358a28,1/2-1/2,0.5,1043,760,971,9.0
2775,New-8396454,1-0,1.0,1044,760,971,9.1
2779,New-8396454,1-0,1.0,1045,760,971,9.3
2776,Base-2358a28,1/2-1/2,0.5,1045,761,971,9.3
2778,Base-2358a28,0-1,1.0,1046,761,971,9.4
2777,New-8396454,1-0,1.0,1047,761,971,9.5
2780,Base-2358a28,0-1,1.0,1048,761,971,9.6
2783,New-8396454,1/2-1/2,0.5,1048,762,971,9.6
2781,New-8396454,1/2-1/2,0.5,1048,763,971,9.6
2784,Base-2358a28,1/2-1/2,0.5,1048,764,971,9.6
2782,Base-2358a28,1/2-1/2,0.5,1048,765,971,9.6
2785,New-8396454,1-0,1.0,1049,765,971,9.7
2786,Base-2358a28,1-0,0.0,1049,765,972,9.6
2787,New-8396454,1/2-1/2,0.5,1049,766,972,9.6
2788,Base-2358a28,1-0,0.0,1049,766,973,9.5
2789,New-8396454,0-1,0.0,1049,766,974,9.3
2790,Base-2358a28,1-0,0.0,1049,766,975,9.2
2792,Base-2358a28,1-0,0.0,1049,766,976,9.1
2793,New-8396454,0-1,0.0,1049,766,977,9.0
2791,New-8396454,1-0,1.0,1050,766,977,9.1
2795,New-8396454,0-1,0.0,1050,766,978,9.0
2797,New-8396454,1/2-1/2,0.5,1050,767,978,9.0
2794,Base-2358a28,1/2-1/2,0.5,1050,768,978,8.9
2796,Base-2358a28,0-1,1.0,1051,768,978,9.1
2801,New-8396454,0-1,0.0,1051,768,979,8.9
2800,Base-2358a28,1-0,0.0,1051,768,980,8.8
2799,New-8396454,0-1,0.0,1051,768,981,8.7
2798,Base-2358a28,1/2-1/2,0.5,1051,769,981,8.7
2803,New-8396454,1-0,1.0,1052,769,981,8.8
2802,Base-2358a28,1/2-1/2,0.5,1052,770,981,8.8
2805,New-8396454,1-0,1.0,1053,770,981,8.9
2804,Base-2358a28,0-1,1.0,1054,770,981,9.0
2806,Base-2358a28,1-0,0.0,1054,770,982,8.9
2807,New-8396454,0-1,0.0,1054,770,983,8.8
2809,New-8396454,0-1,0.0,1054,770,984,8.7
2808,Base-2358a28,1-0,0.0,1054,770,985,8.5
2810,Base-2358a28,1-0,0.0,1054,770,986,8.4
2814,Base-2358a28,0-1,1.0,1055,770,986,8.5
2812,Base-2358a28,0-1,1.0,1056,770,986,8.7
2813,New-8396454,1-0,1.0,1057,770,986,8.8
2811,New-8396454,0-1,0.0,1057,770,987,8.6
2815,New-8396454,1/2-1/2,0.5,1057,771,987,8.6
2818,Base-2358a28,1/2-1/2,0.5,1057,772,987,8.6
2817,New-8396454,1-0,1.0,1058,772,987,8.8
2816,Base-2358a28,1/2-1/2,0.5,1058,773,987,8.8
2820,Base-2358a28,1-0,0.0,1058,773,988,8.6
2819,New-8396454,0-1,0.0,1058,773,989,8.5
2821,New-8396454,1-0,1.0,1059,773,989,8.6
2822,Base-2358a28,0-1,1.0,1060,773,989,8.7
2824,Base-2358a28,1/2-1/2,0.5,1060,774,989,8.7
2827,New-8396454,1/2-1/2,0.5,1060,775,989,8.7
2823,New-8396454,1/2-1/2,0.5,1060,776,989,8.7
2826,Base-2358a28,1-0,0.0,1060,776,990,8.6
2829,New-8396454,1-0,1.0,1061,776,990,8.7
2825,New-8396454,1-0,1.0,1062,776,990,8.8
2830,Base-2358a28,1-0,0.0,1062,776,991,8.7
2828,Base-2358a28,1/2-1/2,0.5,1062,777,991,8.7
2832,Base-2358a28,1-0,0.0,1062,777,992,8.6
2831,New-8396454,0-1,0.0,1062,777,993,8.5
2836,Base-2358a28,1/2-1/2,0.5,1062,778,993,8.5
2835,New-8396454,1/2-1/2,0.5,1062,779,993,8.5
2834,Base-2358a28,1/2-1/2,0.5,1062,780,993,8.5
2837,New-8396454,1-0,1.0,1063,780,993,8.6
2838,Base-2358a28,1-0,0.0,1063,780,994,8.5
2833,New-8396454,1/2-1/2,0.5,1063,781,994,8.4
2839,New-8396454,1-0,1.0,1064,781,994,8.6
2842,Base-2358a28,1-0,0.0,1064,781,995,8.4
2845,New-8396454,1-0,1.0,1065,781,995,8.6
2840,Base-2358a28,1/2-1/2,0.5,1065,782,995,8.6
2841,New-8396454,1/2-1/2,0.5,1065,783,995,8.6
2843,New-8396454,0-1,0.0,1065,783,996,8.4
2844,Base-2358a28,1/2-1/2,0.5,1065,784,996,8.4
2847,New-8396454,1/2-1/2,0.5,1065,785,996,8.4
2846,Base-2358a28,0-1,1.0,1066,785,996,8.5
2849,New-8396454,0-1,0.0,1066,785,997,8.4
2850,Base-2358a28,1-0,0.0,1066,785,998,8.3
2848,Base-2358a28,1/2-1/2,0.5,1066,786,998,8.3
2853,New-8396454,1-0,1.0,1067,786,998,8.4
2855,New-8396454,0-1,0.0,1067,786,999,8.3
2851,New-8396454,1/2-1/2,0.5,1067,787,999,8.3
2854,Base-2358a28,1-0,0.0,1067,787,1000,8.2
2852,Base-2358a28,1/2-1/2,0.5,1067,788,1000,8.2
2856,Base-2358a28,1-0,0.0,1067,788,1001,8.0
2857,New-8396454,1-0,1.0,1068,788,1001,8.1
2858,Base-2358a28,0-1,1.0,1069,788,1001,8.3
2859,New-8396454,1-0,1.0,1070,788,1001,8.4
2864,Base-2358a28,1/2-1/2,0.5,1070,789,1001,8.4
2860,Base-2358a28,0-1,1.0,1071,789,1001,8.5
2862,Base-2358a28,0-1,1.0,1072,789,1001,8.6
2863,New-8396454,1-0,1.0,1073,789,1001,8.7
2861,New-8396454,1/2-1/2,0.5,1073,790,1001,8.7
2866,Base-2358a28,1-0,0.0,1073,790,1002,8.6
2865,New-8396454,1/2-1/2,0.5,1073,791,1002,8.6
2867,New-8396454,0-1,0.0,1073,791,1003,8.5
2871,New-8396454,1/2-1/2,0.5,1073,792,1003,8.5
2868,Base-2358a28,0-1,1.0,1074,792,1003,8.6
2870,Base-2358a28,0-1,1.0,1075,792,1003,8.7
2872,Base-2358a28,1-0,0.0,1075,792,1004,8.6
2869,New-8396454,0-1,0.0,1075,792,1005,8.5
2875,New-8396454,1-0,1.0,1076,792,1005,8.6
2874,Base-2358a28,1-0,0.0,1076,792,1006,8.5
2873,New-8396454,1-0,1.0,1077,792,1006,8.6
2877,New-8396454,1-0,1.0,1078,792,1006,8.7
2876,Base-2358a28,1-0,0.0,1078,792,1007,8.6
2878,Base-2358a28,1/2-1/2,0.5,1078,793,1007,8.6
2880,Base-2358a28,1/2-1/2,0.5,1078,794,1007,8.6
2879,New-8396454,1-0,1.0,1079,794,1007,8.7
2882,Base-2358a28,1-0,0.0,1079,794,1008,8.6
2883,New-8396454,1-0,1.0,1080,794,1008,8.7
2881,New-8396454,0-1,0.0,1080,794,1009,8.6
2887,New-8396454,1/2-1/2,0.5,1080,795,1009,8.6
2884,Base-2358a28,1-0,0.0,1080,795,1010,8.4
2885,New-8396454,0-1,0.0,1080,795,1011,8.3
2888,Base-2358a28,1/2-1/2,0.5,1080,796,1011,8.3
2886,Base-2358a28,1/2-1/2,0.5,1080,797,1011,8.3
2889,New-8396454,0-1,0.0,1080,797,1012,8.2
2895,New-8396454,1/2-1/2,0.5,1080,798,1012,8.2
2890,Base-2358a28,1-0,0.0,1080,798,1013,8.1
2892,Base-2358a28,0-1,1.0,1081,798,1013,8.2
2894,Base-2358a28,1/2-1/2,0.5,1081,799,1013,8.2
2893,New-8396454,0-1,0.0,1081,799,1014,8.0
2891,New-8396454,1/2-1/2,0.5,1081,800,1014,8.0
2896,Base-2358a28,1-0,0.0,1081,800,1015,7.9
2898,Base-2358a28,1-0,0.0,1081,800,1016,7.8
2897,New-8396454,1-0,1.0,1082,800,1016,7.9
2899,New-8396454,0-1,0.0,1082,800,1017,7.8
2903,New-8396454,1/2-1/2,0.5,1082,801,1017,7.8
2901,New-8396454,0-1,0.0,1082,801,1018,7.7
2900,Base-2358a28,0-1,1.0,1083,801,1018,7.8
2904,Base-2358a28,1/2-1/2,0.5,1083,802,1018,7.8
2905,New-8396454,1/2-1/2,0.5,1083,803,1018,7.8
2902,Base-2358a28,1/2-1/2,0.5,1083,804,1018,7.8
2906,Base-2358a28,1-0,0.0,1083,804,1019,7.7
2907,New-8396454,0-1,0.0,1083,804,1020,7.5
2909,New-8396454,1/2-1/2,0.5,1083,805,1020,7.5
2908,Base-2358a28,1/2-1/2,0.5,1083,806,1020,7.5
2910,Base-2358a28,1/2-1/2,0.5,1083,807,1020,7.5
2912,Base-2358a28,1-0,0.0,1083,807,1021,7.4
2911,New-8396454,1-0,1.0,1084,807,1021,7.5
2913,New-8396454,0-1,0.0,1084,807,1022,7.4
2914,Base-2358a28,0-1,1.0,1085,807,1022,7.5
2916,Base-2358a28,1-0,0.0,1085,807,1023,7.4
2915,New-8396454,1/2-1/2,0.5,1085,808,1023,7.4
2917,New-8396454,1-0,1.0,1086,808,1023,7.5
2918,Base-2358a28,1/2-1/2,0.5,1086,809,1023,7.5
2921,New-8396454,1/2-1/2,0.5,1086,810,1023,7.5
2923,New-8396454,1-0,1.0,1087,810,1023,7.6
2924,Base-2358a28,1-0,0.0,1087,810,1024,7.5
2920,Base-2358a28,1/2-1/2,0.5,1087,811,1024,7.5
2919,New-8396454,1-0,1.0,1088,811,1024,7.6
2922,Base-2358a28,1-0,0.0,1088,811,1025,7.5
2926,Base-2358a28,1/2-1/2,0.5,1088,812,1025,7.5
2927,New-8396454,0-1,0.0,1088,812,1026,7.4
2928,Base-2358a28,1-0,0.0,1088,812,1027,7.2
2925,New-8396454,1/2-1/2,0.5,1088,813,1027,7.2
2929,New-8396454,0-1,0.0,1088,813,1028,7.1
2931,New-8396454,0-1,0.0,1088,813,1029,7.0
2932,Base-2358a28,1-0,0.0,1088,813,1030,6.9
2930,Base-2358a28,1/2-1/2,0.5,1088,814,1030,6.9
2935,New-8396454,0-1,0.0,1088,814,1031,6.8
2936,Base-2358a28,1/2-1/2,0.5,1088,815,1031,6.8
2933,New-8396454,1-0,1.0,1089,815,1031,6.9
2934,Base-2358a28,0-1,1.0,1090,815,1031,7.0
2940,Base-2358a28,0-1,1.0,1091,815,1031,7.1
2939,New-8396454,1/2-1/2,0.5,1091,816,1031,7.1
2937,New-8396454,0-1,0.0,1091,816,1032,7.0
2938,Base-2358a28,1-0,0.0,1091,816,1033,6.9
2942,Base-2358a28,0-1,1.0,1092,816,1033,7.0
2943,New-8396454,1/2-1/2,0.5,1092,817,1033,7.0
2944,Base-2358a28,0-1,1.0,1093,817,1033,7.1
2946,Base-2358a28,0-1,1.0,1094,817,1033,7.2
2941,New-8396454,1/2-1/2,0.5,1094,818,1033,7.2
2948,Base-2358a28,1-0,0.0,1094,818,1034,7.1
2947,New-8396454,0-1,0.0,1094,818,1035,7.0
2945,New-8396454,0-1,0.0,1094,818,1036,6.8
2951,New-8396454,1-0,1.0,1095,818,1036,7.0
2950,Base-2358a28,1-0,0.0,1095,818,1037,6.8
2949,New-8396454,1-0,1.0,1096,818,1037,6.9
2952,Base-2358a28,1-0,0.0,1096,818,1038,6.8
2953,New-8396454,0-1,0.0,1096,818,1039,6.7
2956,Base-2358a28,0-1,1.0,1097,818,1039,6.8
2954,Base-2358a28,1-0,0.0,1097,818,1040,6.7
2955,New-8396454,1/2-1/2,0.5,1097,819,1040,6.7
2957,New-8396454,1-0,1.0,1098,819,1040,6.8
2958,Base-2358a28,0-1,1.0,1099,819,1040,6.9
2960,Base-2358a28,1/2-1/2,0.5,1099,820,1040,6.9
2959,New-8396454,1-0,1.0,1100,820,1040,7.0
2961,New-8396454,1-0,1.0,1101,820,1040,7.2
2962,Base-2358a28,1-0,0.0,1101,820,1041,7.0
2963,New-8396454,1/2-1/2,0.5,1101,821,1041,7.0
2964,Base-2358a28,1-0,0.0,1101,821,1042,6.9
2971,New-8396454,0-1,0.0,1101,821,1043,6.8
2965,New-8396454,0-1,0.0,1101,821,1044,6.7
2966,Base-2358a28,1-0,0.0,1101,821,1045,6.6
2967,New-8396454,1-0,1.0,1102,821,1045,6.7
2968,Base-2358a28,0-1,1.0,1103,821,1045,6.8
2970,Base-2358a28,1/2-1/2,0.5,1103,822,1045,6.8
2972,Base-2358a28,1/2-1/2,0.5,1103,823,1045,6.8
2969,New-8396454,0-1,0.0,1103,823,1046,6.7
2974,Base-2358a28,1/2-1/2,0.5,1103,824,1046,6.7
2973,New-8396454,1-0,1.0,1104,824,1046,6.8
2975,New-8396454,1-0,1.0,1105,824,1046,6.9
2976,Base-2358a28,0-1,1.0,1106,824,1046,7.0
2978,Base-2358a28,0-1,1.0,1107,824,1046,7.1
2977,New-8396454,0-1,0.0,1107,824,1047,7.0
2980,Base-2358a28,1/2-1/2,0.5,1107,825,1047,7.0
2979,New-8396454,1-0,1.0,1108,825,1047,7.1
2981,New-8396454,1-0,1.0,1109,825,1047,7.2
2987,New-8396454,1/2-1/2,0.5,1109,826,1047,7.2
2982,Base-2358a28,1-0,0.0,1109,826,1048,7.1
2983,New-8396454,1/2-1/2,0.5,1109,827,1048,7.1
2985,New-8396454,0-1,0.0,1109,827,1049,7.0
2984,Base-2358a28,1-0,0.0,1109,827,1050,6.9
2986,Base-2358a28,1/2-1/2,0.5,1109,828,1050,6.9
2991,New-8396454,1-0,1.0,1110,828,1050,7.0
2989,New-8396454,1/2-1/2,0.5,1110,829,1050,7.0
2988,Base-2358a28,1/2-1/2,0.5,1110,830,1050,7.0
2994,Base-2358a28,1-0,0.0,1110,830,1051,6.9
2992,Base-2358a28,0-1,1.0,1111,830,1051,7.0
2993,New-8396454,0-1,0.0,1111,830,1052,6.8
2990,Base-2358a28,1-0,0.0,1111,830,1053,6.7
2996,Base-2358a28,1-0,0.0,1111,830,1054,6.6
2997,New-8396454,0-1,0.0,1111,830,1055,6.5
2995,New-8396454,0-1,0.0,1111,830,1056,6.4
2998,Base-2358a28,1-0,0.0,1111,830,1057,6.3
2999,New-8396454,0-1,0.0,1111,830,1058,6.1
3001,New-8396454,0-1,0.0,1111,830,1059,6.0
3000,Base-2358a28,1-0,0.0,1111,830,1060,5.9
3002,Base-2358a28,1-0,0.0,1111,830,1061,5.8
3003,New-8396454,1/2-1/2,0.5,1111,831,1061,5.8
3005,New-8396454,1/2-1/2,0.5,1111,832,1061,5.8
3008,Base-2358a28,1/2-1/2,0.5,1111,833,1061,5.8
3004,Base-2358a28,1-0,0.0,1111,833,1062,5.7
3006,Base-2358a28,1/2-1/2,0.5,1111,834,1062,5.7
3007,New-8396454,1-0,1.0,1112,834,1062,5.8
3011,New-8396454,0-1,0.0,1112,834,1063,5.7
3009,New-8396454,1/2-1/2,0.5,1112,835,1063,5.7
3012,Base-2358a28,1-0,0.0,1112,835,1064,5.5
3014,Base-2358a28,1/2-1/2,0.5,1112,836,1064,5.5
3010,Base-2358a28,1/2-1/2,0.5,1112,837,1064,5.5
3013,New-8396454,1/2-1/2,0.5,1112,838,1064,5.5
3016,Base-2358a28,1/2-1/2,0.5,1112,839,1064,5.5
3017,New-8396454,1/2-1/2,0.5,1112,840,1064,5.5
3015,New-8396454,0-1,0.0,1112,840,1065,5.4
3020,Base-2358a28,1/2-1/2,0.5,1112,841,1065,5.4
3019,New-8396454,1-0,1.0,1113,841,1065,5.5
3018,Base-2358a28,1-0,0.0,1113,841,1066,5.4
3025,New-8396454,1-0,1.0,1114,841,1066,5.5
3023,New-8396454,1-0,1.0,1115,841,1066,5.6
3022,Base-2358a28,0-1,1.0,1116,841,1066,5.7
3021,New-8396454,1/2-1/2,0.5,1116,842,1066,5.7
3024,Base-2358a28,1-0,0.0,1116,842,1067,5.6
3027,New-8396454,1/2-1/2,0.5,1116,843,1067,5.6
3026,Base-2358a28,1-0,0.0,1116,843,1068,5.5
3031,New-8396454,1/2-1/2,0.5,1116,844,1068,5.5
3028,Base-2358a28,0-1,1.0,1117,844,1068,5.6
3029,New-8396454,1-0,1.0,1118,844,1068,5.7
3034,Base-2358a28,0-1,1.0,1119,844,1068,5.8
3033,New-8396454,1/2-1/2,0.5,1119,845,1068,5.8
3030,Base-2358a28,1-0,0.0,1119,845,1069,5.7
3037,New-8396454,1-0,1.0,1120,845,1069,5.8
3032,Base-2358a28,1/2-1/2,0.5,1120,846,1069,5.8
3035,New-8396454,1-0,1.0,1121,846,1069,6.0
3036,Base-2358a28,1/2-1/2,0.5,1121,847,1069,5.9
3038,Base-2358a28,1-0,0.0,1121,847,1070,5.8
3040,Base-2358a28,1-0,0.0,1121,847,1071,5.7
3039,New-8396454,1-0,1.0,1122,847,1071,5.8
3041,New-8396454,1-0,1.0,1123,847,1071,5.9
3042,Base-2358a28,1-0,0.0,1123,847,1072,5.8
3046,Base-2358a28,1/2-1/2,0.5,1123,848,1072,5.8
3044,Base-2358a28,1/2-1/2,0.5,1123,849,1072,5.8
3043,New-8396454,0-1,0.0,1123,849,1073,5.7
3047,New-8396454,1-0,1.0,1124,849,1073,5.8
3049,New-8396454,0-1,0.0,1124,849,1074,5.7
3045,New-8396454,1-0,1.0,1125,849,1074,5.8
3050,Base-2358a28,0-1,1.0,1126,849,1074,5.9
3048,Base-2358a28,1-0,0.0,1126,849,1075,5.8
3051,New-8396454,1-0,1.0,1127,849,1075,5.9
3055,New-8396454,1/2-1/2,0.5,1127,850,1075,5.9
3052,Base-2358a28,1/2-1/2,0.5,1127,851,1075,5.9
3054,Base-2358a28,1-0,0.0,1127,851,1076,5.8
3053,New-8396454,0-1,0.0,1127,851,1077,5.7
3058,Base-2358a28,1-0,0.0,1127,851,1078,5.6
3056,Base-2358a28,1-0,0.0,1127,851,1079,5.5
3057,New-8396454,1-0,1.0,1128,851,1079,5.6
3059,New-8396454,0-1,0.0,1128,851,1080,5.5
3060,Base-2358a28,0-1,1.0,1129,851,1080,5.6
3061,New-8396454,1-0,1.0,1130,851,1080,5.7
3062,Base-2358a28,1/2-1/2,0.5,1130,852,1080,5.7
3063,New-8396454,0-1,0.0,1130,852,1081,5.6
3066,Base-2358a28,0-1,1.0,1131,852,1081,5.7
3064,Base-2358a28,1-0,0.0,1131,852,1082,5.6
3065,New-8396454,0-1,0.0,1131,852,1083,5.4
3068,Base-2358a28,0-1,1.0,1132,852,1083,5.6
3067,New-8396454,0-1,0.0,1132,852,1084,5.4
3070,Base-2358a28,1/2-1/2,0.5,1132,853,1084,5.4
3069,New-8396454,1/2-1/2,0.5,1132,854,1084,5.4
3071,New-8396454,1-0,1.0,1133,854,1084,5.5
3072,Base-2358a28,0-1,1.0,1134,854,1084,5.7
3073,New-8396454,1-0,1.0,1135,854,1084,5.8
3074,Base-2358a28,0-1,1.0,1136,854,1084,5.9
3077,New-8396454,0-1,0.0,1136,854,1085,5.8
3078,Base-2358a28,0-1,1.0,1137,854,1085,5.9
3075,New-8396454,1-0,1.0,1138,854,1085,6.0
3080,Base-2358a28,1/2-1/2,0.5,1138,855,1085,6.0
3076,Base-2358a28,1-0,0.0,1138,855,1086,5.9
3079,New-8396454,0-1,0.0,1138,855,1087,5.8
3082,Base-2358a28,1/2-1/2,0.5,1138,856,1087,5.8
3081,New-8396454,0-1,0.0,1138,856,1088,5.6
3088,Base-2358a28,0-1,1.0,1139,856,1088,5.7
3084,Base-2358a28,1-0,0.0,1139,856,1089,5.6
3086,Base-2358a28,1/2-1/2,0.5,1139,857,1089,5.6
3085,New-8396454,0-1,0.0,1139,857,1090,5.5
3090,Base-2358a28,1/2-1/2,0.5,1139,858,1090,5.5
3089,New-8396454,1-0,1.0,1140,858,1090,5.6
3083,New-8396454,1/2-1/2,0.5,1140,859,1090,5.6
3087,New-8396454,1/2-1/2,0.5,1140,860,1090,5.6
3091,New-8396454,0-1,0.0,1140,860,1091,5.5
3094,Base-2358a28,0-1,1.0,1141,860,1091,5.6
3092,Base-2358a28,0-1,1.0,1142,860,1091,5.7
3093,New-8396454,1/2-1/2,0.5,1142,861,1091,5.7
3097,New-8396454,1-0,1.0,1143,861,1091,5.8
3095,New-8396454,0-1,0.0,1143,861,1092,5.7
3101,New-8396454,1/2-1/2,0.5,1143,862,1092,5.7
3096,Base-2358a28,0-1,1.0,1144,862,1092,5.8
3098,Base-2358a28,0-1,1.0,1145,862,1092,5.9
3100,Base-2358a28,0-1,1.0,1146,862,1092,6.1
3099,New-8396454,0-1,0.0,1146,862,1093,5.9
3105,New-8396454,1/2-1/2,0.5,1146,863,1093,5.9
3104,Base-2358a28,0-1,1.0,1147,863,1093,6.0
3102,Base-2358a28,1/2-1/2,0.5,1147,864,1093,6.0
3108,Base-2358a28,1-0,0.0,1147,864,1094,5.9
3106,Base-2358a28,1-0,0.0,1147,864,1095,5.8
3103,New-8396454,1-0,1.0,1148,864,1095,5.9
3109,New-8396454,1-0,1.0,1149,864,1095,6.0
3107,New-8396454,1/2-1/2,0.5,1149,865,1095,6.0
3111,New-8396454,1-0,1.0,1150,865,1095,6.1
3110,Base-2358a28,1/2-1/2,0.5,1150,866,1095,6.1
3112,Base-2358a28,1-0,0.0,1150,866,1096,6.0
3113,New-8396454,1-0,1.0,1151,866,1096,6.1
3115,New-8396454,1-0,1.0,1152,866,1096,6.2
3114,Base-2358a28,1/2-1/2,0.5,1152,867,1096,6.2
3117,New-8396454,0-1,0.0,1152,867,1097,6.1
3120,Base-2358a28,1-0,0.0,1152,867,1098,6.0
3118,Base-2358a28,1-0,0.0,1152,867,1099,5.9
3116,Base-2358a28,1/2-1/2,0.5,1152,868,1099,5.9
3119,New-8396454,1-0,1.0,1153,868,1099,6.0
3123,New-8396454,0-1,0.0,1153,868,1100,5.9
3122,Base-2358a28,1/2-1/2,0.5,1153,869,1100,5.9
3121,New-8396454,1/2-1/2,0.5,1153,870,1100,5.9
3124,Base-2358a28,0-1,1.0,1154,870,1100,6.0
3125,New-8396454,1/2-1/2,0.5,1154,871,1100,6.0
3128,Base-2358a28,0-1,1.0,1155,871,1100,6.1
3129,New-8396454,0-1,0.0,1155,871,1101,6.0
3126,Base-2358a28,1-0,0.0,1155,871,1102,5.9
3127,New-8396454,1-0,1.0,1156,871,1102,6.0
3130,Base-2358a28,1-0,0.0,1156,871,1103,5.9
3131,New-8396454,1-0,1.0,1157,871,1103,6.0
3132,Base-2358a28,0-1,1.0,1158,871,1103,6.1
3136,Base-2358a28,1-0,0.0,1158,871,1104,6.0
3135,New-8396454,1-0,1.0,1159,871,1104,6.1
3134,Base-2358a28,0-1,1.0,1160,871,1104,6.2
3133,New-8396454,1-0,1.0,1161,871,1104,6.3
3137,New-8396454,1-0,1.0,1162,871,1104,6.4
3139,New-8396454,1/2-1/2,0.5,1162,872,1104,6.4
3138,Base-2358a28,0-1,1.0,1163,872,1104,6.5
3141,New-8396454,1-0,1.0,1164,872,1104,6.6
3140,Base-2358a28,1-0,0.0,1164,872,1105,6.5
3142,Base-2358a28,0-1,1.0,1165,872,1105,6.6
3144,Base-2358a28,1-0,0.0,1165,872,1106,6.5
3143,New-8396454,1-0,1.0,1166,872,1106,6.6
3148,Base-2358a28,1-0,0.0,1166,872,1107,6.5
3145,New-8396454,1-0,1.0,1167,872,1107,6.6
3146,Base-2358a28,1-0,0.0,1167,872,1108,6.5
3147,New-8396454,1/2-1/2,0.5,1167,873,1108,6.5
3150,Base-2358a28,1-0,0.0,1167,873,1109,6.4
3151,New-8396454,1-0,1.0,1168,873,1109,6.5
3152,Base-2358a28,1/2-1/2,0.5,1168,874,1109,6.5
3149,New-8396454,1-0,1.0,1169,874,1109,6.6
3153,New-8396454,1/2-1/2,0.5,1169,875,1109,6.6
3154,Base-2358a28,0-1,1.0,1170,875,1109,6.7
3158,Base-2358a28,0-1,1.0,1171,875,1109,6.8
3155,New-8396454,1-0,1.0,1172,875,1109,6.9
3156,Base-2358a28,1/2-1/2,0.5,1172,876,1109,6.9
3159,New-8396454,1-0,1.0,1173,876,1109,7.0
3160,Base-2358a28,1-0,0.0,1173,876,1110,6.9
3157,New-8396454,1/2-1/2,0.5,1173,877,1110,6.9
3161,New-8396454,1/2-1/2,0.5,1173,878,1110,6.9
3162,Base-2358a28,1/2-1/2,0.5,1173,879,1110,6.9
3163,New-8396454,1-0,1.0,1174,879,1110,7.0
3164,Base-2358a28,1-0,0.0,1174,879,1111,6.9
3166,Base-2358a28,0-1,1.0,1175,879,1111,7.0
3167,New-8396454,1/2-1/2,0.5,1175,880,1111,7.0
3165,New-8396454,0-1,0.0,1175,880,1112,6.9
3168,Base-2358a28,0-1,1.0,1176,880,1112,7.0
3169,New-8396454,1/2-1/2,0.5,1176,881,1112,7.0
3172,Base-2358a28,0-1,1.0,1177,881,1112,7.1
3170,Base-2358a28,1/2-1/2,0.5,1177,882,1112,7.1
3173,New-8396454,0-1,0.0,1177,882,1113,7.0
3174,Base-2358a28,0-1,1.0,1178,882,1113,7.1
3175,New-8396454,0-1,0.0,1178,882,1114,7.0
3171,New-8396454,1/2-1/2,0.5,1178,883,1114,7.0
3177,New-8396454,0-1,0.0,1178,883,1115,6.9
3178,Base-2358a28,0-1,1.0,1179,883,1115,7.0
3176,Base-2358a28,1/2-1/2,0.5,1179,884,1115,7.0
3181,New-8396454,1/2-1/2,0.5,1179,885,1115,7.0
3180,Base-2358a28,1-0,0.0,1179,885,1116,6.9
3179,New-8396454,1/2-1/2,0.5,1179,886,1116,6.9
3182,Base-2358a28,0-1,1.0,1180,886,1116,7.0
3184,Base-2358a28,1/2-1/2,0.5,1180,887,1116,7.0
3188,Base-2358a28,0-1,1.0,1181,887,1116,7.1
3185,New-8396454,0-1,0.0,1181,887,1117,7.0
3186,Base-2358a28,0-1,1.0,1182,887,1117,7.1
3183,New-8396454,0-1,0.0,1182,887,1118,7.0
3187,New-8396454,0-1,0.0,1182,887,1119,6.9
3190,Base-2358a28,0-1,1.0,1183,887,1119,7.0
3189,New-8396454,0-1,0.0,1183,887,1120,6.9
3191,New-8396454,1-0,1.0,1184,887,1120,7.0
3194,Base-2358a28,1/2-1/2,0.5,1184,888,1120,7.0
3193,New-8396454,1/2-1/2,0.5,1184,889,1120,7.0
3195,New-8396454,1/2-1/2,0.5,1184,890,1120,7.0
3196,Base-2358a28,0-1,1.0,1185,890,1120,7.1
3192,Base-2358a28,0-1,1.0,1186,890,1120,7.2
3197,New-8396454,0-1,0.0,1186,890,1121,7.1
3198,Base-2358a28,1-0,0.0,1186,890,1122,7.0
3203,New-8396454,0-1,0.0,1186,890,1123,6.8
3201,New-8396454,1-0,1.0,1187,890,1123,6.9
3200,Base-2358a28,1-0,0.0,1187,890,1124,6.8
3202,Base-2358a28,0-1,1.0,1188,890,1124,6.9
3199,New-8396454,0-1,0.0,1188,890,1125,6.8
3205,New-8396454,1/2-1/2,0.5,1188,891,1125,6.8
3204,Base-2358a28,1/2-1/2,0.5,1188,892,1125,6.8
3206,Base-2358a28,1-0,0.0,1188,892,1126,6.7
3208,Base-2358a28,0-1,1.0,1189,892,1126,6.8
3212,Base-2358a28,0-1,1.0,1190,892,1126,6.9
3209,New-8396454,1-0,1.0,1191,892,1126,7.0
3211,New-8396454,1-0,1.0,1192,892,1126,7.1
3210,Base-2358a28,1-0,0.0,1192,892,1127,7.0
3207,New-8396454,1-0,1.0,1193,892,1127,7.1
3214,Base-2358a28,1-0,0.0,1193,892,1128,7.0
3213,New-8396454,1/2-1/2,0.5,1193,893,1128,7.0
3219,New-8396454,0-1,0.0,1193,893,1129,6.9
3216,Base-2358a28,1-0,0.0,1193,893,1130,6.8
3217,New-8396454,0-1,0.0,1193,893,1131,6.7
3215,New-8396454,0-1,0.0,1193,893,1132,6.6
3221,New-8396454,0-1,0.0,1193,893,1133,6.5
3220,Base-2358a28,1-0,0.0,1193,893,1134,6.4
3218,Base-2358a28,1/2-1/2,0.5,1193,894,1134,6.4
3222,Base-2358a28,0-1,1.0,1194,894,1134,6.5
3223,New-8396454,1-0,1.0,1195,894,1134,6.6
3225,New-8396454,0-1,0.0,1195,894,1135,6.5
3224,Base-2358a28,0-1,1.0,1196,894,1135,6.6
3226,Base-2358a28,1-0,0.0,1196,894,1136,6.5
3227,New-8396454,0-1,0.0,1196,894,1137,6.4
3228,Base-2358a28,0-1,1.0,1197,894,1137,6.5
3229,New-8396454,1-0,1.0,1198,894,1137,6.6
3231,New-8396454,0-1,0.0,1198,894,1138,6.5
3230,Base-2358a28,1-0,0.0,1198,894,1139,6.3
3233,New-8396454,0-1,0.0,1198,894,1140,6.2
3232,Base-2358a28,1-0,0.0,1198,894,1141,6.1
3234,Base-2358a28,1-0,0.0,1198,894,1142,6.0
3235,New-8396454,1-0,1.0,1199,894,1142,6.1
3238,Base-2358a28,0-1,1.0,1200,894,1142,6.2
3236,Base-2358a28,1-0,0.0,1200,894,1143,6.1
3237,New-8396454,0-1,0.0,1200,894,1144,6.0
3239,New-8396454,1/2-1/2,0.5,1200,895,1144,6.0
3241,New-8396454,1-0,1.0,1201,895,1144,6.1
3240,Base-2358a28,0-1,1.0,1202,895,1144,6.2
3243,New-8396454,1-0,1.0,1203,895,1144,6.3
3242,Base-2358a28,0-1,1.0,1204,895,1144,6.4
3244,Base-2358a28,1-0,0.0,1204,895,1145,6.3
3247,New-8396454,0-1,0.0,1204,895,1146,6.2
3245,New-8396454,1-0,1.0,1205,895,1146,6.3
3246,Base-2358a28,0-1,1.0,1206,895,1146,6.4
3255,New-8396454,1/2-1/2,0.5,1206,896,1146,6.4
3250,Base-2358a28,1-0,0.0,1206,896,1147,6.3
3249,New-8396454,1/2-1/2,0.5,1206,897,1147,6.3
3248,Base-2358a28,1/2-1/2,0.5,1206,898,1147,6.3
3251,New-8396454,0-1,0.0,1206,898,1148,6.2
3252,Base-2358a28,0-1,1.0,1207,898,1148,6.3
3253,New-8396454,1-0,1.0,1208,898,1148,6.4
3256,Base-2358a28,0-1,1.0,1209,898,1148,6.5
3254,Base-2358a28,1-0,0.0,1209,898,1149,6.4
3257,New-8396454,1-0,1.0,1210,898,1149,6.5
3258,Base-2358a28,1-0,0.0,1210,898,1150,6.4
3259,New-8396454,0-1,0.0,1210,898,1151,6.3
3260,Base-2358a28,0-1,1.0,1211,898,1151,6.4
3262,Base-2358a28,1-0,0.0,1211,898,1152,6.3
3261,New-8396454,1-0,1.0,1212,898,1152,6.4
3263,New-8396454,1-0,1.0,1213,898,1152,6.5
3264,Base-2358a28,0-1,1.0,1214,898,1152,6.6
3265,New-8396454,0-1,0.0,1214,898,1153,6.5
3268,Base-2358a28,1/2-1/2,0.5,1214,899,1153,6.5
3266,Base-2358a28,0-1,1.0,1215,899,1153,6.6
3267,New-8396454,1-0,1.0,1216,899,1153,6.7
3270,Base-2358a28,1-0,0.0,1216,899,1154,6.6
3269,New-8396454,1-0,1.0,1217,899,1154,6.7
3278,Base-2358a28,1-0,0.0,1217,899,1155,6.6
3272,Base-2358a28,0-1,1.0,1218,899,1155,6.7
3274,Base-2358a28,0-1,1.0,1219,899,1155,6.8
3271,New-8396454,1-0,1.0,1220,899,1155,6.9
3276,Base-2358a28,0-1,1.0,1221,899,1155,7.0
3273,New-8396454,1-0,1.0,1222,899,1155,7.1
3275,New-8396454,0-1,0.0,1222,899,1156,7.0
3277,New-8396454,1/2-1/2,0.5,1222,900,1156,7.0
3284,Base-2358a28,1-0,0.0,1222,900,1157,6.9
3279,New-8396454,1/2-1/2,0.5,1222,901,1157,6.9
3283,New-8396454,0-1,0.0,1222,901,1158,6.8
3282,Base-2358a28,1-0,0.0,1222,901,1159,6.7
3285,New-8396454,0-1,0.0,1222,901,1160,6.6
3281,New-8396454,1/2-1/2,0.5,1222,902,1160,6.6
3280,Base-2358a28,1/2-1/2,0.5,1222,903,1160,6.6
3286,Base-2358a28,0-1,1.0,1223,903,1160,6.7
3288,Base-2358a28,1-0,0.0,1223,903,1161,6.6
3289,New-8396454,0-1,0.0,1223,903,1162,6.4
3291,New-8396454,1-0,1.0,1224,903,1162,6.6
3287,New-8396454,0-1,0.0,1224,903,1163,6.4
3292,Base-2358a28,1/2-1/2,0.5,1224,904,1163,6.4
3290,Base-2358a28,0-1,1.0,1225,904,1163,6.5
3293,New-8396454,0-1,0.0,1225,904,1164,6.4
3297,New-8396454,1-0,1.0,1226,904,1164,6.5
3296,Base-2358a28,1/2-1/2,0.5,1226,905,1164,6.5
3295,New-8396454,0-1,0.0,1226,905,1165,6.4
3294,Base-2358a28,1/2-1/2,0.5,1226,906,1165,6.4
3298,Base-2358a28,1-0,0.0,1226,906,1166,6.3
3304,Base-2358a28,1/2-1/2,0.5,1226,907,1166,6.3
3300,Base-2358a28,0-1,1.0,1227,907,1166,6.4
3305,New-8396454,1/2-1/2,0.5,1227,908,1166,6.4
3299,New-8396454,1/2-1/2,0.5,1227,909,1166,6.4
3301,New-8396454,1-0,1.0,1228,909,1166,6.5
3302,Base-2358a28,0-1,1.0,1229,909,1166,6.6
3303,New-8396454,0-1,0.0,1229,909,1167,6.5
3306,Base-2358a28,0-1,1.0,1230,909,1167,6.6
3307,New-8396454,0-1,0.0,1230,909,1168,6.5
3310,Base-2358a28,1-0,0.0,1230,909,1169,6.4
3309,New-8396454,0-1,0.0,1230,909,1170,6.3
3312,Base-2358a28,1-0,0.0,1230,909,1171,6.2
3308,Base-2358a28,0-1,1.0,1231,909,1171,6.3
3314,Base-2358a28,1/2-1/2,0.5,1231,910,1171,6.3
3311,New-8396454,1-0,1.0,1232,910,1171,6.4
3315,New-8396454,1-0,1.0,1233,910,1171,6.5
3313,New-8396454,1-0,1.0,1234,910,1171,6.6
3317,New-8396454,0-1,0.0,1234,910,1172,6.5
3319,New-8396454,0-1,0.0,1234,910,1173,6.4
3316,Base-2358a28,1-0,0.0,1234,910,1174,6.3
3318,Base-2358a28,1/2-1/2,0.5,1234,911,1174,6.3
3320,Base-2358a28,0-1,1.0,1235,911,1174,6.4
3322,Base-2358a28,0-1,1.0,1236,911,1174,6.5
3323,New-8396454,0-1,0.0,1236,911,1175,6.4
3324,Base-2358a28,1-0,0.0,1236,911,1176,6.3
3325,New-8396454,0-1,0.0,1236,911,1177,6.2
3327,New-8396454,1/2-1/2,0.5,1236,912,1177,6.2
3321,New-8396454,1/2-1/2,0.5,1236,913,1177,6.2
3326,Base-2358a28,1/2-1/2,0.5,1236,914,1177,6.2
3329,New-8396454,0-1,0.0,1236,914,1178,6.1
3328,Base-2358a28,0-1,1.0,1237,914,1178,6.2
3330,Base-2358a28,0-1,1.0,1238,914,1178,6.3
3332,Base-2358a28,1-0,0.0,1238,914,1179,6.2
3334,Base-2358a28,1-0,0.0,1238,914,1180,6.0
3331,New-8396454,0-1,0.0,1238,914,1181,5.9
3333,New-8396454,1-0,1.0,1239,914,1181,6.0
3335,New-8396454,0-1,0.0,1239,914,1182,5.9
3341,New-8396454,1-0,1.0,1240,914,1182,6.0
3336,Base-2358a28,1/2-1/2,0.5,1240,915,1182,6.0
3338,Base-2358a28,0-1,1.0,1241,915,1182,6.1
3339,New-8396454,0-1,0.0,1241,915,1183,6.0
3337,New-8396454,0-1,0.0,1241,915,1184,5.9
3344,Base-2358a28,0-1,1.0,1242,915,1184,6.0
3340,Base-2358a28,1/2-1/2,0.5,1242,916,1184,6.0
3348,Base-2358a28,1/2-1/2,0.5,1242,917,1184,6.0
3343,New-8396454,1-0,1.0,1243,917,1184,6.1
3342,Base-2358a28,0-1,1.0,1244,917,1184,6.2
3345,New-8396454,1-0,1.0,1245,917,1184,6.3
3347,New-8396454,1-0,1.0,1246,917,1184,6.4
3346,Base-2358a28,0-1,1.0,1247,917,1184,6.5
3351,New-8396454,0-1,0.0,1247,917,1185,6.4
3349,New-8396454,0-1,0.0,1247,917,1186,6.3
3350,Base-2358a28,0-1,1.0,1248,917,1186,6.4
3353,New-8396454,0-1,0.0,1248,917,1187,6.3
3352,Base-2358a28,1-0,0.0,1248,917,1188,6.2
3354,Base-2358a28,0-1,1.0,1249,917,1188,6.3
3355,New-8396454,0-1,0.0,1249,917,1189,6.2
3356,Base-2358a28,1-0,0.0,1249,917,1190,6.1
3359,New-8396454,1-0,1.0,1250,917,1190,6.2
3357,New-8396454,0-1,0.0,1250,917,1191,6.1
3361,New-8396454,0-1,0.0,1250,917,1192,6.0
3358,Base-2358a28,1-0,0.0,1250,917,1193,5.9
3360,Base-2358a28,0-1,1.0,1251,917,1193,6.0
3362,Base-2358a28,1/2-1/2,0.5,1251,918,1193,6.0
3363,New-8396454,0-1,0.0,1251,918,1194,5.9
3370,Base-2358a28,1/2-1/2,0.5,1251,919,1194,5.9
3364,Base-2358a28,1-0,0.0,1251,919,1195,5.8
3365,New-8396454,1/2-1/2,0.5,1251,920,1195,5.8
3366,Base-2358a28,1-0,0.0,1251,920,1196,5.7
3367,New-8396454,1/2-1/2,0.5,1251,921,1196,5.7
3368,Base-2358a28,1/2-1/2,0.5,1251,922,1196,5.7
3369,New-8396454,0-1,0.0,1251,922,1197,5.6
3371,New-8396454,0-1,0.0,1251,922,1198,5.5
3372,Base-2358a28,1-0,0.0,1251,922,1199,5.4
3373,New-8396454,1-0,1.0,1252,922,1199,5.5
3376,Base-2358a28,1-0,0.0,1252,922,1200,5.4
3379,New-8396454,0-1,0.0,1252,922,1201,5.3
3378,Base-2358a28,0-1,1.0,1253,922,1201,5.4
3375,New-8396454,0-1,0.0,1253,922,1202,5.2
3377,New-8396454,0-1,0.0,1253,922,1203,5.1
3374,Base-2358a28,1/2-1/2,0.5,1253,923,1203,5.1
3385,New-8396454,1/2-1/2,0.5,1253,924,1203,5.1
3380,Base-2358a28,1/2-1/2,0.5,1253,925,1203,5.1
3383,New-8396454,1-0,1.0,1254,925,1203,5.2
3382,Base-2358a28,1/2-1/2,0.5,1254,926,1203,5.2
3381,New-8396454,1-0,1.0,1255,926,1203,5.3
3384,Base-2358a28,1-0,0.0,1255,926,1204,5.2
3386,Base-2358a28,0-1,1.0,1256,926,1204,5.3
3388,Base-2358a28,1/2-1/2,0.5,1256,927,1204,5.3
3387,New-8396454,1-0,1.0,1257,927,1204,5.4
3389,New-8396454,1-0,1.0,1258,927,1204,5.5
3390,Base-2358a28,1-0,0.0,1258,927,1205,5.4
3391,New-8396454,0-1,0.0,1258,927,1206,5.3
3392,Base-2358a28,0-1,1.0,1259,927,1206,5.4
3394,Base-2358a28,1/2-1/2,0.5,1259,928,1206,5.4
3395,New-8396454,1-0,1.0,1260,928,1206,5.5
3396,Base-2358a28,1/2-1/2,0.5,1260,929,1206,5.5
3393,New-8396454,0-1,0.0,1260,929,1207,5.4
3397,New-8396454,1-0,1.0,1261,929,1207,5.5
3398,Base-2358a28,0-1,1.0,1262,929,1207,5.6
3399,New-8396454,0-1,0.0,1262,929,1208,5.5
3402,Base-2358a28,1/2-1/2,0.5,1262,930,1208,5.5
3401,New-8396454,0-1,0.0,1262,930,1209,5.4
3400,Base-2358a28,1-0,0.0,1262,930,1210,5.3
3404,Base-2358a28,1-0,0.0,1262,930,1211,5.2
3403,New-8396454,1/2-1/2,0.5,1262,931,1211,5.2
3405,New-8396454,0-1,0.0,1262,931,1212,5.1
3406,Base-2358a28,0-1,1.0,1263,931,1212,5.2
3407,New-8396454,0-1,0.0,1263,931,1213,5.1
3411,New-8396454,1-0,1.0,1264,931,1213,5.2
3408,Base-2358a28,1-0,0.0,1264,931,1214,5.1
3410,Base-2358a28,1/2-1/2,0.5,1264,932,1214,5.1
3409,New-8396454,1/2-1/2,0.5,1264,933,1214,5.1
3412,Base-2358a28,1-0,0.0,1264,933,1215,5.0
3413,New-8396454,0-1,0.0,1264,933,1216,4.9
3415,New-8396454,1/2-1/2,0.5,1264,934,1216,4.9
3414,Base-2358a28,0-1,1.0,1265,934,1216,5.0
3417,New-8396454,1-0,1.0,1266,934,1216,5.1
3418,Base-2358a28,0-1,1.0,1267,934,1216,5.2
3419,New-8396454,1-0,1.0,1268,934,1216,5.3
3416,Base-2358a28,1-0,0.0,1268,934,1217,5.2
3420,Base-2358a28,0-1,1.0,1269,934,1217,5.3
3423,New-8396454,0-1,0.0,1269,934,1218,5.2
3421,New-8396454,1-0,1.0,1270,934,1218,5.3
3422,Base-2358a28,0-1,1.0,1271,934,1218,5.4
3425,New-8396454,0-1,0.0,1271,934,1219,5.3
3428,Base-2358a28,1-0,0.0,1271,934,1220,5.2
3426,Base-2358a28,1/2-1/2,0.5,1271,935,1220,5.2
3424,Base-2358a28,1/2-1/2,0.5,1271,936,1220,5.2
3427,New-8396454,1-0,1.0,1272,936,1220,5.3
3429,New-8396454,0-1,0.0,1272,936,1221,5.2
3435,New-8396454,1-0,1.0,1273,936,1221,5.3
3430,Base-2358a28,0-1,1.0,1274,936,1221,5.4
3436,Base-2358a28,1-0,0.0,1274,936,1222,5.3
3432,Base-2358a28,1/2-1/2,0.5,1274,937,1222,5.3
3431,New-8396454,0-1,0.0,1274,937,1223,5.2
3434,Base-2358a28,0-1,1.0,1275,937,1223,5.3
3433,New-8396454,0-1,0.0,1275,937,1224,5.2
3437,New-8396454,0-1,0.0,1275,937,1225,5.1
3438,Base-2358a28,0-1,1.0,1276,937,1225,5.2
3439,New-8396454,1-0,1.0,1277,937,1225,5.3
3442,Base-2358a28,0-1,1.0,1278,937,1225,5.4
3441,New-8396454,1-0,1.0,1279,937,1225,5.5
3444,Base-2358a28,1/2-1/2,0.5,1279,938,1225,5.5
3440,Base-2358a28,1-0,0.0,1279,938,1226,5.3
3443,New-8396454,1-0,1.0,1280,938,1226,5.4
3446,Base-2358a28,0-1,1.0,1281,938,1226,5.5
3445,New-8396454,1/2-1/2,0.5,1281,939,1226,5.5
3447,New-8396454,1-0,1.0,1282,939,1226,5.6
3451,New-8396454,1-0,1.0,1283,939,1226,5.7
3452,Base-2358a28,1-0,0.0,1283,939,1227,5.6
3450,Base-2358a28,1-0,0.0,1283,939,1228,5.5
3449,New-8396454,0-1,0.0,1283,939,1229,5.4
3448,Base-2358a28,0-1,1.0,1284,939,1229,5.5
3453,New-8396454,0-1,0.0,1284,939,1230,5.4
3454,Base-2358a28,1-0,0.0,1284,939,1231,5.3
3455,New-8396454,1/2-1/2,0.5,1284,940,1231,5.3
3458,Base-2358a28,1-0,0.0,1284,940,1232,5.2
3456,Base-2358a28,1-0,0.0,1284,940,1233,5.1
3461,New-8396454,1/2-1/2,0.5,1284,941,1233,5.1
3459,New-8396454,0-1,0.0,1284,941,1234,5.0
3457,New-8396454,1/2-1/2,0.5,1284,942,1234,5.0
3462,Base-2358a28,1/2-1/2,0.5,1284,943,1234,5.0
3460,Base-2358a28,1/2-1/2,0.5,1284,944,1234,5.0
3469,New-8396454,1/2-1/2,0.5,1284,945,1234,5.0
3465,New-8396454,0-1,0.0,1284,945,1235,4.9
3464,Base-2358a28,1/2-1/2,0.5,1284,946,1235,4.9
3466,Base-2358a28,0-1,1.0,1285,946,1235,5.0
3470,Base-2358a28,1/2-1/2,0.5,1285,947,1235,5.0
3467,New-8396454,1-0,1.0,1286,947,1235,5.1
3463,New-8396454,1/2-1/2,0.5,1286,948,1235,5.1
3468,Base-2358a28,1/2-1/2,0.5,1286,949,1235,5.1
3472,Base-2358a28,1-0,0.0,1286,949,1236,5.0
3471,New-8396454,1/2-1/2,0.5,1286,950,1236,5.0
3473,New-8396454,1-0,1.0,1287,950,1236,5.1
3475,New-8396454,0-1,0.0,1287,950,1237,5.0
3474,Base-2358a28,1-0,0.0,1287,950,1238,4.9
3476,Base-2358a28,1-0,0.0,1287,950,1239,4.8
3477,New-8396454,1/2-1/2,0.5,1287,951,1239,4.8
3478,Base-2358a28,1-0,0.0,1287,951,1240,4.7
3479,New-8396454,0-1,0.0,1287,951,1241,4.6
3480,Base-2358a28,1/2-1/2,0.5,1287,952,1241,4.6
3482,Base-2358a28,1-0,0.0,1287,952,1242,4.5
3481,New-8396454,1/2-1/2,0.5,1287,953,1242,4.5
3483,New-8396454,1-0,1.0,1288,953,1242,4.6
3485,New-8396454,0-1,0.0,1288,953,1243,4.5
3484,Base-2358a28,1-0,0.0,1288,953,1244,4.4
3487,New-8396454,0-1,0.0,1288,953,1245,4.3
3491,New-8396454,1/2-1/2,0.5,1288,954,1245,4.3
3486,Base-2358a28,1-0,0.0,1288,954,1246,4.2
3488,Base-2358a28,1-0,0.0,1288,954,1247,4.1
3489,New-8396454,0-1,0.0,1288,954,1248,4.0
3490,Base-2358a28,0-1,1.0,1289,954,1248,4.1
3492,Base-2358a28,1-0,0.0,1289,954,1249,4.0
3493,New-8396454,1/2-1/2,0.5,1289,955,1249,4.0
3494,Base-2358a28,1/2-1/2,0.5,1289,956,1249,4.0
3495,New-8396454,1-0,1.0,1290,956,1249,4.1
3496,Base-2358a28,0-1,1.0,1291,956,1249,4.2
3500,Base-2358a28,1-0,0.0,1291,956,1250,4.1
3497,New-8396454,1-0,1.0,1292,956,1250,4.2
3499,New-8396454,1/2-1/2,0.5,1292,957,1250,4.2
3501,New-8396454,1/2-1/2,0.5,1292,958,1250,4.2
3502,Base-2358a28,1/2-1/2,0.5,1292,959,1250,4.2
3503,New-8396454,1/2-1/2,0.5,1292,960,1250,4.2
3498,Base-2358a28,1/2-1/2,0.5,1292,961,1250,4.2
3505,New-8396454,0-1,0.0,1292,961,1251,4.1
3506,Base-2358a28,0-1,1.0,1293,961,1251,4.2
3504,Base-2358a28,1-0,0.0,1293,961,1252,4.1
3507,New-8396454,0-1,0.0,1293,961,1253,4.0
3508,Base-2358a28,0-1,1.0,1294,961,1253,4.1
3509,New-8396454,1-0,1.0,1295,961,1253,4.2
3510,Base-2358a28,1-0,0.0,1295,961,1254,4.1
3512,Base-2358a28,0-1,1.0,1296,961,1254,4.2
3513,New-8396454,1-0,1.0,1297,961,1254,4.3
3511,New-8396454,1/2-1/2,0.5,1297,962,1254,4.3
3514,Base-2358a28,1-0,0.0,1297,962,1255,4.2
3517,New-8396454,0-1,0.0,1297,962,1256,4.1
3516,Base-2358a28,1-0,0.0,1297,962,1257,4.0
3515,New-8396454,1/2-1/2,0.5,1297,963,1257,4.0
3519,New-8396454,0-1,0.0,1297,963,1258,3.9
3518,Base-2358a28,1/2-1/2,0.5,1297,964,1258,3.9
3521,New-8396454,0-1,0.0,1297,964,1259,3.8
3522,Base-2358a28,1/2-1/2,0.5,1297,965,1259,3.7
3520,Base-2358a28,1-0,0.0,1297,965,1260,3.7
3524,Base-2358a28,1-0,0.0,1297,965,1261,3.6
3523,New-8396454,1-0,1.0,1298,965,1261,3.6
3525,New-8396454,0-1,0.0,1298,965,1262,3.5
3527,New-8396454,0-1,0.0,1298,965,1263,3.4
3526,Base-2358a28,1-0,0.0,1298,965,1264,3.3
3528,Base-2358a28,0-1,1.0,1299,965,1264,3.4
3530,Base-2358a28,1/2-1/2,0.5,1299,966,1264,3.4
3529,New-8396454,0-1,0.0,1299,966,1265,3.3
3531,New-8396454,0-1,0.0,1299,966,1266,3.2
3533,New-8396454,1-0,1.0,1300,966,1266,3.3
3532,Base-2358a28,0-1,1.0,1301,966,1266,3.4
3535,New-8396454,0-1,0.0,1301,966,1267,3.3
3534,Base-2358a28,1/2-1/2,0.5,1301,967,1267,3.3
3537,New-8396454,0-1,0.0,1301,967,1268,3.2
3536,Base-2358a28,1-0,0.0,1301,967,1269,3.1
3539,New-8396454,1-0,1.0,1302,967,1269,3.2
3538,Base-2358a28,0-1,1.0,1303,967,1269,3.3
3540,Base-2358a28,0-1,1.0,1304,967,1269,3.4
3542,Base-2358a28,0-1,1.0,1305,967,1269,3.5
3541,New-8396454,0-1,0.0,1305,967,1270,3.4
3545,New-8396454,1-0,1.0,1306,967,1270,3.5
3543,New-8396454,1-0,1.0,1307,967,1270,3.6
3546,Base-2358a28,1-0,0.0,1307,967,1271,3.5
3547,New-8396454,1/2-1/2,0.5,1307,968,1271,3.5
3544,Base-2358a28,1/2-1/2,0.5,1307,969,1271,3.5
3549,New-8396454,0-1,0.0,1307,969,1272,3.4
3548,Base-2358a28,0-1,1.0,1308,969,1272,3.5
3553,New-8396454,1/2-1/2,0.5,1308,970,1272,3.5
3550,Base-2358a28,1-0,0.0,1308,970,1273,3.4
3551,New-8396454,0-1,0.0,1308,970,1274,3.3
3552,Base-2358a28,1/2-1/2,0.5,1308,971,1274,3.3
3554,Base-2358a28,0-1,1.0,1309,971,1274,3.4
3555,New-8396454,0-1,0.0,1309,971,1275,3.3
3556,Base-2358a28,0-1,1.0,1310,971,1275,3.4
3557,New-8396454,1-0,1.0,1311,971,1275,3.5
3559,New-8396454,1-0,1.0,1312,971,1275,3.6
3560,Base-2358a28,1-0,0.0,1312,971,1276,3.5
3563,New-8396454,1/2-1/2,0.5,1312,972,1276,3.5
3558,Base-2358a28,1-0,0.0,1312,972,1277,3.4
3562,Base-2358a28,0-1,1.0,1313,972,1277,3.5
3561,New-8396454,0-1,0.0,1313,972,1278,3.4
3564,Base-2358a28,1-0,0.0,1313,972,1279,3.3
3567,New-8396454,1-0,1.0,1314,972,1279,3.4
3565,New-8396454,0-1,0.0,1314,972,1280,3.3
3568,Base-2358a28,1-0,0.0,1314,972,1281,3.2
3569,New-8396454,1-0,1.0,1315,972,1281,3.3
3570,Base-2358a28,0-1,1.0,1316,972,1281,3.4
3566,Base-2358a28,0-1,1.0,1317,972,1281,3.5
3571,New-8396454,1-0,1.0,1318,972,1281,3.6
3574,Base-2358a28,0-1,1.0,1319,972,1281,3.7
3573,New-8396454,1-0,1.0,1320,972,1281,3.8
3575,New-8396454,0-1,0.0,1320,972,1282,3.7
3572,Base-2358a28,1/2-1/2,0.5,1320,973,1282,3.7
3576,Base-2358a28,1-0,0.0,1320,973,1283,3.6
3577,New-8396454,1-0,1.0,1321,973,1283,3.7
3578,Base-2358a28,1-0,0.0,1321,973,1284,3.6
3580,Base-2358a28,0-1,1.0,1322,973,1284,3.7
3579,New-8396454,1/2-1/2,0.5,1322,974,1284,3.7
3585,New-8396454,1-0,1.0,1323,974,1284,3.8
3581,New-8396454,1-0,1.0,1324,974,1284,3.9
3582,Base-2358a28,1-0,0.0,1324,974,1285,3.8
3583,New-8396454,0-1,0.0,1324,974,1286,3.7
3584,Base-2358a28,1-0,0.0,1324,974,1287,3.6
3586,Base-2358a28,0-1,1.0,1325,974,1287,3.7
3588,Base-2358a28,1-0,0.0,1325,974,1288,3.6
3587,New-8396454,0-1,0.0,1325,974,1289,3.5
3590,Base-2358a28,1-0,0.0,1325,974,1290,3.4
3591,New-8396454,0-1,0.0,1325,974,1291,3.3
3589,New-8396454,1-0,1.0,1326,974,1291,3.4
3593,New-8396454,1/2-1/2,0.5,1326,975,1291,3.4
3592,Base-2358a28,1/2-1/2,0.5,1326,976,1291,3.4
3594,Base-2358a28,0-1,1.0,1327,976,1291,3.5
3595,New-8396454,1-0,1.0,1328,976,1291,3.6
3596,Base-2358a28,1/2-1/2,0.5,1328,977,1291,3.6
3598,Base-2358a28,1/2-1/2,0.5,1328,978,1291,3.6
3597,New-8396454,0-1,0.0,1328,978,1292,3.5
3599,New-8396454,0-1,0.0,1328,978,1293,3.4
3600,Base-2358a28,1-0,0.0,1328,978,1294,3.3
3602,Base-2358a28,0-1,1.0,1329,978,1294,3.4
3601,New-8396454,1-0,1.0,1330,978,1294,3.5
3603,New-8396454,1-0,1.0,1331,978,1294,3.6
3607,New-8396454,1/2-1/2,0.5,1331,979,1294,3.6
3604,Base-2358a28,1-0,0.0,1331,979,1295,3.5
3608,Base-2358a28,1/2-1/2,0.5,1331,980,1295,3.5
3609,New-8396454,1/2-1/2,0.5,1331,981,1295,3.5
3606,Base-2358a28,0-1,1.0,1332,981,1295,3.6
3605,New-8396454,1/2-1/2,0.5,1332,982,1295,3.6
3613,New-8396454,1/2-1/2,0.5,1332,983,1295,3.6
3610,Base-2358a28,1/2-1/2,0.5,1332,984,1295,3.6
3612,Base-2358a28,0-1,1.0,1333,984,1295,3.7
3611,New-8396454,1/2-1/2,0.5,1333,985,1295,3.7
3616,Base-2358a28,1-0,0.0,1333,985,1296,3.6
3614,Base-2358a28,1-0,0.0,1333,985,1297,3.5
3617,New-8396454,1-0,1.0,1334,985,1297,3.6
3615,New-8396454,1-0,1.0,1335,985,1297,3.7
3618,Base-2358a28,1-0,0.0,1335,985,1298,3.6
3619,New-8396454,1-0,1.0,1336,985,1298,3.6
3620,Base-2358a28,1/2-1/2,0.5,1336,986,1298,3.6
3621,New-8396454,0-1,0.0,1336,986,1299,3.6
3622,Base-2358a28,0-1,1.0,1337,986,1299,3.6
3624,Base-2358a28,1-0,0.0,1337,986,1300,3.5
3623,New-8396454,1-0,1.0,1338,986,1300,3.6
3625,New-8396454,1-0,1.0,1339,986,1300,3.7
3628,Base-2358a28,0-1,1.0,1340,986,1300,3.8
3626,Base-2358a28,1-0,0.0,1340,986,1301,3.7
3627,New-8396454,1/2-1/2,0.5,1340,987,1301,3.7
3631,New-8396454,1/2-1/2,0.5,1340,988,1301,3.7
3630,Base-2358a28,0-1,1.0,1341,988,1301,3.8
3629,New-8396454,1/2-1/2,0.5,1341,989,1301,3.8
3632,Base-2358a28,0-1,1.0,1342,989,1301,3.9
3634,Base-2358a28,1/2-1/2,0.5,1342,990,1301,3.9
3635,New-8396454,1-0,1.0,1343,990,1301,4.0
3633,New-8396454,0-1,0.0,1343,990,1302,3.9
3637,New-8396454,1-0,1.0,1344,990,1302,4.0
3636,Base-2358a28,0-1,1.0,1345,990,1302,4.1
3638,Base-2358a28,1-0,0.0,1345,990,1303,4.0
3640,Base-2358a28,1-0,0.0,1345,990,1304,3.9
3639,New-8396454,0-1,0.0,1345,990,1305,3.8
3644,Base-2358a28,0-1,1.0,1346,990,1305,3.9
3641,New-8396454,1-0,1.0,1347,990,1305,4.0
3643,New-8396454,0-1,0.0,1347,990,1306,3.9
3642,Base-2358a28,0-1,1.0,1348,990,1306,4.0
3648,Base-2358a28,1/2-1/2,0.5,1348,991,1306,4.0
3647,New-8396454,0-1,0.0,1348,991,1307,3.9
3646,Base-2358a28,0-1,1.0,1349,991,1307,4.0
3649,New-8396454,0-1,0.0,1349,991,1308,3.9
3645,New-8396454,0-1,0.0,1349,991,1309,3.8
3651,New-8396454,1/2-1/2,0.5,1349,992,1309,3.8
3652,Base-2358a28,1-0,0.0,1349,992,1310,3.7
3655,New-8396454,1-0,1.0,1350,992,1310,3.8
3653,New-8396454,1-0,1.0,1351,992,1310,3.9
3654,Base-2358a28,1/2-1/2,0.5,1351,993,1310,3.9
3656,Base-2358a28,1-0,0.0,1351,993,1311,3.8
3650,Base-2358a28,1/2-1/2,0.5,1351,994,1311,3.8
3657,New-8396454,0-1,0.0,1351,994,1312,3.7
3658,Base-2358a28,0-1,1.0,1352,994,1312,3.8
3666,Base-2358a28,1-0,0.0,1352,994,1313,3.7
3659,New-8396454,1/2-1/2,0.5,1352,995,1313,3.7
3663,New-8396454,0-1,0.0,1352,995,1314,3.6
3662,Base-2358a28,1-0,0.0,1352,995,1315,3.5
3660,Base-2358a28,0-1,1.0,1353,995,1315,3.6
3661,New-8396454,1-0,1.0,1354,995,1315,3.7
3664,Base-2358a28,1-0,0.0,1354,995,1316,3.6
3665,New-8396454,1-0,1.0,1355,995,1316,3.7
3667,New-8396454,1-0,1.0,1356,995,1316,3.8
3668,Base-2358a28,1-0,0.0,1356,995,1317,3.7
3672,Base-2358a28,0-1,1.0,1357,995,1317,3.8
3670,Base-2358a28,0-1,1.0,1358,995,1317,3.9
3669,New-8396454,1/2-1/2,0.5,1358,996,1317,3.9
3671,New-8396454,0-1,0.0,1358,996,1318,3.8
3674,Base-2358a28,1-0,0.0,1358,996,1319,3.7
3673,New-8396454,0-1,0.0,1358,996,1320,3.6
3675,New-8396454,1-0,1.0,1359,996,1320,3.7
3676,Base-2358a28,1-0,0.0,1359,996,1321,3.6
3677,New-8396454,0-1,0.0,1359,996,1322,3.5
3679,New-8396454,0-1,0.0,1359,996,1323,3.4
3678,Base-2358a28,1/2-1/2,0.5,1359,997,1323,3.4
3681,New-8396454,1-0,1.0,1360,997,1323,3.5
3680,Base-2358a28,1/2-1/2,0.5,1360,998,1323,3.5
3682,Base-2358a28,1/2-1/2,0.5,1360,999,1323,3.5
3683,New-8396454,1-0,1.0,1361,999,1323,3.6
3684,Base-2358a28,1-0,0.0,1361,999,1324,3.5
3685,New-8396454,0-1,0.0,1361,999,1325,3.4
3686,Base-2358a28,1-0,0.0,1361,999,1326,3.3
3689,New-8396454,1-0,1.0,1362,999,1326,3.4
3687,New-8396454,1-0,1.0,1363,999,1326,3.5
3690,Base-2358a28,1/2-1/2,0.5,1363,1000,1326,3.5
3688,Base-2358a28,1-0,0.0,1363,1000,1327,3.4
3692,Base-2358a28,0-1,1.0,1364,1000,1327,3.5
3694,Base-2358a28,0-1,1.0,1365,1000,1327,3.6
3693,New-8396454,0-1,0.0,1365,1000,1328,3.5
3691,New-8396454,1/2-1/2,0.5,1365,1001,1328,3.5
3695,New-8396454,1-0,1.0,1366,1001,1328,3.6
3696,Base-2358a28,0-1,1.0,1367,1001,1328,3.7
3697,New-8396454,0-1,0.0,1367,1001,1329,3.6
3702,Base-2358a28,0-1,1.0,1368,1001,1329,3.7
3699,New-8396454,1-0,1.0,1369,1001,1329,3.8
3698,Base-2358a28,1-0,0.0,1369,1001,1330,3.7
3704,Base-2358a28,1-0,0.0,1369,1001,1331,3.6
3703,New-8396454,0-1,0.0,1369,1001,1332,3.5
3701,New-8396454,0-1,0.0,1369,1001,1333,3.4
3700,Base-2358a28,1/2-1/2,0.5,1369,1002,1333,3.4
3705,New-8396454,0-1,0.0,1369,1002,1334,3.3
3706,Base-2358a28,1/2-1/2,0.5,1369,1003,1334,3.3
3708,Base-2358a28,1-0,0.0,1369,1003,1335,3.2
3707,New-8396454,1/2-1/2,0.5,1369,1004,1335,3.2
3710,Base-2358a28,0-1,1.0,1370,1004,1335,3.3
3711,New-8396454,0-1,0.0,1370,1004,1336,3.2
3709,New-8396454,1-0,1.0,1371,1004,1336,3.3
3712,Base-2358a28,0-1,1.0,1372,1004,1336,3.4
3713,New-8396454,1-0,1.0,1373,1004,1336,3.5
3714,Base-2358a28,0-1,1.0,1374,1004,1336,3.6
3716,Base-2358a28,0-1,1.0,1375,1004,1336,3.6
3715,New-8396454,1/2-1/2,0.5,1375,1005,1336,3.6
3717,New-8396454,1/2-1/2,0.5,1375,1006,1336,3.6
3720,Base-2358a28,1-0,0.0,1375,1006,1337,3.6
3722,Base-2358a28,1/2-1/2,0.5,1375,1007,1337,3.6
3718,Base-2358a28,1-0,0.0,1375,1007,1338,3.5
3719,New-8396454,1-0,1.0,1376,1007,1338,3.5
3723,New-8396454,1-0,1.0,1377,1007,1338,3.6
3721,New-8396454,1/2-1/2,0.5,1377,1008,1338,3.6
3724,Base-2358a28,1-0,0.0,1377,1008,1339,3.5
3725,New-8396454,1-0,1.0,1378,1008,1339,3.6
3727,New-8396454,1-0,1.0,1379,1008,1339,3.7
3726,Base-2358a28,1-0,0.0,1379,1008,1340,3.6
3728,Base-2358a28,0-1,1.0,1380,1008,1340,3.7
3729,New-8396454,1-0,1.0,1381,1008,1340,3.8
3730,Base-2358a28,1-0,0.0,1381,1008,1341,3.7
3731,New-8396454,1-0,1.0,1382,1008,1341,3.8
3732,Base-2358a28,1/2-1/2,0.5,1382,1009,1341,3.8
3733,New-8396454,0-1,0.0,1382,1009,1342,3.7
3734,Base-2358a28,1-0,0.0,1382,1009,1343,3.6
3736,Base-2358a28,1/2-1/2,0.5,1382,1010,1343,3.6
3738,Base-2358a28,1/2-1/2,0.5,1382,1011,1343,3.6
3735,New-8396454,1/2-1/2,0.5,1382,1012,1343,3.6
3739,New-8396454,1-0,1.0,1383,1012,1343,3.7
3737,New-8396454,0-1,0.0,1383,1012,1344,3.6
3740,Base-2358a28,1/2-1/2,0.5,1383,1013,1344,3.6
3741,New-8396454,1-0,1.0,1384,1013,1344,3.7
3746,Base-2358a28,1/2-1/2,0.5,1384,1014,1344,3.7
3742,Base-2358a28,1-0,0.0,1384,1014,1345,3.6
3743,New-8396454,1-0,1.0,1385,1014,1345,3.7
3744,Base-2358a28,0-1,1.0,1386,1014,1345,3.8
3745,New-8396454,0-1,0.0,1386,1014,1346,3.7
3747,New-8396454,0-1,0.0,1386,1014,1347,3.6
3750,Base-2358a28,1-0,0.0,1386,1014,1348,3.5
3749,New-8396454,1-0,1.0,1387,1014,1348,3.6
3752,Base-2358a28,1/2-1/2,0.5,1387,1015,1348,3.6
3748,Base-2358a28,1/2-1/2,0.5,1387,1016,1348,3.6
3754,Base-2358a28,0-1,1.0,1388,1016,1348,3.7
3751,New-8396454,0-1,0.0,1388,1016,1349,3.6
3755,New-8396454,1-0,1.0,1389,1016,1349,3.7
3753,New-8396454,0-1,0.0,1389,1016,1350,3.6
3756,Base-2358a28,1-0,0.0,1389,1016,1351,3.5
3757,New-8396454,1-0,1.0,1390,1016,1351,3.6
3759,New-8396454,0-1,0.0,1390,1016,1352,3.5
3758,Base-2358a28,0-1,1.0,1391,1016,1352,3.6
3761,New-8396454,1/2-1/2,0.5,1391,1017,1352,3.6
3760,Base-2358a28,1/2-1/2,0.5,1391,1018,1352,3.6
3764,Base-2358a28,1/2-1/2,0.5,1391,1019,1352,3.6
3765,New-8396454,1-0,1.0,1392,1019,1352,3.7
3763,New-8396454,0-1,0.0,1392,1019,1353,3.6
3762,Base-2358a28,1/2-1/2,0.5,1392,1020,1353,3.6
3767,New-8396454,1/2-1/2,0.5,1392,1021,1353,3.6
3768,Base-2358a28,0-1,1.0,1393,1021,1353,3.7
3766,Base-2358a28,1-0,0.0,1393,1021,1354,3.6
3770,Base-2358a28,1/2-1/2,0.5,1393,1022,1354,3.6
3769,New-8396454,1-0,1.0,1394,1022,1354,3.7
3771,New-8396454,1/2-1/2,0.5,1394,1023,1354,3.7
3774,Base-2358a28,1/2-1/2,0.5,1394,1024,1354,3.7
3773,New-8396454,0-1,0.0,1394,1024,1355,3.6
3772,Base-2358a28,0-1,1.0,1395,1024,1355,3.7
3775,New-8396454,0-1,0.0,1395,1024,1356,3.6
3776,Base-2358a28,0-1,1.0,1396,1024,1356,3.7
3780,Base-2358a28,1/2-1/2,0.5,1396,1025,1356,3.7
3779,New-8396454,1-0,1.0,1397,1025,1356,3.8
3778,Base-2358a28,1/2-1/2,0.5,1397,1026,1356,3.8
3777,New-8396454,1/2-1/2,0.5,1397,1027,1356,3.8
3781,New-8396454,0-1,0.0,1397,1027,1357,3.7
3782,Base-2358a28,1-0,0.0,1397,1027,1358,3.6
3784,Base-2358a28,1-0,0.0,1397,1027,1359,3.5
3785,New-8396454,0-1,0.0,1397,1027,1360,3.4
3787,New-8396454,0-1,0.0,1397,1027,1361,3.3
3786,Base-2358a28,1-0,0.0,1397,1027,1362,3.2
3783,New-8396454,1/2-1/2,0.5,1397,1028,1362,3.2
3789,New-8396454,1-0,1.0,1398,1028,1362,3.3
3790,Base-2358a28,1-0,0.0,1398,1028,1363,3.2
3788,Base-2358a28,1-0,0.0,1398,1028,1364,3.1
3791,New-8396454,1-0,1.0,1399,1028,1364,3.2
3795,New-8396454,1/2-1/2,0.5,1399,1029,1364,3.2
3796,Base-2358a28,1/2-1/2,0.5,1399,1030,1364,3.2
3794,Base-2358a28,1/2-1/2,0.5,1399,1031,1364,3.2
3793,New-8396454,0-1,0.0,1399,1031,1365,3.1
3792,Base-2358a28,0-1,1.0,1400,1031,1365,3.2
3797,New-8396454,0-1,0.0,1400,1031,1366,3.1
3798,Base-2358a28,1-0,0.0,1400,1031,1367,3.0
3801,New-8396454,0-1,0.0,1400,1031,1368,2.9
3799,New-8396454,0-1,0.0,1400,1031,1369,2.8
3800,Base-2358a28,0-1,1.0,1401,1031,1369,2.9
3803,New-8396454,1/2-1/2,0.5,1401,1032,1369,2.9
3802,Base-2358a28,1/2-1/2,0.5,1401,1033,1369,2.9
3806,Base-2358a28,0-1,1.0,1402,1033,1369,3.0
3805,New-8396454,0-1,0.0,1402,1033,1370,2.9
3804,Base-2358a28,0-1,1.0,1403,1033,1370,3.0
3808,Base-2358a28,1-0,0.0,1403,1033,1371,2.9
3807,New-8396454,1-0,1.0,1404,1033,1371,3.0
3809,New-8396454,1-0,1.0,1405,1033,1371,3.1
3810,Base-2358a28,1/2-1/2,0.5,1405,1034,1371,3.1
3811,New-8396454,1/2-1/2,0.5,1405,1035,1371,3.1
3813,New-8396454,0-1,0.0,1405,1035,1372,3.0
3814,Base-2358a28,1-0,0.0,1405,1035,1373,2.9
3812,Base-2358a28,0-1,1.0,1406,1035,1373,3.0
3817,New-8396454,0-1,0.0,1406,1035,1374,2.9
3816,Base-2358a28,0-1,1.0,1407,1035,1374,3.0
3815,New-8396454,1-0,1.0,1408,1035,1374,3.1
3818,Base-2358a28,0-1,1.0,1409,1035,1374,3.2
3820,Base-2358a28,1-0,0.0,1409,1035,1375,3.1
3825,New-8396454,0-1,0.0,1409,1035,1376,3.0
3821,New-8396454,1-0,1.0,1410,1035,1376,3.1
3823,New-8396454,1/2-1/2,0.5,1410,1036,1376,3.1
3822,Base-2358a28,0-1,1.0,1411,1036,1376,3.2
3819,New-8396454,1/2-1/2,0.5,1411,1037,1376,3.2
3824,Base-2358a28,1-0,0.0,1411,1037,1377,3.1
3826,Base-2358a28,0-1,1.0,1412,1037,1377,3.2
3827,New-8396454,0-1,0.0,1412,1037,1378,3.1
3828,Base-2358a28,0-1,1.0,1413,1037,1378,3.2
3830,Base-2358a28,0-1,1.0,1414,1037,1378,3.3
3829,New-8396454,1-0,1.0,1415,1037,1378,3.4
3831,New-8396454,1/2-1/2,0.5,1415,1038,1378,3.4
3832,Base-2358a28,1/2-1/2,0.5,1415,1039,1378,3.4
3833,New-8396454,0-1,0.0,1415,1039,1379,3.3
3834,Base-2358a28,0-1,1.0,1416,1039,1379,3.4
3837,New-8396454,0-1,0.0,1416,1039,1380,3.3
3835,New-8396454,0-1,0.0,1416,1039,1381,3.2
3836,Base-2358a28,0-1,1.0,1417,1039,1381,3.3
3840,Base-2358a28,0-1,1.0,1418,1039,1381,3.3
3839,New-8396454,1-0,1.0,1419,1039,1381,3.4
3838,Base-2358a28,1/2-1/2,0.5,1419,1040,1381,3.4
3841,New-8396454,1/2-1/2,0.5,1419,1041,1381,3.4
3843,New-8396454,1-0,1.0,1420,1041,1381,3.5
3844,Base-2358a28,1-0,0.0,1420,1041,1382,3.4
3845,New-8396454,1-0,1.0,1421,1041,1382,3.5
3842,Base-2358a28,1/2-1/2,0.5,1421,1042,1382,3.5
3847,New-8396454,1-0,1.0,1422,1042,1382,3.6
3846,Base-2358a28,1-0,0.0,1422,1042,1383,3.5
3849,New-8396454,0-1,0.0,1422,1042,1384,3.4
3848,Base-2358a28,1/2-1/2,0.5,1422,1043,1384,3.4
3850,Base-2358a28,0-1,1.0,1423,1043,1384,3.5
3851,New-8396454,0-1,0.0,1423,1043,1385,3.4
3853,New-8396454,0-1,0.0,1423,1043,1386,3.3
3852,Base-2358a28,1-0,0.0,1423,1043,1387,3.2
3854,Base-2358a28,1-0,0.0,1423,1043,1388,3.2
3855,New-8396454,1/2-1/2,0.5,1423,1044,1388,3.2
3856,Base-2358a28,1-0,0.0,1423,1044,1389,3.1
3857,New-8396454,1/2-1/2,0.5,1423,1045,1389,3.1
3858,Base-2358a28,0-1,1.0,1424,1045,1389,3.2
3860,Base-2358a28,1/2-1/2,0.5,1424,1046,1389,3.2
3859,New-8396454,0-1,0.0,1424,1046,1390,3.1
3861,New-8396454,0-1,0.0,1424,1046,1391,3.0
3862,Base-2358a28,1/2-1/2,0.5,1424,1047,1391,3.0
3864,Base-2358a28,1-0,0.0,1424,1047,1392,2.9
3863,New-8396454,1-0,1.0,1425,1047,1392,3.0
3865,New-8396454,0-1,0.0,1425,1047,1393,2.9
3866,Base-2358a28,1-0,0.0,1425,1047,1394,2.8
3868,Base-2358a28,1/2-1/2,0.5,1425,1048,1394,2.8
3867,New-8396454,1/2-1/2,0.5,1425,1049,1394,2.8
3870,Base-2358a28,1-0,0.0,1425,1049,1395,2.7
3869,New-8396454,1-0,1.0,1426,1049,1395,2.8
3871,New-8396454,0-1,0.0,1426,1049,1396,2.7
3872,Base-2358a28,0-1,1.0,1427,1049,1396,2.8
3875,New-8396454,1/2-1/2,0.5,1427,1050,1396,2.8
3876,Base-2358a28,1/2-1/2,0.5,1427,1051,1396,2.8
3873,New-8396454,1/2-1/2,0.5,1427,1052,1396,2.8
3874,Base-2358a28,0-1,1.0,1428,1052,1396,2.9
3877,New-8396454,1-0,1.0,1429,1052,1396,3.0
3878,Base-2358a28,1-0,0.0,1429,1052,1397,2.9
3882,Base-2358a28,1-0,0.0,1429,1052,1398,2.8
3881,New-8396454,1-0,1.0,1430,1052,1398,2.9
3879,New-8396454,1-0,1.0,1431,1052,1398,3.0
3883,New-8396454,0-1,0.0,1431,1052,1399,2.9
3880,Base-2358a28,1-0,0.0,1431,1052,1400,2.8
3884,Base-2358a28,0-1,1.0,1432,1052,1400,2.9
3888,Base-2358a28,1/2-1/2,0.5,1432,1053,1400,2.9
3887,New-8396454,1-0,1.0,1433,1053,1400,3.0
3885,New-8396454,1/2-1/2,0.5,1433,1054,1400,2.9
3889,New-8396454,1/2-1/2,0.5,1433,1055,1400,2.9
3892,Base-2358a28,1-0,0.0,1433,1055,1401,2.9
3886,Base-2358a28,1/2-1/2,0.5,1433,1056,1401,2.9
3890,Base-2358a28,1-0,0.0,1433,1056,1402,2.8
3891,New-8396454,1/2-1/2,0.5,1433,1057,1402,2.8
3893,New-8396454,0-1,0.0,1433,1057,1403,2.7
3894,Base-2358a28,0-1,1.0,1434,1057,1403,2.8
3896,Base-2358a28,1-0,0.0,1434,1057,1404,2.7
3901,New-8396454,1/2-1/2,0.5,1434,1058,1404,2.7
3895,New-8396454,1-0,1.0,1435,1058,1404,2.8
3897,New-8396454,1/2-1/2,0.5,1435,1059,1404,2.8
3898,Base-2358a28,0-1,1.0,1436,1059,1404,2.9
3899,New-8396454,1/2-1/2,0.5,1436,1060,1404,2.9
3900,Base-2358a28,1/2-1/2,0.5,1436,1061,1404,2.9
3905,New-8396454,0-1,0.0,1436,1061,1405,2.8
3902,Base-2358a28,0-1,1.0,1437,1061,1405,2.8
3904,Base-2358a28,0-1,1.0,1438,1061,1405,2.9
3906,Base-2358a28,0-1,1.0,1439,1061,1405,3.0
3903,New-8396454,1-0,1.0,1440,1061,1405,3.1
3911,New-8396454,1/2-1/2,0.5,1440,1062,1405,3.1
3908,Base-2358a28,1/2-1/2,0.5,1440,1063,1405,3.1
3907,New-8396454,0-1,0.0,1440,1063,1406,3.0
3910,Base-2358a28,1-0,0.0,1440,1063,1407,2.9
3909,New-8396454,1/2-1/2,0.5,1440,1064,1407,2.9
3914,Base-2358a28,1-0,0.0,1440,1064,1408,2.8
3916,Base-2358a28,0-1,1.0,1441,1064,1408,2.9
3913,New-8396454,1/2-1/2,0.5,1441,1065,1408,2.9
3915,New-8396454,0-1,0.0,1441,1065,1409,2.8
3912,Base-2358a28,1/2-1/2,0.5,1441,1066,1409,2.8
3917,New-8396454,1/2-1/2,0.5,1441,1067,1409,2.8
3920,Base-2358a28,1-0,0.0,1441,1067,1410,2.7
3919,New-8396454,1/2-1/2,0.5,1441,1068,1410,2.7
3918,Base-2358a28,1-0,0.0,1441,1068,1411,2.7
3921,New-8396454,0-1,0.0,1441,1068,1412,2.6
3923,New-8396454,1/2-1/2,0.5,1441,1069,1412,2.6
3922,Base-2358a28,0-1,1.0,1442,1069,1412,2.7
3924,Base-2358a28,0-1,1.0,1443,1069,1412,2.7
3927,New-8396454,0-1,0.0,1443,1069,1413,2.7
3926,Base-2358a28,1/2-1/2,0.5,1443,1070,1413,2.7
3925,New-8396454,0-1,0.0,1443,1070,1414,2.6
3930,Base-2358a28,1-0,0.0,1443,1070,1415,2.5
3928,Base-2358a28,1-0,0.0,1443,1070,1416,2.4
3931,New-8396454,1/2-1/2,0.5,1443,1071,1416,2.4
3932,Base-2358a28,0-1,1.0,1444,1071,1416,2.5
3933,New-8396454,1/2-1/2,0.5,1444,1072,1416,2.5
3929,New-8396454,1/2-1/2,0.5,1444,1073,1416,2.5
3935,New-8396454,1-0,1.0,1445,1073,1416,2.6
3934,Base-2358a28,1-0,0.0,1445,1073,1417,2.5
3937,New-8396454,1/2-1/2,0.5,1445,1074,1417,2.5
3936,Base-2358a28,0-1,1.0,1446,1074,1417,2.6
3938,Base-2358a28,1-0,0.0,1446,1074,1418,2.5
3939,New-8396454,1-0,1.0,1447,1074,1418,2.6
3940,Base-2358a28,1-0,0.0,1447,1074,1419,2.5
3941,New-8396454,0-1,0.0,1447,1074,1420,2.4
3943,New-8396454,0-1,0.0,1447,1074,1421,2.3
3947,New-8396454,1/2-1/2,0.5,1447,1075,1421,2.3
3942,Base-2358a28,1-0,0.0,1447,1075,1422,2.2
3945,New-8396454,1-0,1.0,1448,1075,1422,2.3
3944,Base-2358a28,1/2-1/2,0.5,1448,1076,1422,2.3
3946,Base-2358a28,0-1,1.0,1449,1076,1422,2.4
3952,Base-2358a28,1/2-1/2,0.5,1449,1077,1422,2.4
3949,New-8396454,1-0,1.0,1450,1077,1422,2.5
3954,Base-2358a28,1/2-1/2,0.5,1450,1078,1422,2.5
3948,Base-2358a28,1-0,0.0,1450,1078,1423,2.4
3951,New-8396454,1-0,1.0,1451,1078,1423,2.5
3953,New-8396454,1/2-1/2,0.5,1451,1079,1423,2.5
3950,Base-2358a28,0-1,1.0,1452,1079,1423,2.5
3955,New-8396454,1-0,1.0,1453,1079,1423,2.6
3958,Base-2358a28,1/2-1/2,0.5,1453,1080,1423,2.6
3959,New-8396454,0-1,0.0,1453,1080,1424,2.5
3960,Base-2358a28,1-0,0.0,1453,1080,1425,2.5
3957,New-8396454,1/2-1/2,0.5,1453,1081,1425,2.5
3961,New-8396454,1-0,1.0,1454,1081,1425,2.5
3956,Base-2358a28,1/2-1/2,0.5,1454,1082,1425,2.5
3962,Base-2358a28,0-1,1.0,1455,1082,1425,2.6
3964,Base-2358a28,1-0,0.0,1455,1082,1426,2.5
3963,New-8396454,0-1,0.0,1455,1082,1427,2.5
3967,New-8396454,0-1,0.0,1455,1082,1428,2.4
3969,New-8396454,1-0,1.0,1456,1082,1428,2.5
3968,Base-2358a28,0-1,1.0,1457,1082,1428,2.5
3965,New-8396454,1/2-1/2,0.5,1457,1083,1428,2.5
3966,Base-2358a28,1/2-1/2,0.5,1457,1084,1428,2.5
3970,Base-2358a28,0-1,1.0,1458,1084,1428,2.6
3974,Base-2358a28,0-1,1.0,1459,1084,1428,2.7
3975,New-8396454,1-0,1.0,1460,1084,1428,2.8
3971,New-8396454,1/2-1/2,0.5,1460,1085,1428,2.8
3973,New-8396454,1-0,1.0,1461,1085,1428,2.9
3972,Base-2358a28,1/2-1/2,0.5,1461,1086,1428,2.9
3978,Base-2358a28,0-1,1.0,1462,1086,1428,3.0
3976,Base-2358a28,1-0,0.0,1462,1086,1429,2.9
3977,New-8396454,0-1,0.0,1462,1086,1430,2.8
3979,New-8396454,1-0,1.0,1463,1086,1430,2.9
3980,Base-2358a28,1/2-1/2,0.5,1463,1087,1430,2.9
3981,New-8396454,1/2-1/2,0.5,1463,1088,1430,2.9
3983,New-8396454,1-0,1.0,1464,1088,1430,3.0
3984,Base-2358a28,0-1,1.0,1465,1088,1430,3.1
3985,New-8396454,0-1,0.0,1465,1088,1431,3.0
3986,Base-2358a28,1-0,0.0,1465,1088,1432,2.9
3982,Base-2358a28,1/2-1/2,0.5,1465,1089,1432,2.9
3987,New-8396454,0-1,0.0,1465,1089,1433,2.8
3988,Base-2358a28,1/2-1/2,0.5,1465,1090,1433,2.8
3989,New-8396454,0-1,0.0,1465,1090,1434,2.7
3992,Base-2358a28,0-1,1.0,1466,1090,1434,2.8
3991,New-8396454,0-1,0.0,1466,1090,1435,2.7
3990,Base-2358a28,1-0,0.0,1466,1090,1436,2.6
3993,New-8396454,1/2-1/2,0.5,1466,1091,1436,2.6
3995,New-8396454,1-0,1.0,1467,1091,1436,2.7
3994,Base-2358a28,1-0,0.0,1467,1091,1437,2.6
3997,New-8396454,0-1,0.0,1467,1091,1438,2.5
3996,Base-2358a28,1-0,0.0,1467,1091,1439,2.4
3998,Base-2358a28,0-1,1.0,1468,1091,1439,2.5
3999,New-8396454,1-0,1.0,1469,1091,1439,2.6
4000,Base-2358a28,0-1,1.0,1470,1091,1439,2.7
4001,New-8396454,1-0,1.0,1471,1091,1439,2.8
4002,Base-2358a28,0-1,1.0,1472,1091,1439,2.9
4003,New-8396454,0-1,0.0,1472,1091,1440,2.8
4004,Base-2358a28,0-1,1.0,1473,1091,1440,2.9
4005,New-8396454,0-1,0.0,1473,1091,1441,2.8
4007,New-8396454,0-1,0.0,1473,1091,1442,2.7
4006,Base-2358a28,1/2-1/2,0.5,1473,1092,1442,2.7
4008,Base-2358a28,0-1,1.0,1474,1092,1442,2.8
4009,New-8396454,1-0,1.0,1475,1092,1442,2.9
4011,New-8396454,0-1,0.0,1475,1092,1443,2.8
4010,Base-2358a28,0-1,1.0,1476,1092,1443,2.9
4013,New-8396454,0-1,0.0,1476,1092,1444,2.8
4012,Base-2358a28,1/2-1/2,0.5,1476,1093,1444,2.8
4016,Base-2358a28,1-0,0.0,1476,1093,1445,2.7
4015,New-8396454,1-0,1.0,1477,1093,1445,2.8
4014,Base-2358a28,0-1,1.0,1478,1093,1445,2.9
4019,New-8396454,1-0,1.0,1479,1093,1445,2.9
4017,New-8396454,1-0,1.0,1480,1093,1445,3.0
4021,New-8396454,1/2-1/2,0.5,1480,1094,1445,3.0
4025,New-8396454,1/2-1/2,0.5,1480,1095,1445,3.0
4018,Base-2358a28,1/2-1/2,0.5,1480,1096,1445,3.0
4023,New-8396454,1/2-1/2,0.5,1480,1097,1445,3.0
4020,Base-2358a28,0-1,1.0,1481,1097,1445,3.1
4022,Base-2358a28,0-1,1.0,1482,1097,1445,3.2
4026,Base-2358a28,1-0,0.0,1482,1097,1446,3.1
4024,Base-2358a28,1-0,0.0,1482,1097,1447,3.0
4032,Base-2358a28,0-1,1.0,1483,1097,1447,3.1
4033,New-8396454,1-0,1.0,1484,1097,1447,3.2
4027,New-8396454,1/2-1/2,0.5,1484,1098,1447,3.2
4029,New-8396454,0-1,0.0,1484,1098,1448,3.1
4028,Base-2358a28,0-1,1.0,1485,1098,1448,3.2
4030,Base-2358a28,1-0,0.0,1485,1098,1449,3.1
4031,New-8396454,1/2-1/2,0.5,1485,1099,1449,3.1
4034,Base-2358a28,0-1,1.0,1486,1099,1449,3.2
4037,New-8396454,1-0,1.0,1487,1099,1449,3.3
4036,Base-2358a28,1/2-1/2,0.5,1487,1100,1449,3.3
4039,New-8396454,1/2-1/2,0.5,1487,1101,1449,3.3
4040,Base-2358a28,0-1,1.0,1488,1101,1449,3.4
4038,Base-2358a28,0-1,1.0,1489,1101,1449,3.4
4041,New-8396454,1-0,1.0,1490,1101,1449,3.5
4042,Base-2358a28,1-0,0.0,1490,1101,1450,3.4
4035,New-8396454,1/2-1/2,0.5,1490,1102,1450,3.4
4045,New-8396454,1/2-1/2,0.5,1490,1103,1450,3.4
4044,Base-2358a28,1-0,0.0,1490,1103,1451,3.4
4049,New-8396454,1/2-1/2,0.5,1490,1104,1451,3.3
4043,New-8396454,0-1,0.0,1490,1104,1452,3.3
4048,Base-2358a28,0-1,1.0,1491,1104,1452,3.3
4046,Base-2358a28,1-0,0.0,1491,1104,1453,3.3
4047,New-8396454,1-0,1.0,1492,1104,1453,3.3
4051,New-8396454,1/2-1/2,0.5,1492,1105,1453,3.3
4054,Base-2358a28,1/2-1/2,0.5,1492,1106,1453,3.3
4050,Base-2358a28,1-0,0.0,1492,1106,1454,3.3
4052,Base-2358a28,1-0,0.0,1492,1106,1455,3.2
4053,New-8396454,0-1,0.0,1492,1106,1456,3.1
4055,New-8396454,0-1,0.0,1492,1106,1457,3.0
4056,Base-2358a28,0-1,1.0,1493,1106,1457,3.1
4058,Base-2358a28,1/2-1/2,0.5,1493,1107,1457,3.1
4057,New-8396454,1-0,1.0,1494,1107,1457,3.2
4059,New-8396454,1-0,1.0,1495,1107,1457,3.3
4063,New-8396454,0-1,0.0,1495,1107,1458,3.2
4060,Base-2358a28,1-0,0.0,1495,1107,1459,3.1
4061,New-8396454,1/2-1/2,0.5,1495,1108,1459,3.1
4065,New-8396454,1/2-1/2,0.5,1495,1109,1459,3.1
4066,Base-2358a28,0-1,1.0,1496,1109,1459,3.2
4062,Base-2358a28,1/2-1/2,0.5,1496,1110,1459,3.2
4064,Base-2358a28,0-1,1.0,1497,1110,1459,3.2
4067,New-8396454,1/2-1/2,0.5,1497,1111,1459,3.2
4068,Base-2358a28,1-0,0.0,1497,1111,1460,3.2
4069,New-8396454,0-1,0.0,1497,1111,1461,3.1
4071,New-8396454,1/2-1/2,0.5,1497,1112,1461,3.1
4070,Base-2358a28,1/2-1/2,0.5,1497,1113,1461,3.1
4073,New-8396454,1/2-1/2,0.5,1497,1114,1461,3.1
4074,Base-2358a28,1/2-1/2,0.5,1497,1115,1461,3.1
4075,New-8396454,1/2-1/2,0.5,1497,1116,1461,3.1
4072,Base-2358a28,1/2-1/2,0.5,1497,1117,1461,3.1
4077,New-8396454,1-0,1.0,1498,1117,1461,3.2
4079,New-8396454,1/2-1/2,0.5,1498,1118,1461,3.2
4076,Base-2358a28,0-1,1.0,1499,1118,1461,3.2
4078,Base-2358a28,1-0,0.0,1499,1118,1462,3.2
4080,Base-2358a28,1/2-1/2,0.5,1499,1119,1462,3.2
4081,New-8396454,1-0,1.0,1500,1119,1462,3.2
4084,Base-2358a28,1-0,0.0,1500,1119,1463,3.1
4083,New-8396454,1-0,1.0,1501,1119,1463,3.2
4082,Base-2358a28,1-0,0.0,1501,1119,1464,3.1
4085,New-8396454,0-1,0.0,1501,1119,1465,3.1
4086,Base-2358a28,1-0,0.0,1501,1119,1466,3.0
4087,New-8396454,0-1,0.0,1501,1119,1467,2.9
4091,New-8396454,1/2-1/2,0.5,1501,1120,1467,2.9
4088,Base-2358a28,1-0,0.0,1501,1120,1468,2.8
4092,Base-2358a28,1-0,0.0,1501,1120,1469,2.7
4093,New-8396454,0-1,0.0,1501,1120,1470,2.6
4089,New-8396454,1/2-1/2,0.5,1501,1121,1470,2.6
4090,Base-2358a28,0-1,1.0,1502,1121,1470,2.7
4094,Base-2358a28,1-0,0.0,1502,1121,1471,2.6
4099,New-8396454,1-0,1.0,1503,1121,1471,2.7
4098,Base-2358a28,1/2-1/2,0.5,1503,1122,1471,2.7
4097,New-8396454,0-1,0.0,1503,1122,1472,2.6
4100,Base-2358a28,1-0,0.0,1503,1122,1473,2.5
4096,Base-2358a28,1/2-1/2,0.5,1503,1123,1473,2.5
4101,New-8396454,1-0,1.0,1504,1123,1473,2.6
4095,New-8396454,1/2-1/2,0.5,1504,1124,1473,2.6
4107,New-8396454,0-1,0.0,1504,1124,1474,2.5
4102,Base-2358a28,1-0,0.0,1504,1124,1475,2.5
4105,New-8396454,1-0,1.0,1505,1124,1475,2.5
4103,New-8396454,0-1,0.0,1505,1124,1476,2.5
4106,Base-2358a28,0-1,1.0,1506,1124,1476,2.5
4104,Base-2358a28,0-1,1.0,1507,1124,1476,2.6
4108,Base-2358a28,1/2-1/2,0.5,1507,1125,1476,2.6
4113,New-8396454,0-1,0.0,1507,1125,1477,2.5
4109,New-8396454,1-0,1.0,1508,1125,1477,2.6
4112,Base-2358a28,1-0,0.0,1508,1125,1478,2.5
4111,New-8396454,1-0,1.0,1509,1125,1478,2.6
4115,New-8396454,0-1,0.0,1509,1125,1479,2.5
4116,Base-2358a28,0-1,1.0,1510,1125,1479,2.6
4110,Base-2358a28,0-1,1.0,1511,1125,1479,2.7
4114,Base-2358a28,1/2-1/2,0.5,1511,1126,1479,2.7
4119,New-8396454,1/2-1/2,0.5,1511,1127,1479,2.7
4118,Base-2358a28,1/2-1/2,0.5,1511,1128,1479,2.7
4120,Base-2358a28,0-1,1.0,1512,1128,1479,2.8
4117,New-8396454,0-1,0.0,1512,1128,1480,2.7
4121,New-8396454,0-1,0.0,1512,1128,1481,2.6
4123,New-8396454,1-0,1.0,1513,1128,1481,2.7
4124,Base-2358a28,0-1,1.0,1514,1128,1481,2.8
4127,New-8396454,1-0,1.0,1515,1128,1481,2.9
4122,Base-2358a28,1-0,0.0,1515,1128,1482,2.8
4125,New-8396454,0-1,0.0,1515,1128,1483,2.7
4128,Base-2358a28,1/2-1/2,0.5,1515,1129,1483,2.7
4126,Base-2358a28,0-1,1.0,1516,1129,1483,2.8
4129,New-8396454,0-1,0.0,1516,1129,1484,2.7
4131,New-8396454,1-0,1.0,1517,1129,1484,2.8
4130,Base-2358a28,1/2-1/2,0.5,1517,1130,1484,2.8
4132,Base-2358a28,1-0,0.0,1517,1130,1485,2.7
4134,Base-2358a28,1-0,0.0,1517,1130,1486,2.6
4133,New-8396454,1-0,1.0,1518,1130,1486,2.7
4135,New-8396454,1-0,1.0,1519,1130,1486,2.8
4136,Base-2358a28,0-1,1.0,1520,1130,1486,2.9
4137,New-8396454,1/2-1/2,0.5,1520,1131,1486,2.9
4138,Base-2358a28,1-0,0.0,1520,1131,1487,2.8
4139,New-8396454,1-0,1.0,1521,1131,1487,2.9
4144,Base-2358a28,1-0,0.0,1521,1131,1488,2.8
4141,New-8396454,0-1,0.0,1521,1131,1489,2.7
4142,Base-2358a28,1-0,0.0,1521,1131,1490,2.6
4143,New-8396454,1-0,1.0,1522,1131,1490,2.7
4140,Base-2358a28,1/2-1/2,0.5,1522,1132,1490,2.7
4145,New-8396454,1-0,1.0,1523,1132,1490,2.8
4147,New-8396454,1/2-1/2,0.5,1523,1133,1490,2.8
4146,Base-2358a28,0-1,1.0,1524,1133,1490,2.8
4148,Base-2358a28,1-0,0.0,1524,1133,1491,2.8
4149,New-8396454,1-0,1.0,1525,1133,1491,2.8
4150,Base-2358a28,0-1,1.0,1526,1133,1491,2.9
4152,Base-2358a28,1-0,0.0,1526,1133,1492,2.8
4151,New-8396454,1/2-1/2,0.5,1526,1134,1492,2.8
4155,New-8396454,1-0,1.0,1527,1134,1492,2.9
4156,Base-2358a28,0-1,1.0,1528,1134,1492,3.0
4153,New-8396454,0-1,0.0,1528,1134,1493,2.9
4154,Base-2358a28,1-0,0.0,1528,1134,1494,2.8
4159,New-8396454,1-0,1.0,1529,1134,1494,2.9
4157,New-8396454,0-1,0.0,1529,1134,1495,2.8
4158,Base-2358a28,1-0,0.0,1529,1134,1496,2.8
4162,Base-2358a28,1/2-1/2,0.5,1529,1135,1496,2.8
4161,New-8396454,1/2-1/2,0.5,1529,1136,1496,2.8
4163,New-8396454,1-0,1.0,1530,1136,1496,2.8
4160,Base-2358a28,0-1,1.0,1531,1136,1496,2.9
4164,Base-2358a28,0-1,1.0,1532,1136,1496,3.0
4166,Base-2358a28,1-0,0.0,1532,1136,1497,2.9
4165,New-8396454,0-1,0.0,1532,1136,1498,2.8
4171,New-8396454,1-0,1.0,1533,1136,1498,2.9
4167,New-8396454,0-1,0.0,1533,1136,1499,2.8
4168,Base-2358a28,0-1,1.0,1534,1136,1499,2.9
4170,Base-2358a28,0-1,1.0,1535,1136,1499,3.0
4169,New-8396454,1/2-1/2,0.5,1535,1137,1499,3.0
4173,New-8396454,1/2-1/2,0.5,1535,1138,1499,3.0
4172,Base-2358a28,0-1,1.0,1536,1138,1499,3.1
4176,Base-2358a28,1-0,0.0,1536,1138,1500,3.0
4174,Base-2358a28,0-1,1.0,1537,1138,1500,3.1
4177,New-8396454,0-1,0.0,1537,1138,1501,3.0
4175,New-8396454,1/2-1/2,0.5,1537,1139,1501,3.0
4178,Base-2358a28,0-1,1.0,1538,1139,1501,3.1
4179,New-8396454,1-0,1.0,1539,1139,1501,3.2
4182,Base-2358a28,1-0,0.0,1539,1139,1502,3.1
4181,New-8396454,0-1,0.0,1539,1139,1503,3.0
4180,Base-2358a28,1-0,0.0,1539,1139,1504,2.9
4184,Base-2358a28,1-0,0.0,1539,1139,1505,2.8
4183,New-8396454,1-0,1.0,1540,1139,1505,2.9
4185,New-8396454,1-0,1.0,1541,1139,1505,3.0
4187,New-8396454,0-1,0.0,1541,1139,1506,2.9
4186,Base-2358a28,0-1,1.0,1542,1139,1506,3.0
4190,Base-2358a28,0-1,1.0,1543,1139,1506,3.1
4189,New-8396454,0-1,0.0,1543,1139,1507,3.0
4188,Base-2358a28,1/2-1/2,0.5,1543,1140,1507,3.0
4192,Base-2358a28,1/2-1/2,0.5,1543,1141,1507,3.0
4193,New-8396454,1/2-1/2,0.5,1543,1142,1507,3.0
4199,New-8396454,1/2-1/2,0.5,1543,1143,1507,3.0
4191,New-8396454,0-1,0.0,1543,1143,1508,2.9
4197,New-8396454,1/2-1/2,0.5,1543,1144,1508,2.9
4196,Base-2358a28,0-1,1.0,1544,1144,1508,3.0
4194,Base-2358a28,1/2-1/2,0.5,1544,1145,1508,3.0
4198,Base-2358a28,0-1,1.0,1545,1145,1508,3.1
4195,New-8396454,1/2-1/2,0.5,1545,1146,1508,3.1
4204,Base-2358a28,1-0,0.0,1545,1146,1509,3.0
4200,Base-2358a28,1-0,0.0,1545,1146,1510,2.9
4201,New-8396454,1/2-1/2,0.5,1545,1147,1510,2.9
4202,Base-2358a28,0-1,1.0,1546,1147,1510,3.0
4203,New-8396454,1-0,1.0,1547,1147,1510,3.1
4206,Base-2358a28,1-0,0.0,1547,1147,1511,3.0
4207,New-8396454,1-0,1.0,1548,1147,1511,3.1
4210,Base-2358a28,1/2-1/2,0.5,1548,1148,1511,3.1
4205,New-8396454,1/2-1/2,0.5,1548,1149,1511,3.1
4208,Base-2358a28,0-1,1.0,1549,1149,1511,3.1
4209,New-8396454,0-1,0.0,1549,1149,1512,3.1
4212,Base-2358a28,1-0,0.0,1549,1149,1513,3.0
4213,New-8396454,0-1,0.0,1549,1149,1514,2.9
4211,New-8396454,0-1,0.0,1549,1149,1515,2.8
4215,New-8396454,0-1,0.0,1549,1149,1516,2.7
4214,Base-2358a28,1/2-1/2,0.5,1549,1150,1516,2.7
4216,Base-2358a28,0-1,1.0,1550,1150,1516,2.8
4218,Base-2358a28,0-1,1.0,1551,1150,1516,2.9
4220,Base-2358a28,1/2-1/2,0.5,1551,1151,1516,2.9
4217,New-8396454,0-1,0.0,1551,1151,1517,2.8
4219,New-8396454,1/2-1/2,0.5,1551,1152,1517,2.8
4221,New-8396454,0-1,0.0,1551,1152,1518,2.7
4226,Base-2358a28,1-0,0.0,1551,1152,1519,2.6
4222,Base-2358a28,1-0,0.0,1551,1152,1520,2.6
4225,New-8396454,1-0,1.0,1552,1152,1520,2.6
4223,New-8396454,1-0,1.0,1553,1152,1520,2.7
4224,Base-2358a28,1/2-1/2,0.5,1553,1153,1520,2.7
4228,Base-2358a28,1-0,0.0,1553,1153,1521,2.6
4227,New-8396454,0-1,0.0,1553,1153,1522,2.5
4233,New-8396454,1/2-1/2,0.5,1553,1154,1522,2.5
4232,Base-2358a28,0-1,1.0,1554,1154,1522,2.6
4229,New-8396454,1-0,1.0,1555,1154,1522,2.7
4230,Base-2358a28,1-0,0.0,1555,1154,1523,2.6
4231,New-8396454,1/2-1/2,0.5,1555,1155,1523,2.6
4234,Base-2358a28,0-1,1.0,1556,1155,1523,2.7
4235,New-8396454,1-0,1.0,1557,1155,1523,2.8
4236,Base-2358a28,1-0,0.0,1557,1155,1524,2.7
4238,Base-2358a28,1/2-1/2,0.5,1557,1156,1524,2.7
4239,New-8396454,1/2-1/2,0.5,1557,1157,1524,2.7
4237,New-8396454,1-0,1.0,1558,1157,1524,2.8
4240,Base-2358a28,1-0,0.0,1558,1157,1525,2.7
4241,New-8396454,1-0,1.0,1559,1157,1525,2.8
4243,New-8396454,1-0,1.0,1560,1157,1525,2.9
4242,Base-2358a28,0-1,1.0,1561,1157,1525,2.9
4244,Base-2358a28,0-1,1.0,1562,1157,1525,3.0
4247,New-8396454,1/2-1/2,0.5,1562,1158,1525,3.0
4248,Base-2358a28,0-1,1.0,1563,1158,1525,3.1
4246,Base-2358a28,1-0,0.0,1563,1158,1526,3.0
4249,New-8396454,0-1,0.0,1563,1158,1527,2.9
4252,Base-2358a28,0-1,1.0,1564,1158,1527,3.0
4250,Base-2358a28,1/2-1/2,0.5,1564,1159,1527,3.0
4245,New-8396454,1/2-1/2,0.5,1564,1160,1527,3.0
4251,New-8396454,0-1,0.0,1564,1160,1528,2.9
4255,New-8396454,0-1,0.0,1564,1160,1529,2.9
4254,Base-2358a28,1/2-1/2,0.5,1564,1161,1529,2.9
4253,New-8396454,1-0,1.0,1565,1161,1529,2.9
4256,Base-2358a28,1-0,0.0,1565,1161,1530,2.9
4259,New-8396454,1/2-1/2,0.5,1565,1162,1530,2.9
4260,Base-2358a28,0-1,1.0,1566,1162,1530,2.9
4257,New-8396454,0-1,0.0,1566,1162,1531,2.9
4258,Base-2358a28,1-0,0.0,1566,1162,1532,2.8
4261,New-8396454,1-0,1.0,1567,1162,1532,2.9
4262,Base-2358a28,0-1,1.0,1568,1162,1532,2.9
4264,Base-2358a28,0-1,1.0,1569,1162,1532,3.0
4266,Base-2358a28,1-0,0.0,1569,1162,1533,2.9
4268,Base-2358a28,0-1,1.0,1570,1162,1533,3.0
4265,New-8396454,0-1,0.0,1570,1162,1534,2.9
4263,New-8396454,1/2-1/2,0.5,1570,1163,1534,2.9
4269,New-8396454,1-0,1.0,1571,1163,1534,3.0
4267,New-8396454,1/2-1/2,0.5,1571,1164,1534,3.0
4274,Base-2358a28,1-0,0.0,1571,1164,1535,2.9
4276,Base-2358a28,1/2-1/2,0.5,1571,1165,1535,2.9
4272,Base-2358a28,1-0,0.0,1571,1165,1536,2.8
4277,New-8396454,0-1,0.0,1571,1165,1537,2.8
4271,New-8396454,1/2-1/2,0.5,1571,1166,1537,2.8
4273,New-8396454,1/2-1/2,0.5,1571,1167,1537,2.8
4270,Base-2358a28,1/2-1/2,0.5,1571,1168,1537,2.8
4275,New-8396454,0-1,0.0,1571,1168,1538,2.7
4279,New-8396454,1-0,1.0,1572,1168,1538,2.8
4281,New-8396454,0-1,0.0,1572,1168,1539,2.7
4278,Base-2358a28,0-1,1.0,1573,1168,1539,2.8
4280,Base-2358a28,0-1,1.0,1574,1168,1539,2.8
4283,New-8396454,0-1,0.0,1574,1168,1540,2.8
4282,Base-2358a28,1/2-1/2,0.5,1574,1169,1540,2.8
4285,New-8396454,0-1,0.0,1574,1169,1541,2.7
4286,Base-2358a28,0-1,1.0,1575,1169,1541,2.8
4284,Base-2358a28,0-1,1.0,1576,1169,1541,2.8
4287,New-8396454,0-1,0.0,1576,1169,1542,2.8
4289,New-8396454,1-0,1.0,1577,1169,1542,2.8
4288,Base-2358a28,1-0,0.0,1577,1169,1543,2.8
4290,Base-2358a28,1/2-1/2,0.5,1577,1170,1543,2.8
4293,New-8396454,0-1,0.0,1577,1170,1544,2.7
4291,New-8396454,1/2-1/2,0.5,1577,1171,1544,2.7
4294,Base-2358a28,1-0,0.0,1577,1171,1545,2.6
4295,New-8396454,1/2-1/2,0.5,1577,1172,1545,2.6
4296,Base-2358a28,1-0,0.0,1577,1172,1546,2.5
4298,Base-2358a28,1-0,0.0,1577,1172,1547,2.4
4292,Base-2358a28,1/2-1/2,0.5,1577,1173,1547,2.4
4302,Base-2358a28,1-0,0.0,1577,1173,1548,2.3
4300,Base-2358a28,1-0,0.0,1577,1173,1549,2.3
4301,New-8396454,0-1,0.0,1577,1173,1550,2.2
4297,New-8396454,1/2-1/2,0.5,1577,1174,1550,2.2
4299,New-8396454,0-1,0.0,1577,1174,1551,2.1
4306,Base-2358a28,1/2-1/2,0.5,1577,1175,1551,2.1
4303,New-8396454,0-1,0.0,1577,1175,1552,2.0
4305,New-8396454,1/2-1/2,0.5,1577,1176,1552,2.0
4308,Base-2358a28,0-1,1.0,1578,1176,1552,2.1
4307,New-8396454,0-1,0.0,1578,1176,1553,2.0
4304,Base-2358a28,1-0,0.0,1578,1176,1554,1.9
4309,New-8396454,1-0,1.0,1579,1176,1554,2.0
4311,New-8396454,1/2-1/2,0.5,1579,1177,1554,2.0
4310,Base-2358a28,0-1,1.0,1580,1177,1554,2.1
4315,New-8396454,0-1,0.0,1580,1177,1555,2.0
4314,Base-2358a28,1/2-1/2,0.5,1580,1178,1555,2.0
4313,New-8396454,1/2-1/2,0.5,1580,1179,1555,2.0
4317,New-8396454,0-1,0.0,1580,1179,1556,1.9
4312,Base-2358a28,1-0,0.0,1580,1179,1557,1.9
4316,Base-2358a28,1-0,0.0,1580,1179,1558,1.8
4319,New-8396454,0-1,0.0,1580,1179,1559,1.7
4318,Base-2358a28,1-0,0.0,1580,1179,1560,1.6
4320,Base-2358a28,1-0,0.0,1580,1179,1561,1.5
4321,New-8396454,1-0,1.0,1581,1179,1561,1.6
4327,New-8396454,1/2-1/2,0.5,1581,1180,1561,1.6
4323,New-8396454,1-0,1.0,1582,1180,1561,1.7
4322,Base-2358a28,0-1,1.0,1583,1180,1561,1.8
4326,Base-2358a28,0-1,1.0,1584,1180,1561,1.8
4324,Base-2358a28,1-0,0.0,1584,1180,1562,1.8
4325,New-8396454,1/2-1/2,0.5,1584,1181,1562,1.8
4328,Base-2358a28,1/2-1/2,0.5,1584,1182,1562,1.8
4332,Base-2358a28,1-0,0.0,1584,1182,1563,1.7
4329,New-8396454,1-0,1.0,1585,1182,1563,1.8
4334,Base-2358a28,1-0,0.0,1585,1182,1564,1.7
4330,Base-2358a28,1-0,0.0,1585,1182,1565,1.6
4331,New-8396454,0-1,0.0,1585,1182,1566,1.5
4333,New-8396454,0-1,0.0,1585,1182,1567,1.4
4335,New-8396454,0-1,0.0,1585,1182,1568,1.4
4336,Base-2358a28,0-1,1.0,1586,1182,1568,1.4
4338,Base-2358a28,0-1,1.0,1587,1182,1568,1.5
4337,New-8396454,1-0,1.0,1588,1182,1568,1.6
4339,New-8396454,1-0,1.0,1589,1182,1568,1.7
4340,Base-2358a28,1-0,0.0,1589,1182,1569,1.6
4341,New-8396454,1/2-1/2,0.5,1589,1183,1569,1.6
4343,New-8396454,1-0,1.0,1590,1183,1569,1.7
4342,Base-2358a28,0-1,1.0,1591,1183,1569,1.8
4344,Base-2358a28,0-1,1.0,1592,1183,1569,1.8
4346,Base-2358a28,1-0,0.0,1592,1183,1570,1.8
4345,New-8396454,1-0,1.0,1593,1183,1570,1.8
4350,Base-2358a28,1-0,0.0,1593,1183,1571,1.8
4351,New-8396454,1-0,1.0,1594,1183,1571,1.8
4348,Base-2358a28,1-0,0.0,1594,1183,1572,1.8
4347,New-8396454,0-1,0.0,1594,1183,1573,1.7
4349,New-8396454,1-0,1.0,1595,1183,1573,1.8
4357,New-8396454,1-0,1.0,1596,1183,1573,1.8
4352,Base-2358a28,0-1,1.0,1597,1183,1573,1.9
4355,New-8396454,1-0,1.0,1598,1183,1573,2.0
4358,Base-2358a28,0-1,1.0,1599,1183,1573,2.1
4356,Base-2358a28,1/2-1/2,0.5,1599,1184,1573,2.1
4353,New-8396454,1-0,1.0,1600,1184,1573,2.2
4354,Base-2358a28,0-1,1.0,1601,1184,1573,2.2
4360,Base-2358a28,0-1,1.0,1602,1184,1573,2.3
4359,New-8396454,1/2-1/2,0.5,1602,1185,1573,2.3
4362,Base-2358a28,1-0,0.0,1602,1185,1574,2.2
4364,Base-2358a28,0-1,1.0,1603,1185,1574,2.3
4363,New-8396454,1-0,1.0,1604,1185,1574,2.4
4361,New-8396454,1-0,1.0,1605,1185,1574,2.5
4366,Base-2358a28,0-1,1.0,1606,1185,1574,2.5
4365,New-8396454,1/2-1/2,0.5,1606,1186,1574,2.5
4367,New-8396454,1/2-1/2,0.5,1606,1187,1574,2.5
4370,Base-2358a28,1/2-1/2,0.5,1606,1188,1574,2.5
4369,New-8396454,0-1,0.0,1606,1188,1575,2.5
4375,New-8396454,0-1,0.0,1606,1188,1576,2.4
4368,Base-2358a28,0-1,1.0,1607,1188,1576,2.5
4371,New-8396454,0-1,0.0,1607,1188,1577,2.4
4372,Base-2358a28,1-0,0.0,1607,1188,1578,2.3
4373,New-8396454,1-0,1.0,1608,1188,1578,2.4
4376,Base-2358a28,1-0,0.0,1608,1188,1579,2.3
4374,Base-2358a28,1-0,0.0,1608,1188,1580,2.2
4377,New-8396454,1/2-1/2,0.5,1608,1189,1580,2.2
4380,Base-2358a28,0-1,1.0,1609,1189,1580,2.3
4379,New-8396454,1-0,1.0,1610,1189,1580,2.4
4378,Base-2358a28,1-0,0.0,1610,1189,1581,2.3
4381,New-8396454,0-1,0.0,1610,1189,1582,2.2
4382,Base-2358a28,1-0,0.0,1610,1189,1583,2.1
4384,Base-2358a28,1-0,0.0,1610,1189,1584,2.1
4383,New-8396454,1/2-1/2,0.5,1610,1190,1584,2.1
4385,New-8396454,0-1,0.0,1610,1190,1585,2.0
4387,New-8396454,1/2-1/2,0.5,1610,1191,1585,2.0
4388,Base-2358a28,1-0,0.0,1610,1191,1586,1.9
4386,Base-2358a28,1/2-1/2,0.5,1610,1192,1586,1.9
4389,New-8396454,1-0,1.0,1611,1192,1586,2.0
4390,Base-2358a28,0-1,1.0,1612,1192,1586,2.1
4391,New-8396454,1-0,1.0,1613,1192,1586,2.1
4392,Base-2358a28,0-1,1.0,1614,1192,1586,2.2
4393,New-8396454,1/2-1/2,0.5,1614,1193,1586,2.2
4394,Base-2358a28,0-1,1.0,1615,1193,1586,2.3
4395,New-8396454,1-0,1.0,1616,1193,1586,2.4
4399,New-8396454,1/2-1/2,0.5,1616,1194,1586,2.4
4398,Base-2358a28,1-0,0.0,1616,1194,1587,2.3
4396,Base-2358a28,0-1,1.0,1617,1194,1587,2.4
4397,New-8396454,1/2-1/2,0.5,1617,1195,1587,2.4
4400,Base-2358a28,1-0,0.0,1617,1195,1588,2.3
4401,New-8396454,0-1,0.0,1617,1195,1589,2.2
4405,New-8396454,1/2-1/2,0.5,1617,1196,1589,2.2
4402,Base-2358a28,1-0,0.0,1617,1196,1590,2.1
4403,New-8396454,1/2-1/2,0.5,1617,1197,1590,2.1
4404,Base-2358a28,1-0,0.0,1617,1197,1591,2.1
4406,Base-2358a28,0-1,1.0,1618,1197,1591,2.1
4409,New-8396454,1-0,1.0,1619,1197,1591,2.2
4407,New-8396454,0-1,0.0,1619,1197,1592,2.1
4408,Base-2358a28,1-0,0.0,1619,1197,1593,2.0
4411,New-8396454,0-1,0.0,1619,1197,1594,2.0
4410,Base-2358a28,1-0,0.0,1619,1197,1595,1.9
4413,New-8396454,1-0,1.0,1620,1197,1595,2.0
4416,Base-2358a28,1-0,0.0,1620,1197,1596,1.9
4414,Base-2358a28,1/2-1/2,0.5,1620,1198,1596,1.9
4412,Base-2358a28,1/2-1/2,0.5,1620,1199,1596,1.9
4415,New-8396454,1/2-1/2,0.5,1620,1200,1596,1.9
4417,New-8396454,1-0,1.0,1621,1200,1596,2.0
4418,Base-2358a28,1/2-1/2,0.5,1621,1201,1596,2.0
4419,New-8396454,0-1,0.0,1621,1201,1597,1.9
4424,Base-2358a28,0-1,1.0,1622,1201,1597,2.0
4422,Base-2358a28,0-1,1.0,1623,1201,1597,2.0
4420,Base-2358a28,1-0,0.0,1623,1201,1598,2.0
4421,New-8396454,0-1,0.0,1623,1201,1599,1.9
4423,New-8396454,0-1,0.0,1623,1201,1600,1.8
4425,New-8396454,1-0,1.0,1624,1201,1600,1.9
4427,New-8396454,1-0,1.0,1625,1201,1600,2.0
4426,Base-2358a28,1/2-1/2,0.5,1625,1202,1600,2.0
4431,New-8396454,1-0,1.0,1626,1202,1600,2.0
4430,Base-2358a28,1/2-1/2,0.5,1626,1203,1600,2.0
4432,Base-2358a28,1-0,0.0,1626,1203,1601,2.0
4428,Base-2358a28,1-0,0.0,1626,1203,1602,1.9
4429,New-8396454,1/2-1/2,0.5,1626,1204,1602,1.9
4433,New-8396454,1-0,1.0,1627,1204,1602,2.0
4434,Base-2358a28,1/2-1/2,0.5,1627,1205,1602,2.0
4436,Base-2358a28,0-1,1.0,1628,1205,1602,2.0
4437,New-8396454,0-1,0.0,1628,1205,1603,2.0
4439,New-8396454,1-0,1.0,1629,1205,1603,2.0
4435,New-8396454,0-1,0.0,1629,1205,1604,2.0
4438,Base-2358a28,0-1,1.0,1630,1205,1604,2.0
4440,Base-2358a28,1/2-1/2,0.5,1630,1206,1604,2.0
4442,Base-2358a28,1-0,0.0,1630,1206,1605,2.0
4441,New-8396454,1-0,1.0,1631,1206,1605,2.0
4444,Base-2358a28,1-0,0.0,1631,1206,1606,2.0
4445,New-8396454,1-0,1.0,1632,1206,1606,2.0
4447,New-8396454,1/2-1/2,0.5,1632,1207,1606,2.0
4443,New-8396454,0-1,0.0,1632,1207,1607,2.0
4446,Base-2358a28,1-0,0.0,1632,1207,1608,1.9
4448,Base-2358a28,1-0,0.0,1632,1207,1609,1.8
4450,Base-2358a28,0-1,1.0,1633,1207,1609,1.9
4451,New-8396454,1-0,1.0,1634,1207,1609,2.0
4449,New-8396454,1/2-1/2,0.5,1634,1208,1609,2.0
4455,New-8396454,1-0,1.0,1635,1208,1609,2.0
4452,Base-2358a28,1-0,0.0,1635,1208,1610,2.0
4453,New-8396454,0-1,0.0,1635,1208,1611,1.9
4454,Base-2358a28,0-1,1.0,1636,1208,1611,1.9
4456,Base-2358a28,1-0,0.0,1636,1208,1612,1.9
4458,Base-2358a28,0-1,1.0,1637,1208,1612,1.9
4461,New-8396454,1/2-1/2,0.5,1637,1209,1612,1.9
4457,New-8396454,1-0,1.0,1638,1209,1612,2.0
4459,New-8396454,1-0,1.0,1639,1209,1612,2.1
4460,Base-2358a28,1/2-1/2,0.5,1639,1210,1612,2.1
4462,Base-2358a28,0-1,1.0,1640,1210,1612,2.2
4463,New-8396454,1-0,1.0,1641,1210,1612,2.3
4465,New-8396454,1/2-1/2,0.5,1641,1211,1612,2.3
4468,Base-2358a28,1-0,0.0,1641,1211,1613,2.2
4467,New-8396454,1-0,1.0,1642,1211,1613,2.3
4471,New-8396454,1-0,1.0,1643,1211,1613,2.3
4464,Base-2358a28,1/2-1/2,0.5,1643,1212,1613,2.3
4473,New-8396454,1/2-1/2,0.5,1643,1213,1613,2.3
4470,Base-2358a28,0-1,1.0,1644,1213,1613,2.4
4469,New-8396454,0-1,0.0,1644,1213,1614,2.3
4466,Base-2358a28,1/2-1/2,0.5,1644,1214,1614,2.3
4472,Base-2358a28,0-1,1.0,1645,1214,1614,2.4
4474,Base-2358a28,0-1,1.0,1646,1214,1614,2.5
4475,New-8396454,0-1,0.0,1646,1214,1615,2.4
4476,Base-2358a28,0-1,1.0,1647,1214,1615,2.5
4478,Base-2358a28,0-1,1.0,1648,1214,1615,2.6
4481,New-8396454,1-0,1.0,1649,1214,1615,2.6
4480,Base-2358a28,0-1,1.0,1650,1214,1615,2.7
4477,New-8396454,1/2-1/2,0.5,1650,1215,1615,2.7
4479,New-8396454,1-0,1.0,1651,1215,1615,2.8
4485,New-8396454,1/2-1/2,0.5,1651,1216,1615,2.8
4486,Base-2358a28,0-1,1.0,1652,1216,1615,2.9
4482,Base-2358a28,1-0,0.0,1652,1216,1616,2.8
4484,Base-2358a28,1/2-1/2,0.5,1652,1217,1616,2.8
4488,Base-2358a28,1-0,0.0,1652,1217,1617,2.7
4483,New-8396454,1/2-1/2,0.5,1652,1218,1617,2.7
4487,New-8396454,1/2-1/2,0.5,1652,1219,1617,2.7
4489,New-8396454,1/2-1/2,0.5,1652,1220,1617,2.7
4490,Base-2358a28,1-0,0.0,1652,1220,1618,2.6
4491,New-8396454,1/2-1/2,0.5,1652,1221,1618,2.6
4493,New-8396454,0-1,0.0,1652,1221,1619,2.6
4494,Base-2358a28,0-1,1.0,1653,1221,1619,2.6
4492,Base-2358a28,0-1,1.0,1654,1221,1619,2.7
4495,New-8396454,0-1,0.0,1654,1221,1620,2.6
4496,Base-2358a28,0-1,1.0,1655,1221,1620,2.7
4497,New-8396454,1-0,1.0,1656,1221,1620,2.8
4498,Base-2358a28,1/2-1/2,0.5,1656,1222,1620,2.8
4501,New-8396454,0-1,0.0,1656,1222,1621,2.7
4500,Base-2358a28,1-0,0.0,1656,1222,1622,2.6
4503,New-8396454,1/2-1/2,0.5,1656,1223,1622,2.6
4499,New-8396454,0-1,0.0,1656,1223,1623,2.5
4502,Base-2358a28,0-1,1.0,1657,1223,1623,2.6
4505,New-8396454,0-1,0.0,1657,1223,1624,2.5
4504,Base-2358a28,1/2-1/2,0.5,1657,1224,1624,2.5
4506,Base-2358a28,1-0,0.0,1657,1224,1625,2.5
4513,New-8396454,1/2-1/2,0.5,1657,1225,1625,2.5
4508,Base-2358a28,1-0,0.0,1657,1225,1626,2.4
4507,New-8396454,1/2-1/2,0.5,1657,1226,1626,2.4
4509,New-8396454,1-0,1.0,1658,1226,1626,2.5
4510,Base-2358a28,1-0,0.0,1658,1226,1627,2.4
4511,New-8396454,0-1,0.0,1658,1226,1628,2.3
4512,Base-2358a28,0-1,1.0,1659,1226,1628,2.4
4514,Base-2358a28,0-1,1.0,1660,1226,1628,2.5
4515,New-8396454,1-0,1.0,1661,1226,1628,2.5
4521,New-8396454,1-0,1.0,1662,1226,1628,2.6
4517,New-8396454,0-1,0.0,1662,1226,1629,2.5
4518,Base-2358a28,1-0,0.0,1662,1226,1630,2.5
4519,New-8396454,1-0,1.0,1663,1226,1630,2.5
4516,Base-2358a28,1-0,0.0,1663,1226,1631,2.5
4520,Base-2358a28,1/2-1/2,0.5,1663,1227,1631,2.5
4529,New-8396454,1-0,1.0,1664,1227,1631,2.5
4526,Base-2358a28,1-0,0.0,1664,1227,1632,2.5
4523,New-8396454,0-1,0.0,1664,1227,1633,2.4
4528,Base-2358a28,1-0,0.0,1664,1227,1634,2.3
4524,Base-2358a28,0-1,1.0,1665,1227,1634,2.4
4525,New-8396454,1-0,1.0,1666,1227,1634,2.5
4527,New-8396454,1-0,1.0,1667,1227,1634,2.5
4522,Base-2358a28,1/2-1/2,0.5,1667,1228,1634,2.5
4533,New-8396454,1-0,1.0,1668,1228,1634,2.6
4535,New-8396454,0-1,0.0,1668,1228,1635,2.5
4530,Base-2358a28,1/2-1/2,0.5,1668,1229,1635,2.5
4534,Base-2358a28,1-0,0.0,1668,1229,1636,2.5
4536,Base-2358a28,1-0,0.0,1668,1229,1637,2.4
4537,New-8396454,0-1,0.0,1668,1229,1638,2.3
4531,New-8396454,1/2-1/2,0.5,1668,1230,1638,2.3
4532,Base-2358a28,1/2-1/2,0.5,1668,1231,1638,2.3
4539,New-8396454,1/2-1/2,0.5,1668,1232,1638,2.3
4538,Base-2358a28,0-1,1.0,1669,1232,1638,2.4
4541,New-8396454,0-1,0.0,1669,1232,1639,2.3
4543,New-8396454,1-0,1.0,1670,1232,1639,2.4
4544,Base-2358a28,1-0,0.0,1670,1232,1640,2.3
4540,Base-2358a28,0-1,1.0,1671,1232,1640,2.4
4542,Base-2358a28,0-1,1.0,1672,1232,1640,2.4
4545,New-8396454,1-0,1.0,1673,1232,1640,2.5
4546,Base-2358a28,1-0,0.0,1673,1232,1641,2.4
4550,Base-2358a28,0-1,1.0,1674,1232,1641,2.5
4551,New-8396454,1-0,1.0,1675,1232,1641,2.6
4549,New-8396454,1/2-1/2,0.5,1675,1233,1641,2.6
4547,New-8396454,1/2-1/2,0.5,1675,1234,1641,2.6
4552,Base-2358a28,1-0,0.0,1675,1234,1642,2.5
4553,New-8396454,1-0,1.0,1676,1234,1642,2.6
4548,Base-2358a28,1-0,0.0,1676,1234,1643,2.5
4554,Base-2358a28,1-0,0.0,1676,1234,1644,2.4
4555,New-8396454,0-1,0.0,1676,1234,1645,2.4
4556,Base-2358a28,0-1,1.0,1677,1234,1645,2.4
4560,Base-2358a28,0-1,1.0,1678,1234,1645,2.5
4562,Base-2358a28,0-1,1.0,1679,1234,1645,2.6
4558,Base-2358a28,1-0,0.0,1679,1234,1646,2.5
4557,New-8396454,1/2-1/2,0.5,1679,1235,1646,2.5
4559,New-8396454,1/2-1/2,0.5,1679,1236,1646,2.5
4564,Base-2358a28,0-1,1.0,1680,1236,1646,2.6
4563,New-8396454,1-0,1.0,1681,1236,1646,2.7
4566,Base-2358a28,0-1,1.0,1682,1236,1646,2.7
4565,New-8396454,0-1,0.0,1682,1236,1647,2.7
4568,Base-2358a28,0-1,1.0,1683,1236,1647,2.7
4567,New-8396454,1/2-1/2,0.5,1683,1237,1647,2.7
4561,New-8396454,1/2-1/2,0.5,1683,1238,1647,2.7
4569,New-8396454,1/2-1/2,0.5,1683,1239,1647,2.7
4571,New-8396454,0-1,0.0,1683,1239,1648,2.7
4570,Base-2358a28,1-0,0.0,1683,1239,1649,2.6
4573,New-8396454,1-0,1.0,1684,1239,1649,2.7
4574,Base-2358a28,1/2-1/2,0.5,1684,1240,1649,2.7
4572,Base-2358a28,1-0,0.0,1684,1240,1650,2.6
4577,New-8396454,1-0,1.0,1685,1240,1650,2.7
4575,New-8396454,1-0,1.0,1686,1240,1650,2.7
4576,Base-2358a28,1/2-1/2,0.5,1686,1241,1650,2.7
4580,Base-2358a28,1/2-1/2,0.5,1686,1242,1650,2.7
4579,New-8396454,1/2-1/2,0.5,1686,1243,1650,2.7
4578,Base-2358a28,0-1,1.0,1687,1243,1650,2.8
4582,Base-2358a28,1-0,0.0,1687,1243,1651,2.7
4581,New-8396454,1/2-1/2,0.5,1687,1244,1651,2.7
4583,New-8396454,1/2-1/2,0.5,1687,1245,1651,2.7
4585,New-8396454,1-0,1.0,1688,1245,1651,2.8
4586,Base-2358a28,0-1,1.0,1689,1245,1651,2.9
4584,Base-2358a28,1-0,0.0,1689,1245,1652,2.8
4591,New-8396454,1-0,1.0,1690,1245,1652,2.9
4587,New-8396454,0-1,0.0,1690,1245,1653,2.8
4588,Base-2358a28,1-0,0.0,1690,1245,1654,2.7
4589,New-8396454,1-0,1.0,1691,1245,1654,2.8
4592,Base-2358a28,1-0,0.0,1691,1245,1655,2.7
4590,Base-2358a28,1-0,0.0,1691,1245,1656,2.6
4597,New-8396454,1-0,1.0,1692,1245,1656,2.7
4593,New-8396454,1-0,1.0,1693,1245,1656,2.8
4594,Base-2358a28,1/2-1/2,0.5,1693,1246,1656,2.8
4598,Base-2358a28,1-0,0.0,1693,1246,1657,2.7
4595,New-8396454,0-1,0.0,1693,1246,1658,2.6
4596,Base-2358a28,1/2-1/2,0.5,1693,1247,1658,2.6
4599,New-8396454,0-1,0.0,1693,1247,1659,2.6
4600,Base-2358a28,0-1,1.0,1694,1247,1659,2.6
4601,New-8396454,1-0,1.0,1695,1247,1659,2.7
4602,Base-2358a28,0-1,1.0,1696,1247,1659,2.8
4605,New-8396454,1/2-1/2,0.5,1696,1248,1659,2.8
4607,New-8396454,0-1,0.0,1696,1248,1660,2.7
4606,Base-2358a28,1-0,0.0,1696,1248,1661,2.6
4603,New-8396454,1-0,1.0,1697,1248,1661,2.7
4604,Base-2358a28,1-0,0.0,1697,1248,1662,2.6
4608,Base-2358a28,1/2-1/2,0.5,1697,1249,1662,2.6
4611,New-8396454,1/2-1/2,0.5,1697,1250,1662,2.6
4609,New-8396454,1/2-1/2,0.5,1697,1251,1662,2.6
4612,Base-2358a28,1/2-1/2,0.5,1697,1252,1662,2.6
4610,Base-2358a28,1/2-1/2,0.5,1697,1253,1662,2.6
4614,Base-2358a28,1-0,0.0,1697,1253,1663,2.6
4613,New-8396454,0-1,0.0,1697,1253,1664,2.5
4615,New-8396454,0-1,0.0,1697,1253,1665,2.4
4616,Base-2358a28,0-1,1.0,1698,1253,1665,2.5
4617,New-8396454,0-1,0.0,1698,1253,1666,2.4
4618,Base-2358a28,0-1,1.0,1699,1253,1666,2.5
4620,Base-2358a28,1/2-1/2,0.5,1699,1254,1666,2.5
4619,New-8396454,1-0,1.0,1700,1254,1666,2.6
4622,Base-2358a28,1-0,0.0,1700,1254,1667,2.5
4621,New-8396454,0-1,0.0,1700,1254,1668,2.4
4623,New-8396454,1-0,1.0,1701,1254,1668,2.5
4625,New-8396454,1/2-1/2,0.5,1701,1255,1668,2.5
4624,Base-2358a28,1-0,0.0,1701,1255,1669,2.4
4626,Base-2358a28,1-0,0.0,1701,1255,1670,2.3
4629,New-8396454,1-0,1.0,1702,1255,1670,2.4
4627,New-8396454,1/2-1/2,0.5,1702,1256,1670,2.4
4628,Base-2358a28,0-1,1.0,1703,1256,1670,2.5
4630,Base-2358a28,1/2-1/2,0.5,1703,1257,1670,2.5
4631,New-8396454,1-0,1.0,1704,1257,1670,2.6
4632,Base-2358a28,1-0,0.0,1704,1257,1671,2.5
4633,New-8396454,0-1,0.0,1704,1257,1672,2.4
4634,Base-2358a28,1-0,0.0,1704,1257,1673,2.3
4636,Base-2358a28,1-0,0.0,1704,1257,1674,2.2
4637,New-8396454,1-0,1.0,1705,1257,1674,2.3
4638,Base-2358a28,0-1,1.0,1706,1257,1674,2.4
4640,Base-2358a28,1-0,0.0,1706,1257,1675,2.3
4635,New-8396454,1/2-1/2,0.5,1706,1258,1675,2.3
4639,New-8396454,0-1,0.0,1706,1258,1676,2.2
4643,New-8396454,1/2-1/2,0.5,1706,1259,1676,2.2
4642,Base-2358a28,1/2-1/2,0.5,1706,1260,1676,2.2
4641,New-8396454,1/2-1/2,0.5,1706,1261,1676,2.2
4647,New-8396454,1/2-1/2,0.5,1706,1262,1676,2.2
4645,New-8396454,1-0,1.0,1707,1262,1676,2.3
4648,Base-2358a28,1-0,0.0,1707,1262,1677,2.2
4646,Base-2358a28,0-1,1.0,1708,1262,1677,2.3
4649,New-8396454,0-1,0.0,1708,1262,1678,2.2
4650,Base-2358a28,1-0,0.0,1708,1262,1679,2.2
4644,Base-2358a28,0-1,1.0,1709,1262,1679,2.2
4653,New-8396454,1/2-1/2,0.5,1709,1263,1679,2.2
4651,New-8396454,0-1,0.0,1709,1263,1680,2.2
4652,Base-2358a28,1-0,0.0,1709,1263,1681,2.1
4656,Base-2358a28,1/2-1/2,0.5,1709,1264,1681,2.1
4654,Base-2358a28,1-0,0.0,1709,1264,1682,2.0
4657,New-8396454,1-0,1.0,1710,1264,1682,2.1
4659,New-8396454,0-1,0.0,1710,1264,1683,2.0
4658,Base-2358a28,1-0,0.0,1710,1264,1684,1.9
4655,New-8396454,1/2-1/2,0.5,1710,1265,1684,1.9
4661,New-8396454,0-1,0.0,1710,1265,1685,1.9
4660,Base-2358a28,0-1,1.0,1711,1265,1685,1.9
4662,Base-2358a28,1-0,0.0,1711,1265,1686,1.9
4663,New-8396454,0-1,0.0,1711,1265,1687,1.8
4665,New-8396454,1-0,1.0,1712,1265,1687,1.9
4664,Base-2358a28,0-1,1.0,1713,1265,1687,1.9
4666,Base-2358a28,1-0,0.0,1713,1265,1688,1.9
4667,New-8396454,1-0,1.0,1714,1265,1688,1.9
4668,Base-2358a28,1-0,0.0,1714,1265,1689,1.9
4669,New-8396454,1/2-1/2,0.5,1714,1266,1689,1.9
4671,New-8396454,1/2-1/2,0.5,1714,1267,1689,1.9
4670,Base-2358a28,1/2-1/2,0.5,1714,1268,1689,1.9
4673,New-8396454,1-0,1.0,1715,1268,1689,1.9
4672,Base-2358a28,0-1,1.0,1716,1268,1689,2.0
4674,Base-2358a28,0-1,1.0,1717,1268,1689,2.1
4675,New-8396454,1/2-1/2,0.5,1717,1269,1689,2.1
4676,Base-2358a28,0-1,1.0,1718,1269,1689,2.2
4678,Base-2358a28,0-1,1.0,1719,1269,1689,2.2
4677,New-8396454,1/2-1/2,0.5,1719,1270,1689,2.2
4679,New-8396454,0-1,0.0,1719,1270,1690,2.2
4684,Base-2358a28,1-0,0.0,1719,1270,1691,2.1
4681,New-8396454,1-0,1.0,1720,1270,1691,2.2
4680,Base-2358a28,1-0,0.0,1720,1270,1692,2.1
4682,Base-2358a28,0-1,1.0,1721,1270,1692,2.2
4683,New-8396454,1-0,1.0,1722,1270,1692,2.2
4685,New-8396454,0-1,0.0,1722,1270,1693,2.2
4686,Base-2358a28,1/2-1/2,0.5,1722,1271,1693,2.2
4689,New-8396454,0-1,0.0,1722,1271,1694,2.1
4688,Base-2358a28,1-0,0.0,1722,1271,1695,2.0
4687,New-8396454,1-0,1.0,1723,1271,1695,2.1
4690,Base-2358a28,1/2-1/2,0.5,1723,1272,1695,2.1
4693,New-8396454,1/2-1/2,0.5,1723,1273,1695,2.1
4692,Base-2358a28,1-0,0.0,1723,1273,1696,2.0
4691,New-8396454,0-1,0.0,1723,1273,1697,1.9
4694,Base-2358a28,1-0,0.0,1723,1273,1698,1.9
4701,New-8396454,1/2-1/2,0.5,1723,1274,1698,1.9
4695,New-8396454,1-0,1.0,1724,1274,1698,1.9
4696,Base-2358a28,1-0,0.0,1724,1274,1699,1.8
4699,New-8396454,0-1,0.0,1724,1274,1700,1.8
4697,New-8396454,0-1,0.0,1724,1274,1701,1.7
4700,Base-2358a28,0-1,1.0,1725,1274,1701,1.8
4698,Base-2358a28,1-0,0.0,1725,1274,1702,1.7
4702,Base-2358a28,1-0,0.0,1725,1274,1703,1.6
4706,Base-2358a28,1-0,0.0,1725,1274,1704,1.6
4705,New-8396454,1-0,1.0,1726,1274,1704,1.6
4703,New-8396454,1/2-1/2,0.5,1726,1275,1704,1.6
4709,New-8396454,1/2-1/2,0.5,1726,1276,1704,1.6
4707,New-8396454,1/2-1/2,0.5,1726,1277,1704,1.6
4704,Base-2358a28,0-1,1.0,1727,1277,1704,1.7
4710,Base-2358a28,0-1,1.0,1728,1277,1704,1.8
4711,New-8396454,1-0,1.0,1729,1277,1704,1.8
4708,Base-2358a28,1/2-1/2,0.5,1729,1278,1704,1.8
4712,Base-2358a28,0-1,1.0,1730,1278,1704,1.9
4715,New-8396454,0-1,0.0,1730,1278,1705,1.8
4714,Base-2358a28,1-0,0.0,1730,1278,1706,1.8
4716,Base-2358a28,1-0,0.0,1730,1278,1707,1.7
4713,New-8396454,1/2-1/2,0.5,1730,1279,1707,1.7
4718,Base-2358a28,1/2-1/2,0.5,1730,1280,1707,1.7
4717,New-8396454,0-1,0.0,1730,1280,1708,1.6
4719,New-8396454,0-1,0.0,1730,1280,1709,1.5
4720,Base-2358a28,0-1,1.0,1731,1280,1709,1.6
4724,Base-2358a28,1/2-1/2,0.5,1731,1281,1709,1.6
4721,New-8396454,0-1,0.0,1731,1281,1710,1.5
4722,Base-2358a28,1/2-1/2,0.5,1731,1282,1710,1.5
4723,New-8396454,1/2-1/2,0.5,1731,1283,1710,1.5
4725,New-8396454,1/2-1/2,0.5,1731,1284,1710,1.5
4727,New-8396454,1/2-1/2,0.5,1731,1285,1710,1.5
4726,Base-2358a28,1-0,0.0,1731,1285,1711,1.5
4729,New-8396454,0-1,0.0,1731,1285,1712,1.4
4728,Base-2358a28,1-0,0.0,1731,1285,1713,1.3
4730,Base-2358a28,1/2-1/2,0.5,1731,1286,1713,1.3
4734,Base-2358a28,0-1,1.0,1732,1286,1713,1.4
4731,New-8396454,0-1,0.0,1732,1286,1714,1.3
4736,Base-2358a28,1-0,0.0,1732,1286,1715,1.2
4733,New-8396454,1-0,1.0,1733,1286,1715,1.3
4735,New-8396454,1-0,1.0,1734,1286,1715,1.4
4732,Base-2358a28,1-0,0.0,1734,1286,1716,1.3
4737,New-8396454,0-1,0.0,1734,1286,1717,1.2
4744,Base-2358a28,1/2-1/2,0.5,1734,1287,1717,1.2
4742,Base-2358a28,0-1,1.0,1735,1287,1717,1.3
4738,Base-2358a28,0-1,1.0,1736,1287,1717,1.4
4739,New-8396454,0-1,0.0,1736,1287,1718,1.3
4740,Base-2358a28,1/2-1/2,0.5,1736,1288,1718,1.3
4743,New-8396454,0-1,0.0,1736,1288,1719,1.2
4747,New-8396454,0-1,0.0,1736,1288,1720,1.2
4745,New-8396454,0-1,0.0,1736,1288,1721,1.1
4749,New-8396454,0-1,0.0,1736,1288,1722,1.0
4741,New-8396454,1-0,1.0,1737,1288,1722,1.1
4746,Base-2358a28,0-1,1.0,1738,1288,1722,1.2
4748,Base-2358a28,1-0,0.0,1738,1288,1723,1.1
4751,New-8396454,1-0,1.0,1739,1288,1723,1.2
4756,Base-2358a28,1-0,0.0,1739,1288,1724,1.1
4750,Base-2358a28,0-1,1.0,1740,1288,1724,1.2
4752,Base-2358a28,1/2-1/2,0.5,1740,1289,1724,1.2
4754,Base-2358a28,1/2-1/2,0.5,1740,1290,1724,1.2
4753,New-8396454,1/2-1/2,0.5,1740,1291,1724,1.2
4757,New-8396454,0-1,0.0,1740,1291,1725,1.1
4755,New-8396454,1-0,1.0,1741,1291,1725,1.2
4758,Base-2358a28,1/2-1/2,0.5,1741,1292,1725,1.2
4759,New-8396454,1-0,1.0,1742,1292,1725,1.2
4760,Base-2358a28,1-0,0.0,1742,1292,1726,1.2
4761,New-8396454,1-0,1.0,1743,1292,1726,1.2
4764,Base-2358a28,1-0,0.0,1743,1292,1727,1.2
4766,Base-2358a28,1/2-1/2,0.5,1743,1293,1727,1.2
4763,New-8396454,1/2-1/2,0.5,1743,1294,1727,1.2
4762,Base-2358a28,1-0,0.0,1743,1294,1728,1.1
4767,New-8396454,1/2-1/2,0.5,1743,1295,1728,1.1
4768,Base-2358a28,1/2-1/2,0.5,1743,1296,1728,1.1
4765,New-8396454,1-0,1.0,1744,1296,1728,1.2
4770,Base-2358a28,0-1,1.0,1745,1296,1728,1.2
4774,Base-2358a28,1-0,0.0,1745,1296,1729,1.2
4769,New-8396454,1/2-1/2,0.5,1745,1297,1729,1.2
4772,Base-2358a28,1/2-1/2,0.5,1745,1298,1729,1.2
4771,New-8396454,1-0,1.0,1746,1298,1729,1.2
4773,New-8396454,1-0,1.0,1747,1298,1729,1.3
4776,Base-2358a28,0-1,1.0,1748,1298,1729,1.4
4777,New-8396454,1-0,1.0,1749,1298,1729,1.5
4775,New-8396454,1/2-1/2,0.5,1749,1299,1729,1.5
4781,New-8396454,1-0,1.0,1750,1299,1729,1.5
4779,New-8396454,1-0,1.0,1751,1299,1729,1.6
4778,Base-2358a28,0-1,1.0,1752,1299,1729,1.7
4780,Base-2358a28,0-1,1.0,1753,1299,1729,1.7
4782,Base-2358a28,1-0,0.0,1753,1299,1730,1.7
4785,New-8396454,1/2-1/2,0.5,1753,1300,1730,1.7
4784,Base-2358a28,0-1,1.0,1754,1300,1730,1.7
4783,New-8396454,1/2-1/2,0.5,1754,1301,1730,1.7
4786,Base-2358a28,1/2-1/2,0.5,1754,1302,1730,1.7
4787,New-8396454,1-0,1.0,1755,1302,1730,1.8
4788,Base-2358a28,1-0,0.0,1755,1302,1731,1.7
4790,Base-2358a28,0-1,1.0,1756,1302,1731,1.8
4789,New-8396454,0-1,0.0,1756,1302,1732,1.7
4792,Base-2358a28,1/2-1/2,0.5,1756,1303,1732,1.7
4793,New-8396454,0-1,0.0,1756,1303,1733,1.7
4795,New-8396454,0-1,0.0,1756,1303,1734,1.6
4791,New-8396454,1/2-1/2,0.5,1756,1304,1734,1.6
4794,Base-2358a28,0-1,1.0,1757,1304,1734,1.7
4796,Base-2358a28,0-1,1.0,1758,1304,1734,1.7
4800,Base-2358a28,0-1,1.0,1759,1304,1734,1.8
4797,New-8396454,1/2-1/2,0.5,1759,1305,1734,1.8
4798,Base-2358a28,0-1,1.0,1760,1305,1734,1.9
4799,New-8396454,1-0,1.0,1761,1305,1734,2.0
4802,Base-2358a28,1-0,0.0,1761,1305,1735,1.9
4801,New-8396454,1-0,1.0,1762,1305,1735,2.0
4803,New-8396454,1-0,1.0,1763,1305,1735,2.0
4805,New-8396454,0-1,0.0,1763,1305,1736,2.0
4804,Base-2358a28,1-0,0.0,1763,1305,1737,1.9
4808,Base-2358a28,1/2-1/2,0.5,1763,1306,1737,1.9
4809,New-8396454,1/2-1/2,0.5,1763,1307,1737,1.9
4806,Base-2358a28,1-0,0.0,1763,1307,1738,1.8
4810,Base-2358a28,1/2-1/2,0.5,1763,1308,1738,1.8
4807,New-8396454,0-1,0.0,1763,1308,1739,1.7
4812,Base-2358a28,0-1,1.0,1764,1308,1739,1.8
4811,New-8396454,0-1,0.0,1764,1308,1740,1.7
4813,New-8396454,1-0,1.0,1765,1308,1740,1.8
4814,Base-2358a28,1-0,0.0,1765,1308,1741,1.7
4816,Base-2358a28,0-1,1.0,1766,1308,1741,1.8
4815,New-8396454,0-1,0.0,1766,1308,1742,1.7
4817,New-8396454,1/2-1/2,0.5,1766,1309,1742,1.7
4820,Base-2358a28,1-0,0.0,1766,1309,1743,1.7
4818,Base-2358a28,0-1,1.0,1767,1309,1743,1.7
4825,New-8396454,1-0,1.0,1768,1309,1743,1.8
4819,New-8396454,0-1,0.0,1768,1309,1744,1.7
4824,Base-2358a28,0-1,1.0,1769,1309,1744,1.8
4823,New-8396454,1-0,1.0,1770,1309,1744,1.9
4822,Base-2358a28,1/2-1/2,0.5,1770,1310,1744,1.9
4821,New-8396454,1/2-1/2,0.5,1770,1311,1744,1.9
4826,Base-2358a28,0-1,1.0,1771,1311,1744,1.9
4828,Base-2358a28,1-0,0.0,1771,1311,1745,1.9
4827,New-8396454,0-1,0.0,1771,1311,1746,1.8
4830,Base-2358a28,1-0,0.0,1771,1311,1747,1.7
4832,Base-2358a28,1-0,0.0,1771,1311,1748,1.7
4831,New-8396454,0-1,0.0,1771,1311,1749,1.6
4834,Base-2358a28,1-0,0.0,1771,1311,1750,1.5
4829,New-8396454,1/2-1/2,0.5,1771,1312,1750,1.5
4833,New-8396454,1-0,1.0,1772,1312,1750,1.6
4835,New-8396454,1-0,1.0,1773,1312,1750,1.7
4836,Base-2358a28,1/2-1/2,0.5,1773,1313,1750,1.7
4841,New-8396454,0-1,0.0,1773,1313,1751,1.6
4837,New-8396454,1-0,1.0,1774,1313,1751,1.7
4838,Base-2358a28,1-0,0.0,1774,1313,1752,1.6
4840,Base-2358a28,0-1,1.0,1775,1313,1752,1.7
4839,New-8396454,1-0,1.0,1776,1313,1752,1.7
4844,Base-2358a28,1/2-1/2,0.5,1776,1314,1752,1.7
4849,New-8396454,1/2-1/2,0.5,1776,1315,1752,1.7
4846,Base-2358a28,0-1,1.0,1777,1315,1752,1.8
4842,Base-2358a28,1/2-1/2,0.5,1777,1316,1752,1.8
4847,New-8396454,1/2-1/2,0.5,1777,1317,1752,1.8
4848,Base-2358a28,0-1,1.0,1778,1317,1752,1.9
4845,New-8396454,1-0,1.0,1779,1317,1752,1.9
4843,New-8396454,1/2-1/2,0.5,1779,1318,1752,1.9
4850,Base-2358a28,0-1,1.0,1780,1318,1752,2.0
4853,New-8396454,1-0,1.0,1781,1318,1752,2.1
4851,New-8396454,1-0,1.0,1782,1318,1752,2.1
4857,New-8396454,1/2-1/2,0.5,1782,1319,1752,2.1
4856,Base-2358a28,0-1,1.0,1783,1319,1752,2.2
4854,Base-2358a28,1-0,0.0,1783,1319,1753,2.1
4855,New-8396454,1-0,1.0,1784,1319,1753,2.2
4852,Base-2358a28,1/2-1/2,0.5,1784,1320,1753,2.2
4860,Base-2358a28,1-0,0.0,1784,1320,1754,2.1
4858,Base-2358a28,0-1,1.0,1785,1320,1754,2.2
4859,New-8396454,1-0,1.0,1786,1320,1754,2.3
4861,New-8396454,1/2-1/2,0.5,1786,1321,1754,2.3
4862,Base-2358a28,1-0,0.0,1786,1321,1755,2.2
4864,Base-2358a28,1/2-1/2,0.5,1786,1322,1755,2.2
4863,New-8396454,0-1,0.0,1786,1322,1756,2.1
4865,New-8396454,1-0,1.0,1787,1322,1756,2.2
4866,Base-2358a28,1-0,0.0,1787,1322,1757,2.1
4867,New-8396454,0-1,0.0,1787,1322,1758,2.1
4868,Base-2358a28,0-1,1.0,1788,1322,1758,2.1
4869,New-8396454,0-1,0.0,1788,1322,1759,2.1
4873,New-8396454,1-0,1.0,1789,1322,1759,2.1
4870,Base-2358a28,1-0,0.0,1789,1322,1760,2.1
4871,New-8396454,0-1,0.0,1789,1322,1761,2.0
4872,Base-2358a28,0-1,1.0,1790,1322,1761,2.1
4874,Base-2358a28,0-1,1.0,1791,1322,1761,2.1
4876,Base-2358a28,0-1,1.0,1792,1322,1761,2.2
4875,New-8396454,1-0,1.0,1793,1322,1761,2.3
4878,Base-2358a28,1-0,0.0,1793,1322,1762,2.2
4881,New-8396454,0-1,0.0,1793,1322,1763,2.1
4880,Base-2358a28,1/2-1/2,0.5,1793,1323,1763,2.1
4879,New-8396454,0-1,0.0,1793,1323,1764,2.1
4882,Base-2358a28,1/2-1/2,0.5,1793,1324,1764,2.1
4877,New-8396454,0-1,0.0,1793,1324,1765,2.0
4883,New-8396454,0-1,0.0,1793,1324,1766,1.9
4884,Base-2358a28,1-0,0.0,1793,1324,1767,1.8
4885,New-8396454,0-1,0.0,1793,1324,1768,1.8
4888,Base-2358a28,0-1,1.0,1794,1324,1768,1.8
4886,Base-2358a28,0-1,1.0,1795,1324,1768,1.9
4889,New-8396454,1/2-1/2,0.5,1795,1325,1768,1.9
4890,Base-2358a28,1/2-1/2,0.5,1795,1326,1768,1.9
4891,New-8396454,1-0,1.0,1796,1326,1768,2.0
4887,New-8396454,1/2-1/2,0.5,1796,1327,1768,2.0
4892,Base-2358a28,0-1,1.0,1797,1327,1768,2.1
4895,New-8396454,0-1,0.0,1797,1327,1769,2.0
4894,Base-2358a28,1-0,0.0,1797,1327,1770,1.9
4896,Base-2358a28,1-0,0.0,1797,1327,1771,1.8
4893,New-8396454,1/2-1/2,0.5,1797,1328,1771,1.8
4898,Base-2358a28,0-1,1.0,1798,1328,1771,1.9
4897,New-8396454,1-0,1.0,1799,1328,1771,2.0
4899,New-8396454,1-0,1.0,1800,1328,1771,2.1
4901,New-8396454,1-0,1.0,1801,1328,1771,2.1
4904,Base-2358a28,1-0,0.0,1801,1328,1772,2.1
4900,Base-2358a28,0-1,1.0,1802,1328,1772,2.1
4905,New-8396454,1/2-1/2,0.5,1802,1329,1772,2.1
4902,Base-2358a28,1-0,0.0,1802,1329,1773,2.1
4903,New-8396454,1/2-1/2,0.5,1802,1330,1773,2.1
4906,Base-2358a28,1-0,0.0,1802,1330,1774,2.0
4908,Base-2358a28,1-0,0.0,1802,1330,1775,1.9
4907,New-8396454,1-0,1.0,1803,1330,1775,2.0
4910,Base-2358a28,1-0,0.0,1803,1330,1776,1.9
4909,New-8396454,0-1,0.0,1803,1330,1777,1.8
4911,New-8396454,1-0,1.0,1804,1330,1777,1.9
4914,Base-2358a28,0-1,1.0,1805,1330,1777,2.0
4913,New-8396454,1-0,1.0,1806,1330,1777,2.1
4912,Base-2358a28,0-1,1.0,1807,1330,1777,2.1
4916,Base-2358a28,1-0,0.0,1807,1330,1778,2.0
4919,New-8396454,1-0,1.0,1808,1330,1778,2.1
4917,New-8396454,1-0,1.0,1809,1330,1778,2.2
4920,Base-2358a28,0-1,1.0,1810,1330,1778,2.3
4915,New-8396454,1/2-1/2,0.5,1810,1331,1778,2.3
4922,Base-2358a28,1-0,0.0,1810,1331,1779,2.2
4921,New-8396454,0-1,0.0,1810,1331,1780,2.1
4918,Base-2358a28,1-0,0.0,1810,1331,1781,2.0
4923,New-8396454,1/2-1/2,0.5,1810,1332,1781,2.0
4928,Base-2358a28,0-1,1.0,1811,1332,1781,2.1
4930,Base-2358a28,0-1,1.0,1812,1332,1781,2.2
4925,New-8396454,1-0,1.0,1813,1332,1781,2.3
4926,Base-2358a28,1/2-1/2,0.5,1813,1333,1781,2.3
4929,New-8396454,0-1,0.0,1813,1333,1782,2.2
4924,Base-2358a28,0-1,1.0,1814,1333,1782,2.3
4927,New-8396454,1-0,1.0,1815,1333,1782,2.3
4931,New-8396454,1/2-1/2,0.5,1815,1334,1782,2.3
4935,New-8396454,0-1,0.0,1815,1334,1783,2.3
4932,Base-2358a28,1-0,0.0,1815,1334,1784,2.2
4933,New-8396454,1-0,1.0,1816,1334,1784,2.3
4934,Base-2358a28,0-1,1.0,1817,1334,1784,2.3
4937,New-8396454,0-1,0.0,1817,1334,1785,2.3
4938,Base-2358a28,0-1,1.0,1818,1334,1785,2.3
4936,Base-2358a28,1/2-1/2,0.5,1818,1335,1785,2.3
4939,New-8396454,1-0,1.0,1819,1335,1785,2.4
4940,Base-2358a28,0-1,1.0,1820,1335,1785,2.5
4942,Base-2358a28,1-0,0.0,1820,1335,1786,2.4
4941,New-8396454,0-1,0.0,1820,1335,1787,2.3
4944,Base-2358a28,1-0,0.0,1820,1335,1788,2.2
4945,New-8396454,1/2-1/2,0.5,1820,1336,1788,2.2
4946,Base-2358a28,0-1,1.0,1821,1336,1788,2.3
4943,New-8396454,0-1,0.0,1821,1336,1789,2.2
4947,New-8396454,0-1,0.0,1821,1336,1790,2.2
4953,New-8396454,1/2-1/2,0.5,1821,1337,1790,2.2
4949,New-8396454,1-0,1.0,1822,1337,1790,2.2
4950,Base-2358a28,0-1,1.0,1823,1337,1790,2.3
4948,Base-2358a28,1/2-1/2,0.5,1823,1338,1790,2.3
4952,Base-2358a28,0-1,1.0,1824,1338,1790,2.4
4951,New-8396454,0-1,0.0,1824,1338,1791,2.3
4954,Base-2358a28,1-0,0.0,1824,1338,1792,2.2
4958,Base-2358a28,1-0,0.0,1824,1338,1793,2.2
4955,New-8396454,0-1,0.0,1824,1338,1794,2.1
4957,New-8396454,1-0,1.0,1825,1338,1794,2.2
4956,Base-2358a28,1-0,0.0,1825,1338,1795,2.1
4959,New-8396454,0-1,0.0,1825,1338,1796,2.0
4962,Base-2358a28,1/2-1/2,0.5,1825,1339,1796,2.0
4961,New-8396454,1-0,1.0,1826,1339,1796,2.1
4960,Base-2358a28,0-1,1.0,1827,1339,1796,2.2
4963,New-8396454,0-1,0.0,1827,1339,1797,2.1
4964,Base-2358a28,0-1,1.0,1828,1339,1797,2.2
4965,New-8396454,1-0,1.0,1829,1339,1797,2.2
4966,Base-2358a28,1/2-1/2,0.5,1829,1340,1797,2.2
4967,New-8396454,0-1,0.0,1829,1340,1798,2.2
4969,New-8396454,1-0,1.0,1830,1340,1798,2.2
4968,Base-2358a28,1-0,0.0,1830,1340,1799,2.2
4971,New-8396454,0-1,0.0,1830,1340,1800,2.1
4972,Base-2358a28,1/2-1/2,0.5,1830,1341,1800,2.1
4970,Base-2358a28,1/2-1/2,0.5,1830,1342,1800,2.1
4973,New-8396454,1/2-1/2,0.5,1830,1343,1800,2.1
4974,Base-2358a28,1-0,0.0,1830,1343,1801,2.0
4975,New-8396454,1-0,1.0,1831,1343,1801,2.1
4978,Base-2358a28,1/2-1/2,0.5,1831,1344,1801,2.1
4976,Base-2358a28,0-1,1.0,1832,1344,1801,2.2
4980,Base-2358a28,1-0,0.0,1832,1344,1802,2.1
4979,New-8396454,0-1,0.0,1832,1344,1803,2.0
4977,New-8396454,1/2-1/2,0.5,1832,1345,1803,2.0
4986,Base-2358a28,1/2-1/2,0.5,1832,1346,1803,2.0
4983,New-8396454,1/2-1/2,0.5,1832,1347,1803,2.0
4981,New-8396454,1-0,1.0,1833,1347,1803,2.1
4985,New-8396454,1-0,1.0,1834,1347,1803,2.2
4982,Base-2358a28,1-0,0.0,1834,1347,1804,2.1
4984,Base-2358a28,1-0,0.0,1834,1347,1805,2.0
4988,Base-2358a28,0-1,1.0,1835,1347,1805,2.1
4987,New-8396454,1-0,1.0,1836,1347,1805,2.2
4994,Base-2358a28,1-0,0.0,1836,1347,1806,2.1
4989,New-8396454,1-0,1.0,1837,1347,1806,2.2
4990,Base-2358a28,1-0,0.0,1837,1347,1807,2.1
4993,New-8396454,1-0,1.0,1838,1347,1807,2.2
4992,Base-2358a28,0-1,1.0,1839,1347,1807,2.2
4991,New-8396454,1-0,1.0,1840,1347,1807,2.3
4996,Base-2358a28,1/2-1/2,0.5,1840,1348,1807,2.3
4995,New-8396454,1-0,1.0,1841,1348,1807,2.4
5002,Base-2358a28,1/2-1/2,0.5,1841,1349,1807,2.4
4998,Base-2358a28,1-0,0.0,1841,1349,1808,2.3
5001,New-8396454,0-1,0.0,1841,1349,1809,2.2
4997,New-8396454,1-0,1.0,1842,1349,1809,2.3
5000,Base-2358a28,0-1,1.0,1843,1349,1809,2.4
5003,New-8396454,0-1,0.0,1843,1349,1810,2.3
5004,Base-2358a28,1-0,0.0,1843,1349,1811,2.2
4999,New-8396454,1/2-1/2,0.5,1843,1350,1811,2.2
5008,Base-2358a28,1/2-1/2,0.5,1843,1351,1811,2.2
5005,New-8396454,1-0,1.0,1844,1351,1811,2.3
5006,Base-2358a28,1/2-1/2,0.5,1844,1352,1811,2.3
5007,New-8396454,0-1,0.0,1844,1352,1812,2.2
5010,Base-2358a28,1/2-1/2,0.5,1844,1353,1812,2.2
5011,New-8396454,0-1,0.0,1844,1353,1813,2.1
5012,Base-2358a28,1-0,0.0,1844,1353,1814,2.1
5009,New-8396454,1/2-1/2,0.5,1844,1354,1814,2.1
5013,New-8396454,1-0,1.0,1845,1354,1814,2.1
5014,Base-2358a28,0-1,1.0,1846,1354,1814,2.2
5015,New-8396454,0-1,0.0,1846,1354,1815,2.1
5016,Base-2358a28,1-0,0.0,1846,1354,1816,2.1
5019,New-8396454,1-0,1.0,1847,1354,1816,2.1
5017,New-8396454,1/2-1/2,0.5,1847,1355,1816,2.1
5018,Base-2358a28,1-0,0.0,1847,1355,1817,2.1
5020,Base-2358a28,0-1,1.0,1848,1355,1817,2.1
5021,New-8396454,1-0,1.0,1849,1355,1817,2.2
5024,Base-2358a28,1/2-1/2,0.5,1849,1356,1817,2.2
5025,New-8396454,1-0,1.0,1850,1356,1817,2.3
5022,Base-2358a28,0-1,1.0,1851,1356,1817,2.4
5027,New-8396454,1/2-1/2,0.5,1851,1357,1817,2.4
5028,Base-2358a28,0-1,1.0,1852,1357,1817,2.4
5023,New-8396454,1/2-1/2,0.5,1852,1358,1817,2.4
5026,Base-2358a28,0-1,1.0,1853,1358,1817,2.5
5029,New-8396454,0-1,0.0,1853,1358,1818,2.4
5030,Base-2358a28,1-0,0.0,1853,1358,1819,2.3
5031,New-8396454,1-0,1.0,1854,1358,1819,2.4
5032,Base-2358a28,0-1,1.0,1855,1358,1819,2.5
5036,Base-2358a28,1-0,0.0,1855,1358,1820,2.4
5035,New-8396454,0-1,0.0,1855,1358,1821,2.3
5033,New-8396454,1-0,1.0,1856,1358,1821,2.4
5034,Base-2358a28,1/2-1/2,0.5,1856,1359,1821,2.4
5037,New-8396454,1-0,1.0,1857,1359,1821,2.5
5038,Base-2358a28,0-1,1.0,1858,1359,1821,2.6
5039,New-8396454,1-0,1.0,1859,1359,1821,2.6
5040,Base-2358a28,1-0,0.0,1859,1359,1822,2.6
5042,Base-2358a28,1-0,0.0,1859,1359,1823,2.5
5043,New-8396454,1/2-1/2,0.5,1859,1360,1823,2.5
5041,New-8396454,1/2-1/2,0.5,1859,1361,1823,2.5
5044,Base-2358a28,0-1,1.0,1860,1361,1823,2.5
5046,Base-2358a28,1/2-1/2,0.5,1860,1362,1823,2.5
5047,New-8396454,0-1,0.0,1860,1362,1824,2.5
5048,Base-2358a28,0-1,1.0,1861,1362,1824,2.5
5045,New-8396454,0-1,0.0,1861,1362,1825,2.5
5049,New-8396454,1-0,1.0,1862,1362,1825,2.5
5050,Base-2358a28,0-1,1.0,1863,1362,1825,2.6
5051,New-8396454,1/2-1/2,0.5,1863,1363,1825,2.6
5052,Base-2358a28,0-1,1.0,1864,1363,1825,2.7
5053,New-8396454,1-0,1.0,1865,1363,1825,2.8
5054,Base-2358a28,1/2-1/2,0.5,1865,1364,1825,2.7
5055,New-8396454,1-0,1.0,1866,1364,1825,2.8
5059,New-8396454,1-0,1.0,1867,1364,1825,2.9
5057,New-8396454,0-1,0.0,1867,1364,1826,2.8
5056,Base-2358a28,1/2-1/2,0.5,1867,1365,1826,2.8
5058,Base-2358a28,0-1,1.0,1868,1365,1826,2.9
5061,New-8396454,0-1,0.0,1868,1365,1827,2.8
5062,Base-2358a28,1/2-1/2,0.5,1868,1366,1827,2.8
5060,Base-2358a28,1-0,0.0,1868,1366,1828,2.7
5066,Base-2358a28,1/2-1/2,0.5,1868,1367,1828,2.7
5063,New-8396454,0-1,0.0,1868,1367,1829,2.7
5064,Base-2358a28,1-0,0.0,1868,1367,1830,2.6
5067,New-8396454,0-1,0.0,1868,1367,1831,2.5
5065,New-8396454,1-0,1.0,1869,1367,1831,2.6
5068,Base-2358a28,0-1,1.0,1870,1367,1831,2.7
5071,New-8396454,1/2-1/2,0.5,1870,1368,1831,2.7
5069,New-8396454,1/2-1/2,0.5,1870,1369,1831,2.7
5070,Base-2358a28,1-0,0.0,1870,1369,1832,2.6
5073,New-8396454,1-0,1.0,1871,1369,1832,2.7
5076,Base-2358a28,1-0,0.0,1871,1369,1833,2.6
5074,Base-2358a28,1/2-1/2,0.5,1871,1370,1833,2.6
5072,Base-2358a28,1/2-1/2,0.5,1871,1371,1833,2.6
5075,New-8396454,1/2-1/2,0.5,1871,1372,1833,2.6
5078,Base-2358a28,0-1,1.0,1872,1372,1833,2.7
5081,New-8396454,1-0,1.0,1873,1372,1833,2.7
5077,New-8396454,1-0,1.0,1874,1372,1833,2.8
5079,New-8396454,1-0,1.0,1875,1372,1833,2.9
5083,New-8396454,0-1,0.0,1875,1372,1834,2.8
5080,Base-2358a28,1/2-1/2,0.5,1875,1373,1834,2.8
5082,Base-2358a28,1-0,0.0,1875,1373,1835,2.7
5084,Base-2358a28,1/2-1/2,0.5,1875,1374,1835,2.7
5085,New-8396454,1-0,1.0,1876,1374,1835,2.8
5087,New-8396454,1-0,1.0,1877,1374,1835,2.9
5086,Base-2358a28,1-0,0.0,1877,1374,1836,2.8
5089,New-8396454,0-1,0.0,1877,1374,1837,2.7
5093,New-8396454,1/2-1/2,0.5,1877,1375,1837,2.7
5088,Base-2358a28,1-0,0.0,1877,1375,1838,2.7
5090,Base-2358a28,1-0,0.0,1877,1375,1839,2.6
5094,Base-2358a28,0-1,1.0,1878,1375,1839,2.7
5091,New-8396454,0-1,0.0,1878,1375,1840,2.6
5097,New-8396454,0-1,0.0,1878,1375,1841,2.5
5095,New-8396454,1-0,1.0,1879,1375,1841,2.6
5096,Base-2358a28,0-1,1.0,1880,1375,1841,2.7
5092,Base-2358a28,1/2-1/2,0.5,1880,1376,1841,2.7
5098,Base-2358a28,0-1,1.0,1881,1376,1841,2.7
5099,New-8396454,0-1,0.0,1881,1376,1842,2.7
5101,New-8396454,1-0,1.0,1882,1376,1842,2.7
5100,Base-2358a28,1/2-1/2,0.5,1882,1377,1842,2.7
5104,Base-2358a28,1/2-1/2,0.5,1882,1378,1842,2.7
5106,Base-2358a28,0-1,1.0,1883,1378,1842,2.8
5102,Base-2358a28,0-1,1.0,1884,1378,1842,2.9
5103,New-8396454,0-1,0.0,1884,1378,1843,2.8
5105,New-8396454,0-1,0.0,1884,1378,1844,2.7
5107,New-8396454,1-0,1.0,1885,1378,1844,2.8
5111,New-8396454,1/2-1/2,0.5,1885,1379,1844,2.8
5109,New-8396454,1-0,1.0,1886,1379,1844,2.9
5114,Base-2358a28,1-0,0.0,1886,1379,1845,2.8
5108,Base-2358a28,1/2-1/2,0.5,1886,1380,1845,2.8
5113,New-8396454,1-0,1.0,1887,1380,1845,2.9
5112,Base-2358a28,0-1,1.0,1888,1380,1845,2.9
5110,Base-2358a28,1/2-1/2,0.5,1888,1381,1845,2.9
5115,New-8396454,1/2-1/2,0.5,1888,1382,1845,2.9
5117,New-8396454,1-0,1.0,1889,1382,1845,3.0
5120,Base-2358a28,0-1,1.0,1890,1382,1845,3.1
5116,Base-2358a28,1-0,0.0,1890,1382,1846,3.0
5119,New-8396454,0-1,0.0,1890,1382,1847,2.9
5118,Base-2358a28,0-1,1.0,1891,1382,1847,3.0
5121,New-8396454,0-1,0.0,1891,1382,1848,2.9
5122,Base-2358a28,1/2-1/2,0.5,1891,1383,1848,2.9
5124,Base-2358a28,1-0,0.0,1891,1383,1849,2.8
5123,New-8396454,1/2-1/2,0.5,1891,1384,1849,2.8
5127,New-8396454,0-1,0.0,1891,1384,1850,2.8
5125,New-8396454,1/2-1/2,0.5,1891,1385,1850,2.8
5126,Base-2358a28,1-0,0.0,1891,1385,1851,2.7
5129,New-8396454,1/2-1/2,0.5,1891,1386,1851,2.7
5128,Base-2358a28,0-1,1.0,1892,1386,1851,2.8
5130,Base-2358a28,0-1,1.0,1893,1386,1851,2.8
5133,New-8396454,1/2-1/2,0.5,1893,1387,1851,2.8
5132,Base-2358a28,1-0,0.0,1893,1387,1852,2.8
5134,Base-2358a28,0-1,1.0,1894,1387,1852,2.8
5137,New-8396454,1-0,1.0,1895,1387,1852,2.9
5135,New-8396454,1-0,1.0,1896,1387,1852,3.0
5131,New-8396454,0-1,0.0,1896,1387,1853,2.9
5136,Base-2358a28,1/2-1/2,0.5,1896,1388,1853,2.9
5138,Base-2358a28,1-0,0.0,1896,1388,1854,2.8
5139,New-8396454,1-0,1.0,1897,1388,1854,2.9
5141,New-8396454,1-0,1.0,1898,1388,1854,3.0
5142,Base-2358a28,1/2-1/2,0.5,1898,1389,1854,3.0
5140,Base-2358a28,1-0,0.0,1898,1389,1855,2.9
5143,New-8396454,1/2-1/2,0.5,1898,1390,1855,2.9
5144,Base-2358a28,0-1,1.0,1899,1390,1855,3.0
5147,New-8396454,1/2-1/2,0.5,1899,1391,1855,3.0
5146,Base-2358a28,0-1,1.0,1900,1391,1855,3.0
5145,New-8396454,1-0,1.0,1901,1391,1855,3.1
5152,Base-2358a28,0-1,1.0,1902,1391,1855,3.2
5148,Base-2358a28,1-0,0.0,1902,1391,1856,3.1
5153,New-8396454,1-0,1.0,1903,1391,1856,3.2
5150,Base-2358a28,1/2-1/2,0.5,1903,1392,1856,3.2
5149,New-8396454,1-0,1.0,1904,1392,1856,3.2
5151,New-8396454,1/2-1/2,0.5,1904,1393,1856,3.2
5154,Base-2358a28,1/2-1/2,0.5,1904,1394,1856,3.2
5155,New-8396454,1-0,1.0,1905,1394,1856,3.3
5162,Base-2358a28,1-0,0.0,1905,1394,1857,3.2
5156,Base-2358a28,0-1,1.0,1906,1394,1857,3.3
5160,Base-2358a28,1-0,0.0,1906,1394,1858,3.2
5159,New-8396454,0-1,0.0,1906,1394,1859,3.2
5158,Base-2358a28,0-1,1.0,1907,1394,1859,3.2
5161,New-8396454,0-1,0.0,1907,1394,1860,3.2
5157,New-8396454,1/2-1/2,0.5,1907,1395,1860,3.2
5163,New-8396454,1-0,1.0,1908,1395,1860,3.2
5170,Base-2358a28,1-0,0.0,1908,1395,1861,3.2
5168,Base-2358a28,1-0,0.0,1908,1395,1862,3.1
5164,Base-2358a28,0-1,1.0,1909,1395,1862,3.2
5165,New-8396454,1-0,1.0,1910,1395,1862,3.2
5167,New-8396454,1-0,1.0,1911,1395,1862,3.3
5172,Base-2358a28,0-1,1.0,1912,1395,1862,3.4
5171,New-8396454,0-1,0.0,1912,1395,1863,3.3
5169,New-8396454,1-0,1.0,1913,1395,1863,3.4
5173,New-8396454,0-1,0.0,1913,1395,1864,3.3
5166,Base-2358a28,0-1,1.0,1914,1395,1864,3.4
5175,New-8396454,1/2-1/2,0.5,1914,1396,1864,3.4
5174,Base-2358a28,0-1,1.0,1915,1396,1864,3.4
5176,Base-2358a28,0-1,1.0,1916,1396,1864,3.5
5178,Base-2358a28,1-0,0.0,1916,1396,1865,3.4
5177,New-8396454,0-1,0.0,1916,1396,1866,3.4
5179,New-8396454,1-0,1.0,1917,1396,1866,3.4
5180,Base-2358a28,0-1,1.0,1918,1396,1866,3.5
5181,New-8396454,1-0,1.0,1919,1396,1866,3.6
5185,New-8396454,0-1,0.0,1919,1396,1867,3.5
5182,Base-2358a28,1-0,0.0,1919,1396,1868,3.4
5183,New-8396454,0-1,0.0,1919,1396,1869,3.4
5184,Base-2358a28,0-1,1.0,1920,1396,1869,3.4
5186,Base-2358a28,0-1,1.0,1921,1396,1869,3.5
5187,New-8396454,0-1,0.0,1921,1396,1870,3.4
5191,New-8396454,1/2-1/2,0.5,1921,1397,1870,3.4
5188,Base-2358a28,1-0,0.0,1921,1397,1871,3.3
5189,New-8396454,1-0,1.0,1922,1397,1871,3.4
5193,New-8396454,0-1,0.0,1922,1397,1872,3.3
5192,Base-2358a28,0-1,1.0,1923,1397,1872,3.4
5196,Base-2358a28,0-1,1.0,1924,1397,1872,3.5
5195,New-8396454,1-0,1.0,1925,1397,1872,3.5
5190,Base-2358a28,1/2-1/2,0.5,1925,1398,1872,3.5
5194,Base-2358a28,1/2-1/2,0.5,1925,1399,1872,3.5
5198,Base-2358a28,0-1,1.0,1926,1399,1872,3.6
5197,New-8396454,1-0,1.0,1927,1399,1872,3.7
5200,Base-2358a28,0-1,1.0,1928,1399,1872,3.7
5199,New-8396454,1-0,1.0,1929,1399,1872,3.8
5201,New-8396454,1-0,1.0,1930,1399,1872,3.9
5205,New-8396454,1-0,1.0,1931,1399,1872,3.9
5202,Base-2358a28,0-1,1.0,1932,1399,1872,4.0
5203,New-8396454,0-1,0.0,1932,1399,1873,3.9
5204,Base-2358a28,1-0,0.0,1932,1399,1874,3.9
5206,Base-2358a28,1-0,0.0,1932,1399,1875,3.8
5207,New-8396454,0-1,0.0,1932,1399,1876,3.7
5208,Base-2358a28,0-1,1.0,1933,1399,1876,3.8
5209,New-8396454,0-1,0.0,1933,1399,1877,3.7
5214,Base-2358a28,1-0,0.0,1933,1399,1878,3.7
5211,New-8396454,1/2-1/2,0.5,1933,1400,1878,3.7
5210,Base-2358a28,1/2-1/2,0.5,1933,1401,1878,3.7
5212,Base-2358a28,1-0,0.0,1933,1401,1879,3.6
5213,New-8396454,1-0,1.0,1934,1401,1879,3.7
5216,Base-2358a28,1-0,0.0,1934,1401,1880,3.6
5217,New-8396454,1-0,1.0,1935,1401,1880,3.7
5219,New-8396454,0-1,0.0,1935,1401,1881,3.6
5215,New-8396454,0-1,0.0,1935,1401,1882,3.5
5222,Base-2358a28,1-0,0.0,1935,1401,1883,3.5
5220,Base-2358a28,1/2-1/2,0.5,1935,1402,1883,3.5
5221,New-8396454,0-1,0.0,1935,1402,1884,3.4
5218,Base-2358a28,1-0,0.0,1935,1402,1885,3.3
5225,New-8396454,1-0,1.0,1936,1402,1885,3.4
5224,Base-2358a28,1-0,0.0,1936,1402,1886,3.3
5223,New-8396454,1/2-1/2,0.5,1936,1403,1886,3.3
5227,New-8396454,1-0,1.0,1937,1403,1886,3.4
5226,Base-2358a28,1/2-1/2,0.5,1937,1404,1886,3.4
5228,Base-2358a28,0-1,1.0,1938,1404,1886,3.5
5230,Base-2358a28,1/2-1/2,0.5,1938,1405,1886,3.5
5229,New-8396454,1-0,1.0,1939,1405,1886,3.5
5231,New-8396454,1-0,1.0,1940,1405,1886,3.6
5232,Base-2358a28,0-1,1.0,1941,1405,1886,3.7
5233,New-8396454,1/2-1/2,0.5,1941,1406,1886,3.7
5234,Base-2358a28,0-1,1.0,1942,1406,1886,3.7
5236,Base-2358a28,1-0,0.0,1942,1406,1887,3.7
5235,New-8396454,1-0,1.0,1943,1406,1887,3.7
5238,Base-2358a28,1-0,0.0,1943,1406,1888,3.6
5239,New-8396454,0-1,0.0,1943,1406,1889,3.6
5243,New-8396454,0-1,0.0,1943,1406,1890,3.5
5240,Base-2358a28,0-1,1.0,1944,1406,1890,3.6
5237,New-8396454,1/2-1/2,0.5,1944,1407,1890,3.6
5242,Base-2358a28,0-1,1.0,1945,1407,1890,3.6
5241,New-8396454,0-1,0.0,1945,1407,1891,3.6
5246,Base-2358a28,1/2-1/2,0.5,1945,1408,1891,3.6
5244,Base-2358a28,1/2-1/2,0.5,1945,1409,1891,3.6
5245,New-8396454,1/2-1/2,0.5,1945,1410,1891,3.6
5253,New-8396454,1-0,1.0,1946,1410,1891,3.6
5247,New-8396454,0-1,0.0,1946,1410,1892,3.6
5250,Base-2358a28,1-0,0.0,1946,1410,1893,3.5
5251,New-8396454,0-1,0.0,1946,1410,1894,3.4
5249,New-8396454,0-1,0.0,1946,1410,1895,3.4
5259,New-8396454,0-1,0.0,1946,1410,1896,3.3
5260,Base-2358a28,0-1,1.0,1947,1410,1896,3.4
5248,Base-2358a28,1/2-1/2,0.5,1947,1411,1896,3.4
5257,New-8396454,1-0,1.0,1948,1411,1896,3.4
5252,Base-2358a28,1-0,0.0,1948,1411,1897,3.4
5254,Base-2358a28,0-1,1.0,1949,1411,1897,3.4
5255,New-8396454,1-0,1.0,1950,1411,1897,3.5
5258,Base-2358a28,0-1,1.0,1951,1411,1897,3.6
5263,New-8396454,0-1,0.0,1951,1411,1898,3.5
5256,Base-2358a28,1/2-1/2,0.5,1951,1412,1898,3.5
5261,New-8396454,0-1,0.0,1951,1412,1899,3.4
5262,Base-2358a28,1/2-1/2,0.5,1951,1413,1899,3.4
5264,Base-2358a28,1/2-1/2,0.5,1951,1414,1899,3.4
5265,New-8396454,1-0,1.0,1952,1414,1899,3.5
5268,Base-2358a28,1-0,0.0,1952,1414,1900,3.4
5271,New-8396454,1/2-1/2,0.5,1952,1415,1900,3.4
5266,Base-2358a28,0-1,1.0,1953,1415,1900,3.5
5267,New-8396454,1/2-1/2,0.5,1953,1416,1900,3.5
5269,New-8396454,1/2-1/2,0.5,1953,1417,1900,3.5
5270,Base-2358a28,1/2-1/2,0.5,1953,1418,1900,3.5
5273,New-8396454,1-0,1.0,1954,1418,1900,3.6
5274,Base-2358a28,0-1,1.0,1955,1418,1900,3.6
5272,Base-2358a28,0-1,1.0,1956,1418,1900,3.7
5276,Base-2358a28,1-0,0.0,1956,1418,1901,3.6
5275,New-8396454,1-0,1.0,1957,1418,1901,3.7
5277,New-8396454,1/2-1/2,0.5,1957,1419,1901,3.7
5279,New-8396454,0-1,0.0,1957,1419,1902,3.6
5280,Base-2358a28,0-1,1.0,1958,1419,1902,3.7
5284,Base-2358a28,1/2-1/2,0.5,1958,1420,1902,3.7
5282,Base-2358a28,0-1,1.0,1959,1420,1902,3.8
5283,New-8396454,1/2-1/2,0.5,1959,1421,1902,3.7
5278,Base-2358a28,0-1,1.0,1960,1421,1902,3.8
5281,New-8396454,1/2-1/2,0.5,1960,1422,1902,3.8
5285,New-8396454,1/2-1/2,0.5,1960,1423,1902,3.8
5287,New-8396454,0-1,0.0,1960,1423,1903,3.7
5286,Base-2358a28,1-0,0.0,1960,1423,1904,3.7
5288,Base-2358a28,0-1,1.0,1961,1423,1904,3.7
5290,Base-2358a28,1/2-1/2,0.5,1961,1424,1904,3.7
5291,New-8396454,0-1,0.0,1961,1424,1905,3.7
5292,Base-2358a28,1-0,0.0,1961,1424,1906,3.6
5289,New-8396454,1-0,1.0,1962,1424,1906,3.7
5293,New-8396454,1-0,1.0,1963,1424,1906,3.7
5294,Base-2358a28,0-1,1.0,1964,1424,1906,3.8
5295,New-8396454,0-1,0.0,1964,1424,1907,3.7
5296,Base-2358a28,0-1,1.0,1965,1424,1907,3.8
5299,New-8396454,0-1,0.0,1965,1424,1908,3.7
5297,New-8396454,1/2-1/2,0.5,1965,1425,1908,3.7
5298,Base-2358a28,1/2-1/2,0.5,1965,1426,1908,3.7
5300,Base-2358a28,1-0,0.0,1965,1426,1909,3.7
5301,New-8396454,1-0,1.0,1966,1426,1909,3.7
5302,Base-2358a28,1-0,0.0,1966,1426,1910,3.7
5303,New-8396454,0-1,0.0,1966,1426,1911,3.6
5304,Base-2358a28,1-0,0.0,1966,1426,1912,3.5
5307,New-8396454,1/2-1/2,0.5,1966,1427,1912,3.5
5305,New-8396454,1-0,1.0,1967,1427,1912,3.6
5306,Base-2358a28,0-1,1.0,1968,1427,1912,3.7
5308,Base-2358a28,1-0,0.0,1968,1427,1913,3.6
5309,New-8396454,1-0,1.0,1969,1427,1913,3.7
5311,New-8396454,0-1,0.0,1969,1427,1914,3.6
5310,Base-2358a28,1/2-1/2,0.5,1969,1428,1914,3.6
5312,Base-2358a28,0-1,1.0,1970,1428,1914,3.7
5313,New-8396454,1/2-1/2,0.5,1970,1429,1914,3.7
5314,Base-2358a28,1-0,0.0,1970,1429,1915,3.6
5316,Base-2358a28,1/2-1/2,0.5,1970,1430,1915,3.6
5318,Base-2358a28,1/2-1/2,0.5,1970,1431,1915,3.6
5317,New-8396454,1-0,1.0,1971,1431,1915,3.7
5315,New-8396454,0-1,0.0,1971,1431,1916,3.6
5319,New-8396454,0-1,0.0,1971,1431,1917,3.5
5320,Base-2358a28,1-0,0.0,1971,1431,1918,3.5
5322,Base-2358a28,0-1,1.0,1972,1431,1918,3.5
5321,New-8396454,1-0,1.0,1973,1431,1918,3.6
5323,New-8396454,1/2-1/2,0.5,1973,1432,1918,3.6
5324,Base-2358a28,1/2-1/2,0.5,1973,1433,1918,3.6
5325,New-8396454,0-1,0.0,1973,1433,1919,3.5
5326,Base-2358a28,1-0,0.0,1973,1433,1920,3.5
5329,New-8396454,1-0,1.0,1974,1433,1920,3.5
5327,New-8396454,1-0,1.0,1975,1433,1920,3.6
5331,New-8396454,0-1,0.0,1975,1433,1921,3.5
5332,Base-2358a28,0-1,1.0,1976,1433,1921,3.6
5330,Base-2358a28,0-1,1.0,1977,1433,1921,3.6
5335,New-8396454,1-0,1.0,1978,1433,1921,3.7
5334,Base-2358a28,0-1,1.0,1979,1433,1921,3.8
5328,Base-2358a28,1/2-1/2,0.5,1979,1434,1921,3.8
5336,Base-2358a28,1-0,0.0,1979,1434,1922,3.7
5338,Base-2358a28,1-0,0.0,1979,1434,1923,3.6
5333,New-8396454,1-0,1.0,1980,1434,1923,3.7
5339,New-8396454,1-0,1.0,1981,1434,1923,3.8
5340,Base-2358a28,1-0,0.0,1981,1434,1924,3.7
5337,New-8396454,1/2-1/2,0.5,1981,1435,1924,3.7
5343,New-8396454,1/2-1/2,0.5,1981,1436,1924,3.7
5341,New-8396454,0-1,0.0,1981,1436,1925,3.6
5344,Base-2358a28,1-0,0.0,1981,1436,1926,3.6
5342,Base-2358a28,1-0,0.0,1981,1436,1927,3.5
5345,New-8396454,1-0,1.0,1982,1436,1927,3.6
5346,Base-2358a28,1-0,0.0,1982,1436,1928,3.5
5348,Base-2358a28,0-1,1.0,1983,1436,1928,3.6
5347,New-8396454,0-1,0.0,1983,1436,1929,3.5
5352,Base-2358a28,1-0,0.0,1983,1436,1930,3.4
5350,Base-2358a28,0-1,1.0,1984,1436,1930,3.5
5351,New-8396454,0-1,0.0,1984,1436,1931,3.4
5349,New-8396454,0-1,0.0,1984,1436,1932,3.4
5356,Base-2358a28,1-0,0.0,1984,1436,1933,3.3
5353,New-8396454,1-0,1.0,1985,1436,1933,3.4
5355,New-8396454,0-1,0.0,1985,1436,1934,3.3
5354,Base-2358a28,1/2-1/2,0.5,1985,1437,1934,3.3
5358,Base-2358a28,1-0,0.0,1985,1437,1935,3.2
5360,Base-2358a28,1-0,0.0,1985,1437,1936,3.2
5359,New-8396454,0-1,0.0,1985,1437,1937,3.1
5361,New-8396454,1-0,1.0,1986,1437,1937,3.2
5357,New-8396454,0-1,0.0,1986,1437,1938,3.1
5363,New-8396454,1/2-1/2,0.5,1986,1438,1938,3.1
5362,Base-2358a28,0-1,1.0,1987,1438,1938,3.2
5364,Base-2358a28,1-0,0.0,1987,1438,1939,3.1
5370,Base-2358a28,1-0,0.0,1987,1438,1940,3.0
5366,Base-2358a28,0-1,1.0,1988,1438,1940,3.1
5371,New-8396454,1-0,1.0,1989,1438,1940,3.2
5367,New-8396454,0-1,0.0,1989,1438,1941,3.1
5369,New-8396454,0-1,0.0,1989,1438,1942,3.0
5365,New-8396454,1/2-1/2,0.5,1989,1439,1942,3.0
5368,Base-2358a28,0-1,1.0,1990,1439,1942,3.1
5372,Base-2358a28,1-0,0.0,1990,1439,1943,3.0
5374,Base-2358a28,0-1,1.0,1991,1439,1943,3.1
5373,New-8396454,0-1,0.0,1991,1439,1944,3.0
5376,Base-2358a28,0-1,1.0,1992,1439,1944,3.1
5378,Base-2358a28,1-0,0.0,1992,1439,1945,3.0
5375,New-8396454,1-0,1.0,1993,1439,1945,3.1
5379,New-8396454,1-0,1.0,1994,1439,1945,3.2
5380,Base-2358a28,1-0,0.0,1994,1439,1946,3.1
5377,New-8396454,0-1,0.0,1994,1439,1947,3.0
5381,New-8396454,0-1,0.0,1994,1439,1948,3.0
5383,New-8396454,1-0,1.0,1995,1439,1948,3.0
5389,New-8396454,0-1,0.0,1995,1439,1949,3.0
5384,Base-2358a28,1-0,0.0,1995,1439,1950,2.9
5382,Base-2358a28,1/2-1/2,0.5,1995,1440,1950,2.9
5386,Base-2358a28,0-1,1.0,1996,1440,1950,3.0
5388,Base-2358a28,1-0,0.0,1996,1440,1951,2.9
5390,Base-2358a28,1/2-1/2,0.5,1996,1441,1951,2.9
5385,New-8396454,1/2-1/2,0.5,1996,1442,1951,2.9
5387,New-8396454,1-0,1.0,1997,1442,1951,3.0
5392,Base-2358a28,1/2-1/2,0.5,1997,1443,1951,3.0
5391,New-8396454,1/2-1/2,0.5,1997,1444,1951,3.0
5394,Base-2358a28,0-1,1.0,1998,1444,1951,3.0
5395,New-8396454,1-0,1.0,1999,1444,1951,3.1
5396,Base-2358a28,1-0,0.0,1999,1444,1952,3.0
5393,New-8396454,1/2-1/2,0.5,1999,1445,1952,3.0
5397,New-8396454,1-0,1.0,2000,1445,1952,3.1
5398,Base-2358a28,1/2-1/2,0.5,2000,1446,1952,3.1
5400,Base-2358a28,1-0,0.0,2000,1446,1953,3.0
5401,New-8396454,1-0,1.0,2001,1446,1953,3.1
5399,New-8396454,1-0,1.0,2002,1446,1953,3.2
5404,Base-2358a28,1-0,0.0,2002,1446,1954,3.1
5403,New-8396454,1/2-1/2,0.5,2002,1447,1954,3.1
5410,Base-2358a28,1/2-1/2,0.5,2002,1448,1954,3.1
5405,New-8396454,1/2-1/2,0.5,2002,1449,1954,3.1
5406,Base-2358a28,0-1,1.0,2003,1449,1954,3.1
5402,Base-2358a28,1/2-1/2,0.5,2003,1450,1954,3.1
5407,New-8396454,1-0,1.0,2004,1450,1954,3.2
5409,New-8396454,1-0,1.0,2005,1450,1954,3.3
5408,Base-2358a28,1-0,0.0,2005,1450,1955,3.2
5413,New-8396454,1-0,1.0,2006,1450,1955,3.3
5411,New-8396454,1-0,1.0,2007,1450,1955,3.3
5415,New-8396454,1/2-1/2,0.5,2007,1451,1955,3.3
5412,Base-2358a28,1-0,0.0,2007,1451,1956,3.3
5416,Base-2358a28,1-0,0.0,2007,1451,1957,3.2
5418,Base-2358a28,0-1,1.0,2008,1451,1957,3.3
5414,Base-2358a28,1/2-1/2,0.5,2008,1452,1957,3.3
5417,New-8396454,1-0,1.0,2009,1452,1957,3.3
5419,New-8396454,0-1,0.0,2009,1452,1958,3.3
5420,Base-2358a28,0-1,1.0,2010,1452,1958,3.3
5421,New-8396454,0-1,0.0,2010,1452,1959,3.3
5424,Base-2358a28,1-0,0.0,2010,1452,1960,3.2
5422,Base-2358a28,0-1,1.0,2011,1452,1960,3.3
5427,New-8396454,1-0,1.0,2012,1452,1960,3.3
5423,New-8396454,1-0,1.0,2013,1452,1960,3.4
5426,Base-2358a28,1/2-1/2,0.5,2013,1453,1960,3.4
5425,New-8396454,0-1,0.0,2013,1453,1961,3.3
5433,New-8396454,1/2-1/2,0.5,2013,1454,1961,3.3
5431,New-8396454,0-1,0.0,2013,1454,1962,3.3
5428,Base-2358a28,0-1,1.0,2014,1454,1962,3.3
5429,New-8396454,0-1,0.0,2014,1454,1963,3.3
5430,Base-2358a28,0-1,1.0,2015,1454,1963,3.3
5432,Base-2358a28,0-1,1.0,2016,1454,1963,3.4
5434,Base-2358a28,0-1,1.0,2017,1454,1963,3.5
5435,New-8396454,0-1,0.0,2017,1454,1964,3.4
5436,Base-2358a28,0-1,1.0,2018,1454,1964,3.5
5438,Base-2358a28,1-0,0.0,2018,1454,1965,3.4
5437,New-8396454,1-0,1.0,2019,1454,1965,3.5
5439,New-8396454,1-0,1.0,2020,1454,1965,3.5
5440,Base-2358a28,0-1,1.0,2021,1454,1965,3.6
5445,New-8396454,1-0,1.0,2022,1454,1965,3.6
5441,New-8396454,1-0,1.0,2023,1454,1965,3.7
5442,Base-2358a28,1/2-1/2,0.5,2023,1455,1965,3.7
5446,Base-2358a28,0-1,1.0,2024,1455,1965,3.8
5444,Base-2358a28,0-1,1.0,2025,1455,1965,3.8
5447,New-8396454,0-1,0.0,2025,1455,1966,3.8
5443,New-8396454,1/2-1/2,0.5,2025,1456,1966,3.8
5448,Base-2358a28,0-1,1.0,2026,1456,1966,3.8
5450,Base-2358a28,1-0,0.0,2026,1456,1967,3.8
5451,New-8396454,1/2-1/2,0.5,2026,1457,1967,3.8
5453,New-8396454,0-1,0.0,2026,1457,1968,3.7
5452,Base-2358a28,1-0,0.0,2026,1457,1969,3.6
5449,New-8396454,1/2-1/2,0.5,2026,1458,1969,3.6
5455,New-8396454,1/2-1/2,0.5,2026,1459,1969,3.6
5456,Base-2358a28,0-1,1.0,2027,1459,1969,3.7
5457,New-8396454,1-0,1.0,2028,1459,1969,3.8
5454,Base-2358a28,1-0,0.0,2028,1459,1970,3.7
5461,New-8396454,1-0,1.0,2029,1459,1970,3.8
5458,Base-2358a28,1-0,0.0,2029,1459,1971,3.7
5459,New-8396454,1/2-1/2,0.5,2029,1460,1971,3.7
5460,Base-2358a28,0-1,1.0,2030,1460,1971,3.8
5463,New-8396454,0-1,0.0,2030,1460,1972,3.7
5462,Base-2358a28,0-1,1.0,2031,1460,1972,3.8
5468,Base-2358a28,1-0,0.0,2031,1460,1973,3.7
5466,Base-2358a28,1/2-1/2,0.5,2031,1461,1973,3.7
5469,New-8396454,1-0,1.0,2032,1461,1973,3.8
5471,New-8396454,0-1,0.0,2032,1461,1974,3.7
5464,Base-2358a28,1/2-1/2,0.5,2032,1462,1974,3.7
5467,New-8396454,1-0,1.0,2033,1462,1974,3.7
5470,Base-2358a28,1-0,0.0,2033,1462,1975,3.7
5465,New-8396454,1/2-1/2,0.5,2033,1463,1975,3.7
5473,New-8396454,1-0,1.0,2034,1463,1975,3.7
5472,Base-2358a28,0-1,1.0,2035,1463,1975,3.8
5475,New-8396454,1-0,1.0,2036,1463,1975,3.9
5474,Base-2358a28,1-0,0.0,2036,1463,1976,3.8
5476,Base-2358a28,0-1,1.0,2037,1463,1976,3.9
5477,New-8396454,1/2-1/2,0.5,2037,1464,1976,3.9
5478,Base-2358a28,0-1,1.0,2038,1464,1976,3.9
5483,New-8396454,1/2-1/2,0.5,2038,1465,1976,3.9
5479,New-8396454,1-0,1.0,2039,1465,1976,4.0
5482,Base-2358a28,1-0,0.0,2039,1465,1977,3.9
5480,Base-2358a28,0-1,1.0,2040,1465,1977,4.0
5481,New-8396454,1-0,1.0,2041,1465,1977,4.1
5485,New-8396454,1/2-1/2,0.5,2041,1466,1977,4.1
5484,Base-2358a28,1/2-1/2,0.5,2041,1467,1977,4.1
5486,Base-2358a28,1-0,0.0,2041,1467,1978,4.0
5487,New-8396454,1-0,1.0,2042,1467,1978,4.1
5488,Base-2358a28,1/2-1/2,0.5,2042,1468,1978,4.1
5491,New-8396454,0-1,0.0,2042,1468,1979,4.0
5493,New-8396454,1/2-1/2,0.5,2042,1469,1979,4.0
5489,New-8396454,1/2-1/2,0.5,2042,1470,1979,4.0
5492,Base-2358a28,0-1,1.0,2043,1470,1979,4.0
5490,Base-2358a28,1-0,0.0,2043,1470,1980,4.0
5495,New-8396454,0-1,0.0,2043,1470,1981,3.9
5500,Base-2358a28,1/2-1/2,0.5,2043,1471,1981,3.9
5494,Base-2358a28,1/2-1/2,0.5,2043,1472,1981,3.9
5496,Base-2358a28,1-0,0.0,2043,1472,1982,3.9
5497,New-8396454,1/2-1/2,0.5,2043,1473,1982,3.9
5498,Base-2358a28,0-1,1.0,2044,1473,1982,3.9
5499,New-8396454,0-1,0.0,2044,1473,1983,3.9
5502,Base-2358a28,0-1,1.0,2045,1473,1983,3.9
5506,Base-2358a28,1-0,0.0,2045,1473,1984,3.9
5501,New-8396454,0-1,0.0,2045,1473,1985,3.8
5504,Base-2358a28,1-0,0.0,2045,1473,1986,3.7
5505,New-8396454,1/2-1/2,0.5,2045,1474,1986,3.7
5507,New-8396454,1-0,1.0,2046,1474,1986,3.8
5503,New-8396454,1-0,1.0,2047,1474,1986,3.8
5510,Base-2358a28,0-1,1.0,2048,1474,1986,3.9
5509,New-8396454,1/2-1/2,0.5,2048,1475,1986,3.9
5511,New-8396454,1/2-1/2,0.5,2048,1476,1986,3.9
5508,Base-2358a28,0-1,1.0,2049,1476,1986,4.0
5513,New-8396454,1-0,1.0,2050,1476,1986,4.0
5512,Base-2358a28,0-1,1.0,2051,1476,1986,4.1
5515,New-8396454,0-1,0.0,2051,1476,1987,4.0
5514,Base-2358a28,0-1,1.0,2052,1476,1987,4.1
5516,Base-2358a28,1-0,0.0,2052,1476,1988,4.0
5518,Base-2358a28,1-0,0.0,2052,1476,1989,4.0
5519,New-8396454,0-1,0.0,2052,1476,1990,3.9
5517,New-8396454,1-0,1.0,2053,1476,1990,4.0
5525,New-8396454,1/2-1/2,0.5,2053,1477,1990,4.0
5520,Base-2358a28,1-0,0.0,2053,1477,1991,3.9
5521,New-8396454,0-1,0.0,2053,1477,1992,3.8
5523,New-8396454,1/2-1/2,0.5,2053,1478,1992,3.8
5522,Base-2358a28,1-0,0.0,2053,1478,1993,3.8
5524,Base-2358a28,0-1,1.0,2054,1478,1993,3.8
5526,Base-2358a28,1-0,0.0,2054,1478,1994,3.8
5528,Base-2358a28,1-0,0.0,2054,1478,1995,3.7
5529,New-8396454,1-0,1.0,2055,1478,1995,3.8
5530,Base-2358a28,1/2-1/2,0.5,2055,1479,1995,3.8
5532,Base-2358a28,1/2-1/2,0.5,2055,1480,1995,3.8
5531,New-8396454,0-1,0.0,2055,1480,1996,3.7
5527,New-8396454,0-1,0.0,2055,1480,1997,3.6
5538,Base-2358a28,1-0,0.0,2055,1480,1998,3.6
5533,New-8396454,1/2-1/2,0.5,2055,1481,1998,3.6
5534,Base-2358a28,1/2-1/2,0.5,2055,1482,1998,3.6
5535,New-8396454,1/2-1/2,0.5,2055,1483,1998,3.6
5537,New-8396454,1-0,1.0,2056,1483,1998,3.6
5539,New-8396454,1-0,1.0,2057,1483,1998,3.7
5540,Base-2358a28,0-1,1.0,2058,1483,1998,3.8
5536,Base-2358a28,1/2-1/2,0.5,2058,1484,1998,3.8
5542,Base-2358a28,1-0,0.0,2058,1484,1999,3.7
5547,New-8396454,1/2-1/2,0.5,2058,1485,1999,3.7
5543,New-8396454,1-0,1.0,2059,1485,1999,3.8
5544,Base-2358a28,0-1,1.0,2060,1485,1999,3.8
5541,New-8396454,1-0,1.0,2061,1485,1999,3.9
5545,New-8396454,1-0,1.0,2062,1485,1999,3.9
5546,Base-2358a28,0-1,1.0,2063,1485,1999,4.0
5548,Base-2358a28,0-1,1.0,2064,1485,1999,4.1
5554,Base-2358a28,1/2-1/2,0.5,2064,1486,1999,4.1
5552,Base-2358a28,0-1,1.0,2065,1486,1999,4.1
5549,New-8396454,1/2-1/2,0.5,2065,1487,1999,4.1
5551,New-8396454,1-0,1.0,2066,1487,1999,4.2
5555,New-8396454,1-0,1.0,2067,1487,1999,4.3
5550,Base-2358a28,1-0,0.0,2067,1487,2000,4.2
5556,Base-2358a28,1/2-1/2,0.5,2067,1488,2000,4.2
5557,New-8396454,1-0,1.0,2068,1488,2000,4.3
5560,Base-2358a28,1/2-1/2,0.5,2068,1489,2000,4.3
5559,New-8396454,1/2-1/2,0.5,2068,1490,2000,4.3
5558,Base-2358a28,0-1,1.0,2069,1490,2000,4.3
5553,New-8396454,1/2-1/2,0.5,2069,1491,2000,4.3
5561,New-8396454,1-0,1.0,2070,1491,2000,4.4
5563,New-8396454,1-0,1.0,2071,1491,2000,4.4
5562,Base-2358a28,1-0,0.0,2071,1491,2001,4.4
5566,Base-2358a28,1/2-1/2,0.5,2071,1492,2001,4.4
5564,Base-2358a28,1/2-1/2,0.5,2071,1493,2001,4.4
5565,New-8396454,1-0,1.0,2072,1493,2001,4.4
5569,New-8396454,0-1,0.0,2072,1493,2002,4.4
5567,New-8396454,1-0,1.0,2073,1493,2002,4.4
5571,New-8396454,0-1,0.0,2073,1493,2003,4.4
5570,Base-2358a28,1-0,0.0,2073,1493,2004,4.3
5568,Base-2358a28,1/2-1/2,0.5,2073,1494,2004,4.3
5573,New-8396454,0-1,0.0,2073,1494,2005,4.2
5574,Base-2358a28,0-1,1.0,2074,1494,2005,4.3
5572,Base-2358a28,1-0,0.0,2074,1494,2006,4.2
5576,Base-2358a28,0-1,1.0,2075,1494,2006,4.3
5579,New-8396454,1/2-1/2,0.5,2075,1495,2006,4.3
5578,Base-2358a28,0-1,1.0,2076,1495,2006,4.4
5575,New-8396454,1/2-1/2,0.5,2076,1496,2006,4.4
5577,New-8396454,1/2-1/2,0.5,2076,1497,2006,4.4
5581,New-8396454,1/2-1/2,0.5,2076,1498,2006,4.4
5580,Base-2358a28,1/2-1/2,0.5,2076,1499,2006,4.4
5582,Base-2358a28,0-1,1.0,2077,1499,2006,4.4
5584,Base-2358a28,1/2-1/2,0.5,2077,1500,2006,4.4
5586,Base-2358a28,1-0,0.0,2077,1500,2007,4.4
5583,New-8396454,1/2-1/2,0.5,2077,1501,2007,4.4
5587,New-8396454,1-0,1.0,2078,1501,2007,4.4
5585,New-8396454,1/2-1/2,0.5,2078,1502,2007,4.4
5592,Base-2358a28,1-0,0.0,2078,1502,2008,4.4
5590,Base-2358a28,1-0,0.0,2078,1502,2009,4.3
5589,New-8396454,1-0,1.0,2079,1502,2009,4.4
5588,Base-2358a28,1-0,0.0,2079,1502,2010,4.3
5591,New-8396454,0-1,0.0,2079,1502,2011,4.2
5593,New-8396454,1-0,1.0,2080,1502,2011,4.3
5595,New-8396454,1/2-1/2,0.5,2080,1503,2011,4.3
5596,Base-2358a28,1/2-1/2,0.5,2080,1504,2011,4.3
5597,New-8396454,1-0,1.0,2081,1504,2011,4.3
5594,Base-2358a28,0-1,1.0,2082,1504,2011,4.4
5598,Base-2358a28,0-1,1.0,2083,1504,2011,4.5
5601,New-8396454,1-0,1.0,2084,1504,2011,4.5
5599,New-8396454,1-0,1.0,2085,1504,2011,4.6
5600,Base-2358a28,0-1,1.0,2086,1504,2011,4.7
5602,Base-2358a28,0-1,1.0,2087,1504,2011,4.7
5603,New-8396454,0-1,0.0,2087,1504,2012,4.7
5604,Base-2358a28,1/2-1/2,0.5,2087,1505,2012,4.7
5607,New-8396454,0-1,0.0,2087,1505,2013,4.6
5605,New-8396454,1/2-1/2,0.5,2087,1506,2013,4.6
5609,New-8396454,0-1,0.0,2087,1506,2014,4.5
5606,Base-2358a28,1-0,0.0,2087,1506,2015,4.5
5608,Base-2358a28,1-0,0.0,2087,1506,2016,4.4
5612,Base-2358a28,1/2-1/2,0.5,2087,1507,2016,4.4
5610,Base-2358a28,1/2-1/2,0.5,2087,1508,2016,4.4
5613,New-8396454,1-0,1.0,2088,1508,2016,4.5
5615,New-8396454,1/2-1/2,0.5,2088,1509,2016,4.5
5614,Base-2358a28,1-0,0.0,2088,1509,2017,4.4
5611,New-8396454,0-1,0.0,2088,1509,2018,4.3
5616,Base-2358a28,1-0,0.0,2088,1509,2019,4.3
5617,New-8396454,1/2-1/2,0.5,2088,1510,2019,4.3
5618,Base-2358a28,1-0,0.0,2088,1510,2020,4.2
5619,New-8396454,1-0,1.0,2089,1510,2020,4.3
5620,Base-2358a28,0-1,1.0,2090,1510,2020,4.3
5621,New-8396454,0-1,0.0,2090,1510,2021,4.3
5623,New-8396454,0-1,0.0,2090,1510,2022,4.2
5622,Base-2358a28,1-0,0.0,2090,1510,2023,4.1
5624,Base-2358a28,1-0,0.0,2090,1510,2024,4.1
5629,New-8396454,1/2-1/2,0.5,2090,1511,2024,4.1
5628,Base-2358a28,1-0,0.0,2090,1511,2025,4.0
5626,Base-2358a28,0-1,1.0,2091,1511,2025,4.1
5627,New-8396454,1/2-1/2,0.5,2091,1512,2025,4.1
5625,New-8396454,1/2-1/2,0.5,2091,1513,2025,4.1
5630,Base-2358a28,1-0,0.0,2091,1513,2026,4.0
5633,New-8396454,0-1,0.0,2091,1513,2027,3.9
5634,Base-2358a28,0-1,1.0,2092,1513,2027,4.0
5631,New-8396454,1/2-1/2,0.5,2092,1514,2027,4.0
5632,Base-2358a28,0-1,1.0,2093,1514,2027,4.1
5635,New-8396454,1-0,1.0,2094,1514,2027,4.1
5636,Base-2358a28,0-1,1.0,2095,1514,2027,4.2
5637,New-8396454,0-1,0.0,2095,1514,2028,4.1
5638,Base-2358a28,1-0,0.0,2095,1514,2029,4.1
5642,Base-2358a28,0-1,1.0,2096,1514,2029,4.1
5641,New-8396454,0-1,0.0,2096,1514,2030,4.1
5640,Base-2358a28,1/2-1/2,0.5,2096,1515,2030,4.1
5639,New-8396454,0-1,0.0,2096,1515,2031,4.0
5643,New-8396454,1/2-1/2,0.5,2096,1516,2031,4.0
5645,New-8396454,1/2-1/2,0.5,2096,1517,2031,4.0
5646,Base-2358a28,0-1,1.0,2097,1517,2031,4.1
5644,Base-2358a28,1-0,0.0,2097,1517,2032,4.0
5649,New-8396454,0-1,0.0,2097,1517,2033,3.9
5650,Base-2358a28,1/2-1/2,0.5,2097,1518,2033,3.9
5651,New-8396454,1-0,1.0,2098,1518,2033,4.0
5648,Base-2358a28,1-0,0.0,2098,1518,2034,3.9
5647,New-8396454,1/2-1/2,0.5,2098,1519,2034,3.9
5652,Base-2358a28,1-0,0.0,2098,1519,2035,3.9
5653,New-8396454,1-0,1.0,2099,1519,2035,3.9
5654,Base-2358a28,1-0,0.0,2099,1519,2036,3.9
5655,New-8396454,1/2-1/2,0.5,2099,1520,2036,3.9
5657,New-8396454,1/2-1/2,0.5,2099,1521,2036,3.9
5658,Base-2358a28,1/2-1/2,0.5,2099,1522,2036,3.9
5659,New-8396454,1-0,1.0,2100,1522,2036,3.9
5656,Base-2358a28,1/2-1/2,0.5,2100,1523,2036,3.9
5663,New-8396454,1/2-1/2,0.5,2100,1524,2036,3.9
5662,Base-2358a28,1/2-1/2,0.5,2100,1525,2036,3.9
5660,Base-2358a28,1-0,0.0,2100,1525,2037,3.9
5661,New-8396454,1/2-1/2,0.5,2100,1526,2037,3.9
5665,New-8396454,0-1,0.0,2100,1526,2038,3.8
5666,Base-2358a28,1/2-1/2,0.5,2100,1527,2038,3.8
5664,Base-2358a28,1-0,0.0,2100,1527,2039,3.7
5667,New-8396454,1/2-1/2,0.5,2100,1528,2039,3.7
5669,New-8396454,1/2-1/2,0.5,2100,1529,2039,3.7
5670,Base-2358a28,1-0,0.0,2100,1529,2040,3.7
5668,Base-2358a28,1/2-1/2,0.5,2100,1530,2040,3.7
5671,New-8396454,0-1,0.0,2100,1530,2041,3.6
5672,Base-2358a28,1-0,0.0,2100,1530,2042,3.6
5673,New-8396454,1-0,1.0,2101,1530,2042,3.6
5677,New-8396454,0-1,0.0,2101,1530,2043,3.6
5678,Base-2358a28,1/2-1/2,0.5,2101,1531,2043,3.6
5676,Base-2358a28,0-1,1.0,2102,1531,2043,3.6
5675,New-8396454,0-1,0.0,2102,1531,2044,3.5
5674,Base-2358a28,1/2-1/2,0.5,2102,1532,2044,3.5
5679,New-8396454,1/2-1/2,0.5,2102,1533,2044,3.5
5680,Base-2358a28,1-0,0.0,2102,1533,2045,3.5
5681,New-8396454,0-1,0.0,2102,1533,2046,3.4
5682,Base-2358a28,0-1,1.0,2103,1533,2046,3.5
5684,Base-2358a28,1-0,0.0,2103,1533,2047,3.4
5686,Base-2358a28,1-0,0.0,2103,1533,2048,3.4
5683,New-8396454,1/2-1/2,0.5,2103,1534,2048,3.4
5685,New-8396454,0-1,0.0,2103,1534,2049,3.3
5688,Base-2358a28,1-0,0.0,2103,1534,2050,3.2
5687,New-8396454,0-1,0.0,2103,1534,2051,3.2
5693,New-8396454,1/2-1/2,0.5,2103,1535,2051,3.2
5690,Base-2358a28,0-1,1.0,2104,1535,2051,3.2
5692,Base-2358a28,1/2-1/2,0.5,2104,1536,2051,3.2
5689,New-8396454,1/2-1/2,0.5,2104,1537,2051,3.2
5691,New-8396454,1/2-1/2,0.5,2104,1538,2051,3.2
5694,Base-2358a28,1-0,0.0,2104,1538,2052,3.2
5696,Base-2358a28,1-0,0.0,2104,1538,2053,3.1
5695,New-8396454,0-1,0.0,2104,1538,2054,3.0
5701,New-8396454,0-1,0.0,2104,1538,2055,3.0
5700,Base-2358a28,1-0,0.0,2104,1538,2056,2.9
5698,Base-2358a28,1-0,0.0,2104,1538,2057,2.9
5697,New-8396454,1/2-1/2,0.5,2104,1539,2057,2.9
5703,New-8396454,1-0,1.0,2105,1539,2057,2.9
5699,New-8396454,0-1,0.0,2105,1539,2058,2.9
5702,Base-2358a28,1-0,0.0,2105,1539,2059,2.8
5706,Base-2358a28,1/2-1/2,0.5,2105,1540,2059,2.8
5704,Base-2358a28,0-1,1.0,2106,1540,2059,2.9
5705,New-8396454,0-1,0.0,2106,1540,2060,2.8
5707,New-8396454,0-1,0.0,2106,1540,2061,2.7
5709,New-8396454,0-1,0.0,2106,1540,2062,2.7
5712,Base-2358a28,1/2-1/2,0.5,2106,1541,2062,2.7
5710,Base-2358a28,0-1,1.0,2107,1541,2062,2.7
5711,New-8396454,0-1,0.0,2107,1541,2063,2.7
5708,Base-2358a28,1/2-1/2,0.5,2107,1542,2063,2.7
5714,Base-2358a28,1-0,0.0,2107,1542,2064,2.6
5713,New-8396454,0-1,0.0,2107,1542,2065,2.6
5718,Base-2358a28,1-0,0.0,2107,1542,2066,2.5
5715,New-8396454,1/2-1/2,0.5,2107,1543,2066,2.5
5719,New-8396454,1-0,1.0,2108,1543,2066,2.6
5717,New-8396454,1-0,1.0,2109,1543,2066,2.6
5716,Base-2358a28,1/2-1/2,0.5,2109,1544,2066,2.6
5722,Base-2358a28,1/2-1/2,0.5,2109,1545,2066,2.6
5720,Base-2358a28,1-0,0.0,2109,1545,2067,2.6
5721,New-8396454,0-1,0.0,2109,1545,2068,2.5
5723,New-8396454,1-0,1.0,2110,1545,2068,2.5
5729,New-8396454,1/2-1/2,0.5,2110,1546,2068,2.5
5724,Base-2358a28,1-0,0.0,2110,1546,2069,2.5
5728,Base-2358a28,1-0,0.0,2110,1546,2070,2.4
5725,New-8396454,0-1,0.0,2110,1546,2071,2.4
5726,Base-2358a28,0-1,1.0,2111,1546,2071,2.4
5727,New-8396454,1/2-1/2,0.5,2111,1547,2071,2.4
5733,New-8396454,1/2-1/2,0.5,2111,1548,2071,2.4
5730,Base-2358a28,1/2-1/2,0.5,2111,1549,2071,2.4
5735,New-8396454,1-0,1.0,2112,1549,2071,2.5
5734,Base-2358a28,0-1,1.0,2113,1549,2071,2.5
5737,New-8396454,0-1,0.0,2113,1549,2072,2.5
5732,Base-2358a28,1/2-1/2,0.5,2113,1550,2072,2.5
5731,New-8396454,0-1,0.0,2113,1550,2073,2.4
5736,Base-2358a28,1-0,0.0,2113,1550,2074,2.4
5739,New-8396454,1/2-1/2,0.5,2113,1551,2074,2.4
5740,Base-2358a28,1-0,0.0,2113,1551,2075,2.3
5738,Base-2358a28,1/2-1/2,0.5,2113,1552,2075,2.3
5743,New-8396454,0-1,0.0,2113,1552,2076,2.2
5741,New-8396454,1-0,1.0,2114,1552,2076,2.3
5742,Base-2358a28,1-0,0.0,2114,1552,2077,2.2
5744,Base-2358a28,0-1,1.0,2115,1552,2077,2.3
5747,New-8396454,1/2-1/2,0.5,2115,1553,2077,2.3
5745,New-8396454,1-0,1.0,2116,1553,2077,2.4
5746,Base-2358a28,0-1,1.0,2117,1553,2077,2.4
5748,Base-2358a28,1-0,0.0,2117,1553,2078,2.4
5749,New-8396454,1-0,1.0,2118,1553,2078,2.4
5750,Base-2358a28,0-1,1.0,2119,1553,2078,2.5
5752,Base-2358a28,0-1,1.0,2120,1553,2078,2.5
5754,Base-2358a28,0-1,1.0,2121,1553,2078,2.6
5756,Base-2358a28,0-1,1.0,2122,1553,2078,2.7
5751,New-8396454,1/2-1/2,0.5,2122,1554,2078,2.7
5755,New-8396454,1-0,1.0,2123,1554,2078,2.7
5757,New-8396454,0-1,0.0,2123,1554,2079,2.7
5758,Base-2358a28,0-1,1.0,2124,1554,2079,2.7
5753,New-8396454,1/2-1/2,0.5,2124,1555,2079,2.7
5759,New-8396454,1/2-1/2,0.5,2124,1556,2079,2.7
5760,Base-2358a28,1-0,0.0,2124,1556,2080,2.7
5761,New-8396454,1-0,1.0,2125,1556,2080,2.7
5762,Base-2358a28,1-0,0.0,2125,1556,2081,2.7
5763,New-8396454,0-1,0.0,2125,1556,2082,2.6
5764,Base-2358a28,0-1,1.0,2126,1556,2082,2.7
5765,New-8396454,1/2-1/2,0.5,2126,1557,2082,2.7
5766,Base-2358a28,1-0,0.0,2126,1557,2083,2.6
5767,New-8396454,1-0,1.0,2127,1557,2083,2.7
5769,New-8396454,1/2-1/2,0.5,2127,1558,2083,2.7
5768,Base-2358a28,0-1,1.0,2128,1558,2083,2.7
5772,Base-2358a28,1/2-1/2,0.5,2128,1559,2083,2.7
5771,New-8396454,0-1,0.0,2128,1559,2084,2.6
5770,Base-2358a28,1/2-1/2,0.5,2128,1560,2084,2.6
5774,Base-2358a28,0-1,1.0,2129,1560,2084,2.7
5778,Base-2358a28,1-0,0.0,2129,1560,2085,2.6
5775,New-8396454,0-1,0.0,2129,1560,2086,2.6
5773,New-8396454,1/2-1/2,0.5,2129,1561,2086,2.6
5776,Base-2358a28,1-0,0.0,2129,1561,2087,2.5
5777,New-8396454,1-0,1.0,2130,1561,2087,2.6
5779,New-8396454,0-1,0.0,2130,1561,2088,2.5
5784,Base-2358a28,1/2-1/2,0.5,2130,1562,2088,2.5
5781,New-8396454,1-0,1.0,2131,1562,2088,2.6
5780,Base-2358a28,1-0,0.0,2131,1562,2089,2.5
5785,New-8396454,1/2-1/2,0.5,2131,1563,2089,2.5
5783,New-8396454,1-0,1.0,2132,1563,2089,2.6
5782,Base-2358a28,1-0,0.0,2132,1563,2090,2.5
5786,Base-2358a28,1/2-1/2,0.5,2132,1564,2090,2.5
5788,Base-2358a28,0-1,1.0,2133,1564,2090,2.6
5789,New-8396454,1/2-1/2,0.5,2133,1565,2090,2.6
5787,New-8396454,0-1,0.0,2133,1565,2091,2.5
5790,Base-2358a28,1/2-1/2,0.5,2133,1566,2091,2.5
5791,New-8396454,0-1,0.0,2133,1566,2092,2.5
5793,New-8396454,1-0,1.0,2134,1566,2092,2.5
5792,Base-2358a28,1-0,0.0,2134,1566,2093,2.5
5798,Base-2358a28,1/2-1/2,0.5,2134,1567,2093,2.5
5794,Base-2358a28,1-0,0.0,2134,1567,2094,2.4
5795,New-8396454,1/2-1/2,0.5,2134,1568,2094,2.4
5797,New-8396454,1-0,1.0,2135,1568,2094,2.5
5796,Base-2358a28,1-0,0.0,2135,1568,2095,2.4
5800,Base-2358a28,1/2-1/2,0.5,2135,1569,2095,2.4
5799,New-8396454,1-0,1.0,2136,1569,2095,2.5
5801,New-8396454,0-1,0.0,2136,1569,2096,2.4
5802,Base-2358a28,0-1,1.0,2137,1569,2096,2.5
5806,Base-2358a28,0-1,1.0,2138,1569,2096,2.5
5807,New-8396454,1/2-1/2,0.5,2138,1570,2096,2.5
5803,New-8396454,0-1,0.0,2138,1570,2097,2.5
5804,Base-2358a28,0-1,1.0,2139,1570,2097,2.5
5808,Base-2358a28,0-1,1.0,2140,1570,2097,2.6
5809,New-8396454,1/2-1/2,0.5,2140,1571,2097,2.6
5805,New-8396454,0-1,0.0,2140,1571,2098,2.5
5810,Base-2358a28,1-0,0.0,2140,1571,2099,2.5
5811,New-8396454,1-0,1.0,2141,1571,2099,2.5
5814,Base-2358a28,0-1,1.0,2142,1571,2099,2.6
5812,Base-2358a28,0-1,1.0,2143,1571,2099,2.6
5813,New-8396454,0-1,0.0,2143,1571,2100,2.6
5815,New-8396454,1-0,1.0,2144,1571,2100,2.6
5816,Base-2358a28,0-1,1.0,2145,1571,2100,2.7
5817,New-8396454,1-0,1.0,2146,1571,2100,2.7
5818,Base-2358a28,1/2-1/2,0.5,2146,1572,2100,2.7
5819,New-8396454,0-1,0.0,2146,1572,2101,2.7
5820,Base-2358a28,1/2-1/2,0.5,2146,1573,2101,2.7
5821,New-8396454,1-0,1.0,2147,1573,2101,2.7
5822,Base-2358a28,1-0,0.0,2147,1573,2102,2.7
5824,Base-2358a28,1/2-1/2,0.5,2147,1574,2102,2.7
5823,New-8396454,1-0,1.0,2148,1574,2102,2.7
5825,New-8396454,1-0,1.0,2149,1574,2102,2.8
5827,New-8396454,0-1,0.0,2149,1574,2103,2.7
5826,Base-2358a28,1-0,0.0,2149,1574,2104,2.7
5828,Base-2358a28,1-0,0.0,2149,1574,2105,2.6
5829,New-8396454,0-1,0.0,2149,1574,2106,2.6
5832,Base-2358a28,1/2-1/2,0.5,2149,1575,2106,2.6
5830,Base-2358a28,1/2-1/2,0.5,2149,1576,2106,2.6
5831,New-8396454,1/2-1/2,0.5,2149,1577,2106,2.6
5833,New-8396454,1-0,1.0,2150,1577,2106,2.6
5836,Base-2358a28,1-0,0.0,2150,1577,2107,2.6
5834,Base-2358a28,1/2-1/2,0.5,2150,1578,2107,2.6
5837,New-8396454,0-1,0.0,2150,1578,2108,2.5
5835,New-8396454,1-0,1.0,2151,1578,2108,2.6
5839,New-8396454,0-1,0.0,2151,1578,2109,2.5
5838,Base-2358a28,0-1,1.0,2152,1578,2109,2.6
5840,Base-2358a28,0-1,1.0,2153,1578,2109,2.6
5841,New-8396454,0-1,0.0,2153,1578,2110,2.6
5842,Base-2358a28,0-1,1.0,2154,1578,2110,2.6
5846,Base-2358a28,0-1,1.0,2155,1578,2110,2.7
5844,Base-2358a28,1/2-1/2,0.5,2155,1579,2110,2.7
5843,New-8396454,1-0,1.0,2156,1579,2110,2.7
5848,Base-2358a28,1-0,0.0,2156,1579,2111,2.7
5845,New-8396454,1/2-1/2,0.5,2156,1580,2111,2.7
5847,New-8396454,0-1,0.0,2156,1580,2112,2.6
5849,New-8396454,1-0,1.0,2157,1580,2112,2.7
5850,Base-2358a28,1-0,0.0,2157,1580,2113,2.6
5852,Base-2358a28,1-0,0.0,2157,1580,2114,2.6
5851,New-8396454,1/2-1/2,0.5,2157,1581,2114,2.6
5853,New-8396454,1-0,1.0,2158,1581,2114,2.6
5854,Base-2358a28,1-0,0.0,2158,1581,2115,2.6
5857,New-8396454,0-1,0.0,2158,1581,2116,2.5
5855,New-8396454,1-0,1.0,2159,1581,2116,2.6
5856,Base-2358a28,0-1,1.0,2160,1581,2116,2.6
5858,Base-2358a28,1-0,0.0,2160,1581,2117,2.6
5865,New-8396454,0-1,0.0,2160,1581,2118,2.5
5859,New-8396454,1/2-1/2,0.5,2160,1582,2118,2.5
5864,Base-2358a28,0-1,1.0,2161,1582,2118,2.5
5860,Base-2358a28,0-1,1.0,2162,1582,2118,2.6
5861,New-8396454,1-0,1.0,2163,1582,2118,2.7
5863,New-8396454,1/2-1/2,0.5,2163,1583,2118,2.7
5862,Base-2358a28,0-1,1.0,2164,1583,2118,2.7
5866,Base-2358a28,1/2-1/2,0.5,2164,1584,2118,2.7
5870,Base-2358a28,1-0,0.0,2164,1584,2119,2.7
5869,New-8396454,0-1,0.0,2164,1584,2120,2.6
5868,Base-2358a28,1-0,0.0,2164,1584,2121,2.5
5867,New-8396454,1-0,1.0,2165,1584,2121,2.6
5872,Base-2358a28,1/2-1/2,0.5,2165,1585,2121,2.6
5871,New-8396454,1-0,1.0,2166,1585,2121,2.7
5874,Base-2358a28,0-1,1.0,2167,1585,2121,2.7
5873,New-8396454,0-1,0.0,2167,1585,2122,2.7
5877,New-8396454,1/2-1/2,0.5,2167,1586,2122,2.7
5875,New-8396454,1/2-1/2,0.5,2167,1587,2122,2.7
5878,Base-2358a28,1-0,0.0,2167,1587,2123,2.6
5879,New-8396454,0-1,0.0,2167,1587,2124,2.5
5883,New-8396454,1/2-1/2,0.5,2167,1588,2124,2.5
5876,Base-2358a28,1/2-1/2,0.5,2167,1589,2124,2.5
5881,New-8396454,1-0,1.0,2168,1589,2124,2.6
5880,Base-2358a28,0-1,1.0,2169,1589,2124,2.7
5884,Base-2358a28,0-1,1.0,2170,1589,2124,2.7
5882,Base-2358a28,0-1,1.0,2171,1589,2124,2.8
5887,New-8396454,1/2-1/2,0.5,2171,1590,2124,2.8
5885,New-8396454,0-1,0.0,2171,1590,2125,2.7
5891,New-8396454,1/2-1/2,0.5,2171,1591,2125,2.7
5886,Base-2358a28,1-0,0.0,2171,1591,2126,2.7
5889,New-8396454,1/2-1/2,0.5,2171,1592,2126,2.7
5888,Base-2358a28,1/2-1/2,0.5,2171,1593,2126,2.7
5890,Base-2358a28,1-0,0.0,2171,1593,2127,2.6
5892,Base-2358a28,1-0,0.0,2171,1593,2128,2.5
5895,New-8396454,1/2-1/2,0.5,2171,1594,2128,2.5
5893,New-8396454,1-0,1.0,2172,1594,2128,2.6
5894,Base-2358a28,1/2-1/2,0.5,2172,1595,2128,2.6
5896,Base-2358a28,1-0,0.0,2172,1595,2129,2.5
5899,New-8396454,0-1,0.0,2172,1595,2130,2.5
5897,New-8396454,1-0,1.0,2173,1595,2130,2.5
5900,Base-2358a28,1-0,0.0,2173,1595,2131,2.5
5898,Base-2358a28,0-1,1.0,2174,1595,2131,2.5
5901,New-8396454,0-1,0.0,2174,1595,2132,2.5
5902,Base-2358a28,0-1,1.0,2175,1595,2132,2.5
5904,Base-2358a28,0-1,1.0,2176,1595,2132,2.6
5903,New-8396454,1-0,1.0,2177,1595,2132,2.6
5905,New-8396454,1-0,1.0,2178,1595,2132,2.7
5906,Base-2358a28,1/2-1/2,0.5,2178,1596,2132,2.7
5908,Base-2358a28,1/2-1/2,0.5,2178,1597,2132,2.7
5907,New-8396454,1-0,1.0,2179,1597,2132,2.8
5909,New-8396454,0-1,0.0,2179,1597,2133,2.7
5910,Base-2358a28,1-0,0.0,2179,1597,2134,2.6
5912,Base-2358a28,1-0,0.0,2179,1597,2135,2.6
5911,New-8396454,1/2-1/2,0.5,2179,1598,2135,2.6
5913,New-8396454,1/2-1/2,0.5,2179,1599,2135,2.6
5919,New-8396454,1/2-1/2,0.5,2179,1600,2135,2.6
5915,New-8396454,0-1,0.0,2179,1600,2136,2.5
5914,Base-2358a28,0-1,1.0,2180,1600,2136,2.6
5916,Base-2358a28,1-0,0.0,2180,1600,2137,2.5
5921,New-8396454,1/2-1/2,0.5,2180,1601,2137,2.5
5917,New-8396454,1/2-1/2,0.5,2180,1602,2137,2.5
5918,Base-2358a28,1/2-1/2,0.5,2180,1603,2137,2.5
5922,Base-2358a28,1-0,0.0,2180,1603,2138,2.5
5920,Base-2358a28,0-1,1.0,2181,1603,2138,2.5
5923,New-8396454,1-0,1.0,2182,1603,2138,2.6
5924,Base-2358a28,1-0,0.0,2182,1603,2139,2.5
5925,New-8396454,0-1,0.0,2182,1603,2140,2.5
5928,Base-2358a28,1/2-1/2,0.5,2182,1604,2140,2.5
5926,Base-2358a28,1/2-1/2,0.5,2182,1605,2140,2.5
5927,New-8396454,1-0,1.0,2183,1605,2140,2.5
5932,Base-2358a28,0-1,1.0,2184,1605,2140,2.6
5930,Base-2358a28,1-0,0.0,2184,1605,2141,2.5
5929,New-8396454,1-0,1.0,2185,1605,2141,2.6
5931,New-8396454,0-1,0.0,2185,1605,2142,2.5
5934,Base-2358a28,1-0,0.0,2185,1605,2143,2.5
5933,New-8396454,1/2-1/2,0.5,2185,1606,2143,2.5
5936,Base-2358a28,0-1,1.0,2186,1606,2143,2.5
5935,New-8396454,1-0,1.0,2187,1606,2143,2.6
5937,New-8396454,1-0,1.0,2188,1606,2143,2.6
5939,New-8396454,1/2-1/2,0.5,2188,1607,2143,2.6
5940,Base-2358a28,1-0,0.0,2188,1607,2144,2.6
5941,New-8396454,0-1,0.0,2188,1607,2145,2.5
5938,Base-2358a28,0-1,1.0,2189,1607,2145,2.6
5943,New-8396454,1-0,1.0,2190,1607,2145,2.6
5942,Base-2358a28,1-0,0.0,2190,1607,2146,2.6
5945,New-8396454,0-1,0.0,2190,1607,2147,2.5
5944,Base-2358a28,0-1,1.0,2191,1607,2147,2.6
5947,New-8396454,1/2-1/2,0.5,2191,1608,2147,2.6
5946,Base-2358a28,0-1,1.0,2192,1608,2147,2.6
5948,Base-2358a28,0-1,1.0,2193,1608,2147,2.7
5951,New-8396454,0-1,0.0,2193,1608,2148,2.6
5950,Base-2358a28,1/2-1/2,0.5,2193,1609,2148,2.6
5949,New-8396454,1/2-1/2,0.5,2193,1610,2148,2.6
5953,New-8396454,1/2-1/2,0.5,2193,1611,2148,2.6
5952,Base-2358a28,1/2-1/2,0.5,2193,1612,2148,2.6
5956,Base-2358a28,0-1,1.0,2194,1612,2148,2.7
5955,New-8396454,1/2-1/2,0.5,2194,1613,2148,2.7
5954,Base-2358a28,1-0,0.0,2194,1613,2149,2.6
5957,New-8396454,1-0,1.0,2195,1613,2149,2.7
5959,New-8396454,0-1,0.0,2195,1613,2150,2.6
5958,Base-2358a28,0-1,1.0,2196,1613,2150,2.7
5960,Base-2358a28,1-0,0.0,2196,1613,2151,2.6
5967,New-8396454,1/2-1/2,0.5,2196,1614,2151,2.6
5963,New-8396454,1/2-1/2,0.5,2196,1615,2151,2.6
5962,Base-2358a28,1-0,0.0,2196,1615,2152,2.6
5961,New-8396454,1/2-1/2,0.5,2196,1616,2152,2.6
5966,Base-2358a28,0-1,1.0,2197,1616,2152,2.6
5965,New-8396454,1-0,1.0,2198,1616,2152,2.7
5968,Base-2358a28,1/2-1/2,0.5,2198,1617,2152,2.7
5972,Base-2358a28,1/2-1/2,0.5,2198,1618,2152,2.7
5969,New-8396454,1-0,1.0,2199,1618,2152,2.7
5971,New-8396454,1-0,1.0,2200,1618,2152,2.8
5964,Base-2358a28,1/2-1/2,0.5,2200,1619,2152,2.8
5974,Base-2358a28,0-1,1.0,2201,1619,2152,2.9
5970,Base-2358a28,0-1,1.0,2202,1619,2152,2.9
5973,New-8396454,1-0,1.0,2203,1619,2152,3.0
5977,New-8396454,1/2-1/2,0.5,2203,1620,2152,3.0
5981,New-8396454,1/2-1/2,0.5,2203,1621,2152,3.0
5976,Base-2358a28,0-1,1.0,2204,1621,2152,3.0
5975,New-8396454,0-1,0.0,2204,1621,2153,3.0
5980,Base-2358a28,1-0,0.0,2204,1621,2154,2.9
5983,New-8396454,1/2-1/2,0.5,2204,1622,2154,2.9
5984,Base-2358a28,0-1,1.0,2205,1622,2154,3.0
5978,Base-2358a28,1/2-1/2,0.5,2205,1623,2154,3.0
5979,New-8396454,0-1,0.0,2205,1623,2155,2.9
5982,Base-2358a28,0-1,1.0,2206,1623,2155,3.0
5985,New-8396454,1/2-1/2,0.5,2206,1624,2155,3.0
5986,Base-2358a28,0-1,1.0,2207,1624,2155,3.0
5988,Base-2358a28,1/2-1/2,0.5,2207,1625,2155,3.0
5989,New-8396454,0-1,0.0,2207,1625,2156,3.0
5991,New-8396454,1-0,1.0,2208,1625,2156,3.0
5990,Base-2358a28,1/2-1/2,0.5,2208,1626,2156,3.0
5987,New-8396454,1/2-1/2,0.5,2208,1627,2156,3.0
5993,New-8396454,0-1,0.0,2208,1627,2157,3.0
5992,Base-2358a28,0-1,1.0,2209,1627,2157,3.0
5994,Base-2358a28,0-1,1.0,2210,1627,2157,3.1
5995,New-8396454,1-0,1.0,2211,1627,2157,3.1
5996,Base-2358a28,0-1,1.0,2212,1627,2157,3.2
5997,New-8396454,0-1,0.0,2212,1627,2158,3.1
6001,New-8396454,1-0,1.0,2213,1627,2158,3.2
5999,New-8396454,1-0,1.0,2214,1627,2158,3.2
5998,Base-2358a28,0-1,1.0,2215,1627,2158,3.3
6002,Base-2358a28,0-1,1.0,2216,1627,2158,3.4
6000,Base-2358a28,0-1,1.0,2217,1627,2158,3.4
6003,New-8396454,1/2-1/2,0.5,2217,1628,2158,3.4
6004,Base-2358a28,1/2-1/2,0.5,2217,1629,2158,3.4
6005,New-8396454,1-0,1.0,2218,1629,2158,3.5
6006,Base-2358a28,1/2-1/2,0.5,2218,1630,2158,3.5
6008,Base-2358a28,1/2-1/2,0.5,2218,1631,2158,3.5
6007,New-8396454,1-0,1.0,2219,1631,2158,3.5
6009,New-8396454,1-0,1.0,2220,1631,2158,3.6
6010,Base-2358a28,1-0,0.0,2220,1631,2159,3.5
6012,Base-2358a28,1/2-1/2,0.5,2220,1632,2159,3.5
6011,New-8396454,0-1,0.0,2220,1632,2160,3.5
6016,Base-2358a28,1/2-1/2,0.5,2220,1633,2160,3.5
6013,New-8396454,0-1,0.0,2220,1633,2161,3.4
6018,Base-2358a28,1-0,0.0,2220,1633,2162,3.4
6015,New-8396454,0-1,0.0,2220,1633,2163,3.3
6014,Base-2358a28,0-1,1.0,2221,1633,2163,3.3
6020,Base-2358a28,0-1,1.0,2222,1633,2163,3.4
6017,New-8396454,0-1,0.0,2222,1633,2164,3.3
6021,New-8396454,0-1,0.0,2222,1633,2165,3.3
6019,New-8396454,1-0,1.0,2223,1633,2165,3.3
6022,Base-2358a28,0-1,1.0,2224,1633,2165,3.4
6024,Base-2358a28,1/2-1/2,0.5,2224,1634,2165,3.4
6025,New-8396454,0-1,0.0,2224,1634,2166,3.3
6023,New-8396454,1/2-1/2,0.5,2224,1635,2166,3.3
6026,Base-2358a28,1-0,0.0,2224,1635,2167,3.3
6028,Base-2358a28,0-1,1.0,2225,1635,2167,3.3
6027,New-8396454,1-0,1.0,2226,1635,2167,3.4
6029,New-8396454,1-0,1.0,2227,1635,2167,3.5
6031,New-8396454,1-0,1.0,2228,1635,2167,3.5
6030,Base-2358a28,1-0,0.0,2228,1635,2168,3.5
6032,Base-2358a28,1-0,0.0,2228,1635,2169,3.4
6036,Base-2358a28,1/2-1/2,0.5,2228,1636,2169,3.4
6037,New-8396454,1/2-1/2,0.5,2228,1637,2169,3.4
6034,Base-2358a28,0-1,1.0,2229,1637,2169,3.5
6033,New-8396454,1-0,1.0,2230,1637,2169,3.5
6038,Base-2358a28,0-1,1.0,2231,1637,2169,3.6
6035,New-8396454,1/2-1/2,0.5,2231,1638,2169,3.6
6039,New-8396454,0-1,0.0,2231,1638,2170,3.5
6042,Base-2358a28,1/2-1/2,0.5,2231,1639,2170,3.5
6040,Base-2358a28,1-0,0.0,2231,1639,2171,3.5
6043,New-8396454,0-1,0.0,2231,1639,2172,3.4
6041,New-8396454,1/2-1/2,0.5,2231,1640,2172,3.4
6044,Base-2358a28,0-1,1.0,2232,1640,2172,3.4
6045,New-8396454,1/2-1/2,0.5,2232,1641,2172,3.4
6047,New-8396454,1/2-1/2,0.5,2232,1642,2172,3.4
6051,New-8396454,0-1,0.0,2232,1642,2173,3.4
6046,Base-2358a28,1-0,0.0,2232,1642,2174,3.3
6048,Base-2358a28,0-1,1.0,2233,1642,2174,3.4
6050,Base-2358a28,1/2-1/2,0.5,2233,1643,2174,3.4
6049,New-8396454,1-0,1.0,2234,1643,2174,3.4
6052,Base-2358a28,0-1,1.0,2235,1643,2174,3.5
6055,New-8396454,0-1,0.0,2235,1643,2175,3.4
6056,Base-2358a28,1/2-1/2,0.5,2235,1644,2175,3.4
6053,New-8396454,0-1,0.0,2235,1644,2176,3.4
6054,Base-2358a28,1-0,0.0,2235,1644,2177,3.3
6063,New-8396454,1-0,1.0,2236,1644,2177,3.4
6058,Base-2358a28,0-1,1.0,2237,1644,2177,3.4
6060,Base-2358a28,1-0,0.0,2237,1644,2178,3.4
6057,New-8396454,0-1,0.0,2237,1644,2179,3.3
6061,New-8396454,0-1,0.0,2237,1644,2180,3.3
6059,New-8396454,1-0,1.0,2238,1644,2180,3.3
6062,Base-2358a28,1-0,0.0,2238,1644,2181,3.3
6064,Base-2358a28,0-1,1.0,2239,1644,2181,3.3
6066,Base-2358a28,1-0,0.0,2239,1644,2182,3.3
6069,New-8396454,1/2-1/2,0.5,2239,1645,2182,3.3
6065,New-8396454,1-0,1.0,2240,1645,2182,3.3
6068,Base-2358a28,1/2-1/2,0.5,2240,1646,2182,3.3
6067,New-8396454,0-1,0.0,2240,1646,2183,3.3
6070,Base-2358a28,0-1,1.0,2241,1646,2183,3.3
6071,New-8396454,1/2-1/2,0.5,2241,1647,2183,3.3
6072,Base-2358a28,1-0,0.0,2241,1647,2184,3.3
6073,New-8396454,1-0,1.0,2242,1647,2184,3.3
6074,Base-2358a28,0-1,1.0,2243,1647,2184,3.4
6077,New-8396454,0-1,0.0,2243,1647,2185,3.3
6076,Base-2358a28,1/2-1/2,0.5,2243,1648,2185,3.3
6078,Base-2358a28,0-1,1.0,2244,1648,2185,3.4
6075,New-8396454,0-1,0.0,2244,1648,2186,3.3
6082,Base-2358a28,1-0,0.0,2244,1648,2187,3.3
6079,New-8396454,0-1,0.0,2244,1648,2188,3.2
6081,New-8396454,1-0,1.0,2245,1648,2188,3.3
6080,Base-2358a28,0-1,1.0,2246,1648,2188,3.3
6083,New-8396454,1/2-1/2,0.5,2246,1649,2188,3.3
6084,Base-2358a28,0-1,1.0,2247,1649,2188,3.4
6086,Base-2358a28,1/2-1/2,0.5,2247,1650,2188,3.4
6085,New-8396454,1/2-1/2,0.5,2247,1651,2188,3.4
6087,New-8396454,1-0,1.0,2248,1651,2188,3.4
6088,Base-2358a28,0-1,1.0,2249,1651,2188,3.5
6089,New-8396454,0-1,0.0,2249,1651,2189,3.4
6090,Base-2358a28,1/2-1/2,0.5,2249,1652,2189,3.4
6091,New-8396454,1-0,1.0,2250,1652,2189,3.5
6093,New-8396454,0-1,0.0,2250,1652,2190,3.4
6094,Base-2358a28,1/2-1/2,0.5,2250,1653,2190,3.4
6095,New-8396454,0-1,0.0,2250,1653,2191,3.4
6097,New-8396454,0-1,0.0,2250,1653,2192,3.3
6092,Base-2358a28,1/2-1/2,0.5,2250,1654,2192,3.3
6096,Base-2358a28,1-0,0.0,2250,1654,2193,3.2
6099,New-8396454,0-1,0.0,2250,1654,2194,3.2
6101,New-8396454,0-1,0.0,2250,1654,2195,3.1
6100,Base-2358a28,0-1,1.0,2251,1654,2195,3.2
6098,Base-2358a28,1/2-1/2,0.5,2251,1655,2195,3.2
6104,Base-2358a28,1-0,0.0,2251,1655,2196,3.1
6102,Base-2358a28,1-0,0.0,2251,1655,2197,3.1
6103,New-8396454,1-0,1.0,2252,1655,2197,3.1
6105,New-8396454,1-0,1.0,2253,1655,2197,3.2
6106,Base-2358a28,0-1,1.0,2254,1655,2197,3.2
6110,Base-2358a28,0-1,1.0,2255,1655,2197,3.3
6108,Base-2358a28,0-1,1.0,2256,1655,2197,3.4
6107,New-8396454,0-1,0.0,2256,1655,2198,3.3
6111,New-8396454,1-0,1.0,2257,1655,2198,3.4
6112,Base-2358a28,0-1,1.0,2258,1655,2198,3.4
6109,New-8396454,0-1,0.0,2258,1655,2199,3.4
6114,Base-2358a28,1-0,0.0,2258,1655,2200,3.3
6113,New-8396454,1-0,1.0,2259,1655,2200,3.4
6118,Base-2358a28,1-0,0.0,2259,1655,2201,3.3
6115,New-8396454,0-1,0.0,2259,1655,2202,3.2
6119,New-8396454,1/2-1/2,0.5,2259,1656,2202,3.2
6117,New-8396454,0-1,0.0,2259,1656,2203,3.2
6116,Base-2358a28,1-0,0.0,2259,1656,2204,3.1
6120,Base-2358a28,1/2-1/2,0.5,2259,1657,2204,3.1
6121,New-8396454,0-1,0.0,2259,1657,2205,3.1
6122,Base-2358a28,1-0,0.0,2259,1657,2206,3.0
6123,New-8396454,1-0,1.0,2260,1657,2206,3.1
6125,New-8396454,1-0,1.0,2261,1657,2206,3.1
6124,Base-2358a28,1-0,0.0,2261,1657,2207,3.1
6128,Base-2358a28,1-0,0.0,2261,1657,2208,3.0
6127,New-8396454,1-0,1.0,2262,1657,2208,3.1
6126,Base-2358a28,1-0,0.0,2262,1657,2209,3.0
6129,New-8396454,0-1,0.0,2262,1657,2210,2.9
6130,Base-2358a28,1-0,0.0,2262,1657,2211,2.9
6131,New-8396454,1/2-1/2,0.5,2262,1658,2211,2.9
6133,New-8396454,1-0,1.0,2263,1658,2211,2.9
6132,Base-2358a28,0-1,1.0,2264,1658,2211,3.0
6134,Base-2358a28,0-1,1.0,2265,1658,2211,3.1
6137,New-8396454,1/2-1/2,0.5,2265,1659,2211,3.1
6135,New-8396454,1/2-1/2,0.5,2265,1660,2211,3.1
6136,Base-2358a28,0-1,1.0,2266,1660,2211,3.1
6140,Base-2358a28,1/2-1/2,0.5,2266,1661,2211,3.1
6138,Base-2358a28,1-0,0.0,2266,1661,2212,3.1
6139,New-8396454,0-1,0.0,2266,1661,2213,3.0
6141,New-8396454,1/2-1/2,0.5,2266,1662,2213,3.0
6142,Base-2358a28,1/2-1/2,0.5,2266,1663,2213,3.0
6144,Base-2358a28,1/2-1/2,0.5,2266,1664,2213,3.0
6143,New-8396454,1/2-1/2,0.5,2266,1665,2213,3.0
6146,Base-2358a28,0-1,1.0,2267,1665,2213,3.1
6145,New-8396454,0-1,0.0,2267,1665,2214,3.0
6147,New-8396454,1/2-1/2,0.5,2267,1666,2214,3.0
6148,Base-2358a28,1-0,0.0,2267,1666,2215,2.9
6149,New-8396454,0-1,0.0,2267,1666,2216,2.9
6151,New-8396454,1/2-1/2,0.5,2267,1667,2216,2.9
6150,Base-2358a28,0-1,1.0,2268,1667,2216,2.9
6154,Base-2358a28,1/2-1/2,0.5,2268,1668,2216,2.9
6152,Base-2358a28,1-0,0.0,2268,1668,2217,2.9
6153,New-8396454,1-0,1.0,2269,1668,2217,2.9
6155,New-8396454,0-1,0.0,2269,1668,2218,2.9
6156,Base-2358a28,1-0,0.0,2269,1668,2219,2.8
6157,New-8396454,1-0,1.0,2270,1668,2219,2.9
6160,Base-2358a28,0-1,1.0,2271,1668,2219,2.9
6158,Base-2358a28,1/2-1/2,0.5,2271,1669,2219,2.9
6159,New-8396454,1-0,1.0,2272,1669,2219,3.0
6161,New-8396454,0-1,0.0,2272,1669,2220,2.9
6163,New-8396454,0-1,0.0,2272,1669,2221,2.9
6164,Base-2358a28,1/2-1/2,0.5,2272,1670,2221,2.9
6162,Base-2358a28,1-0,0.0,2272,1670,2222,2.8
6166,Base-2358a28,1-0,0.0,2272,1670,2223,2.8
6169,New-8396454,0-1,0.0,2272,1670,2224,2.7
6165,New-8396454,0-1,0.0,2272,1670,2225,2.6
6167,New-8396454,1-0,1.0,2273,1670,2225,2.7
6168,Base-2358a28,1-0,0.0,2273,1670,2226,2.6
6170,Base-2358a28,0-1,1.0,2274,1670,2226,2.7
6171,New-8396454,1-0,1.0,2275,1670,2226,2.8
6172,Base-2358a28,0-1,1.0,2276,1670,2226,2.8
6174,Base-2358a28,1-0,0.0,2276,1670,2227,2.8
6178,Base-2358a28,0-1,1.0,2277,1670,2227,2.8
6173,New-8396454,1-0,1.0,2278,1670,2227,2.9
6175,New-8396454,1-0,1.0,2279,1670,2227,2.9
6176,Base-2358a28,0-1,1.0,2280,1670,2227,3.0
6177,New-8396454,1-0,1.0,2281,1670,2227,3.0
6180,Base-2358a28,1/2-1/2,0.5,2281,1671,2227,3.0
6181,New-8396454,1/2-1/2,0.5,2281,1672,2227,3.0
6179,New-8396454,1-0,1.0,2282,1672,2227,3.1
6182,Base-2358a28,1-0,0.0,2282,1672,2228,3.0
6187,New-8396454,1-0,1.0,2283,1672,2228,3.1
6184,Base-2358a28,0-1,1.0,2284,1672,2228,3.1
6185,New-8396454,0-1,0.0,2284,1672,2229,3.1
6183,New-8396454,1/2-1/2,0.5,2284,1673,2229,3.1
6186,Base-2358a28,0-1,1.0,2285,1673,2229,3.1
6188,Base-2358a28,0-1,1.0,2286,1673,2229,3.2
6190,Base-2358a28,0-1,1.0,2287,1673,2229,3.3
6189,New-8396454,0-1,0.0,2287,1673,2230,3.2
6191,New-8396454,1/2-1/2,0.5,2287,1674,2230,3.2
6193,New-8396454,0-1,0.0,2287,1674,2231,3.1
6192,Base-2358a28,1-0,0.0,2287,1674,2232,3.1
6194,Base-2358a28,1/2-1/2,0.5,2287,1675,2232,3.1
6195,New-8396454,1-0,1.0,2288,1675,2232,3.1
6197,New-8396454,1-0,1.0,2289,1675,2232,3.2
6198,Base-2358a28,0-1,1.0,2290,1675,2232,3.3
6196,Base-2358a28,0-1,1.0,2291,1675,2232,3.3
6200,Base-2358a28,0-1,1.0,2292,1675,2232,3.4
6199,New-8396454,1/2-1/2,0.5,2292,1676,2232,3.4
6201,New-8396454,1-0,1.0,2293,1676,2232,3.4
6205,New-8396454,1-0,1.0,2294,1676,2232,3.5
6203,New-8396454,0-1,0.0,2294,1676,2233,3.4
6206,Base-2358a28,0-1,1.0,2295,1676,2233,3.5
6208,Base-2358a28,0-1,1.0,2296,1676,2233,3.5
6204,Base-2358a28,0-1,1.0,2297,1676,2233,3.6
6202,Base-2358a28,1-0,0.0,2297,1676,2234,3.5
6207,New-8396454,1-0,1.0,2298,1676,2234,3.6
6210,Base-2358a28,0-1,1.0,2299,1676,2234,3.6
6213,New-8396454,0-1,0.0,2299,1676,2235,3.6
6209,New-8396454,0-1,0.0,2299,1676,2236,3.5
6211,New-8396454,0-1,0.0,2299,1676,2237,3.5
6216,Base-2358a28,1-0,0.0,2299,1676,2238,3.4
6212,Base-2358a28,0-1,1.0,2300,1676,2238,3.5
6215,New-8396454,1-0,1.0,2301,1676,2238,3.5
6214,Base-2358a28,0-1,1.0,2302,1676,2238,3.6
6217,New-8396454,0-1,0.0,2302,1676,2239,3.5
6219,New-8396454,0-1,0.0,2302,1676,2240,3.5
6218,Base-2358a28,0-1,1.0,2303,1676,2240,3.5
6220,Base-2358a28,0-1,1.0,2304,1676,2240,3.6
6224,Base-2358a28,1-0,0.0,2304,1676,2241,3.5
6223,New-8396454,1-0,1.0,2305,1676,2241,3.6
6221,New-8396454,1/2-1/2,0.5,2305,1677,2241,3.6
6222,Base-2358a28,1/2-1/2,0.5,2305,1678,2241,3.6
6228,Base-2358a28,1/2-1/2,0.5,2305,1679,2241,3.6
6229,New-8396454,0-1,0.0,2305,1679,2242,3.5
6227,New-8396454,1-0,1.0,2306,1679,2242,3.6
6225,New-8396454,1/2-1/2,0.5,2306,1680,2242,3.6
6226,Base-2358a28,1-0,0.0,2306,1680,2243,3.5
6231,New-8396454,0-1,0.0,2306,1680,2244,3.5
6230,Base-2358a28,1/2-1/2,0.5,2306,1681,2244,3.5
6232,Base-2358a28,1-0,0.0,2306,1681,2245,3.4
6239,New-8396454,1/2-1/2,0.5,2306,1682,2245,3.4
6237,New-8396454,1-0,1.0,2307,1682,2245,3.5
6240,Base-2358a28,0-1,1.0,2308,1682,2245,3.5
6236,Base-2358a28,1/2-1/2,0.5,2308,1683,2245,3.5
6233,New-8396454,1-0,1.0,2309,1683,2245,3.6
6235,New-8396454,0-1,0.0,2309,1683,2246,3.5
6238,Base-2358a28,0-1,1.0,2310,1683,2246,3.6
6234,Base-2358a28,1/2-1/2,0.5,2310,1684,2246,3.6
6242,Base-2358a28,1-0,0.0,2310,1684,2247,3.5
6243,New-8396454,1-0,1.0,2311,1684,2247,3.6
6245,New-8396454,0-1,0.0,2311,1684,2248,3.5
6241,New-8396454,1-0,1.0,2312,1684,2248,3.6
6244,Base-2358a28,1-0,0.0,2312,1684,2249,3.5
6247,New-8396454,1/2-1/2,0.5,2312,1685,2249,3.5
6246,Base-2358a28,1-0,0.0,2312,1685,2250,3.4
6248,Base-2358a28,1-0,0.0,2312,1685,2251,3.4
6249,New-8396454,1-0,1.0,2313,1685,2251,3.4
6251,New-8396454,1/2-1/2,0.5,2313,1686,2251,3.4
6255,New-8396454,0-1,0.0,2313,1686,2252,3.4
6252,Base-2358a28,1/2-1/2,0.5,2313,1687,2252,3.4
6253,New-8396454,0-1,0.0,2313,1687,2253,3.3
6254,Base-2358a28,1-0,0.0,2313,1687,2254,3.3
6250,Base-2358a28,1/2-1/2,0.5,2313,1688,2254,3.3
6256,Base-2358a28,0-1,1.0,2314,1688,2254,3.3
6257,New-8396454,1-0,1.0,2315,1688,2254,3.4
6258,Base-2358a28,0-1,1.0,2316,1688,2254,3.4
6262,Base-2358a28,1-0,0.0,2316,1688,2255,3.4
6260,Base-2358a28,1/2-1/2,0.5,2316,1689,2255,3.4
6259,New-8396454,1/2-1/2,0.5,2316,1690,2255,3.4
6261,New-8396454,1-0,1.0,2317,1690,2255,3.4
6263,New-8396454,1-0,1.0,2318,1690,2255,3.5
6266,Base-2358a28,1-0,0.0,2318,1690,2256,3.4
6265,New-8396454,1/2-1/2,0.5,2318,1691,2256,3.4
6264,Base-2358a28,1-0,0.0,2318,1691,2257,3.4
6267,New-8396454,1-0,1.0,2319,1691,2257,3.4
6269,New-8396454,1/2-1/2,0.5,2319,1692,2257,3.4
6270,Base-2358a28,0-1,1.0,2320,1692,2257,3.5
6268,Base-2358a28,0-1,1.0,2321,1692,2257,3.5
6271,New-8396454,0-1,0.0,2321,1692,2258,3.5
6273,New-8396454,1-0,1.0,2322,1692,2258,3.5
6272,Base-2358a28,0-1,1.0,2323,1692,2258,3.6
6274,Base-2358a28,0-1,1.0,2324,1692,2258,3.7
6275,New-8396454,0-1,0.0,2324,1692,2259,3.6
6276,Base-2358a28,1-0,0.0,2324,1692,2260,3.5
6278,Base-2358a28,0-1,1.0,2325,1692,2260,3.6
6279,New-8396454,1/2-1/2,0.5,2325,1693,2260,3.6
6277,New-8396454,0-1,0.0,2325,1693,2261,3.5
6281,New-8396454,1/2-1/2,0.5,2325,1694,2261,3.5
6280,Base-2358a28,0-1,1.0,2326,1694,2261,3.6
6284,Base-2358a28,0-1,1.0,2327,1694,2261,3.7
6283,New-8396454,1-0,1.0,2328,1694,2261,3.7
6282,Base-2358a28,1/2-1/2,0.5,2328,1695,2261,3.7
6285,New-8396454,1/2-1/2,0.5,2328,1696,2261,3.7
6286,Base-2358a28,1/2-1/2,0.5,2328,1697,2261,3.7
6287,New-8396454,1-0,1.0,2329,1697,2261,3.8
6288,Base-2358a28,0-1,1.0,2330,1697,2261,3.8
6289,New-8396454,1-0,1.0,2331,1697,2261,3.9
6290,Base-2358a28,0-1,1.0,2332,1697,2261,3.9
6297,New-8396454,1/2-1/2,0.5,2332,1698,2261,3.9
6291,New-8396454,1-0,1.0,2333,1698,2261,4.0
6292,Base-2358a28,1-0,0.0,2333,1698,2262,3.9
6295,New-8396454,1-0,1.0,2334,1698,2262,4.0
6294,Base-2358a28,1-0,0.0,2334,1698,2263,3.9
6296,Base-2358a28,1-0,0.0,2334,1698,2264,3.9
6293,New-8396454,1/2-1/2,0.5,2334,1699,2264,3.9
6299,New-8396454,1-0,1.0,2335,1699,2264,3.9
6300,Base-2358a28,1-0,0.0,2335,1699,2265,3.9
6298,Base-2358a28,1/2-1/2,0.5,2335,1700,2265,3.9
6303,New-8396454,1/2-1/2,0.5,2335,1701,2265,3.9
6302,Base-2358a28,1/2-1/2,0.5,2335,1702,2265,3.9
6304,Base-2358a28,1-0,0.0,2335,1702,2266,3.8
6305,New-8396454,1-0,1.0,2336,1702,2266,3.9
6311,New-8396454,1/2-1/2,0.5,2336,1703,2266,3.9
6301,New-8396454,1/2-1/2,0.5,2336,1704,2266,3.9
6307,New-8396454,0-1,0.0,2336,1704,2267,3.8
6306,Base-2358a28,1-0,0.0,2336,1704,2268,3.7
6308,Base-2358a28,0-1,1.0,2337,1704,2268,3.8
6310,Base-2358a28,1-0,0.0,2337,1704,2269,3.7
6312,Base-2358a28,1-0,0.0,2337,1704,2270,3.7
6309,New-8396454,1-0,1.0,2338,1704,2270,3.7
6313,New-8396454,1-0,1.0,2339,1704,2270,3.8
6314,Base-2358a28,1-0,0.0,2339,1704,2271,3.7
6315,New-8396454,1-0,1.0,2340,1704,2271,3.8
6317,New-8396454,0-1,0.0,2340,1704,2272,3.7
6316,Base-2358a28,1-0,0.0,2340,1704,2273,3.7
6319,New-8396454,1-0,1.0,2341,1704,2273,3.7
6318,Base-2358a28,1-0,0.0,2341,1704,2274,3.7
6320,Base-2358a28,1-0,0.0,2341,1704,2275,3.6
6321,New-8396454,0-1,0.0,2341,1704,2276,3.6
6322,Base-2358a28,0-1,1.0,2342,1704,2276,3.6
6323,New-8396454,1-0,1.0,2343,1704,2276,3.7
6327,New-8396454,1-0,1.0,2344,1704,2276,3.7
6324,Base-2358a28,1-0,0.0,2344,1704,2277,3.7
6326,Base-2358a28,1-0,0.0,2344,1704,2278,3.6
6325,New-8396454,0-1,0.0,2344,1704,2279,3.6
6328,Base-2358a28,1-0,0.0,2344,1704,2280,3.5
6329,New-8396454,0-1,0.0,2344,1704,2281,3.5
6330,Base-2358a28,0-1,1.0,2345,1704,2281,3.5
6334,Base-2358a28,1/2-1/2,0.5,2345,1705,2281,3.5
6332,Base-2358a28,0-1,1.0,2346,1705,2281,3.6
6331,New-8396454,1-0,1.0,2347,1705,2281,3.6
6333,New-8396454,0-1,0.0,2347,1705,2282,3.6
6335,New-8396454,1/2-1/2,0.5,2347,1706,2282,3.6
6339,New-8396454,0-1,0.0,2347,1706,2283,3.5
6336,Base-2358a28,0-1,1.0,2348,1706,2283,3.6
6337,New-8396454,1-0,1.0,2349,1706,2283,3.6
6341,New-8396454,0-1,0.0,2349,1706,2284,3.6
6340,Base-2358a28,0-1,1.0,2350,1706,2284,3.6
6338,Base-2358a28,1-0,0.0,2350,1706,2285,3.6
6343,New-8396454,1-0,1.0,2351,1706,2285,3.6
6342,Base-2358a28,1/2-1/2,0.5,2351,1707,2285,3.6
6344,Base-2358a28,1-0,0.0,2351,1707,2286,3.6
6347,New-8396454,1-0,1.0,2352,1707,2286,3.6
6345,New-8396454,1/2-1/2,0.5,2352,1708,2286,3.6
6348,Base-2358a28,0-1,1.0,2353,1708,2286,3.7
6349,New-8396454,1/2-1/2,0.5,2353,1709,2286,3.7
6346,Base-2358a28,1/2-1/2,0.5,2353,1710,2286,3.7
6351,New-8396454,1-0,1.0,2354,1710,2286,3.7
6350,Base-2358a28,0-1,1.0,2355,1710,2286,3.8
6352,Base-2358a28,1/2-1/2,0.5,2355,1711,2286,3.8
6356,Base-2358a28,1-0,0.0,2355,1711,2287,3.7
6353,New-8396454,0-1,0.0,2355,1711,2288,3.7
6354,Base-2358a28,0-1,1.0,2356,1711,2288,3.7
6357,New-8396454,1-0,1.0,2357,1711,2288,3.8
6355,New-8396454,1-0,1.0,2358,1711,2288,3.8
6359,New-8396454,0-1,0.0,2358,1711,2289,3.8
6360,Base-2358a28,1/2-1/2,0.5,2358,1712,2289,3.8
6358,Base-2358a28,1-0,0.0,2358,1712,2290,3.7
6363,New-8396454,1/2-1/2,0.5,2358,1713,2290,3.7
6361,New-8396454,1-0,1.0,2359,1713,2290,3.8
6362,Base-2358a28,1-0,0.0,2359,1713,2291,3.7
6364,Base-2358a28,1-0,0.0,2359,1713,2292,3.7
6365,New-8396454,1-0,1.0,2360,1713,2292,3.7
6366,Base-2358a28,0-1,1.0,2361,1713,2292,3.8
6367,New-8396454,1-0,1.0,2362,1713,2292,3.8
6368,Base-2358a28,0-1,1.0,2363,1713,2292,3.9
6369,New-8396454,1-0,1.0,2364,1713,2292,3.9
6372,Base-2358a28,0-1,1.0,2365,1713,2292,4.0
6370,Base-2358a28,1-0,0.0,2365,1713,2293,3.9
6373,New-8396454,1-0,1.0,2366,1713,2293,4.0
6371,New-8396454,1-0,1.0,2367,1713,2293,4.0
6374,Base-2358a28,1-0,0.0,2367,1713,2294,4.0
6376,Base-2358a28,1/2-1/2,0.5,2367,1714,2294,4.0
6378,Base-2358a28,0-1,1.0,2368,1714,2294,4.0
6375,New-8396454,1-0,1.0,2369,1714,2294,4.1
6379,New-8396454,1-0,1.0,2370,1714,2294,4.1
6377,New-8396454,1-0,1.0,2371,1714,2294,4.2
6381,New-8396454,1-0,1.0,2372,1714,2294,4.2
6383,New-8396454,1/2-1/2,0.5,2372,1715,2294,4.2
6382,Base-2358a28,1-0,0.0,2372,1715,2295,4.2
6380,Base-2358a28,1/2-1/2,0.5,2372,1716,2295,4.2
6384,Base-2358a28,1-0,0.0,2372,1716,2296,4.1
6385,New-8396454,1-0,1.0,2373,1716,2296,4.2
6388,Base-2358a28,0-1,1.0,2374,1716,2296,4.2
6387,New-8396454,1/2-1/2,0.5,2374,1717,2296,4.2
6390,Base-2358a28,1-0,0.0,2374,1717,2297,4.2
6391,New-8396454,1-0,1.0,2375,1717,2297,4.2
6386,Base-2358a28,1/2-1/2,0.5,2375,1718,2297,4.2
6389,New-8396454,1-0,1.0,2376,1718,2297,4.3
6392,Base-2358a28,0-1,1.0,2377,1718,2297,4.3
6396,Base-2358a28,0-1,1.0,2378,1718,2297,4.4
6393,New-8396454,1-0,1.0,2379,1718,2297,4.5
6395,New-8396454,1-0,1.0,2380,1718,2297,4.5
6399,New-8396454,0-1,0.0,2380,1718,2298,4.5
6398,Base-2358a28,1-0,0.0,2380,1718,2299,4.4
6397,New-8396454,0-1,0.0,2380,1718,2300,4.3
6394,Base-2358a28,1-0,0.0,2380,1718,2301,4.3
6400,Base-2358a28,1-0,0.0,2380,1718,2302,4.2
6401,New-8396454,0-1,0.0,2380,1718,2303,4.2
6402,Base-2358a28,1-0,0.0,2380,1718,2304,4.1
6404,Base-2358a28,1-0,0.0,2380,1718,2305,4.1
6406,Base-2358a28,1-0,0.0,2380,1718,2306,4.0
6403,New-8396454,1-0,1.0,2381,1718,2306,4.1
6407,New-8396454,1-0,1.0,2382,1718,2306,4.1
6405,New-8396454,1-0,1.0,2383,1718,2306,4.2
6409,New-8396454,1-0,1.0,2384,1718,2306,4.2
6408,Base-2358a28,1-0,0.0,2384,1718,2307,4.2
6410,Base-2358a28,1/2-1/2,0.5,2384,1719,2307,4.2
6412,Base-2358a28,1-0,0.0,2384,1719,2308,4.1
6411,New-8396454,1-0,1.0,2385,1719,2308,4.2
6415,New-8396454,0-1,0.0,2385,1719,2309,4.1
6413,New-8396454,1-0,1.0,2386,1719,2309,4.2
6414,Base-2358a28,1-0,0.0,2386,1719,2310,4.1
6416,Base-2358a28,1-0,0.0,2386,1719,2311,4.1
6417,New-8396454,1-0,1.0,2387,1719,2311,4.1
6418,Base-2358a28,1-0,0.0,2387,1719,2312,4.1
6420,Base-2358a28,1/2-1/2,0.5,2387,1720,2312,4.1
6425,New-8396454,1/2-1/2,0.5,2387,1721,2312,4.1
6419,New-8396454,1/2-1/2,0.5,2387,1722,2312,4.1
6422,Base-2358a28,1/2-1/2,0.5,2387,1723,2312,4.1
6421,New-8396454,0-1,0.0,2387,1723,2313,4.0
6423,New-8396454,0-1,0.0,2387,1723,2314,3.9
6428,Base-2358a28,1/2-1/2,0.5,2387,1724,2314,3.9
6424,Base-2358a28,1-0,0.0,2387,1724,2315,3.9
6431,New-8396454,1/2-1/2,0.5,2387,1725,2315,3.9
6426,Base-2358a28,0-1,1.0,2388,1725,2315,3.9
6429,New-8396454,1-0,1.0,2389,1725,2315,4.0
6427,New-8396454,0-1,0.0,2389,1725,2316,3.9
6434,Base-2358a28,1/2-1/2,0.5,2389,1726,2316,3.9
6430,Base-2358a28,1/2-1/2,0.5,2389,1727,2316,3.9
6432,Base-2358a28,1-0,0.0,2389,1727,2317,3.9
6433,New-8396454,1/2-1/2,0.5,2389,1728,2317,3.9
6435,New-8396454,1/2-1/2,0.5,2389,1729,2317,3.9
6436,Base-2358a28,1/2-1/2,0.5,2389,1730,2317,3.9
6438,Base-2358a28,1-0,0.0,2389,1730,2318,3.8
6437,New-8396454,0-1,0.0,2389,1730,2319,3.8
6440,Base-2358a28,1/2-1/2,0.5,2389,1731,2319,3.8
6439,New-8396454,0-1,0.0,2389,1731,2320,3.7
6443,New-8396454,1-0,1.0,2390,1731,2320,3.8
6442,Base-2358a28,1-0,0.0,2390,1731,2321,3.7
6441,New-8396454,0-1,0.0,2390,1731,2322,3.7
6444,Base-2358a28,1-0,0.0,2390,1731,2323,3.6
6447,New-8396454,1/2-1/2,0.5,2390,1732,2323,3.6
6445,New-8396454,1/2-1/2,0.5,2390,1733,2323,3.6
6448,Base-2358a28,1-0,0.0,2390,1733,2324,3.6
6446,Base-2358a28,1-0,0.0,2390,1733,2325,3.5
6449,New-8396454,1/2-1/2,0.5,2390,1734,2325,3.5
6450,Base-2358a28,0-1,1.0,2391,1734,2325,3.6
6451,New-8396454,1-0,1.0,2392,1734,2325,3.6
6452,Base-2358a28,0-1,1.0,2393,1734,2325,3.7
6456,Base-2358a28,1-0,0.0,2393,1734,2326,3.6
6453,New-8396454,1-0,1.0,2394,1734,2326,3.7
6454,Base-2358a28,1-0,0.0,2394,1734,2327,3.6
6455,New-8396454,1/2-1/2,0.5,2394,1735,2327,3.6
6458,Base-2358a28,1/2-1/2,0.5,2394,1736,2327,3.6
6460,Base-2358a28,0-1,1.0,2395,1736,2327,3.7
6459,New-8396454,1/2-1/2,0.5,2395,1737,2327,3.7
6457,New-8396454,1/2-1/2,0.5,2395,1738,2327,3.7
6463,New-8396454,1-0,1.0,2396,1738,2327,3.7
6462,Base-2358a28,0-1,1.0,2397,1738,2327,3.8
6461,New-8396454,1-0,1.0,2398,1738,2327,3.8
6464,Base-2358a28,1-0,0.0,2398,1738,2328,3.8
6466,Base-2358a28,0-1,1.0,2399,1738,2328,3.8
6465,New-8396454,1-0,1.0,2400,1738,2328,3.9
6467,New-8396454,1-0,1.0,2401,1738,2328,3.9
6468,Base-2358a28,1-0,0.0,2401,1738,2329,3.9
6469,New-8396454,0-1,0.0,2401,1738,2330,3.8
6470,Base-2358a28,0-1,1.0,2402,1738,2330,3.9
6475,New-8396454,0-1,0.0,2402,1738,2331,3.8
6471,New-8396454,1-0,1.0,2403,1738,2331,3.9
6474,Base-2358a28,1/2-1/2,0.5,2403,1739,2331,3.9
6473,New-8396454,1-0,1.0,2404,1739,2331,3.9
6472,Base-2358a28,1-0,0.0,2404,1739,2332,3.9
6476,Base-2358a28,1/2-1/2,0.5,2404,1740,2332,3.9
6478,Base-2358a28,0-1,1.0,2405,1740,2332,3.9
6477,New-8396454,1-0,1.0,2406,1740,2332,4.0
6479,New-8396454,0-1,0.0,2406,1740,2333,3.9
6481,New-8396454,1/2-1/2,0.5,2406,1741,2333,3.9
6480,Base-2358a28,1/2-1/2,0.5,2406,1742,2333,3.9
6482,Base-2358a28,1-0,0.0,2406,1742,2334,3.9
6483,New-8396454,0-1,0.0,2406,1742,2335,3.8
6485,New-8396454,1-0,1.0,2407,1742,2335,3.9
6484,Base-2358a28,1-0,0.0,2407,1742,2336,3.8
6488,Base-2358a28,1/2-1/2,0.5,2407,1743,2336,3.8
6487,New-8396454,0-1,0.0,2407,1743,2337,3.7
6486,Base-2358a28,0-1,1.0,2408,1743,2337,3.8
6491,New-8396454,0-1,0.0,2408,1743,2338,3.7
6489,New-8396454,0-1,0.0,2408,1743,2339,3.7
6490,Base-2358a28,0-1,1.0,2409,1743,2339,3.7
6492,Base-2358a28,1/2-1/2,0.5,2409,1744,2339,3.7
6494,Base-2358a28,1/2-1/2,0.5,2409,1745,2339,3.7
6493,New-8396454,0-1,0.0,2409,1745,2340,3.7
6497,New-8396454,1-0,1.0,2410,1745,2340,3.7
6495,New-8396454,1/2-1/2,0.5,2410,1746,2340,3.7
6498,Base-2358a28,0-1,1.0,2411,1746,2340,3.8
6496,Base-2358a28,1/2-1/2,0.5,2411,1747,2340,3.8
6499,New-8396454,0-1,0.0,2411,1747,2341,3.7
6500,Base-2358a28,1-0,0.0,2411,1747,2342,3.7
6501,New-8396454,1-0,1.0,2412,1747,2342,3.7
6502,Base-2358a28,1/2-1/2,0.5,2412,1748,2342,3.7
6510,Base-2358a28,1/2-1/2,0.5,2412,1749,2342,3.7
6503,New-8396454,1/2-1/2,0.5,2412,1750,2342,3.7
6506,Base-2358a28,0-1,1.0,2413,1750,2342,3.8
6504,Base-2358a28,1-0,0.0,2413,1750,2343,3.7
6505,New-8396454,0-1,0.0,2413,1750,2344,3.7
6507,New-8396454,1/2-1/2,0.5,2413,1751,2344,3.7
6508,Base-2358a28,0-1,1.0,2414,1751,2344,3.7
6511,New-8396454,1-0,1.0,2415,1751,2344,3.8
6509,New-8396454,1-0,1.0,2416,1751,2344,3.8
6512,Base-2358a28,1-0,0.0,2416,1751,2345,3.8
6513,New-8396454,0-1,0.0,2416,1751,2346,3.7
6514,Base-2358a28,1-0,0.0,2416,1751,2347,3.7
6515,New-8396454,1/2-1/2,0.5,2416,1752,2347,3.7
6516,Base-2358a28,0-1,1.0,2417,1752,2347,3.7
6517,New-8396454,1-0,1.0,2418,1752,2347,3.8
6520,Base-2358a28,1-0,0.0,2418,1752,2348,3.7
6518,Base-2358a28,1-0,0.0,2418,1752,2349,3.7
6522,Base-2358a28,1-0,0.0,2418,1752,2350,3.6
6521,New-8396454,1-0,1.0,2419,1752,2350,3.7
6519,New-8396454,1-0,1.0,2420,1752,2350,3.7
6524,Base-2358a28,1-0,0.0,2420,1752,2351,3.7
6523,New-8396454,1-0,1.0,2421,1752,2351,3.7
6526,Base-2358a28,0-1,1.0,2422,1752,2351,3.8
6530,Base-2358a28,1-0,0.0,2422,1752,2352,3.7
6525,New-8396454,1-0,1.0,2423,1752,2352,3.8
6527,New-8396454,1-0,1.0,2424,1752,2352,3.8
6529,New-8396454,1-0,1.0,2425,1752,2352,3.9
6528,Base-2358a28,1/2-1/2,0.5,2425,1753,2352,3.9
6532,Base-2358a28,0-1,1.0,2426,1753,2352,3.9
6531,New-8396454,1/2-1/2,0.5,2426,1754,2352,3.9
6535,New-8396454,0-1,0.0,2426,1754,2353,3.9
6533,New-8396454,1-0,1.0,2427,1754,2353,3.9
6536,Base-2358a28,1-0,0.0,2427,1754,2354,3.9
6537,New-8396454,0-1,0.0,2427,1754,2355,3.8
6540,Base-2358a28,1-0,0.0,2427,1754,2356,3.8
6534,Base-2358a28,1/2-1/2,0.5,2427,1755,2356,3.8
6538,Base-2358a28,1-0,0.0,2427,1755,2357,3.7
6539,New-8396454,1-0,1.0,2428,1755,2357,3.8
6543,New-8396454,0-1,0.0,2428,1755,2358,3.7
6542,Base-2358a28,0-1,1.0,2429,1755,2358,3.8
6541,New-8396454,0-1,0.0,2429,1755,2359,3.7
6544,Base-2358a28,1/2-1/2,0.5,2429,1756,2359,3.7
6547,New-8396454,1-0,1.0,2430,1756,2359,3.8
6548,Base-2358a28,0-1,1.0,2431,1756,2359,3.8
6545,New-8396454,1-0,1.0,2432,1756,2359,3.9
6546,Base-2358a28,1-0,0.0,2432,1756,2360,3.8
6549,New-8396454,1/2-1/2,0.5,2432,1757,2360,3.8
6550,Base-2358a28,0-1,1.0,2433,1757,2360,3.9
6551,New-8396454,1-0,1.0,2434,1757,2360,3.9
6552,Base-2358a28,0-1,1.0,2435,1757,2360,4.0
6553,New-8396454,0-1,0.0,2435,1757,2361,3.9
6556,Base-2358a28,1/2-1/2,0.5,2435,1758,2361,3.9
6555,New-8396454,1-0,1.0,2436,1758,2361,4.0
6554,Base-2358a28,1/2-1/2,0.5,2436,1759,2361,4.0
6557,New-8396454,1-0,1.0,2437,1759,2361,4.0
6560,Base-2358a28,1-0,0.0,2437,1759,2362,4.0
6559,New-8396454,1/2-1/2,0.5,2437,1760,2362,4.0
6558,Base-2358a28,0-1,1.0,2438,1760,2362,4.0
6563,New-8396454,1/2-1/2,0.5,2438,1761,2362,4.0
6562,Base-2358a28,0-1,1.0,2439,1761,2362,4.1
6561,New-8396454,1-0,1.0,2440,1761,2362,4.1
6566,Base-2358a28,1-0,0.0,2440,1761,2363,4.1
6567,New-8396454,0-1,0.0,2440,1761,2364,4.0
6568,Base-2358a28,1-0,0.0,2440,1761,2365,4.0
6564,Base-2358a28,1-0,0.0,2440,1761,2366,3.9
6565,New-8396454,1-0,1.0,2441,1761,2366,4.0
6569,New-8396454,1-0,1.0,2442,1761,2366,4.0
6570,Base-2358a28,1-0,0.0,2442,1761,2367,4.0
6572,Base-2358a28,1-0,0.0,2442,1761,2368,3.9
6571,New-8396454,0-1,0.0,2442,1761,2369,3.9
6573,New-8396454,1-0,1.0,2443,1761,2369,3.9
6574,Base-2358a28,0-1,1.0,2444,1761,2369,4.0
6578,Base-2358a28,1/2-1/2,0.5,2444,1762,2369,4.0
6575,New-8396454,0-1,0.0,2444,1762,2370,3.9
6577,New-8396454,1-0,1.0,2445,1762,2370,4.0
6579,New-8396454,0-1,0.0,2445,1762,2371,3.9
6576,Base-2358a28,1/2-1/2,0.5,2445,1763,2371,3.9
6580,Base-2358a28,0-1,1.0,2446,1763,2371,4.0
6582,Base-2358a28,0-1,1.0,2447,1763,2371,4.0
6588,Base-2358a28,1/2-1/2,0.5,2447,1764,2371,4.0
6585,New-8396454,1/2-1/2,0.5,2447,1765,2371,4.0
6584,Base-2358a28,0-1,1.0,2448,1765,2371,4.1
6583,New-8396454,1/2-1/2,0.5,2448,1766,2371,4.1
6587,New-8396454,0-1,0.0,2448,1766,2372,4.0
6581,New-8396454,1/2-1/2,0.5,2448,1767,2372,4.0
6586,Base-2358a28,1-0,0.0,2448,1767,2373,4.0
6591,New-8396454,1-0,1.0,2449,1767,2373,4.0
6590,Base-2358a28,1/2-1/2,0.5,2449,1768,2373,4.0
6592,Base-2358a28,0-1,1.0,2450,1768,2373,4.1
6589,New-8396454,1-0,1.0,2451,1768,2373,4.1
6593,New-8396454,0-1,0.0,2451,1768,2374,4.1
6596,Base-2358a28,0-1,1.0,2452,1768,2374,4.1
6594,Base-2358a28,0-1,1.0,2453,1768,2374,4.2
6595,New-8396454,1-0,1.0,2454,1768,2374,4.2
6597,New-8396454,0-1,0.0,2454,1768,2375,4.2
6598,Base-2358a28,1-0,0.0,2454,1768,2376,4.1
6599,New-8396454,0-1,0.0,2454,1768,2377,4.1
6601,New-8396454,0-1,0.0,2454,1768,2378,4.0
6604,Base-2358a28,0-1,1.0,2455,1768,2378,4.1
6602,Base-2358a28,1/2-1/2,0.5,2455,1769,2378,4.1
6603,New-8396454,1-0,1.0,2456,1769,2378,4.1
6600,Base-2358a28,1/2-1/2,0.5,2456,1770,2378,4.1
6607,New-8396454,1-0,1.0,2457,1770,2378,4.2
6608,Base-2358a28,1-0,0.0,2457,1770,2379,4.1
6606,Base-2358a28,0-1,1.0,2458,1770,2379,4.2
6605,New-8396454,0-1,0.0,2458,1770,2380,4.1
6609,New-8396454,1-0,1.0,2459,1770,2380,4.2
6611,New-8396454,1-0,1.0,2460,1770,2380,4.2
6610,Base-2358a28,1/2-1/2,0.5,2460,1771,2380,4.2
6613,New-8396454,0-1,0.0,2460,1771,2381,4.2
6615,New-8396454,0-1,0.0,2460,1771,2382,4.1
6616,Base-2358a28,1-0,0.0,2460,1771,2383,4.0
6612,Base-2358a28,1/2-1/2,0.5,2460,1772,2383,4.0
6614,Base-2358a28,0-1,1.0,2461,1772,2383,4.1
6618,Base-2358a28,1-0,0.0,2461,1772,2384,4.0
6619,New-8396454,1-0,1.0,2462,1772,2384,4.1
6622,Base-2358a28,1/2-1/2,0.5,2462,1773,2384,4.1
6617,New-8396454,0-1,0.0,2462,1773,2385,4.0
6620,Base-2358a28,1/2-1/2,0.5,2462,1774,2385,4.0
6621,New-8396454,1-0,1.0,2463,1774,2385,4.1
6623,New-8396454,0-1,0.0,2463,1774,2386,4.0
6624,Base-2358a28,0-1,1.0,2464,1774,2386,4.1
6625,New-8396454,1-0,1.0,2465,1774,2386,4.1
6629,New-8396454,1-0,1.0,2466,1774,2386,4.2
6628,Base-2358a28,0-1,1.0,2467,1774,2386,4.2
6627,New-8396454,0-1,0.0,2467,1774,2387,4.2
6626,Base-2358a28,1-0,0.0,2467,1774,2388,4.1
6630,Base-2358a28,0-1,1.0,2468,1774,2388,4.2
6632,Base-2358a28,1/2-1/2,0.5,2468,1775,2388,4.2
6631,New-8396454,1-0,1.0,2469,1775,2388,4.2
6633,New-8396454,1-0,1.0,2470,1775,2388,4.3
6635,New-8396454,1/2-1/2,0.5,2470,1776,2388,4.3
6634,Base-2358a28,1/2-1/2,0.5,2470,1777,2388,4.3
6640,Base-2358a28,1-0,0.0,2470,1777,2389,4.2
6637,New-8396454,1/2-1/2,0.5,2470,1778,2389,4.2
6636,Base-2358a28,1-0,0.0,2470,1778,2390,4.2
6638,Base-2358a28,1/2-1/2,0.5,2470,1779,2390,4.2
6639,New-8396454,0-1,0.0,2470,1779,2391,4.1
6641,New-8396454,1/2-1/2,0.5,2470,1780,2391,4.1
6642,Base-2358a28,1-0,0.0,2470,1780,2392,4.1
6643,New-8396454,0-1,0.0,2470,1780,2393,4.0
6645,New-8396454,1-0,1.0,2471,1780,2393,4.1
6647,New-8396454,1-0,1.0,2472,1780,2393,4.1
6644,Base-2358a28,0-1,1.0,2473,1780,2393,4.2
6648,Base-2358a28,1-0,0.0,2473,1780,2394,4.1
6646,Base-2358a28,0-1,1.0,2474,1780,2394,4.2
6649,New-8396454,0-1,0.0,2474,1780,2395,4.1
6652,Base-2358a28,1-0,0.0,2474,1780,2396,4.1
6651,New-8396454,0-1,0.0,2474,1780,2397,4.0
6655,New-8396454,0-1,0.0,2474,1780,2398,4.0
6650,Base-2358a28,1/2-1/2,0.5,2474,1781,2398,4.0
6656,Base-2358a28,0-1,1.0,2475,1781,2398,4.0
6654,Base-2358a28,1-0,0.0,2475,1781,2399,4.0
6653,New-8396454,0-1,0.0,2475,1781,2400,3.9
6657,New-8396454,1/2-1/2,0.5,2475,1782,2400,3.9
6658,Base-2358a28,1/2-1/2,0.5,2475,1783,2400,3.9
6662,Base-2358a28,1/2-1/2,0.5,2475,1784,2400,3.9
6660,Base-2358a28,0-1,1.0,2476,1784,2400,4.0
6659,New-8396454,0-1,0.0,2476,1784,2401,3.9
6664,Base-2358a28,1-0,0.0,2476,1784,2402,3.9
6661,New-8396454,1/2-1/2,0.5,2476,1785,2402,3.9
6663,New-8396454,1/2-1/2,0.5,2476,1786,2402,3.9
6667,New-8396454,1/2-1/2,0.5,2476,1787,2402,3.9
6669,New-8396454,1/2-1/2,0.5,2476,1788,2402,3.9
6666,Base-2358a28,1-0,0.0,2476,1788,2403,3.8
6665,New-8396454,1-0,1.0,2477,1788,2403,3.9
6668,Base-2358a28,0-1,1.0,2478,1788,2403,3.9
6670,Base-2358a28,0-1,1.0,2479,1788,2403,4.0
6671,New-8396454,0-1,0.0,2479,1788,2404,3.9
6676,Base-2358a28,1-0,0.0,2479,1788,2405,3.9
6673,New-8396454,0-1,0.0,2479,1788,2406,3.8
6677,New-8396454,1-0,1.0,2480,1788,2406,3.9
6675,New-8396454,0-1,0.0,2480,1788,2407,3.8
6674,Base-2358a28,0-1,1.0,2481,1788,2407,3.9
6672,Base-2358a28,1/2-1/2,0.5,2481,1789,2407,3.9
6680,Base-2358a28,1/2-1/2,0.5,2481,1790,2407,3.9
6678,Base-2358a28,1/2-1/2,0.5,2481,1791,2407,3.8
6681,New-8396454,1-0,1.0,2482,1791,2407,3.9
6679,New-8396454,0-1,0.0,2482,1791,2408,3.8
6682,Base-2358a28,1-0,0.0,2482,1791,2409,3.8
6684,Base-2358a28,1/2-1/2,0.5,2482,1792,2409,3.8
6683,New-8396454,0-1,0.0,2482,1792,2410,3.7
6685,New-8396454,1-0,1.0,2483,1792,2410,3.8
6686,Base-2358a28,1-0,0.0,2483,1792,2411,3.7
6687,New-8396454,1-0,1.0,2484,1792,2411,3.8
6688,Base-2358a28,1-0,0.0,2484,1792,2412,3.7
6690,Base-2358a28,0-1,1.0,2485,1792,2412,3.8
6689,New-8396454,1-0,1.0,2486,1792,2412,3.8
6691,New-8396454,0-1,0.0,2486,1792,2413,3.8
6692,Base-2358a28,1/2-1/2,0.5,2486,1793,2413,3.8
6697,New-8396454,1/2-1/2,0.5,2486,1794,2413,3.8
6693,New-8396454,0-1,0.0,2486,1794,2414,3.7
6694,Base-2358a28,1-0,0.0,2486,1794,2415,3.7
6695,New-8396454,1-0,1.0,2487,1794,2415,3.7
6698,Base-2358a28,1-0,0.0,2487,1794,2416,3.7
6696,Base-2358a28,1/2-1/2,0.5,2487,1795,2416,3.7
6700,Base-2358a28,1-0,0.0,2487,1795,2417,3.6
6699,New-8396454,1/2-1/2,0.5,2487,1796,2417,3.6
6701,New-8396454,1/2-1/2,0.5,2487,1797,2417,3.6
6703,New-8396454,1-0,1.0,2488,1797,2417,3.7
6705,New-8396454,0-1,0.0,2488,1797,2418,3.6
6704,Base-2358a28,1-0,0.0,2488,1797,2419,3.6
6702,Base-2358a28,0-1,1.0,2489,1797,2419,3.6
6707,New-8396454,1-0,1.0,2490,1797,2419,3.7
6706,Base-2358a28,1/2-1/2,0.5,2490,1798,2419,3.7
6709,New-8396454,0-1,0.0,2490,1798,2420,3.6
6708,Base-2358a28,1/2-1/2,0.5,2490,1799,2420,3.6
6711,New-8396454,1-0,1.0,2491,1799,2420,3.7
6710,Base-2358a28,0-1,1.0,2492,1799,2420,3.7
6715,New-8396454,1/2-1/2,0.5,2492,1800,2420,3.7
6713,New-8396454,1/2-1/2,0.5,2492,1801,2420,3.7
6712,Base-2358a28,1/2-1/2,0.5,2492,1802,2420,3.7
6714,Base-2358a28,1-0,0.0,2492,1802,2421,3.7
6722,Base-2358a28,1/2-1/2,0.5,2492,1803,2421,3.7
6717,New-8396454,0-1,0.0,2492,1803,2422,3.6
6716,Base-2358a28,0-1,1.0,2493,1803,2422,3.7
6719,New-8396454,1-0,1.0,2494,1803,2422,3.7
6718,Base-2358a28,1-0,0.0,2494,1803,2423,3.7
6721,New-8396454,0-1,0.0,2494,1803,2424,3.6
6720,Base-2358a28,1-0,0.0,2494,1803,2425,3.6
6723,New-8396454,1-0,1.0,2495,1803,2425,3.6
6726,Base-2358a28,1/2-1/2,0.5,2495,1804,2425,3.6
6725,New-8396454,1-0,1.0,2496,1804,2425,3.7
6724,Base-2358a28,1-0,0.0,2496,1804,2426,3.6
6728,Base-2358a28,1-0,0.0,2496,1804,2427,3.6
6730,Base-2358a28,1/2-1/2,0.5,2496,1805,2427,3.6
6732,Base-2358a28,1/2-1/2,0.5,2496,1806,2427,3.6
6731,New-8396454,0-1,0.0,2496,1806,2428,3.5
6729,New-8396454,1-0,1.0,2497,1806,2428,3.6
6727,New-8396454,1/2-1/2,0.5,2497,1807,2428,3.6
6734,Base-2358a28,0-1,1.0,2498,1807,2428,3.6
6733,New-8396454,1-0,1.0,2499,1807,2428,3.7
6737,New-8396454,0-1,0.0,2499,1807,2429,3.6
6736,Base-2358a28,1/2-1/2,0.5,2499,1808,2429,3.6
6735,New-8396454,1-0,1.0,2500,1808,2429,3.7
6738,Base-2358a28,0-1,1.0,2501,1808,2429,3.7
6740,Base-2358a28,1-0,0.0,2501,1808,2430,3.7
6739,New-8396454,1/2-1/2,0.5,2501,1809,2430,3.7
6742,Base-2358a28,1/2-1/2,0.5,2501,1810,2430,3.7
6741,New-8396454,1-0,1.0,2502,1810,2430,3.7
6745,New-8396454,1-0,1.0,2503,1810,2430,3.8
6744,Base-2358a28,1/2-1/2,0.5,2503,1811,2430,3.8
6743,New-8396454,1-0,1.0,2504,1811,2430,3.8
6746,Base-2358a28,1/2-1/2,0.5,2504,1812,2430,3.8
6747,New-8396454,1/2-1/2,0.5,2504,1813,2430,3.8
6752,Base-2358a28,1/2-1/2,0.5,2504,1814,2430,3.8
6750,Base-2358a28,1-0,0.0,2504,1814,2431,3.8
6749,New-8396454,0-1,0.0,2504,1814,2432,3.7
6751,New-8396454,1/2-1/2,0.5,2504,1815,2432,3.7
6748,Base-2358a28,1/2-1/2,0.5,2504,1816,2432,3.7
6755,New-8396454,1/2-1/2,0.5,2504,1817,2432,3.7
6753,New-8396454,0-1,0.0,2504,1817,2433,3.7
6754,Base-2358a28,0-1,1.0,2505,1817,2433,3.7
6756,Base-2358a28,0-1,1.0,2506,1817,2433,3.8
6759,New-8396454,0-1,0.0,2506,1817,2434,3.7
6758,Base-2358a28,1-0,0.0,2506,1817,2435,3.7
6760,Base-2358a28,1/2-1/2,0.5,2506,1818,2435,3.6
6757,New-8396454,1/2-1/2,0.5,2506,1819,2435,3.6
6761,New-8396454,0-1,0.0,2506,1819,2436,3.6
6762,Base-2358a28,1/2-1/2,0.5,2506,1820,2436,3.6
6764,Base-2358a28,0-1,1.0,2507,1820,2436,3.6
6765,New-8396454,1-0,1.0,2508,1820,2436,3.7
6769,New-8396454,1/2-1/2,0.5,2508,1821,2436,3.7
6763,New-8396454,1-0,1.0,2509,1821,2436,3.7
6767,New-8396454,1-0,1.0,2510,1821,2436,3.8
6766,Base-2358a28,0-1,1.0,2511,1821,2436,3.9
6768,Base-2358a28,1-0,0.0,2511,1821,2437,3.8
6773,New-8396454,1/2-1/2,0.5,2511,1822,2437,3.8
6772,Base-2358a28,0-1,1.0,2512,1822,2437,3.8
6771,New-8396454,1-0,1.0,2513,1822,2437,3.9
6774,Base-2358a28,1/2-1/2,0.5,2513,1823,2437,3.9
6777,New-8396454,1-0,1.0,2514,1823,2437,3.9
6770,Base-2358a28,1/2-1/2,0.5,2514,1824,2437,3.9
6776,Base-2358a28,1-0,0.0,2514,1824,2438,3.9
6775,New-8396454,1/2-1/2,0.5,2514,1825,2438,3.9
6782,Base-2358a28,1/2-1/2,0.5,2514,1826,2438,3.9
6778,Base-2358a28,1-0,0.0,2514,1826,2439,3.8
6779,New-8396454,1-0,1.0,2515,1826,2439,3.9
6781,New-8396454,0-1,0.0,2515,1826,2440,3.8
6783,New-8396454,1-0,1.0,2516,1826,2440,3.9
6780,Base-2358a28,0-1,1.0,2517,1826,2440,3.9
6784,Base-2358a28,0-1,1.0,2518,1826,2440,4.0
6787,New-8396454,1-0,1.0,2519,1826,2440,4.0
6785,New-8396454,0-1,0.0,2519,1826,2441,4.0
6786,Base-2358a28,0-1,1.0,2520,1826,2441,4.0
6790,Base-2358a28,1-0,0.0,2520,1826,2442,4.0
6789,New-8396454,1-0,1.0,2521,1826,2442,4.0
6788,Base-2358a28,1/2-1/2,0.5,2521,1827,2442,4.0
6792,Base-2358a28,0-1,1.0,2522,1827,2442,4.1
6791,New-8396454,1/2-1/2,0.5,2522,1828,2442,4.1
6793,New-8396454,1/2-1/2,0.5,2522,1829,2442,4.1
6794,Base-2358a28,0-1,1.0,2523,1829,2442,4.1
6795,New-8396454,1/2-1/2,0.5,2523,1830,2442,4.1
6796,Base-2358a28,1-0,0.0,2523,1830,2443,4.1
6798,Base-2358a28,0-1,1.0,2524,1830,2443,4.1
6797,New-8396454,0-1,0.0,2524,1830,2444,4.1
6799,New-8396454,0-1,0.0,2524,1830,2445,4.0
6801,New-8396454,1-0,1.0,2525,1830,2445,4.1
6802,Base-2358a28,0-1,1.0,2526,1830,2445,4.1
6800,Base-2358a28,1-0,0.0,2526,1830,2446,4.1
6803,New-8396454,1-0,1.0,2527,1830,2446,4.1
6806,Base-2358a28,0-1,1.0,2528,1830,2446,4.2
6805,New-8396454,1-0,1.0,2529,1830,2446,4.2
6804,Base-2358a28,1/2-1/2,0.5,2529,1831,2446,4.2
6807,New-8396454,1/2-1/2,0.5,2529,1832,2446,4.2
6808,Base-2358a28,0-1,1.0,2530,1832,2446,4.3
6810,Base-2358a28,1-0,0.0,2530,1832,2447,4.2
6809,New-8396454,0-1,0.0,2530,1832,2448,4.2
6811,New-8396454,1/2-1/2,0.5,2530,1833,2448,4.2
6813,New-8396454,1-0,1.0,2531,1833,2448,4.2
6812,Base-2358a28,1-0,0.0,2531,1833,2449,4.2
6814,Base-2358a28,1/2-1/2,0.5,2531,1834,2449,4.2
6815,New-8396454,0-1,0.0,2531,1834,2450,4.1
6816,Base-2358a28,1-0,0.0,2531,1834,2451,4.1
6818,Base-2358a28,1-0,0.0,2531,1834,2452,4.0
6819,New-8396454,1-0,1.0,2532,1834,2452,4.1
6817,New-8396454,1/2-1/2,0.5,2532,1835,2452,4.1
6821,New-8396454,1-0,1.0,2533,1835,2452,4.1
6820,Base-2358a28,1/2-1/2,0.5,2533,1836,2452,4.1
6826,Base-2358a28,1/2-1/2,0.5,2533,1837,2452,4.1
6822,Base-2358a28,1-0,0.0,2533,1837,2453,4.1
6823,New-8396454,1-0,1.0,2534,1837,2453,4.1
6827,New-8396454,1/2-1/2,0.5,2534,1838,2453,4.1
6828,Base-2358a28,1-0,0.0,2534,1838,2454,4.1
6824,Base-2358a28,1-0,0.0,2534,1838,2455,4.0
6825,New-8396454,0-1,0.0,2534,1838,2456,4.0
6829,New-8396454,1/2-1/2,0.5,2534,1839,2456,4.0
6830,Base-2358a28,1/2-1/2,0.5,2534,1840,2456,4.0
6832,Base-2358a28,0-1,1.0,2535,1840,2456,4.0
6833,New-8396454,1-0,1.0,2536,1840,2456,4.1
6831,New-8396454,1-0,1.0,2537,1840,2456,4.1
6838,Base-2358a28,1/2-1/2,0.5,2537,1841,2456,4.1
6835,New-8396454,1-0,1.0,2538,1841,2456,4.2
6836,Base-2358a28,0-1,1.0,2539,1841,2456,4.2
6834,Base-2358a28,1/2-1/2,0.5,2539,1842,2456,4.2
6837,New-8396454,1-0,1.0,2540,1842,2456,4.3
6839,New-8396454,0-1,0.0,2540,1842,2457,4.2
6840,Base-2358a28,1/2-1/2,0.5,2540,1843,2457,4.2
6841,New-8396454,0-1,0.0,2540,1843,2458,4.2
6842,Base-2358a28,1-0,0.0,2540,1843,2459,4.1
6845,New-8396454,1/2-1/2,0.5,2540,1844,2459,4.1
6843,New-8396454,1-0,1.0,2541,1844,2459,4.2
6846,Base-2358a28,0-1,1.0,2542,1844,2459,4.2
6844,Base-2358a28,1/2-1/2,0.5,2542,1845,2459,4.2
6847,New-8396454,1/2-1/2,0.5,2542,1846,2459,4.2
6850,Base-2358a28,0-1,1.0,2543,1846,2459,4.3
6848,Base-2358a28,1-0,0.0,2543,1846,2460,4.2
6849,New-8396454,1-0,1.0,2544,1846,2460,4.3
6854,Base-2358a28,1-0,0.0,2544,1846,2461,4.2
6853,New-8396454,1-0,1.0,2545,1846,2461,4.3
6852,Base-2358a28,1-0,0.0,2545,1846,2462,4.2
6851,New-8396454,0-1,0.0,2545,1846,2463,4.2
6855,New-8396454,0-1,0.0,2545,1846,2464,4.1
6856,Base-2358a28,1/2-1/2,0.5,2545,1847,2464,4.1
6860,Base-2358a28,1-0,0.0,2545,1847,2465,4.1
6857,New-8396454,0-1,0.0,2545,1847,2466,4.0
6858,Base-2358a28,0-1,1.0,2546,1847,2466,4.1
6859,New-8396454,1/2-1/2,0.5,2546,1848,2466,4.1
6861,New-8396454,0-1,0.0,2546,1848,2467,4.0
6862,Base-2358a28,1-0,0.0,2546,1848,2468,3.9
6863,New-8396454,1-0,1.0,2547,1848,2468,4.0
6866,Base-2358a28,0-1,1.0,2548,1848,2468,4.0
6865,New-8396454,1-0,1.0,2549,1848,2468,4.1
6864,Base-2358a28,1-0,0.0,2549,1848,2469,4.0
6867,New-8396454,1-0,1.0,2550,1848,2469,4.1
6868,Base-2358a28,1-0,0.0,2550,1848,2470,4.0
6870,Base-2358a28,1/2-1/2,0.5,2550,1849,2470,4.0
6869,New-8396454,1-0,1.0,2551,1849,2470,4.1
6876,Base-2358a28,1/2-1/2,0.5,2551,1850,2470,4.1
6871,New-8396454,0-1,0.0,2551,1850,2471,4.0
6878,Base-2358a28,1/2-1/2,0.5,2551,1851,2471,4.0
6874,Base-2358a28,1-0,0.0,2551,1851,2472,4.0
6872,Base-2358a28,0-1,1.0,2552,1851,2472,4.0
6873,New-8396454,1-0,1.0,2553,1851,2472,4.1
6877,New-8396454,1-0,1.0,2554,1851,2472,4.1
6875,New-8396454,1/2-1/2,0.5,2554,1852,2472,4.1
6879,New-8396454,1-0,1.0,2555,1852,2472,4.2
6883,New-8396454,1/2-1/2,0.5,2555,1853,2472,4.2
6884,Base-2358a28,1-0,0.0,2555,1853,2473,4.1
6881,New-8396454,1-0,1.0,2556,1853,2473,4.2
6880,Base-2358a28,0-1,1.0,2557,1853,2473,4.2
6882,Base-2358a28,0-1,1.0,2558,1853,2473,4.3
6885,New-8396454,0-1,0.0,2558,1853,2474,4.2
6886,Base-2358a28,1/2-1/2,0.5,2558,1854,2474,4.2
6890,Base-2358a28,0-1,1.0,2559,1854,2474,4.3
6887,New-8396454,1-0,1.0,2560,1854,2474,4.3
6889,New-8396454,0-1,0.0,2560,1854,2475,4.3
6892,Base-2358a28,1/2-1/2,0.5,2560,1855,2475,4.3
6888,Base-2358a28,1/2-1/2,0.5,2560,1856,2475,4.3
6891,New-8396454,0-1,0.0,2560,1856,2476,4.2
6896,Base-2358a28,1/2-1/2,0.5,2560,1857,2476,4.2
6893,New-8396454,1-0,1.0,2561,1857,2476,4.3
6894,Base-2358a28,0-1,1.0,2562,1857,2476,4.3
6895,New-8396454,1-0,1.0,2563,1857,2476,4.4
6899,New-8396454,0-1,0.0,2563,1857,2477,4.3
6897,New-8396454,0-1,0.0,2563,1857,2478,4.3
6898,Base-2358a28,0-1,1.0,2564,1857,2478,4.3
6900,Base-2358a28,0-1,1.0,2565,1857,2478,4.4
6901,New-8396454,0-1,0.0,2565,1857,2479,4.3
6902,Base-2358a28,0-1,1.0,2566,1857,2479,4.4
6903,New-8396454,0-1,0.0,2566,1857,2480,4.3
6904,Base-2358a28,0-1,1.0,2567,1857,2480,4.4
6905,New-8396454,1/2-1/2,0.5,2567,1858,2480,4.4
6906,Base-2358a28,1-0,0.0,2567,1858,2481,4.3
6908,Base-2358a28,0-1,1.0,2568,1858,2481,4.4
6907,New-8396454,1-0,1.0,2569,1858,2481,4.4
6910,Base-2358a28,1-0,0.0,2569,1858,2482,4.4
6912,Base-2358a28,1-0,0.0,2569,1858,2483,4.3
6913,New-8396454,1/2-1/2,0.5,2569,1859,2483,4.3
6914,Base-2358a28,1/2-1/2,0.5,2569,1860,2483,4.3
6915,New-8396454,0-1,0.0,2569,1860,2484,4.3
6909,New-8396454,1/2-1/2,0.5,2569,1861,2484,4.3
6911,New-8396454,1/2-1/2,0.5,2569,1862,2484,4.3
6916,Base-2358a28,0-1,1.0,2570,1862,2484,4.3
6917,New-8396454,1/2-1/2,0.5,2570,1863,2484,4.3
6918,Base-2358a28,1/2-1/2,0.5,2570,1864,2484,4.3
6919,New-8396454,0-1,0.0,2570,1864,2485,4.3
6920,Base-2358a28,0-1,1.0,2571,1864,2485,4.3
6921,New-8396454,1-0,1.0,2572,1864,2485,4.4
6923,New-8396454,0-1,0.0,2572,1864,2486,4.3
6924,Base-2358a28,0-1,1.0,2573,1864,2486,4.4
6922,Base-2358a28,1/2-1/2,0.5,2573,1865,2486,4.4
6925,New-8396454,1/2-1/2,0.5,2573,1866,2486,4.4
6926,Base-2358a28,1-0,0.0,2573,1866,2487,4.3
6927,New-8396454,1/2-1/2,0.5,2573,1867,2487,4.3
6929,New-8396454,1-0,1.0,2574,1867,2487,4.4
6928,Base-2358a28,1-0,0.0,2574,1867,2488,4.3
6930,Base-2358a28,0-1,1.0,2575,1867,2488,4.4
6935,New-8396454,1/2-1/2,0.5,2575,1868,2488,4.4
6931,New-8396454,1-0,1.0,2576,1868,2488,4.4
6932,Base-2358a28,0-1,1.0,2577,1868,2488,4.5
6934,Base-2358a28,1/2-1/2,0.5,2577,1869,2488,4.5
6936,Base-2358a28,1-0,0.0,2577,1869,2489,4.4
6933,New-8396454,0-1,0.0,2577,1869,2490,4.4
6937,New-8396454,0-1,0.0,2577,1869,2491,4.3
6938,Base-2358a28,1/2-1/2,0.5,2577,1870,2491,4.3
6940,Base-2358a28,0-1,1.0,2578,1870,2491,4.4
6941,New-8396454,1-0,1.0,2579,1870,2491,4.4
6942,Base-2358a28,1-0,0.0,2579,1870,2492,4.4
6939,New-8396454,1-0,1.0,2580,1870,2492,4.4
6944,Base-2358a28,0-1,1.0,2581,1870,2492,4.5
6943,New-8396454,0-1,0.0,2581,1870,2493,4.4
6945,New-8396454,0-1,0.0,2581,1870,2494,4.4
6946,Base-2358a28,1-0,0.0,2581,1870,2495,4.3
6949,New-8396454,1-0,1.0,2582,1870,2495,4.4
6948,Base-2358a28,1-0,0.0,2582,1870,2496,4.3
6947,New-8396454,1-0,1.0,2583,1870,2496,4.4
6950,Base-2358a28,1-0,0.0,2583,1870,2497,4.3
6951,New-8396454,1-0,1.0,2584,1870,2497,4.3
6954,Base-2358a28,1-0,0.0,2584,1870,2498,4.3
6952,Base-2358a28,1/2-1/2,0.5,2584,1871,2498,4.3
6958,Base-2358a28,1-0,0.0,2584,1871,2499,4.2
6956,Base-2358a28,1-0,0.0,2584,1871,2500,4.2
6955,New-8396454,1/2-1/2,0.5,2584,1872,2500,4.2
6953,New-8396454,1/2-1/2,0.5,2584,1873,2500,4.2
6961,New-8396454,0-1,0.0,2584,1873,2501,4.1
6957,New-8396454,1-0,1.0,2585,1873,2501,4.2
6959,New-8396454,1-0,1.0,2586,1873,2501,4.2
6962,Base-2358a28,1-0,0.0,2586,1873,2502,4.2
6963,New-8396454,0-1,0.0,2586,1873,2503,4.1
6960,Base-2358a28,0-1,1.0,2587,1873,2503,4.2
6964,Base-2358a28,1/2-1/2,0.5,2587,1874,2503,4.2
6965,New-8396454,1-0,1.0,2588,1874,2503,4.2
6966,Base-2358a28,1-0,0.0,2588,1874,2504,4.2
6967,New-8396454,1/2-1/2,0.5,2588,1875,2504,4.2
6969,New-8396454,0-1,0.0,2588,1875,2505,4.1
6972,Base-2358a28,1/2-1/2,0.5,2588,1876,2505,4.1
6968,Base-2358a28,1-0,0.0,2588,1876,2506,4.1
6970,Base-2358a28,1/2-1/2,0.5,2588,1877,2506,4.1
6975,New-8396454,1-0,1.0,2589,1877,2506,4.1
6974,Base-2358a28,0-1,1.0,2590,1877,2506,4.2
6973,New-8396454,1/2-1/2,0.5,2590,1878,2506,4.2
6971,New-8396454,1/2-1/2,0.5,2590,1879,2506,4.2
6978,Base-2358a28,1/2-1/2,0.5,2590,1880,2506,4.2
6976,Base-2358a28,0-1,1.0,2591,1880,2506,4.2
6977,New-8396454,1-0,1.0,2592,1880,2506,4.3
6982,Base-2358a28,1-0,0.0,2592,1880,2507,4.2
6980,Base-2358a28,1-0,0.0,2592,1880,2508,4.2
6979,New-8396454,0-1,0.0,2592,1880,2509,4.1
6981,New-8396454,1-0,1.0,2593,1880,2509,4.2
6984,Base-2358a28,1/2-1/2,0.5,2593,1881,2509,4.2
6985,New-8396454,1/2-1/2,0.5,2593,1882,2509,4.2
6986,Base-2358a28,1-0,0.0,2593,1882,2510,4.1
6983,New-8396454,1/2-1/2,0.5,2593,1883,2510,4.1
6988,Base-2358a28,1-0,0.0,2593,1883,2511,4.1
6987,New-8396454,1-0,1.0,2594,1883,2511,4.1
6989,New-8396454,1-0,1.0,2595,1883,2511,4.2
6991,New-8396454,1-0,1.0,2596,1883,2511,4.2
6993,New-8396454,1/2-1/2,0.5,2596,1884,2511,4.2
6992,Base-2358a28,1-0,0.0,2596,1884,2512,4.2
6990,Base-2358a28,1/2-1/2,0.5,2596,1885,2512,4.2
6994,Base-2358a28,1-0,0.0,2596,1885,2513,4.1
6996,Base-2358a28,1-0,0.0,2596,1885,2514,4.1
6999,New-8396454,0-1,0.0,2596,1885,2515,4.0
7000,Base-2358a28,1/2-1/2,0.5,2596,1886,2515,4.0
6997,New-8396454,1-0,1.0,2597,1886,2515,4.1
6995,New-8396454,0-1,0.0,2597,1886,2516,4.0
7001,New-8396454,0-1,0.0,2597,1886,2517,4.0
6998,Base-2358a28,1-0,0.0,2597,1886,2518,3.9
7003,New-8396454,1/2-1/2,0.5,2597,1887,2518,3.9
7002,Base-2358a28,1-0,0.0,2597,1887,2519,3.9
7004,Base-2358a28,0-1,1.0,2598,1887,2519,3.9
7009,New-8396454,1-0,1.0,2599,1887,2519,4.0
7006,Base-2358a28,0-1,1.0,2600,1887,2519,4.0
7008,Base-2358a28,0-1,1.0,2601,1887,2519,4.1
7005,New-8396454,1-0,1.0,2602,1887,2519,4.1
7007,New-8396454,1-0,1.0,2603,1887,2519,4.2
7011,New-8396454,0-1,0.0,2603,1887,2520,4.1
7012,Base-2358a28,1/2-1/2,0.5,2603,1888,2520,4.1
7010,Base-2358a28,1/2-1/2,0.5,2603,1889,2520,4.1
7013,New-8396454,0-1,0.0,2603,1889,2521,4.1
7014,Base-2358a28,0-1,1.0,2604,1889,2521,4.1
7018,Base-2358a28,0-1,1.0,2605,1889,2521,4.2
7015,New-8396454,0-1,0.0,2605,1889,2522,4.1
7016,Base-2358a28,1/2-1/2,0.5,2605,1890,2522,4.1
7017,New-8396454,0-1,0.0,2605,1890,2523,4.1
7019,New-8396454,1/2-1/2,0.5,2605,1891,2523,4.1
7020,Base-2358a28,0-1,1.0,2606,1891,2523,4.1
7021,New-8396454,1-0,1.0,2607,1891,2523,4.2
7023,New-8396454,1-0,1.0,2608,1891,2523,4.2
7022,Base-2358a28,0-1,1.0,2609,1891,2523,4.3
7026,Base-2358a28,1-0,0.0,2609,1891,2524,4.2
7024,Base-2358a28,1-0,0.0,2609,1891,2525,4.2
7025,New-8396454,0-1,0.0,2609,1891,2526,4.1
7029,New-8396454,0-1,0.0,2609,1891,2527,4.1
7027,New-8396454,0-1,0.0,2609,1891,2528,4.0
7028,Base-2358a28,1-0,0.0,2609,1891,2529,4.0
7031,New-8396454,1/2-1/2,0.5,2609,1892,2529,4.0
7034,Base-2358a28,1/2-1/2,0.5,2609,1893,2529,4.0
7030,Base-2358a28,1-0,0.0,2609,1893,2530,3.9
7032,Base-2358a28,1-0,0.0,2609,1893,2531,3.9
7033,New-8396454,1/2-1/2,0.5,2609,1894,2531,3.9
7035,New-8396454,1/2-1/2,0.5,2609,1895,2531,3.9
7038,Base-2358a28,1-0,0.0,2609,1895,2532,3.8
7036,Base-2358a28,0-1,1.0,2610,1895,2532,3.9
7037,New-8396454,0-1,0.0,2610,1895,2533,3.8
7039,New-8396454,0-1,0.0,2610,1895,2534,3.8
7043,New-8396454,1-0,1.0,2611,1895,2534,3.8
7041,New-8396454,1/2-1/2,0.5,2611,1896,2534,3.8
7040,Base-2358a28,1-0,0.0,2611,1896,2535,3.7
7044,Base-2358a28,1-0,0.0,2611,1896,2536,3.7
7047,New-8396454,0-1,0.0,2611,1896,2537,3.7
7045,New-8396454,1/2-1/2,0.5,2611,1897,2537,3.6
7046,Base-2358a28,1/2-1/2,0.5,2611,1898,2537,3.6
7042,Base-2358a28,0-1,1.0,2612,1898,2537,3.7
7050,Base-2358a28,1/2-1/2,0.5,2612,1899,2537,3.7
7048,Base-2358a28,1/2-1/2,0.5,2612,1900,2537,3.7
7052,Base-2358a28,1/2-1/2,0.5,2612,1901,2537,3.7
7049,New-8396454,0-1,0.0,2612,1901,2538,3.6
7053,New-8396454,0-1,0.0,2612,1901,2539,3.6
7051,New-8396454,1-0,1.0,2613,1901,2539,3.6
7055,New-8396454,0-1,0.0,2613,1901,2540,3.6
7054,Base-2358a28,1/2-1/2,0.5,2613,1902,2540,3.6
7057,New-8396454,1/2-1/2,0.5,2613,1903,2540,3.6
7056,Base-2358a28,1/2-1/2,0.5,2613,1904,2540,3.6
7058,Base-2358a28,0-1,1.0,2614,1904,2540,3.6
7060,Base-2358a28,0-1,1.0,2615,1904,2540,3.7
7063,New-8396454,1/2-1/2,0.5,2615,1905,2540,3.7
7059,New-8396454,1/2-1/2,0.5,2615,1906,2540,3.7
7061,New-8396454,0-1,0.0,2615,1906,2541,3.6
7066,Base-2358a28,1/2-1/2,0.5,2615,1907,2541,3.6
7062,Base-2358a28,0-1,1.0,2616,1907,2541,3.7
7065,New-8396454,0-1,0.0,2616,1907,2542,3.6
7064,Base-2358a28,1/2-1/2,0.5,2616,1908,2542,3.6
7067,New-8396454,0-1,0.0,2616,1908,2543,3.6
7068,Base-2358a28,1-0,0.0,2616,1908,2544,3.5
7070,Base-2358a28,1-0,0.0,2616,1908,2545,3.5
7072,Base-2358a28,1-0,0.0,2616,1908,2546,3.4
7071,New-8396454,1-0,1.0,2617,1908,2546,3.5
7069,New-8396454,1-0,1.0,2618,1908,2546,3.5
7073,New-8396454,1-0,1.0,2619,1908,2546,3.6
7075,New-8396454,1/2-1/2,0.5,2619,1909,2546,3.6
7074,Base-2358a28,1/2-1/2,0.5,2619,1910,2546,3.6
7076,Base-2358a28,1-0,0.0,2619,1910,2547,3.5
7078,Base-2358a28,0-1,1.0,2620,1910,2547,3.6
7077,New-8396454,0-1,0.0,2620,1910,2548,3.5
7081,New-8396454,1/2-1/2,0.5,2620,1911,2548,3.5
7079,New-8396454,1-0,1.0,2621,1911,2548,3.6
7080,Base-2358a28,1-0,0.0,2621,1911,2549,3.5
7083,New-8396454,0-1,0.0,2621,1911,2550,3.5
7082,Base-2358a28,1-0,0.0,2621,1911,2551,3.4
7084,Base-2358a28,1-0,0.0,2621,1911,2552,3.4
7086,Base-2358a28,1-0,0.0,2621,1911,2553,3.3
7087,New-8396454,0-1,0.0,2621,1911,2554,3.3
7085,New-8396454,0-1,0.0,2621,1911,2555,3.2
7089,New-8396454,1-0,1.0,2622,1911,2555,3.3
7088,Base-2358a28,1/2-1/2,0.5,2622,1912,2555,3.3
7090,Base-2358a28,1-0,0.0,2622,1912,2556,3.2
7093,New-8396454,0-1,0.0,2622,1912,2557,3.2
7091,New-8396454,1/2-1/2,0.5,2622,1913,2557,3.2
7094,Base-2358a28,0-1,1.0,2623,1913,2557,3.2
7092,Base-2358a28,1-0,0.0,2623,1913,2558,3.2
7096,Base-2358a28,1/2-1/2,0.5,2623,1914,2558,3.2
7097,New-8396454,0-1,0.0,2623,1914,2559,3.1
7095,New-8396454,1/2-1/2,0.5,2623,1915,2559,3.1
7098,Base-2358a28,0-1,1.0,2624,1915,2559,3.2
7100,Base-2358a28,1/2-1/2,0.5,2624,1916,2559,3.2
7099,New-8396454,1-0,1.0,2625,1916,2559,3.2
7101,New-8396454,1/2-1/2,0.5,2625,1917,2559,3.2
7103,New-8396454,1/2-1/2,0.5,2625,1918,2559,3.2
7104,Base-2358a28,1/2-1/2,0.5,2625,1919,2559,3.2
7102,Base-2358a28,1/2-1/2,0.5,2625,1920,2559,3.2
7107,New-8396454,0-1,0.0,2625,1920,2560,3.2
7106,Base-2358a28,0-1,1.0,2626,1920,2560,3.2
7105,New-8396454,1/2-1/2,0.5,2626,1921,2560,3.2
7110,Base-2358a28,1-0,0.0,2626,1921,2561,3.2
7108,Base-2358a28,0-1,1.0,2627,1921,2561,3.2
7109,New-8396454,0-1,0.0,2627,1921,2562,3.2
7114,Base-2358a28,1-0,0.0,2627,1921,2563,3.1
7111,New-8396454,1/2-1/2,0.5,2627,1922,2563,3.1
7112,Base-2358a28,0-1,1.0,2628,1922,2563,3.2
7113,New-8396454,0-1,0.0,2628,1922,2564,3.1
7117,New-8396454,0-1,0.0,2628,1922,2565,3.1
7116,Base-2358a28,0-1,1.0,2629,1922,2565,3.1
7115,New-8396454,1-0,1.0,2630,1922,2565,3.2
7118,Base-2358a28,0-1,1.0,2631,1922,2565,3.2
7120,Base-2358a28,0-1,1.0,2632,1922,2565,3.3
7119,New-8396454,1/2-1/2,0.5,2632,1923,2565,3.3
7122,Base-2358a28,1/2-1/2,0.5,2632,1924,2565,3.3
7123,New-8396454,1-0,1.0,2633,1924,2565,3.3
7121,New-8396454,1/2-1/2,0.5,2633,1925,2565,3.3
7124,Base-2358a28,1-0,0.0,2633,1925,2566,3.3
7126,Base-2358a28,1-0,0.0,2633,1925,2567,3.2
7125,New-8396454,1-0,1.0,2634,1925,2567,3.3
7131,New-8396454,1/2-1/2,0.5,2634,1926,2567,3.3
7128,Base-2358a28,1-0,0.0,2634,1926,2568,3.2
7127,New-8396454,1-0,1.0,2635,1926,2568,3.3
7129,New-8396454,0-1,0.0,2635,1926,2569,3.2
7134,Base-2358a28,1-0,0.0,2635,1926,2570,3.2
7130,Base-2358a28,0-1,1.0,2636,1926,2570,3.2
7132,Base-2358a28,1-0,0.0,2636,1926,2571,3.2
7133,New-8396454,0-1,0.0,2636,1926,2572,3.1
7137,New-8396454,1-0,1.0,2637,1926,2572,3.2
7135,New-8396454,1/2-1/2,0.5,2637,1927,2572,3.2
7136,Base-2358a28,1/2-1/2,0.5,2637,1928,2572,3.2
7138,Base-2358a28,0-1,1.0,2638,1928,2572,3.2
7141,New-8396454,0-1,0.0,2638,1928,2573,3.2
7139,New-8396454,1-0,1.0,2639,1928,2573,3.2
7140,Base-2358a28,0-1,1.0,2640,1928,2573,3.3
7143,New-8396454,1/2-1/2,0.5,2640,1929,2573,3.3
7142,Base-2358a28,1/2-1/2,0.5,2640,1930,2573,3.3
7145,New-8396454,0-1,0.0,2640,1930,2574,3.2
7144,Base-2358a28,1-0,0.0,2640,1930,2575,3.2
7146,Base-2358a28,1-0,0.0,2640,1930,2576,3.1
7148,Base-2358a28,1-0,0.0,2640,1930,2577,3.1
7147,New-8396454,1-0,1.0,2641,1930,2577,3.1
7150,Base-2358a28,1-0,0.0,2641,1930,2578,3.1
7149,New-8396454,1/2-1/2,0.5,2641,1931,2578,3.1
7152,Base-2358a28,0-1,1.0,2642,1931,2578,3.1
7151,New-8396454,1-0,1.0,2643,1931,2578,3.2
7154,Base-2358a28,0-1,1.0,2644,1931,2578,3.2
7153,New-8396454,0-1,0.0,2644,1931,2579,3.2
7155,New-8396454,0-1,0.0,2644,1931,2580,3.1
7157,New-8396454,0-1,0.0,2644,1931,2581,3.1
7158,Base-2358a28,1/2-1/2,0.5,2644,1932,2581,3.1
7156,Base-2358a28,1/2-1/2,0.5,2644,1933,2581,3.1
7161,New-8396454,0-1,0.0,2644,1933,2582,3.0
7159,New-8396454,0-1,0.0,2644,1933,2583,3.0
7160,Base-2358a28,1-0,0.0,2644,1933,2584,2.9
7162,Base-2358a28,0-1,1.0,2645,1933,2584,3.0
7163,New-8396454,1-0,1.0,2646,1933,2584,3.0
7164,Base-2358a28,1/2-1/2,0.5,2646,1934,2584,3.0
7166,Base-2358a28,1-0,0.0,2646,1934,2585,3.0
7167,New-8396454,0-1,0.0,2646,1934,2586,2.9
7165,New-8396454,0-1,0.0,2646,1934,2587,2.9
7168,Base-2358a28,1-0,0.0,2646,1934,2588,2.8
7170,Base-2358a28,0-1,1.0,2647,1934,2588,2.9
7169,New-8396454,0-1,0.0,2647,1934,2589,2.8
7171,New-8396454,1-0,1.0,2648,1934,2589,2.9
7172,Base-2358a28,0-1,1.0,2649,1934,2589,2.9
7173,New-8396454,0-1,0.0,2649,1934,2590,2.9
7174,Base-2358a28,0-1,1.0,2650,1934,2590,2.9
7176,Base-2358a28,0-1,1.0,2651,1934,2590,3.0
7178,Base-2358a28,1-0,0.0,2651,1934,2591,2.9
7175,New-8396454,0-1,0.0,2651,1934,2592,2.9
7177,New-8396454,0-1,0.0,2651,1934,2593,2.8
7183,New-8396454,1/2-1/2,0.5,2651,1935,2593,2.8
7180,Base-2358a28,1-0,0.0,2651,1935,2594,2.8
7182,Base-2358a28,1-0,0.0,2651,1935,2595,2.7
7181,New-8396454,1/2-1/2,0.5,2651,1936,2595,2.7
7186,Base-2358a28,0-1,1.0,2652,1936,2595,2.8
7184,Base-2358a28,1-0,0.0,2652,1936,2596,2.7
7185,New-8396454,0-1,0.0,2652,1936,2597,2.7
7179,New-8396454,0-1,0.0,2652,1936,2598,2.6
7188,Base-2358a28,1-0,0.0,2652,1936,2599,2.6
7187,New-8396454,1-0,1.0,2653,1936,2599,2.6
7191,New-8396454,1-0,1.0,2654,1936,2599,2.7
7189,New-8396454,0-1,0.0,2654,1936,2600,2.6
7190,Base-2358a28,0-1,1.0,2655,1936,2600,2.7
7193,New-8396454,1/2-1/2,0.5,2655,1937,2600,2.7
7192,Base-2358a28,1-0,0.0,2655,1937,2601,2.6
7194,Base-2358a28,0-1,1.0,2656,1937,2601,2.7
7195,New-8396454,1-0,1.0,2657,1937,2601,2.7
7196,Base-2358a28,0-1,1.0,2658,1937,2601,2.8
7199,New-8396454,1/2-1/2,0.5,2658,1938,2601,2.8
7197,New-8396454,0-1,0.0,2658,1938,2602,2.7
7202,Base-2358a28,0-1,1.0,2659,1938,2602,2.8
7201,New-8396454,0-1,0.0,2659,1938,2603,2.7
7200,Base-2358a28,0-1,1.0,2660,1938,2603,2.8
7198,Base-2358a28,0-1,1.0,2661,1938,2603,2.8
7203,New-8396454,1-0,1.0,2662,1938,2603,2.8
7204,Base-2358a28,1-0,0.0,2662,1938,2604,2.8
7209,New-8396454,1/2-1/2,0.5,2662,1939,2604,2.8
7208,Base-2358a28,1-0,0.0,2662,1939,2605,2.7
7207,New-8396454,1-0,1.0,2663,1939,2605,2.8
7205,New-8396454,1-0,1.0,2664,1939,2605,2.8
7210,Base-2358a28,1/2-1/2,0.5,2664,1940,2605,2.8
7206,Base-2358a28,0-1,1.0,2665,1940,2605,2.9
7211,New-8396454,0-1,0.0,2665,1940,2606,2.8
7217,New-8396454,1-0,1.0,2666,1940,2606,2.9
7213,New-8396454,0-1,0.0,2666,1940,2607,2.8
7212,Base-2358a28,1-0,0.0,2666,1940,2608,2.8
7218,Base-2358a28,0-1,1.0,2667,1940,2608,2.8
7216,Base-2358a28,0-1,1.0,2668,1940,2608,2.9
7214,Base-2358a28,1-0,0.0,2668,1940,2609,2.8
7215,New-8396454,1/2-1/2,0.5,2668,1941,2609,2.8
7220,Base-2358a28,1-0,0.0,2668,1941,2610,2.8
7223,New-8396454,1-0,1.0,2669,1941,2610,2.8
7219,New-8396454,1/2-1/2,0.5,2669,1942,2610,2.8
7221,New-8396454,1/2-1/2,0.5,2669,1943,2610,2.8
7222,Base-2358a28,0-1,1.0,2670,1943,2610,2.9
7226,Base-2358a28,1-0,0.0,2670,1943,2611,2.8
7224,Base-2358a28,0-1,1.0,2671,1943,2611,2.9
7225,New-8396454,0-1,0.0,2671,1943,2612,2.8
7233,New-8396454,1/2-1/2,0.5,2671,1944,2612,2.8
7227,New-8396454,1-0,1.0,2672,1944,2612,2.9
7228,Base-2358a28,1-0,0.0,2672,1944,2613,2.8
7231,New-8396454,0-1,0.0,2672,1944,2614,2.8
7230,Base-2358a28,0-1,1.0,2673,1944,2614,2.8
7229,New-8396454,0-1,0.0,2673,1944,2615,2.8
7232,Base-2358a28,1-0,0.0,2673,1944,2616,2.7
7236,Base-2358a28,0-1,1.0,2674,1944,2616,2.8
7237,New-8396454,1/2-1/2,0.5,2674,1945,2616,2.8
7234,Base-2358a28,1-0,0.0,2674,1945,2617,2.7
7235,New-8396454,0-1,0.0,2674,1945,2618,2.7
7241,New-8396454,1-0,1.0,2675,1945,2618,2.7
7240,Base-2358a28,0-1,1.0,2676,1945,2618,2.8
7239,New-8396454,1-0,1.0,2677,1945,2618,2.8
7238,Base-2358a28,1/2-1/2,0.5,2677,1946,2618,2.8
7245,New-8396454,1-0,1.0,2678,1946,2618,2.9
7243,New-8396454,1-0,1.0,2679,1946,2618,2.9
7242,Base-2358a28,1-0,0.0,2679,1946,2619,2.9
7244,Base-2358a28,1-0,0.0,2679,1946,2620,2.8
7246,Base-2358a28,1-0,0.0,2679,1946,2621,2.8
7249,New-8396454,1-0,1.0,2680,1946,2621,2.8
7247,New-8396454,1/2-1/2,0.5,2680,1947,2621,2.8
7252,Base-2358a28,1-0,0.0,2680,1947,2622,2.8
7248,Base-2358a28,1/2-1/2,0.5,2680,1948,2622,2.8
7250,Base-2358a28,1/2-1/2,0.5,2680,1949,2622,2.8
7251,New-8396454,1-0,1.0,2681,1949,2622,2.8
7253,New-8396454,1-0,1.0,2682,1949,2622,2.9
7256,Base-2358a28,1-0,0.0,2682,1949,2623,2.8
7257,New-8396454,1-0,1.0,2683,1949,2623,2.9
7254,Base-2358a28,1-0,0.0,2683,1949,2624,2.8
7255,New-8396454,1-0,1.0,2684,1949,2624,2.9
7258,Base-2358a28,1/2-1/2,0.5,2684,1950,2624,2.9
7259,New-8396454,1-0,1.0,2685,1950,2624,2.9
7264,Base-2358a28,1/2-1/2,0.5,2685,1951,2624,2.9
7261,New-8396454,1-0,1.0,2686,1951,2624,3.0
7260,Base-2358a28,1/2-1/2,0.5,2686,1952,2624,3.0
7262,Base-2358a28,0-1,1.0,2687,1952,2624,3.0
7263,New-8396454,1-0,1.0,2688,1952,2624,3.1
7265,New-8396454,0-1,0.0,2688,1952,2625,3.0
7267,New-8396454,0-1,0.0,2688,1952,2626,3.0
7266,Base-2358a28,0-1,1.0,2689,1952,2626,3.0
7270,Base-2358a28,1-0,0.0,2689,1952,2627,3.0
7269,New-8396454,1-0,1.0,2690,1952,2627,3.0
7268,Base-2358a28,0-1,1.0,2691,1952,2627,3.1
7271,New-8396454,1-0,1.0,2692,1952,2627,3.1
7272,Base-2358a28,1-0,0.0,2692,1952,2628,3.1
7273,New-8396454,0-1,0.0,2692,1952,2629,3.0
7274,Base-2358a28,1/2-1/2,0.5,2692,1953,2629,3.0
7276,Base-2358a28,1/2-1/2,0.5,2692,1954,2629,3.0
7275,New-8396454,0-1,0.0,2692,1954,2630,3.0
7277,New-8396454,1-0,1.0,2693,1954,2630,3.0
7278,Base-2358a28,1/2-1/2,0.5,2693,1955,2630,3.0
7282,Base-2358a28,1/2-1/2,0.5,2693,1956,2630,3.0
7280,Base-2358a28,0-1,1.0,2694,1956,2630,3.1
7283,New-8396454,0-1,0.0,2694,1956,2631,3.0
7281,New-8396454,1-0,1.0,2695,1956,2631,3.1
7279,New-8396454,1/2-1/2,0.5,2695,1957,2631,3.1
7284,Base-2358a28,0-1,1.0,2696,1957,2631,3.1
7286,Base-2358a28,0-1,1.0,2697,1957,2631,3.1
7285,New-8396454,0-1,0.0,2697,1957,2632,3.1
7287,New-8396454,1-0,1.0,2698,1957,2632,3.1
7288,Base-2358a28,0-1,1.0,2699,1957,2632,3.2
7289,New-8396454,0-1,0.0,2699,1957,2633,3.1
7290,Base-2358a28,0-1,1.0,2700,1957,2633,3.2
7291,New-8396454,1/2-1/2,0.5,2700,1958,2633,3.2
7293,New-8396454,0-1,0.0,2700,1958,2634,3.1
7292,Base-2358a28,0-1,1.0,2701,1958,2634,3.2
7294,Base-2358a28,0-1,1.0,2702,1958,2634,3.2
7296,Base-2358a28,0-1,1.0,2703,1958,2634,3.3
7298,Base-2358a28,1-0,0.0,2703,1958,2635,3.2
7295,New-8396454,0-1,0.0,2703,1958,2636,3.2
7297,New-8396454,1/2-1/2,0.5,2703,1959,2636,3.2
7300,Base-2358a28,1/2-1/2,0.5,2703,1960,2636,3.2
7299,New-8396454,1/2-1/2,0.5,2703,1961,2636,3.2
7301,New-8396454,1-0,1.0,2704,1961,2636,3.2
7302,Base-2358a28,0-1,1.0,2705,1961,2636,3.3
7305,New-8396454,1-0,1.0,2706,1961,2636,3.3
7303,New-8396454,0-1,0.0,2706,1961,2637,3.3
7306,Base-2358a28,1-0,0.0,2706,1961,2638,3.2
7304,Base-2358a28,1/2-1/2,0.5,2706,1962,2638,3.2
7309,New-8396454,1-0,1.0,2707,1962,2638,3.3
7310,Base-2358a28,1-0,0.0,2707,1962,2639,3.2
7311,New-8396454,0-1,0.0,2707,1962,2640,3.2
7307,New-8396454,0-1,0.0,2707,1962,2641,3.1
7313,New-8396454,1-0,1.0,2708,1962,2641,3.2
7312,Base-2358a28,1/2-1/2,0.5,2708,1963,2641,3.2
7308,Base-2358a28,1/2-1/2,0.5,2708,1964,2641,3.2
7314,Base-2358a28,0-1,1.0,2709,1964,2641,3.2
7315,New-8396454,1-0,1.0,2710,1964,2641,3.3
7318,Base-2358a28,0-1,1.0,2711,1964,2641,3.3
7316,Base-2358a28,0-1,1.0,2712,1964,2641,3.4
7320,Base-2358a28,1/2-1/2,0.5,2712,1965,2641,3.4
7319,New-8396454,1-0,1.0,2713,1965,2641,3.4
7317,New-8396454,1-0,1.0,2714,1965,2641,3.5
7321,New-8396454,1/2-1/2,0.5,2714,1966,2641,3.5
7322,Base-2358a28,1-0,0.0,2714,1966,2642,3.4
7324,Base-2358a28,0-1,1.0,2715,1966,2642,3.5
7326,Base-2358a28,1/2-1/2,0.5,2715,1967,2642,3.5
7323,New-8396454,1/2-1/2,0.5,2715,1968,2642,3.5
7325,New-8396454,1-0,1.0,2716,1968,2642,3.5
7328,Base-2358a28,0-1,1.0,2717,1968,2642,3.6
7331,New-8396454,1-0,1.0,2718,1968,2642,3.6
7329,New-8396454,1-0,1.0,2719,1968,2642,3.7
7330,Base-2358a28,1/2-1/2,0.5,2719,1969,2642,3.6
7327,New-8396454,1/2-1/2,0.5,2719,1970,2642,3.6
7334,Base-2358a28,0-1,1.0,2720,1970,2642,3.7
7335,New-8396454,1-0,1.0,2721,1970,2642,3.7
7333,New-8396454,1-0,1.0,2722,1970,2642,3.8
7336,Base-2358a28,0-1,1.0,2723,1970,2642,3.8
7339,New-8396454,0-1,0.0,2723,1970,2643,3.8
7332,Base-2358a28,1/2-1/2,0.5,2723,1971,2643,3.8
7338,Base-2358a28,0-1,1.0,2724,1971,2643,3.8
7340,Base-2358a28,0-1,1.0,2725,1971,2643,3.9
7337,New-8396454,1-0,1.0,2726,1971,2643,3.9
7344,Base-2358a28,0-1,1.0,2727,1971,2643,4.0
7341,New-8396454,1/2-1/2,0.5,2727,1972,2643,4.0
7343,New-8396454,1/2-1/2,0.5,2727,1973,2643,4.0
7346,Base-2358a28,1-0,0.0,2727,1973,2644,3.9
7348,Base-2358a28,1-0,0.0,2727,1973,2645,3.9
7342,Base-2358a28,0-1,1.0,2728,1973,2645,3.9
7347,New-8396454,1-0,1.0,2729,1973,2645,4.0
7349,New-8396454,0-1,0.0,2729,1973,2646,3.9
7350,Base-2358a28,1/2-1/2,0.5,2729,1974,2646,3.9
7345,New-8396454,1/2-1/2,0.5,2729,1975,2646,3.9
7351,New-8396454,1-0,1.0,2730,1975,2646,4.0
7352,Base-2358a28,0-1,1.0,2731,1975,2646,4.0
7354,Base-2358a28,1-0,0.0,2731,1975,2647,4.0
7353,New-8396454,1-0,1.0,2732,1975,2647,4.0
7355,New-8396454,1/2-1/2,0.5,2732,1976,2647,4.0
7359,New-8396454,0-1,0.0,2732,1976,2648,4.0
7357,New-8396454,0-1,0.0,2732,1976,2649,3.9
7356,Base-2358a28,1-0,0.0,2732,1976,2650,3.9
7358,Base-2358a28,0-1,1.0,2733,1976,2650,3.9
7360,Base-2358a28,1-0,0.0,2733,1976,2651,3.9
7361,New-8396454,0-1,0.0,2733,1976,2652,3.8
7365,New-8396454,1-0,1.0,2734,1976,2652,3.9
7362,Base-2358a28,0-1,1.0,2735,1976,2652,3.9
7364,Base-2358a28,0-1,1.0,2736,1976,2652,4.0
7363,New-8396454,0-1,0.0,2736,1976,2653,3.9
7366,Base-2358a28,0-1,1.0,2737,1976,2653,4.0
7367,New-8396454,1-0,1.0,2738,1976,2653,4.0
7370,Base-2358a28,1-0,0.0,2738,1976,2654,4.0
7368,Base-2358a28,1-0,0.0,2738,1976,2655,3.9
7372,Base-2358a28,1-0,0.0,2738,1976,2656,3.9
7369,New-8396454,1/2-1/2,0.5,2738,1977,2656,3.9
7374,Base-2358a28,1-0,0.0,2738,1977,2657,3.8
7373,New-8396454,0-1,0.0,2738,1977,2658,3.8
7371,New-8396454,0-1,0.0,2738,1977,2659,3.7
7376,Base-2358a28,1/2-1/2,0.5,2738,1978,2659,3.7
7375,New-8396454,1/2-1/2,0.5,2738,1979,2659,3.7
7380,Base-2358a28,1-0,0.0,2738,1979,2660,3.7
7379,New-8396454,1-0,1.0,2739,1979,2660,3.7
7377,New-8396454,1-0,1.0,2740,1979,2660,3.8
7378,Base-2358a28,1-0,0.0,2740,1979,2661,3.7
7382,Base-2358a28,0-1,1.0,2741,1979,2661,3.8
7381,New-8396454,1/2-1/2,0.5,2741,1980,2661,3.8
7383,New-8396454,1-0,1.0,2742,1980,2661,3.8
7384,Base-2358a28,0-1,1.0,2743,1980,2661,3.9
7389,New-8396454,1-0,1.0,2744,1980,2661,3.9
7390,Base-2358a28,1/2-1/2,0.5,2744,1981,2661,3.9
7385,New-8396454,0-1,0.0,2744,1981,2662,3.9
7387,New-8396454,1-0,1.0,2745,1981,2662,3.9
7388,Base-2358a28,1-0,0.0,2745,1981,2663,3.9
7386,Base-2358a28,0-1,1.0,2746,1981,2663,3.9
7391,New-8396454,1-0,1.0,2747,1981,2663,3.9
7392,Base-2358a28,0-1,1.0,2748,1981,2663,4.0
7398,Base-2358a28,1/2-1/2,0.5,2748,1982,2663,4.0
7394,Base-2358a28,0-1,1.0,2749,1982,2663,4.0
7393,New-8396454,0-1,0.0,2749,1982,2664,4.0
7395,New-8396454,0-1,0.0,2749,1982,2665,3.9
7397,New-8396454,0-1,0.0,2749,1982,2666,3.9
7399,New-8396454,0-1,0.0,2749,1982,2667,3.9
7402,Base-2358a28,1/2-1/2,0.5,2749,1983,2667,3.9
7396,Base-2358a28,1/2-1/2,0.5,2749,1984,2667,3.9
7403,New-8396454,0-1,0.0,2749,1984,2668,3.8
7400,Base-2358a28,1/2-1/2,0.5,2749,1985,2668,3.8
7401,New-8396454,0-1,0.0,2749,1985,2669,3.8
7405,New-8396454,1-0,1.0,2750,1985,2669,3.8
7404,Base-2358a28,1-0,0.0,2750,1985,2670,3.8
7406,Base-2358a28,0-1,1.0,2751,1985,2670,3.8
7407,New-8396454,1-0,1.0,2752,1985,2670,3.8
7408,Base-2358a28,1-0,0.0,2752,1985,2671,3.8
7411,New-8396454,0-1,0.0,2752,1985,2672,3.8
7409,New-8396454,0-1,0.0,2752,1985,2673,3.7
7410,Base-2358a28,1/2-1/2,0.5,2752,1986,2673,3.7
7412,Base-2358a28,0-1,1.0,2753,1986,2673,3.8
7413,New-8396454,1-0,1.0,2754,1986,2673,3.8
7414,Base-2358a28,1-0,0.0,2754,1986,2674,3.7
7415,New-8396454,0-1,0.0,2754,1986,2675,3.7
7417,New-8396454,1-0,1.0,2755,1986,2675,3.7
7416,Base-2358a28,0-1,1.0,2756,1986,2675,3.8
7418,Base-2358a28,0-1,1.0,2757,1986,2675,3.8
7419,New-8396454,1-0,1.0,2758,1986,2675,3.9
7421,New-8396454,0-1,0.0,2758,1986,2676,3.8
7424,Base-2358a28,1/2-1/2,0.5,2758,1987,2676,3.8
7422,Base-2358a28,0-1,1.0,2759,1987,2676,3.9
7420,Base-2358a28,0-1,1.0,2760,1987,2676,3.9
7425,New-8396454,1-0,1.0,2761,1987,2676,4.0
7426,Base-2358a28,1-0,0.0,2761,1987,2677,3.9
7423,New-8396454,0-1,0.0,2761,1987,2678,3.9
7427,New-8396454,0-1,0.0,2761,1987,2679,3.8
7428,Base-2358a28,1-0,0.0,2761,1987,2680,3.8
7433,New-8396454,1-0,1.0,2762,1987,2680,3.8
7429,New-8396454,1-0,1.0,2763,1987,2680,3.9
7430,Base-2358a28,1-0,0.0,2763,1987,2681,3.8
7431,New-8396454,0-1,0.0,2763,1987,2682,3.8
7434,Base-2358a28,1-0,0.0,2763,1987,2683,3.7
7432,Base-2358a28,1-0,0.0,2763,1987,2684,3.7
7436,Base-2358a28,0-1,1.0,2764,1987,2684,3.7
7435,New-8396454,0-1,0.0,2764,1987,2685,3.7
7437,New-8396454,1/2-1/2,0.5,2764,1988,2685,3.7
7438,Base-2358a28,1-0,0.0,2764,1988,2686,3.6
7439,New-8396454,0-1,0.0,2764,1988,2687,3.6
7441,New-8396454,0-1,0.0,2764,1988,2688,3.5
7440,Base-2358a28,1-0,0.0,2764,1988,2689,3.5
7442,Base-2358a28,0-1,1.0,2765,1988,2689,3.5
7443,New-8396454,1-0,1.0,2766,1988,2689,3.6
7445,New-8396454,0-1,0.0,2766,1988,2690,3.5
7444,Base-2358a28,0-1,1.0,2767,1988,2690,3.6
7446,Base-2358a28,1-0,0.0,2767,1988,2691,3.5
7448,Base-2358a28,0-1,1.0,2768,1988,2691,3.6
7447,New-8396454,0-1,0.0,2768,1988,2692,3.5
7449,New-8396454,1-0,1.0,2769,1988,2692,3.6
7452,Base-2358a28,1/2-1/2,0.5,2769,1989,2692,3.6
7450,Base-2358a28,1-0,0.0,2769,1989,2693,3.5
7454,Base-2358a28,0-1,1.0,2770,1989,2693,3.6
7451,New-8396454,0-1,0.0,2770,1989,2694,3.5
7453,New-8396454,1/2-1/2,0.5,2770,1990,2694,3.5
7455,New-8396454,1-0,1.0,2771,1990,2694,3.6
7456,Base-2358a28,0-1,1.0,2772,1990,2694,3.6
7457,New-8396454,0-1,0.0,2772,1990,2695,3.6
7458,Base-2358a28,1-0,0.0,2772,1990,2696,3.5
7460,Base-2358a28,1-0,0.0,2772,1990,2697,3.5
7462,Base-2358a28,1-0,0.0,2772,1990,2698,3.4
7459,New-8396454,1-0,1.0,2773,1990,2698,3.5
7461,New-8396454,1-0,1.0,2774,1990,2698,3.5
7463,New-8396454,1-0,1.0,2775,1990,2698,3.6
7464,Base-2358a28,0-1,1.0,2776,1990,2698,3.6
7465,New-8396454,1/2-1/2,0.5,2776,1991,2698,3.6
7470,Base-2358a28,1-0,0.0,2776,1991,2699,3.6
7467,New-8396454,1-0,1.0,2777,1991,2699,3.6
7466,Base-2358a28,0-1,1.0,2778,1991,2699,3.7
7468,Base-2358a28,1-0,0.0,2778,1991,2700,3.6
7471,New-8396454,1/2-1/2,0.5,2778,1992,2700,3.6
7469,New-8396454,1-0,1.0,2779,1992,2700,3.7
7474,Base-2358a28,1/2-1/2,0.5,2779,1993,2700,3.7
7472,Base-2358a28,1/2-1/2,0.5,2779,1994,2700,3.7
7476,Base-2358a28,1-0,0.0,2779,1994,2701,3.6
7473,New-8396454,1/2-1/2,0.5,2779,1995,2701,3.6
7475,New-8396454,1/2-1/2,0.5,2779,1996,2701,3.6
7477,New-8396454,0-1,0.0,2779,1996,2702,3.6
7480,Base-2358a28,0-1,1.0,2780,1996,2702,3.6
7478,Base-2358a28,1/2-1/2,0.5,2780,1997,2702,3.6
7481,New-8396454,1/2-1/2,0.5,2780,1998,2702,3.6
7485,New-8396454,0-1,0.0,2780,1998,2703,3.6
7479,New-8396454,1/2-1/2,0.5,2780,1999,2703,3.6
7482,Base-2358a28,0-1,1.0,2781,1999,2703,3.6
7484,Base-2358a28,0-1,1.0,2782,1999,2703,3.7
7483,New-8396454,1-0,1.0,2783,1999,2703,3.7
7486,Base-2358a28,1-0,0.0,2783,1999,2704,3.7
7487,New-8396454,1-0,1.0,2784,1999,2704,3.7
7488,Base-2358a28,1-0,0.0,2784,1999,2705,3.7
7489,New-8396454,0-1,0.0,2784,1999,2706,3.6
7490,Base-2358a28,1-0,0.0,2784,1999,2707,3.6
7492,Base-2358a28,0-1,1.0,2785,1999,2707,3.6
7493,New-8396454,1-0,1.0,2786,1999,2707,3.7
7491,New-8396454,0-1,0.0,2786,1999,2708,3.6
7494,Base-2358a28,0-1,1.0,2787,1999,2708,3.7
7495,New-8396454,1/2-1/2,0.5,2787,2000,2708,3.7
7496,Base-2358a28,0-1,1.0,2788,2000,2708,3.7
7501,New-8396454,1-0,1.0,2789,2000,2708,3.8
7500,Base-2358a28,0-1,1.0,2790,2000,2708,3.8
7499,New-8396454,0-1,0.0,2790,2000,2709,3.8
7497,New-8396454,1-0,1.0,2791,2000,2709,3.8
7498,Base-2358a28,1/2-1/2,0.5,2791,2001,2709,3.8
7502,Base-2358a28,1-0,0.0,2791,2001,2710,3.8
7503,New-8396454,1-0,1.0,2792,2001,2710,3.8
7505,New-8396454,0-1,0.0,2792,2001,2711,3.8
7507,New-8396454,1/2-1/2,0.5,2792,2002,2711,3.7
7504,Base-2358a28,0-1,1.0,2793,2002,2711,3.8
7506,Base-2358a28,1-0,0.0,2793,2002,2712,3.7
7508,Base-2358a28,1-0,0.0,2793,2002,2713,3.7
7509,New-8396454,0-1,0.0,2793,2002,2714,3.7
7510,Base-2358a28,0-1,1.0,2794,2002,2714,3.7
7516,Base-2358a28,1-0,0.0,2794,2002,2715,3.7
7515,New-8396454,1-0,1.0,2795,2002,2715,3.7
7511,New-8396454,1/2-1/2,0.5,2795,2003,2715,3.7
7514,Base-2358a28,1-0,0.0,2795,2003,2716,3.7
7513,New-8396454,0-1,0.0,2795,2003,2717,3.6
7512,Base-2358a28,1/2-1/2,0.5,2795,2004,2717,3.6
7518,Base-2358a28,1/2-1/2,0.5,2795,2005,2717,3.6
7520,Base-2358a28,1-0,0.0,2795,2005,2718,3.6
7522,Base-2358a28,0-1,1.0,2796,2005,2718,3.6
7519,New-8396454,0-1,0.0,2796,2005,2719,3.6
7517,New-8396454,1/2-1/2,0.5,2796,2006,2719,3.6
7521,New-8396454,0-1,0.0,2796,2006,2720,3.5
7524,Base-2358a28,1-0,0.0,2796,2006,2721,3.5
7523,New-8396454,0-1,0.0,2796,2006,2722,3.4
7525,New-8396454,1-0,1.0,2797,2006,2722,3.5
7526,Base-2358a28,1-0,0.0,2797,2006,2723,3.4
7529,New-8396454,1-0,1.0,2798,2006,2723,3.5
7528,Base-2358a28,1/2-1/2,0.5,2798,2007,2723,3.5
7531,New-8396454,0-1,0.0,2798,2007,2724,3.4
7530,Base-2358a28,0-1,1.0,2799,2007,2724,3.5
7527,New-8396454,1/2-1/2,0.5,2799,2008,2724,3.5
7533,New-8396454,1/2-1/2,0.5,2799,2009,2724,3.5
7532,Base-2358a28,1-0,0.0,2799,2009,2725,3.4
7534,Base-2358a28,0-1,1.0,2800,2009,2725,3.5
7540,Base-2358a28,1-0,0.0,2800,2009,2726,3.4
7538,Base-2358a28,1-0,0.0,2800,2009,2727,3.4
7536,Base-2358a28,0-1,1.0,2801,2009,2727,3.4
7535,New-8396454,1-0,1.0,2802,2009,2727,3.5
7537,New-8396454,1-0,1.0,2803,2009,2727,3.5
7539,New-8396454,1-0,1.0,2804,2009,2727,3.5
7541,New-8396454,0-1,0.0,2804,2009,2728,3.5
7543,New-8396454,0-1,0.0,2804,2009,2729,3.5
7546,Base-2358a28,1-0,0.0,2804,2009,2730,3.4
7544,Base-2358a28,0-1,1.0,2805,2009,2730,3.5
7542,Base-2358a28,1-0,0.0,2805,2009,2731,3.4
7545,New-8396454,1-0,1.0,2806,2009,2731,3.5
7548,Base-2358a28,1-0,0.0,2806,2009,2732,3.4
7547,New-8396454,1-0,1.0,2807,2009,2732,3.5
7549,New-8396454,0-1,0.0,2807,2009,2733,3.4
7550,Base-2358a28,0-1,1.0,2808,2009,2733,3.5
7551,New-8396454,1/2-1/2,0.5,2808,2010,2733,3.5
7554,Base-2358a28,0-1,1.0,2809,2010,2733,3.5
7553,New-8396454,0-1,0.0,2809,2010,2734,3.5
7555,New-8396454,1-0,1.0,2810,2010,2734,3.5
7552,Base-2358a28,0-1,1.0,2811,2010,2734,3.5
7556,Base-2358a28,1-0,0.0,2811,2010,2735,3.5
7557,New-8396454,1-0,1.0,2812,2010,2735,3.5
7559,New-8396454,0-1,0.0,2812,2010,2736,3.5
7560,Base-2358a28,1/2-1/2,0.5,2812,2011,2736,3.5
7562,Base-2358a28,0-1,1.0,2813,2011,2736,3.5
7558,Base-2358a28,0-1,1.0,2814,2011,2736,3.6
7564,Base-2358a28,1/2-1/2,0.5,2814,2012,2736,3.6
7561,New-8396454,1-0,1.0,2815,2012,2736,3.6
7563,New-8396454,1-0,1.0,2816,2012,2736,3.7
7570,Base-2358a28,1/2-1/2,0.5,2816,2013,2736,3.7
7566,Base-2358a28,1-0,0.0,2816,2013,2737,3.6
7565,New-8396454,1/2-1/2,0.5,2816,2014,2737,3.6
7567,New-8396454,1/2-1/2,0.5,2816,2015,2737,3.6
7569,New-8396454,1-0,1.0,2817,2015,2737,3.7
7568,Base-2358a28,1/2-1/2,0.5,2817,2016,2737,3.7
7571,New-8396454,1-0,1.0,2818,2016,2737,3.7
7573,New-8396454,1/2-1/2,0.5,2818,2017,2737,3.7
7572,Base-2358a28,1-0,0.0,2818,2017,2738,3.7
7574,Base-2358a28,0-1,1.0,2819,2017,2738,3.7
7576,Base-2358a28,1/2-1/2,0.5,2819,2018,2738,3.7
7577,New-8396454,1/2-1/2,0.5,2819,2019,2738,3.7
7575,New-8396454,1/2-1/2,0.5,2819,2020,2738,3.7
7578,Base-2358a28,1-0,0.0,2819,2020,2739,3.7
7579,New-8396454,1-0,1.0,2820,2020,2739,3.7
7581,New-8396454,0-1,0.0,2820,2020,2740,3.7
7583,New-8396454,1-0,1.0,2821,2020,2740,3.7
7582,Base-2358a28,0-1,1.0,2822,2020,2740,3.8
7585,New-8396454,1-0,1.0,2823,2020,2740,3.8
7580,Base-2358a28,1/2-1/2,0.5,2823,2021,2740,3.8
7587,New-8396454,0-1,0.0,2823,2021,2741,3.8
7584,Base-2358a28,1/2-1/2,0.5,2823,2022,2741,3.8
7588,Base-2358a28,1/2-1/2,0.5,2823,2023,2741,3.8
7589,New-8396454,1-0,1.0,2824,2023,2741,3.8
7590,Base-2358a28,0-1,1.0,2825,2023,2741,3.8
7594,Base-2358a28,0-1,1.0,2826,2023,2741,3.9
7586,Base-2358a28,1/2-1/2,0.5,2826,2024,2741,3.9
7595,New-8396454,1/2-1/2,0.5,2826,2025,2741,3.9
7591,New-8396454,0-1,0.0,2826,2025,2742,3.8
7593,New-8396454,1-0,1.0,2827,2025,2742,3.9
7592,Base-2358a28,1/2-1/2,0.5,2827,2026,2742,3.9
7597,New-8396454,1/2-1/2,0.5,2827,2027,2742,3.9
7599,New-8396454,1/2-1/2,0.5,2827,2028,2742,3.9
7596,Base-2358a28,0-1,1.0,2828,2028,2742,3.9
7602,Base-2358a28,1-0,0.0,2828,2028,2743,3.9
7600,Base-2358a28,1-0,0.0,2828,2028,2744,3.8
7601,New-8396454,1-0,1.0,2829,2028,2744,3.9
7604,Base-2358a28,1-0,0.0,2829,2028,2745,3.8
7605,New-8396454,1-0,1.0,2830,2028,2745,3.9
7598,Base-2358a28,1/2-1/2,0.5,2830,2029,2745,3.9
7603,New-8396454,1/2-1/2,0.5,2830,2030,2745,3.9
7607,New-8396454,0-1,0.0,2830,2030,2746,3.8
7606,Base-2358a28,0-1,1.0,2831,2030,2746,3.9
7608,Base-2358a28,1/2-1/2,0.5,2831,2031,2746,3.9
7610,Base-2358a28,1/2-1/2,0.5,2831,2032,2746,3.9
7612,Base-2358a28,0-1,1.0,2832,2032,2746,3.9
7609,New-8396454,1/2-1/2,0.5,2832,2033,2746,3.9
7611,New-8396454,1-0,1.0,2833,2033,2746,4.0
7613,New-8396454,1-0,1.0,2834,2033,2746,4.0
7614,Base-2358a28,1-0,0.0,2834,2033,2747,4.0
7616,Base-2358a28,1-0,0.0,2834,2033,2748,3.9
7615,New-8396454,1/2-1/2,0.5,2834,2034,2748,3.9
7618,Base-2358a28,1-0,0.0,2834,2034,2749,3.9
7619,New-8396454,0-1,0.0,2834,2034,2750,3.8
7620,Base-2358a28,0-1,1.0,2835,2034,2750,3.9
7622,Base-2358a28,1-0,0.0,2835,2034,2751,3.8
7623,New-8396454,1/2-1/2,0.5,2835,2035,2751,3.8
7617,New-8396454,1/2-1/2,0.5,2835,2036,2751,3.8
7621,New-8396454,1/2-1/2,0.5,2835,2037,2751,3.8
7624,Base-2358a28,1/2-1/2,0.5,2835,2038,2751,3.8
7628,Base-2358a28,1-0,0.0,2835,2038,2752,3.8
7625,New-8396454,0-1,0.0,2835,2038,2753,3.7
7626,Base-2358a28,0-1,1.0,2836,2038,2753,3.8
7627,New-8396454,1/2-1/2,0.5,2836,2039,2753,3.8
7630,Base-2358a28,0-1,1.0,2837,2039,2753,3.8
7629,New-8396454,0-1,0.0,2837,2039,2754,3.8
7631,New-8396454,1-0,1.0,2838,2039,2754,3.8
7632,Base-2358a28,0-1,1.0,2839,2039,2754,3.9
7633,New-8396454,1/2-1/2,0.5,2839,2040,2754,3.9
7634,Base-2358a28,1/2-1/2,0.5,2839,2041,2754,3.9
7637,New-8396454,1-0,1.0,2840,2041,2754,3.9
7635,New-8396454,1/2-1/2,0.5,2840,2042,2754,3.9
7638,Base-2358a28,1-0,0.0,2840,2042,2755,3.9
7636,Base-2358a28,1/2-1/2,0.5,2840,2043,2755,3.9
7639,New-8396454,0-1,0.0,2840,2043,2756,3.8
7640,Base-2358a28,0-1,1.0,2841,2043,2756,3.9
7641,New-8396454,1-0,1.0,2842,2043,2756,3.9
7646,Base-2358a28,1/2-1/2,0.5,2842,2044,2756,3.9
7642,Base-2358a28,1-0,0.0,2842,2044,2757,3.9
7647,New-8396454,1-0,1.0,2843,2044,2757,3.9
7643,New-8396454,1-0,1.0,2844,2044,2757,4.0
7644,Base-2358a28,1-0,0.0,2844,2044,2758,3.9
7648,Base-2358a28,1/2-1/2,0.5,2844,2045,2758,3.9
7645,New-8396454,1/2-1/2,0.5,2844,2046,2758,3.9
7649,New-8396454,0-1,0.0,2844,2046,2759,3.9
7652,Base-2358a28,1-0,0.0,2844,2046,2760,3.8
7650,Base-2358a28,0-1,1.0,2845,2046,2760,3.9
7651,New-8396454,1/2-1/2,0.5,2845,2047,2760,3.9
7654,Base-2358a28,1-0,0.0,2845,2047,2761,3.8
7655,New-8396454,0-1,0.0,2845,2047,2762,3.8
7653,New-8396454,1-0,1.0,2846,2047,2762,3.8
7658,Base-2358a28,1/2-1/2,0.5,2846,2048,2762,3.8
7661,New-8396454,1-0,1.0,2847,2048,2762,3.9
7657,New-8396454,1-0,1.0,2848,2048,2762,3.9
7660,Base-2358a28,1-0,0.0,2848,2048,2763,3.9
7656,Base-2358a28,0-1,1.0,2849,2048,2763,3.9
7659,New-8396454,1-0,1.0,2850,2048,2763,3.9
7662,Base-2358a28,0-1,1.0,2851,2048,2763,4.0
7664,Base-2358a28,1/2-1/2,0.5,2851,2049,2763,4.0
7666,Base-2358a28,1-0,0.0,2851,2049,2764,3.9
7663,New-8396454,0-1,0.0,2851,2049,2765,3.9
7665,New-8396454,1/2-1/2,0.5,2851,2050,2765,3.9
7667,New-8396454,1-0,1.0,2852,2050,2765,3.9
7668,Base-2358a28,1/2-1/2,0.5,2852,2051,2765,3.9
7669,New-8396454,1-0,1.0,2853,2051,2765,4.0
7671,New-8396454,1-0,1.0,2854,2051,2765,4.0
7672,Base-2358a28,0-1,1.0,2855,2051,2765,4.1
7670,Base-2358a28,0-1,1.0,2856,2051,2765,4.1
7679,New-8396454,1/2-1/2,0.5,2856,2052,2765,4.1
7673,New-8396454,0-1,0.0,2856,2052,2766,4.1
7675,New-8396454,1/2-1/2,0.5,2856,2053,2766,4.1
7676,Base-2358a28,1-0,0.0,2856,2053,2767,4.0
7678,Base-2358a28,1-0,0.0,2856,2053,2768,4.0
7674,Base-2358a28,0-1,1.0,2857,2053,2768,4.0
7677,New-8396454,1-0,1.0,2858,2053,2768,4.1
7680,Base-2358a28,1-0,0.0,2858,2053,2769,4.0
7681,New-8396454,1-0,1.0,2859,2053,2769,4.1
7682,Base-2358a28,1-0,0.0,2859,2053,2770,4.0
7683,New-8396454,0-1,0.0,2859,2053,2771,4.0
7685,New-8396454,1-0,1.0,2860,2053,2771,4.0
7684,Base-2358a28,1/2-1/2,0.5,2860,2054,2771,4.0
7686,Base-2358a28,0-1,1.0,2861,2054,2771,4.1
7688,Base-2358a28,1-0,0.0,2861,2054,2772,4.0
7689,New-8396454,0-1,0.0,2861,2054,2773,4.0
7690,Base-2358a28,1-0,0.0,2861,2054,2774,3.9
7687,New-8396454,0-1,0.0,2861,2054,2775,3.9
7691,New-8396454,1/2-1/2,0.5,2861,2055,2775,3.9
7693,New-8396454,1-0,1.0,2862,2055,2775,3.9
7692,Base-2358a28,0-1,1.0,2863,2055,2775,4.0
7694,Base-2358a28,1/2-1/2,0.5,2863,2056,2775,4.0
7695,New-8396454,1-0,1.0,2864,2056,2775,4.0
7698,Base-2358a28,1-0,0.0,2864,2056,2776,4.0
7696,Base-2358a28,1/2-1/2,0.5,2864,2057,2776,4.0
7697,New-8396454,0-1,0.0,2864,2057,2777,3.9
7701,New-8396454,1/2-1/2,0.5,2864,2058,2777,3.9
7699,New-8396454,0-1,0.0,2864,2058,2778,3.9
7700,Base-2358a28,1/2-1/2,0.5,2864,2059,2778,3.9
7702,Base-2358a28,1/2-1/2,0.5,2864,2060,2778,3.9
7703,New-8396454,1/2-1/2,0.5,2864,2061,2778,3.9
7705,New-8396454,1-0,1.0,2865,2061,2778,3.9
7706,Base-2358a28,1/2-1/2,0.5,2865,2062,2778,3.9
7704,Base-2358a28,1-0,0.0,2865,2062,2779,3.9
7707,New-8396454,1/2-1/2,0.5,2865,2063,2779,3.9
7708,Base-2358a28,1-0,0.0,2865,2063,2780,3.8
7709,New-8396454,1-0,1.0,2866,2063,2780,3.9
7713,New-8396454,0-1,0.0,2866,2063,2781,3.8
7714,Base-2358a28,1/2-1/2,0.5,2866,2064,2781,3.8
7710,Base-2358a28,0-1,1.0,2867,2064,2781,3.9
7711,New-8396454,1/2-1/2,0.5,2867,2065,2781,3.9
7712,Base-2358a28,0-1,1.0,2868,2065,2781,3.9
7715,New-8396454,0-1,0.0,2868,2065,2782,3.9
7716,Base-2358a28,0-1,1.0,2869,2065,2782,3.9
7717,New-8396454,1-0,1.0,2870,2065,2782,4.0
7718,Base-2358a28,1-0,0.0,2870,2065,2783,3.9
7719,New-8396454,1-0,1.0,2871,2065,2783,4.0
7720,Base-2358a28,0-1,1.0,2872,2065,2783,4.0
7722,Base-2358a28,1-0,0.0,2872,2065,2784,4.0
7724,Base-2358a28,1-0,0.0,2872,2065,2785,3.9
7723,New-8396454,1/2-1/2,0.5,2872,2066,2785,3.9
7725,New-8396454,1-0,1.0,2873,2066,2785,4.0
7721,New-8396454,1/2-1/2,0.5,2873,2067,2785,4.0
7726,Base-2358a28,1-0,0.0,2873,2067,2786,3.9
7727,New-8396454,0-1,0.0,2873,2067,2787,3.9
7728,Base-2358a28,1/2-1/2,0.5,2873,2068,2787,3.9
7729,New-8396454,0-1,0.0,2873,2068,2788,3.8
7731,New-8396454,1-0,1.0,2874,2068,2788,3.9
7733,New-8396454,0-1,0.0,2874,2068,2789,3.8
7730,Base-2358a28,1-0,0.0,2874,2068,2790,3.8
7732,Base-2358a28,1/2-1/2,0.5,2874,2069,2790,3.8
7734,Base-2358a28,0-1,1.0,2875,2069,2790,3.8
7736,Base-2358a28,1-0,0.0,2875,2069,2791,3.8
7740,Base-2358a28,0-1,1.0,2876,2069,2791,3.8
7739,New-8396454,0-1,0.0,2876,2069,2792,3.8
7737,New-8396454,1-0,1.0,2877,2069,2792,3.8
7735,New-8396454,1/2-1/2,0.5,2877,2070,2792,3.8
7738,Base-2358a28,1/2-1/2,0.5,2877,2071,2792,3.8
7743,New-8396454,0-1,0.0,2877,2071,2793,3.8
7746,Base-2358a28,1-0,0.0,2877,2071,2794,3.7
7742,Base-2358a28,1-0,0.0,2877,2071,2795,3.7
7741,New-8396454,1/2-1/2,0.5,2877,2072,2795,3.7
7747,New-8396454,1-0,1.0,2878,2072,2795,3.7
7745,New-8396454,1-0,1.0,2879,2072,2795,3.8
7749,New-8396454,0-1,0.0,2879,2072,2796,3.7
7744,Base-2358a28,1/2-1/2,0.5,2879,2073,2796,3.7
7750,Base-2358a28,1-0,0.0,2879,2073,2797,3.7
7748,Base-2358a28,1-0,0.0,2879,2073,2798,3.6
7751,New-8396454,1-0,1.0,2880,2073,2798,3.7
7753,New-8396454,1/2-1/2,0.5,2880,2074,2798,3.7
7752,Base-2358a28,1-0,0.0,2880,2074,2799,3.6
7755,New-8396454,0-1,0.0,2880,2074,2800,3.6
7754,Base-2358a28,1-0,0.0,2880,2074,2801,3.5
7756,Base-2358a28,1-0,0.0,2880,2074,2802,3.5
7758,Base-2358a28,0-1,1.0,2881,2074,2802,3.5
7760,Base-2358a28,0-1,1.0,2882,2074,2802,3.6
7761,New-8396454,0-1,0.0,2882,2074,2803,3.5
7759,New-8396454,1/2-1/2,0.5,2882,2075,2803,3.5
7757,New-8396454,0-1,0.0,2882,2075,2804,3.5
7763,New-8396454,1/2-1/2,0.5,2882,2076,2804,3.5
7762,Base-2358a28,1/2-1/2,0.5,2882,2077,2804,3.5
7768,Base-2358a28,1/2-1/2,0.5,2882,2078,2804,3.5
7765,New-8396454,1/2-1/2,0.5,2882,2079,2804,3.5
7766,Base-2358a28,0-1,1.0,2883,2079,2804,3.5
7770,Base-2358a28,0-1,1.0,2884,2079,2804,3.6
7767,New-8396454,0-1,0.0,2884,2079,2805,3.5
7764,Base-2358a28,1/2-1/2,0.5,2884,2080,2805,3.5
7772,Base-2358a28,1-0,0.0,2884,2080,2806,3.5
7769,New-8396454,0-1,0.0,2884,2080,2807,3.4
7771,New-8396454,0-1,0.0,2884,2080,2808,3.4
7773,New-8396454,1-0,1.0,2885,2080,2808,3.4
7776,Base-2358a28,0-1,1.0,2886,2080,2808,3.5
7775,New-8396454,1/2-1/2,0.5,2886,2081,2808,3.5
7774,Base-2358a28,1/2-1/2,0.5,2886,2082,2808,3.5
7778,Base-2358a28,1/2-1/2,0.5,2886,2083,2808,3.5
7777,New-8396454,0-1,0.0,2886,2083,2809,3.4
7780,Base-2358a28,1-0,0.0,2886,2083,2810,3.4
7779,New-8396454,1-0,1.0,2887,2083,2810,3.4
7781,New-8396454,1-0,1.0,2888,2083,2810,3.5
7783,New-8396454,0-1,0.0,2888,2083,2811,3.4
7786,Base-2358a28,1/2-1/2,0.5,2888,2084,2811,3.4
7782,Base-2358a28,1/2-1/2,0.5,2888,2085,2811,3.4
7784,Base-2358a28,1/2-1/2,0.5,2888,2086,2811,3.4
7785,New-8396454,0-1,0.0,2888,2086,2812,3.4
7787,New-8396454,1-0,1.0,2889,2086,2812,3.4
7790,Base-2358a28,1/2-1/2,0.5,2889,2087,2812,3.4
7788,Base-2358a28,0-1,1.0,2890,2087,2812,3.5
7789,New-8396454,1-0,1.0,2891,2087,2812,3.5
7793,New-8396454,1-0,1.0,2892,2087,2812,3.6
7792,Base-2358a28,1/2-1/2,0.5,2892,2088,2812,3.6
7791,New-8396454,0-1,0.0,2892,2088,2813,3.5
7794,Base-2358a28,1/2-1/2,0.5,2892,2089,2813,3.5
7795,New-8396454,1/2-1/2,0.5,2892,2090,2813,3.5
7798,Base-2358a28,0-1,1.0,2893,2090,2813,3.6
7796,Base-2358a28,1/2-1/2,0.5,2893,2091,2813,3.6
7800,Base-2358a28,1-0,0.0,2893,2091,2814,3.5
7797,New-8396454,1/2-1/2,0.5,2893,2092,2814,3.5
7803,New-8396454,1-0,1.0,2894,2092,2814,3.6
7801,New-8396454,1-0,1.0,2895,2092,2814,3.6
7799,New-8396454,1/2-1/2,0.5,2895,2093,2814,3.6
7802,Base-2358a28,0-1,1.0,2896,2093,2814,3.7
7806,Base-2358a28,1/2-1/2,0.5,2896,2094,2814,3.7
7804,Base-2358a28,1/2-1/2,0.5,2896,2095,2814,3.7
7810,Base-2358a28,1-0,0.0,2896,2095,2815,3.6
7805,New-8396454,1/2-1/2,0.5,2896,2096,2815,3.6
7808,Base-2358a28,1/2-1/2,0.5,2896,2097,2815,3.6
7809,New-8396454,1/2-1/2,0.5,2896,2098,2815,3.6
7807,New-8396454,1-0,1.0,2897,2098,2815,3.6
7811,New-8396454,1-0,1.0,2898,2098,2815,3.7
7812,Base-2358a28,1/2-1/2,0.5,2898,2099,2815,3.7
7813,New-8396454,0-1,0.0,2898,2099,2816,3.6
7818,Base-2358a28,0-1,1.0,2899,2099,2816,3.7
7815,New-8396454,1-0,1.0,2900,2099,2816,3.7
7816,Base-2358a28,0-1,1.0,2901,2099,2816,3.8
7814,Base-2358a28,1/2-1/2,0.5,2901,2100,2816,3.8
7817,New-8396454,1-0,1.0,2902,2100,2816,3.8
7819,New-8396454,1-0,1.0,2903,2100,2816,3.9
7820,Base-2358a28,1/2-1/2,0.5,2903,2101,2816,3.9
7821,New-8396454,1-0,1.0,2904,2101,2816,3.9
7822,Base-2358a28,0-1,1.0,2905,2101,2816,4.0
7823,New-8396454,1-0,1.0,2906,2101,2816,4.0
7825,New-8396454,1-0,1.0,2907,2101,2816,4.0
7824,Base-2358a28,1/2-1/2,0.5,2907,2102,2816,4.0
7828,Base-2358a28,1/2-1/2,0.5,2907,2103,2816,4.0
7826,Base-2358a28,0-1,1.0,2908,2103,2816,4.1
7827,New-8396454,1-0,1.0,2909,2103,2816,4.1
7829,New-8396454,1/2-1/2,0.5,2909,2104,2816,4.1
7830,Base-2358a28,1/2-1/2,0.5,2909,2105,2816,4.1
7831,New-8396454,0-1,0.0,2909,2105,2817,4.1
7833,New-8396454,0-1,0.0,2909,2105,2818,4.0
7832,Base-2358a28,0-1,1.0,2910,2105,2818,4.1
7837,New-8396454,1/2-1/2,0.5,2910,2106,2818,4.1
7835,New-8396454,1-0,1.0,2911,2106,2818,4.1
7836,Base-2358a28,1/2-1/2,0.5,2911,2107,2818,4.1
7841,New-8396454,1-0,1.0,2912,2107,2818,4.2
7838,Base-2358a28,1/2-1/2,0.5,2912,2108,2818,4.2
7834,Base-2358a28,1/2-1/2,0.5,2912,2109,2818,4.2
7839,New-8396454,0-1,0.0,2912,2109,2819,4.1
7840,Base-2358a28,0-1,1.0,2913,2109,2819,4.2
7842,Base-2358a28,0-1,1.0,2914,2109,2819,4.2
7844,Base-2358a28,1-0,0.0,2914,2109,2820,4.2
7846,Base-2358a28,1/2-1/2,0.5,2914,2110,2820,4.2
7845,New-8396454,1/2-1/2,0.5,2914,2111,2820,4.2
7847,New-8396454,1/2-1/2,0.5,2914,2112,2820,4.2
7843,New-8396454,1-0,1.0,2915,2112,2820,4.2
7848,Base-2358a28,1-0,0.0,2915,2112,2821,4.2
7849,New-8396454,0-1,0.0,2915,2112,2822,4.1
7850,Base-2358a28,0-1,1.0,2916,2112,2822,4.2
7853,New-8396454,0-1,0.0,2916,2112,2823,4.1
7854,Base-2358a28,1/2-1/2,0.5,2916,2113,2823,4.1
7851,New-8396454,1-0,1.0,2917,2113,2823,4.2
7855,New-8396454,0-1,0.0,2917,2113,2824,4.1
7852,Base-2358a28,1/2-1/2,0.5,2917,2114,2824,4.1
7856,Base-2358a28,0-1,1.0,2918,2114,2824,4.2
7858,Base-2358a28,1-0,0.0,2918,2114,2825,4.1
7857,New-8396454,1/2-1/2,0.5,2918,2115,2825,4.1
7861,New-8396454,0-1,0.0,2918,2115,2826,4.1
7860,Base-2358a28,1/2-1/2,0.5,2918,2116,2826,4.1
7862,Base-2358a28,0-1,1.0,2919,2116,2826,4.1
7863,New-8396454,1-0,1.0,2920,2116,2826,4.2
7859,New-8396454,1/2-1/2,0.5,2920,2117,2826,4.2
7864,Base-2358a28,0-1,1.0,2921,2117,2826,4.2
7865,New-8396454,1-0,1.0,2922,2117,2826,4.2
7866,Base-2358a28,1/2-1/2,0.5,2922,2118,2826,4.2
7867,New-8396454,1-0,1.0,2923,2118,2826,4.3
7871,New-8396454,1-0,1.0,2924,2118,2826,4.3
7874,Base-2358a28,1/2-1/2,0.5,2924,2119,2826,4.3
7869,New-8396454,0-1,0.0,2924,2119,2827,4.3
7870,Base-2358a28,1-0,0.0,2924,2119,2828,4.2
7868,Base-2358a28,1/2-1/2,0.5,2924,2120,2828,4.2
7872,Base-2358a28,0-1,1.0,2925,2120,2828,4.3
7873,New-8396454,1/2-1/2,0.5,2925,2121,2828,4.3
7876,Base-2358a28,0-1,1.0,2926,2121,2828,4.3
7877,New-8396454,1/2-1/2,0.5,2926,2122,2828,4.3
7875,New-8396454,1-0,1.0,2927,2122,2828,4.4
7879,New-8396454,1/2-1/2,0.5,2927,2123,2828,4.4
7881,New-8396454,1-0,1.0,2928,2123,2828,4.4
7880,Base-2358a28,1/2-1/2,0.5,2928,2124,2828,4.4
7882,Base-2358a28,1/2-1/2,0.5,2928,2125,2828,4.4
7878,Base-2358a28,1-0,0.0,2928,2125,2829,4.4
7884,Base-2358a28,1/2-1/2,0.5,2928,2126,2829,4.4
7883,New-8396454,0-1,0.0,2928,2126,2830,4.3
7887,New-8396454,1/2-1/2,0.5,2928,2127,2830,4.3
7885,New-8396454,1/2-1/2,0.5,2928,2128,2830,4.3
7888,Base-2358a28,0-1,1.0,2929,2128,2830,4.4
7889,New-8396454,1-0,1.0,2930,2128,2830,4.4
7890,Base-2358a28,1/2-1/2,0.5,2930,2129,2830,4.4
7886,Base-2358a28,1/2-1/2,0.5,2930,2130,2830,4.4
7894,Base-2358a28,1-0,0.0,2930,2130,2831,4.4
7891,New-8396454,1-0,1.0,2931,2130,2831,4.4
7892,Base-2358a28,1/2-1/2,0.5,2931,2131,2831,4.4
7893,New-8396454,0-1,0.0,2931,2131,2832,4.4
7897,New-8396454,0-1,0.0,2931,2131,2833,4.3
7895,New-8396454,1/2-1/2,0.5,2931,2132,2833,4.3
7898,Base-2358a28,1/2-1/2,0.5,2931,2133,2833,4.3
7896,Base-2358a28,1-0,0.0,2931,2133,2834,4.3
7900,Base-2358a28,1-0,0.0,2931,2133,2835,4.2
7901,New-8396454,1/2-1/2,0.5,2931,2134,2835,4.2
7899,New-8396454,1-0,1.0,2932,2134,2835,4.3
7903,New-8396454,1-0,1.0,2933,2134,2835,4.3
7904,Base-2358a28,1/2-1/2,0.5,2933,2135,2835,4.3
7902,Base-2358a28,1-0,0.0,2933,2135,2836,4.3
7905,New-8396454,1-0,1.0,2934,2135,2836,4.3
7906,Base-2358a28,0-1,1.0,2935,2135,2836,4.4
7908,Base-2358a28,0-1,1.0,2936,2135,2836,4.4
7909,New-8396454,1/2-1/2,0.5,2936,2136,2836,4.4
7914,Base-2358a28,1-0,0.0,2936,2136,2837,4.3
7907,New-8396454,1/2-1/2,0.5,2936,2137,2837,4.3
7910,Base-2358a28,1/2-1/2,0.5,2936,2138,2837,4.3
7912,Base-2358a28,0-1,1.0,2937,2138,2837,4.4
7911,New-8396454,0-1,0.0,2937,2138,2838,4.3
7913,New-8396454,0-1,0.0,2937,2138,2839,4.3
7915,New-8396454,1-0,1.0,2938,2138,2839,4.3
7916,Base-2358a28,0-1,1.0,2939,2138,2839,4.4
7917,New-8396454,0-1,0.0,2939,2138,2840,4.3
7918,Base-2358a28,1/2-1/2,0.5,2939,2139,2840,4.3
7919,New-8396454,1/2-1/2,0.5,2939,2140,2840,4.3
7920,Base-2358a28,0-1,1.0,2940,2140,2840,4.4
7924,Base-2358a28,0-1,1.0,2941,2140,2840,4.4
7923,New-8396454,1/2-1/2,0.5,2941,2141,2840,4.4
7922,Base-2358a28,0-1,1.0,2942,2141,2840,4.5
7921,New-8396454,0-1,0.0,2942,2141,2841,4.4
7925,New-8396454,0-1,0.0,2942,2141,2842,4.4
7926,Base-2358a28,0-1,1.0,2943,2141,2842,4.4
7927,New-8396454,1-0,1.0,2944,2141,2842,4.5
7929,New-8396454,1/2-1/2,0.5,2944,2142,2842,4.5
7928,Base-2358a28,1/2-1/2,0.5,2944,2143,2842,4.5
7932,Base-2358a28,1-0,0.0,2944,2143,2843,4.4
7934,Base-2358a28,1-0,0.0,2944,2143,2844,4.4
7933,New-8396454,0-1,0.0,2944,2143,2845,4.3
7930,Base-2358a28,1/2-1/2,0.5,2944,2144,2845,4.3
7931,New-8396454,1/2-1/2,0.5,2944,2145,2845,4.3
7935,New-8396454,0-1,0.0,2944,2145,2846,4.3
7936,Base-2358a28,1-0,0.0,2944,2145,2847,4.2
7937,New-8396454,1-0,1.0,2945,2145,2847,4.3
7939,New-8396454,1/2-1/2,0.5,2945,2146,2847,4.3
7940,Base-2358a28,0-1,1.0,2946,2146,2847,4.3
7938,Base-2358a28,1/2-1/2,0.5,2946,2147,2847,4.3
7943,New-8396454,1-0,1.0,2947,2147,2847,4.4
7942,Base-2358a28,0-1,1.0,2948,2147,2847,4.4
7941,New-8396454,1-0,1.0,2949,2147,2847,4.5
7944,Base-2358a28,1/2-1/2,0.5,2949,2148,2847,4.5
7945,New-8396454,1-0,1.0,2950,2148,2847,4.5
7946,Base-2358a28,1-0,0.0,2950,2148,2848,4.5
7947,New-8396454,1-0,1.0,2951,2148,2848,4.5
7950,Base-2358a28,0-1,1.0,2952,2148,2848,4.5
7949,New-8396454,0-1,0.0,2952,2148,2849,4.5
7948,Base-2358a28,1/2-1/2,0.5,2952,2149,2849,4.5
7951,New-8396454,1-0,1.0,2953,2149,2849,4.5
7954,Base-2358a28,1/2-1/2,0.5,2953,2150,2849,4.5
7953,New-8396454,0-1,0.0,2953,2150,2850,4.5
7952,Base-2358a28,0-1,1.0,2954,2150,2850,4.5
7957,New-8396454,0-1,0.0,2954,2150,2851,4.5
7955,New-8396454,0-1,0.0,2954,2150,2852,4.5
7956,Base-2358a28,1-0,0.0,2954,2150,2853,4.4
7964,Base-2358a28,1/2-1/2,0.5,2954,2151,2853,4.4
7958,Base-2358a28,0-1,1.0,2955,2151,2853,4.5
7960,Base-2358a28,1/2-1/2,0.5,2955,2152,2853,4.5
7959,New-8396454,0-1,0.0,2955,2152,2854,4.4
7961,New-8396454,1-0,1.0,2956,2152,2854,4.5
7962,Base-2358a28,1-0,0.0,2956,2152,2855,4.4
7963,New-8396454,1-0,1.0,2957,2152,2855,4.5
7966,Base-2358a28,1-0,0.0,2957,2152,2856,4.4
7967,New-8396454,1-0,1.0,2958,2152,2856,4.4
7969,New-8396454,0-1,0.0,2958,2152,2857,4.4
7965,New-8396454,1-0,1.0,2959,2152,2857,4.4
7968,Base-2358a28,1/2-1/2,0.5,2959,2153,2857,4.4
7970,Base-2358a28,1-0,0.0,2959,2153,2858,4.4
7971,New-8396454,0-1,0.0,2959,2153,2859,4.4
7973,New-8396454,1-0,1.0,2960,2153,2859,4.4
7974,Base-2358a28,1-0,0.0,2960,2153,2860,4.4
7972,Base-2358a28,1-0,0.0,2960,2153,2861,4.3
7977,New-8396454,0-1,0.0,2960,2153,2862,4.3
7975,New-8396454,1/2-1/2,0.5,2960,2154,2862,4.3
7976,Base-2358a28,0-1,1.0,2961,2154,2862,4.3
7978,Base-2358a28,1/2-1/2,0.5,2961,2155,2862,4.3
7981,New-8396454,1/2-1/2,0.5,2961,2156,2862,4.3
7979,New-8396454,0-1,0.0,2961,2156,2863,4.3
7985,New-8396454,1-0,1.0,2962,2156,2863,4.3
7982,Base-2358a28,1-0,0.0,2962,2156,2864,4.3
7986,Base-2358a28,1-0,0.0,2962,2156,2865,4.2
7983,New-8396454,1-0,1.0,2963,2156,2865,4.3
7980,Base-2358a28,0-1,1.0,2964,2156,2865,4.3
7984,Base-2358a28,0-1,1.0,2965,2156,2865,4.4
7989,New-8396454,0-1,0.0,2965,2156,2866,4.3
7987,New-8396454,1-0,1.0,2966,2156,2866,4.3
7992,Base-2358a28,0-1,1.0,2967,2156,2866,4.4
7990,Base-2358a28,0-1,1.0,2968,2156,2866,4.4
7988,Base-2358a28,1/2-1/2,0.5,2968,2157,2866,4.4
7991,New-8396454,1-0,1.0,2969,2157,2866,4.5
7993,New-8396454,1/2-1/2,0.5,2969,2158,2866,4.5
7996,Base-2358a28,0-1,1.0,2970,2158,2866,4.5
7995,New-8396454,1-0,1.0,2971,2158,2866,4.6
7994,Base-2358a28,0-1,1.0,2972,2158,2866,4.6
7998,Base-2358a28,0-1,1.0,2973,2158,2866,4.6
7997,New-8396454,1/2-1/2,0.5,2973,2159,2866,4.6
8000,Base-2358a28,0-1,1.0,2974,2159,2866,4.7
8002,Base-2358a28,1-0,0.0,2974,2159,2867,4.6
8004,Base-2358a28,1/2-1/2,0.5,2974,2160,2867,4.6
7999,New-8396454,0-1,0.0,2974,2160,2868,4.6
8001,New-8396454,1-0,1.0,2975,2160,2868,4.6
8003,New-8396454,1-0,1.0,2976,2160,2868,4.7
8005,New-8396454,1-0,1.0,2977,2160,2868,4.7
8007,New-8396454,1/2-1/2,0.5,2977,2161,2868,4.7
8009,New-8396454,1-0,1.0,2978,2161,2868,4.8
8006,Base-2358a28,0-1,1.0,2979,2161,2868,4.8
8008,Base-2358a28,1-0,0.0,2979,2161,2869,4.8
8010,Base-2358a28,0-1,1.0,2980,2161,2869,4.8
8012,Base-2358a28,1-0,0.0,2980,2161,2870,4.8
8011,New-8396454,0-1,0.0,2980,2161,2871,4.7
8014,Base-2358a28,0-1,1.0,2981,2161,2871,4.8
8013,New-8396454,0-1,0.0,2981,2161,2872,4.7
8015,New-8396454,1/2-1/2,0.5,2981,2162,2872,4.7
8016,Base-2358a28,0-1,1.0,2982,2162,2872,4.8
8017,New-8396454,1-0,1.0,2983,2162,2872,4.8
8019,New-8396454,0-1,0.0,2983,2162,2873,4.8
8020,Base-2358a28,1-0,0.0,2983,2162,2874,4.7
8018,Base-2358a28,0-1,1.0,2984,2162,2874,4.8
8021,New-8396454,0-1,0.0,2984,2162,2875,4.7
8022,Base-2358a28,0-1,1.0,2985,2162,2875,4.8
8023,New-8396454,1-0,1.0,2986,2162,2875,4.8
8027,New-8396454,0-1,0.0,2986,2162,2876,4.8
8028,Base-2358a28,1-0,0.0,2986,2162,2877,4.7
8024,Base-2358a28,1-0,0.0,2986,2162,2878,4.7
8026,Base-2358a28,0-1,1.0,2987,2162,2878,4.7
8025,New-8396454,1-0,1.0,2988,2162,2878,4.8
8029,New-8396454,0-1,0.0,2988,2162,2879,4.7
8030,Base-2358a28,1/2-1/2,0.5,2988,2163,2879,4.7
8031,New-8396454,1/2-1/2,0.5,2988,2164,2879,4.7
8035,New-8396454,0-1,0.0,2988,2164,2880,4.7
8032,Base-2358a28,0-1,1.0,2989,2164,2880,4.7
8038,Base-2358a28,1/2-1/2,0.5,2989,2165,2880,4.7
8034,Base-2358a28,1/2-1/2,0.5,2989,2166,2880,4.7
8033,New-8396454,0-1,0.0,2989,2166,2881,4.7
8036,Base-2358a28,1/2-1/2,0.5,2989,2167,2881,4.7
8037,New-8396454,0-1,0.0,2989,2167,2882,4.6
8040,Base-2358a28,1/2-1/2,0.5,2989,2168,2882,4.6
8039,New-8396454,1-0,1.0,2990,2168,2882,4.7
8042,Base-2358a28,1-0,0.0,2990,2168,2883,4.6
8041,New-8396454,1/2-1/2,0.5,2990,2169,2883,4.6
8043,New-8396454,0-1,0.0,2990,2169,2884,4.6
8044,Base-2358a28,1-0,0.0,2990,2169,2885,4.5
8050,Base-2358a28,0-1,1.0,2991,2169,2885,4.6
8047,New-8396454,1/2-1/2,0.5,2991,2170,2885,4.6
8045,New-8396454,1-0,1.0,2992,2170,2885,4.6
8048,Base-2358a28,1/2-1/2,0.5,2992,2171,2885,4.6
8049,New-8396454,1-0,1.0,2993,2171,2885,4.7
8046,Base-2358a28,1/2-1/2,0.5,2993,2172,2885,4.7
8051,New-8396454,0-1,0.0,2993,2172,2886,4.6
8053,New-8396454,1/2-1/2,0.5,2993,2173,2886,4.6
8056,Base-2358a28,1/2-1/2,0.5,2993,2174,2886,4.6
8058,Base-2358a28,1/2-1/2,0.5,2993,2175,2886,4.6
8052,Base-2358a28,0-1,1.0,2994,2175,2886,4.7
8054,Base-2358a28,1/2-1/2,0.5,2994,2176,2886,4.7
8057,New-8396454,1-0,1.0,2995,2176,2886,4.7
8055,New-8396454,1-0,1.0,2996,2176,2886,4.7
8061,New-8396454,0-1,0.0,2996,2176,2887,4.7
8060,Base-2358a28,0-1,1.0,2997,2176,2887,4.7
8062,Base-2358a28,0-1,1.0,2998,2176,2887,4.8
8063,New-8396454,0-1,0.0,2998,2176,2888,4.7
8059,New-8396454,1/2-1/2,0.5,2998,2177,2888,4.7
8064,Base-2358a28,1-0,0.0,2998,2177,2889,4.7
8066,Base-2358a28,1-0,0.0,2998,2177,2890,4.7
8065,New-8396454,1-0,1.0,2999,2177,2890,4.7
8067,New-8396454,0-1,0.0,2999,2177,2891,4.7
8072,Base-2358a28,0-1,1.0,3000,2177,2891,4.7
8070,Base-2358a28,0-1,1.0,3001,2177,2891,4.7
8071,New-8396454,1-0,1.0,3002,2177,2891,4.8
8068,Base-2358a28,0-1,1.0,3003,2177,2891,4.8
8074,Base-2358a28,0-1,1.0,3004,2177,2891,4.9
8069,New-8396454,1/2-1/2,0.5,3004,2178,2891,4.9
8076,Base-2358a28,0-1,1.0,3005,2178,2891,4.9
8073,New-8396454,1/2-1/2,0.5,3005,2179,2891,4.9
8078,Base-2358a28,1-0,0.0,3005,2179,2892,4.9
8075,New-8396454,1-0,1.0,3006,2179,2892,4.9
8079,New-8396454,1-0,1.0,3007,2179,2892,4.9
8077,New-8396454,1-0,1.0,3008,2179,2892,5.0
8080,Base-2358a28,1/2-1/2,0.5,3008,2180,2892,5.0
8081,New-8396454,0-1,0.0,3008,2180,2893,4.9
8082,Base-2358a28,1-0,0.0,3008,2180,2894,4.9
8083,New-8396454,1-0,1.0,3009,2180,2894,4.9
8085,New-8396454,0-1,0.0,3009,2180,2895,4.9
8084,Base-2358a28,1-0,0.0,3009,2180,2896,4.9
8087,New-8396454,1/2-1/2,0.5,3009,2181,2896,4.9
8093,New-8396454,1/2-1/2,0.5,3009,2182,2896,4.9
8088,Base-2358a28,0-1,1.0,3010,2182,2896,4.9
8092,Base-2358a28,1-0,0.0,3010,2182,2897,4.9
8086,Base-2358a28,0-1,1.0,3011,2182,2897,4.9
8091,New-8396454,1-0,1.0,3012,2182,2897,4.9
8089,New-8396454,1-0,1.0,3013,2182,2897,5.0
8090,Base-2358a28,1/2-1/2,0.5,3013,2183,2897,5.0
8094,Base-2358a28,0-1,1.0,3014,2183,2897,5.0
8095,New-8396454,0-1,0.0,3014,2183,2898,5.0
8096,Base-2358a28,0-1,1.0,3015,2183,2898,5.0
8099,New-8396454,0-1,0.0,3015,2183,2899,5.0
8097,New-8396454,1-0,1.0,3016,2183,2899,5.0
8098,Base-2358a28,0-1,1.0,3017,2183,2899,5.1
8100,Base-2358a28,0-1,1.0,3018,2183,2899,5.1
8102,Base-2358a28,0-1,1.0,3019,2183,2899,5.1
8103,New-8396454,0-1,0.0,3019,2183,2900,5.1
8101,New-8396454,1-0,1.0,3020,2183,2900,5.1
8104,Base-2358a28,1-0,0.0,3020,2183,2901,5.1
8106,Base-2358a28,0-1,1.0,3021,2183,2901,5.1
8108,Base-2358a28,1-0,0.0,3021,2183,2902,5.1
8107,New-8396454,1-0,1.0,3022,2183,2902,5.1
8105,New-8396454,1-0,1.0,3023,2183,2902,5.2
8109,New-8396454,1-0,1.0,3024,2183,2902,5.2
8111,New-8396454,0-1,0.0,3024,2183,2903,5.2
8110,Base-2358a28,0-1,1.0,3025,2183,2903,5.2
8114,Base-2358a28,0-1,1.0,3026,2183,2903,5.3
8112,Base-2358a28,1/2-1/2,0.5,3026,2184,2903,5.3
8115,New-8396454,1-0,1.0,3027,2184,2903,5.3
8113,New-8396454,1-0,1.0,3028,2184,2903,5.4
8116,Base-2358a28,1-0,0.0,3028,2184,2904,5.3
8120,Base-2358a28,1/2-1/2,0.5,3028,2185,2904,5.3
8117,New-8396454,1/2-1/2,0.5,3028,2186,2904,5.3
8119,New-8396454,1-0,1.0,3029,2186,2904,5.3
8124,Base-2358a28,0-1,1.0,3030,2186,2904,5.4
8121,New-8396454,0-1,0.0,3030,2186,2905,5.3
8122,Base-2358a28,1/2-1/2,0.5,3030,2187,2905,5.3
8125,New-8396454,1/2-1/2,0.5,3030,2188,2905,5.3
8118,Base-2358a28,1/2-1/2,0.5,3030,2189,2905,5.3
8126,Base-2358a28,0-1,1.0,3031,2189,2905,5.4
8123,New-8396454,1/2-1/2,0.5,3031,2190,2905,5.4
8127,New-8396454,1/2-1/2,0.5,3031,2191,2905,5.4
8128,Base-2358a28,0-1,1.0,3032,2191,2905,5.4
8130,Base-2358a28,1/2-1/2,0.5,3032,2192,2905,5.4
8132,Base-2358a28,1/2-1/2,0.5,3032,2193,2905,5.4
8131,New-8396454,1-0,1.0,3033,2193,2905,5.5
8134,Base-2358a28,1-0,0.0,3033,2193,2906,5.4
8133,New-8396454,0-1,0.0,3033,2193,2907,5.4
8135,New-8396454,0-1,0.0,3033,2193,2908,5.3
8129,New-8396454,1-0,1.0,3034,2193,2908,5.4
8139,New-8396454,1/2-1/2,0.5,3034,2194,2908,5.4
8136,Base-2358a28,0-1,1.0,3035,2194,2908,5.4
8137,New-8396454,0-1,0.0,3035,2194,2909,5.4
8138,Base-2358a28,1/2-1/2,0.5,3035,2195,2909,5.4
8142,Base-2358a28,1-0,0.0,3035,2195,2910,5.3
8140,Base-2358a28,0-1,1.0,3036,2195,2910,5.4
8141,New-8396454,1-0,1.0,3037,2195,2910,5.4
8144,Base-2358a28,0-1,1.0,3038,2195,2910,5.5
8143,New-8396454,0-1,0.0,3038,2195,2911,5.4
8146,Base-2358a28,1-0,0.0,3038,2195,2912,5.4
8145,New-8396454,0-1,0.0,3038,2195,2913,5.3
8148,Base-2358a28,0-1,1.0,3039,2195,2913,5.4
8152,Base-2358a28,1/2-1/2,0.5,3039,2196,2913,5.4
8147,New-8396454,0-1,0.0,3039,2196,2914,5.3
8149,New-8396454,0-1,0.0,3039,2196,2915,5.3
8150,Base-2358a28,0-1,1.0,3040,2196,2915,5.3
8151,New-8396454,1-0,1.0,3041,2196,2915,5.4
8154,Base-2358a28,1-0,0.0,3041,2196,2916,5.3
8155,New-8396454,1/2-1/2,0.5,3041,2197,2916,5.3
8158,Base-2358a28,1-0,0.0,3041,2197,2917,5.3
8156,Base-2358a28,1/2-1/2,0.5,3041,2198,2917,5.3
8159,New-8396454,1-0,1.0,3042,2198,2917,5.3
8157,New-8396454,1-0,1.0,3043,2198,2917,5.4
8153,New-8396454,1/2-1/2,0.5,3043,2199,2917,5.4
8160,Base-2358a28,1-0,0.0,3043,2199,2918,5.3
8161,New-8396454,1/2-1/2,0.5,3043,2200,2918,5.3
8165,New-8396454,1/2-1/2,0.5,3043,2201,2918,5.3
8163,New-8396454,0-1,0.0,3043,2201,2919,5.3
8162,Base-2358a28,1/2-1/2,0.5,3043,2202,2919,5.3
8168,Base-2358a28,1/2-1/2,0.5,3043,2203,2919,5.3
8164,Base-2358a28,1-0,0.0,3043,2203,2920,5.2
8166,Base-2358a28,1/2-1/2,0.5,3043,2204,2920,5.2
8169,New-8396454,0-1,0.0,3043,2204,2921,5.2
8167,New-8396454,1/2-1/2,0.5,3043,2205,2921,5.2
8170,Base-2358a28,0-1,1.0,3044,2205,2921,5.2
8171,New-8396454,1/2-1/2,0.5,3044,2206,2921,5.2
8173,New-8396454,1/2-1/2,0.5,3044,2207,2921,5.2
8174,Base-2358a28,1/2-1/2,0.5,3044,2208,2921,5.2
8172,Base-2358a28,1-0,0.0,3044,2208,2922,5.2
8175,New-8396454,1-0,1.0,3045,2208,2922,5.2
8176,Base-2358a28,1-0,0.0,3045,2208,2923,5.2
8180,Base-2358a28,1-0,0.0,3045,2208,2924,5.1
8177,New-8396454,0-1,0.0,3045,2208,2925,5.1
8178,Base-2358a28,0-1,1.0,3046,2208,2925,5.1
8181,New-8396454,1/2-1/2,0.5,3046,2209,2925,5.1
8179,New-8396454,0-1,0.0,3046,2209,2926,5.1
8186,Base-2358a28,1-0,0.0,3046,2209,2927,5.1
8182,Base-2358a28,0-1,1.0,3047,2209,2927,5.1
8185,New-8396454,1-0,1.0,3048,2209,2927,5.1
8183,New-8396454,1-0,1.0,3049,2209,2927,5.2
8184,Base-2358a28,1-0,0.0,3049,2209,2928,5.1
8187,New-8396454,1-0,1.0,3050,2209,2928,5.2
8189,New-8396454,1-0,1.0,3051,2209,2928,5.2
8188,Base-2358a28,1-0,0.0,3051,2209,2929,5.2
8190,Base-2358a28,0-1,1.0,3052,2209,2929,5.2
8191,New-8396454,1-0,1.0,3053,2209,2929,5.3
8194,Base-2358a28,1-0,0.0,3053,2209,2930,5.2
8195,New-8396454,0-1,0.0,3053,2209,2931,5.2
8193,New-8396454,1-0,1.0,3054,2209,2931,5.2
8192,Base-2358a28,1-0,0.0,3054,2209,2932,5.2
8196,Base-2358a28,1-0,0.0,3054,2209,2933,5.1
8197,New-8396454,1/2-1/2,0.5,3054,2210,2933,5.1
8199,New-8396454,1/2-1/2,0.5,3054,2211,2933,5.1
8198,Base-2358a28,1/2-1/2,0.5,3054,2212,2933,5.1
8206,Base-2358a28,1-0,0.0,3054,2212,2934,5.1
8201,New-8396454,1/2-1/2,0.5,3054,2213,2934,5.1
8200,Base-2358a28,0-1,1.0,3055,2213,2934,5.1
8205,New-8396454,0-1,0.0,3055,2213,2935,5.1
8204,Base-2358a28,0-1,1.0,3056,2213,2935,5.1
8202,Base-2358a28,1/2-1/2,0.5,3056,2214,2935,5.1
8203,New-8396454,1-0,1.0,3057,2214,2935,5.2
8207,New-8396454,1/2-1/2,0.5,3057,2215,2935,5.2
8208,Base-2358a28,0-1,1.0,3058,2215,2935,5.2
8209,New-8396454,1-0,1.0,3059,2215,2935,5.2
8212,Base-2358a28,0-1,1.0,3060,2215,2935,5.3
8210,Base-2358a28,0-1,1.0,3061,2215,2935,5.3
8214,Base-2358a28,1-0,0.0,3061,2215,2936,5.3
8215,New-8396454,1-0,1.0,3062,2215,2936,5.3
8211,New-8396454,1-0,1.0,3063,2215,2936,5.4
8213,New-8396454,1/2-1/2,0.5,3063,2216,2936,5.4
8217,New-8396454,0-1,0.0,3063,2216,2937,5.3
8216,Base-2358a28,1/2-1/2,0.5,3063,2217,2937,5.3
8220,Base-2358a28,1/2-1/2,0.5,3063,2218,2937,5.3
8218,Base-2358a28,1/2-1/2,0.5,3063,2219,2937,5.3
8219,New-8396454,1-0,1.0,3064,2219,2937,5.4
8221,New-8396454,1-0,1.0,3065,2219,2937,5.4
8222,Base-2358a28,1-0,0.0,3065,2219,2938,5.4
8223,New-8396454,1/2-1/2,0.5,3065,2220,2938,5.4
8225,New-8396454,1/2-1/2,0.5,3065,2221,2938,5.4
8230,Base-2358a28,1-0,0.0,3065,2221,2939,5.3
8224,Base-2358a28,0-1,1.0,3066,2221,2939,5.4
8226,Base-2358a28,0-1,1.0,3067,2221,2939,5.4
8228,Base-2358a28,1-0,0.0,3067,2221,2940,5.4
8229,New-8396454,1-0,1.0,3068,2221,2940,5.4
8227,New-8396454,1-0,1.0,3069,2221,2940,5.4
8233,New-8396454,0-1,0.0,3069,2221,2941,5.4
8231,New-8396454,1-0,1.0,3070,2221,2941,5.4
8232,Base-2358a28,1/2-1/2,0.5,3070,2222,2941,5.4
8234,Base-2358a28,1/2-1/2,0.5,3070,2223,2941,5.4
8237,New-8396454,1-0,1.0,3071,2223,2941,5.5
8235,New-8396454,0-1,0.0,3071,2223,2942,5.4
8236,Base-2358a28,1/2-1/2,0.5,3071,2224,2942,5.4
8239,New-8396454,1-0,1.0,3072,2224,2942,5.5
8238,Base-2358a28,1/2-1/2,0.5,3072,2225,2942,5.5
8240,Base-2358a28,0-1,1.0,3073,2225,2942,5.5
8243,New-8396454,0-1,0.0,3073,2225,2943,5.5
8242,Base-2358a28,1/2-1/2,0.5,3073,2226,2943,5.5
8241,New-8396454,0-1,0.0,3073,2226,2944,5.4
8248,Base-2358a28,1/2-1/2,0.5,3073,2227,2944,5.4
8245,New-8396454,0-1,0.0,3073,2227,2945,5.4
8244,Base-2358a28,1-0,0.0,3073,2227,2946,5.4
8246,Base-2358a28,1-0,0.0,3073,2227,2947,5.3
8247,New-8396454,0-1,0.0,3073,2227,2948,5.3
8250,Base-2358a28,0-1,1.0,3074,2227,2948,5.3
8249,New-8396454,1-0,1.0,3075,2227,2948,5.3
8251,New-8396454,1/2-1/2,0.5,3075,2228,2948,5.3
8254,Base-2358a28,1-0,0.0,3075,2228,2949,5.3
8252,Base-2358a28,1/2-1/2,0.5,3075,2229,2949,5.3
8253,New-8396454,0-1,0.0,3075,2229,2950,5.3
8256,Base-2358a28,0-1,1.0,3076,2229,2950,5.3
8259,New-8396454,1/2-1/2,0.5,3076,2230,2950,5.3
8255,New-8396454,0-1,0.0,3076,2230,2951,5.3
8257,New-8396454,0-1,0.0,3076,2230,2952,5.2
8258,Base-2358a28,1-0,0.0,3076,2230,2953,5.2
8261,New-8396454,0-1,0.0,3076,2230,2954,5.1
8262,Base-2358a28,0-1,1.0,3077,2230,2954,5.2
8263,New-8396454,1/2-1/2,0.5,3077,2231,2954,5.2
8265,New-8396454,0-1,0.0,3077,2231,2955,5.1
8260,Base-2358a28,1-0,0.0,3077,2231,2956,5.1
8264,Base-2358a28,0-1,1.0,3078,2231,2956,5.1
8266,Base-2358a28,1/2-1/2,0.5,3078,2232,2956,5.1
8268,Base-2358a28,1-0,0.0,3078,2232,2957,5.1
8267,New-8396454,1-0,1.0,3079,2232,2957,5.1
8272,Base-2358a28,0-1,1.0,3080,2232,2957,5.2
8271,New-8396454,0-1,0.0,3080,2232,2958,5.1
8270,Base-2358a28,1-0,0.0,3080,2232,2959,5.1
8274,Base-2358a28,1-0,0.0,3080,2232,2960,5.0
8275,New-8396454,1-0,1.0,3081,2232,2960,5.1
8269,New-8396454,1/2-1/2,0.5,3081,2233,2960,5.1
8273,New-8396454,1/2-1/2,0.5,3081,2234,2960,5.1
8276,Base-2358a28,0-1,1.0,3082,2234,2960,5.1
8278,Base-2358a28,1/2-1/2,0.5,3082,2235,2960,5.1
8280,Base-2358a28,1/2-1/2,0.5,3082,2236,2960,5.1
8277,New-8396454,0-1,0.0,3082,2236,2961,5.1
8279,New-8396454,1/2-1/2,0.5,3082,2237,2961,5.1
8283,New-8396454,1/2-1/2,0.5,3082,2238,2961,5.1
8282,Base-2358a28,0-1,1.0,3083,2238,2961,5.1
8281,New-8396454,1/2-1/2,0.5,3083,2239,2961,5.1
8284,Base-2358a28,1-0,0.0,3083,2239,2962,5.1
8285,New-8396454,1-0,1.0,3084,2239,2962,5.1
8287,New-8396454,1-0,1.0,3085,2239,2962,5.2
8286,Base-2358a28,1/2-1/2,0.5,3085,2240,2962,5.2
8288,Base-2358a28,0-1,1.0,3086,2240,2962,5.2
8289,New-8396454,1-0,1.0,3087,2240,2962,5.2
8294,Base-2358a28,1/2-1/2,0.5,3087,2241,2962,5.2
8290,Base-2358a28,1-0,0.0,3087,2241,2963,5.2
8292,Base-2358a28,1/2-1/2,0.5,3087,2242,2963,5.2
8291,New-8396454,1/2-1/2,0.5,3087,2243,2963,5.2
8295,New-8396454,0-1,0.0,3087,2243,2964,5.2
8293,New-8396454,0-1,0.0,3087,2243,2965,5.1
8296,Base-2358a28,0-1,1.0,3088,2243,2965,5.2
8297,New-8396454,0-1,0.0,3088,2243,2966,5.1
8298,Base-2358a28,1-0,0.0,3088,2243,2967,5.1
8299,New-8396454,1/2-1/2,0.5,3088,2244,2967,5.1
8301,New-8396454,1-0,1.0,3089,2244,2967,5.1
8300,Base-2358a28,1-0,0.0,3089,2244,2968,5.1
8302,Base-2358a28,1-0,0.0,3089,2244,2969,5.0
8303,New-8396454,1-0,1.0,3090,2244,2969,5.1
8304,Base-2358a28,1-0,0.0,3090,2244,2970,5.0
8307,New-8396454,1/2-1/2,0.5,3090,2245,2970,5.0
8310,Base-2358a28,0-1,1.0,3091,2245,2970,5.1
8305,New-8396454,1-0,1.0,3092,2245,2970,5.1
8309,New-8396454,0-1,0.0,3092,2245,2971,5.1
8306,Base-2358a28,1/2-1/2,0.5,3092,2246,2971,5.1
8308,Base-2358a28,1-0,0.0,3092,2246,2972,5.0
8311,New-8396454,1-0,1.0,3093,2246,2972,5.1
8313,New-8396454,0-1,0.0,3093,2246,2973,5.0
8312,Base-2358a28,1-0,0.0,3093,2246,2974,5.0
8314,Base-2358a28,1-0,0.0,3093,2246,2975,4.9
8315,New-8396454,1-0,1.0,3094,2246,2975,5.0
8319,New-8396454,1/2-1/2,0.5,3094,2247,2975,5.0
8317,New-8396454,0-1,0.0,3094,2247,2976,4.9
8316,Base-2358a28,0-1,1.0,3095,2247,2976,5.0
8324,Base-2358a28,1/2-1/2,0.5,3095,2248,2976,5.0
8318,Base-2358a28,1/2-1/2,0.5,3095,2249,2976,5.0
8321,New-8396454,0-1,0.0,3095,2249,2977,4.9
8320,Base-2358a28,0-1,1.0,3096,2249,2977,5.0
8322,Base-2358a28,0-1,1.0,3097,2249,2977,5.0
8326,Base-2358a28,1/2-1/2,0.5,3097,2250,2977,5.0
8323,New-8396454,1-0,1.0,3098,2250,2977,5.1
8325,New-8396454,1/2-1/2,0.5,3098,2251,2977,5.0
8327,New-8396454,1-0,1.0,3099,2251,2977,5.1
8330,Base-2358a28,1-0,0.0,3099,2251,2978,5.0
8328,Base-2358a28,1/2-1/2,0.5,3099,2252,2978,5.0
8329,New-8396454,0-1,0.0,3099,2252,2979,5.0
8334,Base-2358a28,0-1,1.0,3100,2252,2979,5.0
8333,New-8396454,1/2-1/2,0.5,3100,2253,2979,5.0
8331,New-8396454,1-0,1.0,3101,2253,2979,5.1
8332,Base-2358a28,1-0,0.0,3101,2253,2980,5.0
8335,New-8396454,1-0,1.0,3102,2253,2980,5.1
8337,New-8396454,1-0,1.0,3103,2253,2980,5.1
8338,Base-2358a28,1-0,0.0,3103,2253,2981,5.1
8339,New-8396454,1/2-1/2,0.5,3103,2254,2981,5.1
8336,Base-2358a28,0-1,1.0,3104,2254,2981,5.1
8340,Base-2358a28,1/2-1/2,0.5,3104,2255,2981,5.1
8342,Base-2358a28,0-1,1.0,3105,2255,2981,5.2
8341,New-8396454,1/2-1/2,0.5,3105,2256,2981,5.2
8344,Base-2358a28,1/2-1/2,0.5,3105,2257,2981,5.2
8343,New-8396454,1-0,1.0,3106,2257,2981,5.2
8346,Base-2358a28,1-0,0.0,3106,2257,2982,5.2
8347,New-8396454,1-0,1.0,3107,2257,2982,5.2
8345,New-8396454,1-0,1.0,3108,2257,2982,5.2
8350,Base-2358a28,1/2-1/2,0.5,3108,2258,2982,5.2
8348,Base-2358a28,1-0,0.0,3108,2258,2983,5.2
8349,New-8396454,0-1,0.0,3108,2258,2984,5.2
8352,Base-2358a28,1-0,0.0,3108,2258,2985,5.1
8353,New-8396454,1/2-1/2,0.5,3108,2259,2985,5.1
8351,New-8396454,1-0,1.0,3109,2259,2985,5.2
8354,Base-2358a28,1/2-1/2,0.5,3109,2260,2985,5.2
8355,New-8396454,0-1,0.0,3109,2260,2986,5.1
8357,New-8396454,0-1,0.0,3109,2260,2987,5.1
8356,Base-2358a28,0-1,1.0,3110,2260,2987,5.1
8362,Base-2358a28,1/2-1/2,0.5,3110,2261,2987,5.1
8359,New-8396454,1-0,1.0,3111,2261,2987,5.2
8358,Base-2358a28,0-1,1.0,3112,2261,2987,5.2
8360,Base-2358a28,1-0,0.0,3112,2261,2988,5.2
8361,New-8396454,0-1,0.0,3112,2261,2989,5.1
8363,New-8396454,0-1,0.0,3112,2261,2990,5.1
8370,Base-2358a28,1/2-1/2,0.5,3112,2262,2990,5.1
8364,Base-2358a28,1/2-1/2,0.5,3112,2263,2990,5.1
8366,Base-2358a28,1-0,0.0,3112,2263,2991,5.0
8365,New-8396454,1-0,1.0,3113,2263,2991,5.1
8369,New-8396454,0-1,0.0,3113,2263,2992,5.0
8368,Base-2358a28,0-1,1.0,3114,2263,2992,5.1
8367,New-8396454,1-0,1.0,3115,2263,2992,5.1
8375,New-8396454,1-0,1.0,3116,2263,2992,5.1
8378,Base-2358a28,1-0,0.0,3116,2263,2993,5.1
8371,New-8396454,0-1,0.0,3116,2263,2994,5.1
8374,Base-2358a28,1/2-1/2,0.5,3116,2264,2994,5.1
8373,New-8396454,1-0,1.0,3117,2264,2994,5.1
8376,Base-2358a28,1/2-1/2,0.5,3117,2265,2994,5.1
8377,New-8396454,1/2-1/2,0.5,3117,2266,2994,5.1
8381,New-8396454,1-0,1.0,3118,2266,2994,5.1
8372,Base-2358a28,1-0,0.0,3118,2266,2995,5.1
8382,Base-2358a28,1/2-1/2,0.5,3118,2267,2995,5.1
8380,Base-2358a28,1/2-1/2,0.5,3118,2268,2995,5.1
8383,New-8396454,1-0,1.0,3119,2268,2995,5.1
8379,New-8396454,1/2-1/2,0.5,3119,2269,2995,5.1
8384,Base-2358a28,1/2-1/2,0.5,3119,2270,2995,5.1
8386,Base-2358a28,1-0,0.0,3119,2270,2996,5.1
8387,New-8396454,0-1,0.0,3119,2270,2997,5.1
8392,Base-2358a28,1-0,0.0,3119,2270,2998,5.0
8388,Base-2358a28,1/2-1/2,0.5,3119,2271,2998,5.0
8385,New-8396454,1/2-1/2,0.5,3119,2272,2998,5.0
8391,New-8396454,1-0,1.0,3120,2272,2998,5.1
8389,New-8396454,1-0,1.0,3121,2272,2998,5.1
8390,Base-2358a28,0-1,1.0,3122,2272,2998,5.1
8393,New-8396454,0-1,0.0,3122,2272,2999,5.1
8394,Base-2358a28,1/2-1/2,0.5,3122,2273,2999,5.1
8395,New-8396454,0-1,0.0,3122,2273,3000,5.0
8396,Base-2358a28,1/2-1/2,0.5,3122,2274,3000,5.0
8398,Base-2358a28,1/2-1/2,0.5,3122,2275,3000,5.0
8399,New-8396454,1-0,1.0,3123,2275,3000,5.1
8397,New-8396454,1-0,1.0,3124,2275,3000,5.1
8402,Base-2358a28,0-1,1.0,3125,2275,3000,5.2
8400,Base-2358a28,0-1,1.0,3126,2275,3000,5.2
8401,New-8396454,1/2-1/2,0.5,3126,2276,3000,5.2
8403,New-8396454,1-0,1.0,3127,2276,3000,5.3
8405,New-8396454,0-1,0.0,3127,2276,3001,5.2
8404,Base-2358a28,1-0,0.0,3127,2276,3002,5.2
8407,New-8396454,1-0,1.0,3128,2276,3002,5.2
8406,Base-2358a28,0-1,1.0,3129,2276,3002,5.2
8409,New-8396454,1-0,1.0,3130,2276,3002,5.3
8408,Base-2358a28,1-0,0.0,3130,2276,3003,5.2
8411,New-8396454,1/2-1/2,0.5,3130,2277,3003,5.2
8410,Base-2358a28,1/2-1/2,0.5,3130,2278,3003,5.2
8415,New-8396454,0-1,0.0,3130,2278,3004,5.2
8414,Base-2358a28,1-0,0.0,3130,2278,3005,5.2
8412,Base-2358a28,1-0,0.0,3130,2278,3006,5.1
8413,New-8396454,0-1,0.0,3130,2278,3007,5.1
8416,Base-2358a28,1-0,0.0,3130,2278,3008,5.0
8417,New-8396454,1-0,1.0,3131,2278,3008,5.1
8419,New-8396454,0-1,0.0,3131,2278,3009,5.0
8418,Base-2358a28,0-1,1.0,3132,2278,3009,5.1
8421,New-8396454,1-0,1.0,3133,2278,3009,5.1
8422,Base-2358a28,1-0,0.0,3133,2278,3010,5.1
8420,Base-2358a28,0-1,1.0,3134,2278,3010,5.1
8425,New-8396454,1-0,1.0,3135,2278,3010,5.2
8426,Base-2358a28,1-0,0.0,3135,2278,3011,5.1
8424,Base-2358a28,0-1,1.0,3136,2278,3011,5.2
8427,New-8396454,1/2-1/2,0.5,3136,2279,3011,5.2
8429,New-8396454,1-0,1.0,3137,2279,3011,5.2
8428,Base-2358a28,1-0,0.0,3137,2279,3012,5.2
8423,New-8396454,1/2-1/2,0.5,3137,2280,3012,5.2
8431,New-8396454,0-1,0.0,3137,2280,3013,5.1
8433,New-8396454,1-0,1.0,3138,2280,3013,5.2
8430,Base-2358a28,1/2-1/2,0.5,3138,2281,3013,5.2
8432,Base-2358a28,0-1,1.0,3139,2281,3013,5.2
8434,Base-2358a28,0-1,1.0,3140,2281,3013,5.2
8437,New-8396454,1-0,1.0,3141,2281,3013,5.3
8435,New-8396454,1/2-1/2,0.5,3141,2282,3013,5.3
8436,Base-2358a28,1/2-1/2,0.5,3141,2283,3013,5.3
8439,New-8396454,1-0,1.0,3142,2283,3013,5.3
8441,New-8396454,1-0,1.0,3143,2283,3013,5.4
8442,Base-2358a28,1/2-1/2,0.5,3143,2284,3013,5.4
8443,New-8396454,1/2-1/2,0.5,3143,2285,3013,5.4
8440,Base-2358a28,0-1,1.0,3144,2285,3013,5.4
8438,Base-2358a28,0-1,1.0,3145,2285,3013,5.4
8444,Base-2358a28,0-1,1.0,3146,2285,3013,5.5
8445,New-8396454,0-1,0.0,3146,2285,3014,5.4
8446,Base-2358a28,1-0,0.0,3146,2285,3015,5.4
8447,New-8396454,0-1,0.0,3146,2285,3016,5.3
8451,New-8396454,1/2-1/2,0.5,3146,2286,3016,5.3
8448,Base-2358a28,0-1,1.0,3147,2286,3016,5.4
8450,Base-2358a28,1-0,0.0,3147,2286,3017,5.3
8449,New-8396454,0-1,0.0,3147,2286,3018,5.3
8453,New-8396454,0-1,0.0,3147,2286,3019,5.3
8452,Base-2358a28,0-1,1.0,3148,2286,3019,5.3
8454,Base-2358a28,1-0,0.0,3148,2286,3020,5.3
8456,Base-2358a28,1/2-1/2,0.5,3148,2287,3020,5.3
8457,New-8396454,0-1,0.0,3148,2287,3021,5.2
8455,New-8396454,1-0,1.0,3149,2287,3021,5.3
8459,New-8396454,1-0,1.0,3150,2287,3021,5.3
8458,Base-2358a28,1-0,0.0,3150,2287,3022,5.3
8462,Base-2358a28,0-1,1.0,3151,2287,3022,5.3
8460,Base-2358a28,1/2-1/2,0.5,3151,2288,3022,5.3
8463,New-8396454,1/2-1/2,0.5,3151,2289,3022,5.3
8461,New-8396454,1/2-1/2,0.5,3151,2290,3022,5.3
8466,Base-2358a28,1-0,0.0,3151,2290,3023,5.3
8465,New-8396454,0-1,0.0,3151,2290,3024,5.2
8467,New-8396454,0-1,0.0,3151,2290,3025,5.2
8469,New-8396454,1-0,1.0,3152,2290,3025,5.2
8468,Base-2358a28,0-1,1.0,3153,2290,3025,5.3
8464,Base-2358a28,1/2-1/2,0.5,3153,2291,3025,5.3
8470,Base-2358a28,1-0,0.0,3153,2291,3026,5.2
8472,Base-2358a28,1-0,0.0,3153,2291,3027,5.2
8471,New-8396454,1-0,1.0,3154,2291,3027,5.2
8475,New-8396454,1/2-1/2,0.5,3154,2292,3027,5.2
8474,Base-2358a28,1/2-1/2,0.5,3154,2293,3027,5.2
8476,Base-2358a28,1-0,0.0,3154,2293,3028,5.2
8473,New-8396454,1-0,1.0,3155,2293,3028,5.2
8477,New-8396454,0-1,0.0,3155,2293,3029,5.2
8483,New-8396454,1/2-1/2,0.5,3155,2294,3029,5.2
8484,Base-2358a28,1-0,0.0,3155,2294,3030,5.1
8480,Base-2358a28,1-0,0.0,3155,2294,3031,5.1
8481,New-8396454,1-0,1.0,3156,2294,3031,5.1
8482,Base-2358a28,0-1,1.0,3157,2294,3031,5.2
8479,New-8396454,0-1,0.0,3157,2294,3032,5.1
8478,Base-2358a28,1/2-1/2,0.5,3157,2295,3032,5.1
8485,New-8396454,0-1,0.0,3157,2295,3033,5.1
8487,New-8396454,1-0,1.0,3158,2295,3033,5.1
8486,Base-2358a28,0-1,1.0,3159,2295,3033,5.2
8491,New-8396454,1-0,1.0,3160,2295,3033,5.2
8489,New-8396454,1-0,1.0,3161,2295,3033,5.2
8493,New-8396454,0-1,0.0,3161,2295,3034,5.2
8490,Base-2358a28,0-1,1.0,3162,2295,3034,5.2
8488,Base-2358a28,0-1,1.0,3163,2295,3034,5.3
8492,Base-2358a28,0-1,1.0,3164,2295,3034,5.3
8494,Base-2358a28,0-1,1.0,3165,2295,3034,5.4
8496,Base-2358a28,0-1,1.0,3166,2295,3034,5.4
8495,New-8396454,0-1,0.0,3166,2295,3035,5.4
8500,Base-2358a28,1-0,0.0,3166,2295,3036,5.3
8499,New-8396454,1-0,1.0,3167,2295,3036,5.4
8497,New-8396454,0-1,0.0,3167,2295,3037,5.3
8498,Base-2358a28,1/2-1/2,0.5,3167,2296,3037,5.3
8502,Base-2358a28,1-0,0.0,3167,2296,3038,5.3
8501,New-8396454,1/2-1/2,0.5,3167,2297,3038,5.3
8504,Base-2358a28,1-0,0.0,3167,2297,3039,5.2
8505,New-8396454,1/2-1/2,0.5,3167,2298,3039,5.2
8503,New-8396454,0-1,0.0,3167,2298,3040,5.2
8507,New-8396454,1/2-1/2,0.5,3167,2299,3040,5.2
8506,Base-2358a28,0-1,1.0,3168,2299,3040,5.2
8510,Base-2358a28,0-1,1.0,3169,2299,3040,5.3
8508,Base-2358a28,0-1,1.0,3170,2299,3040,5.3
8509,New-8396454,1/2-1/2,0.5,3170,2300,3040,5.3
8511,New-8396454,1-0,1.0,3171,2300,3040,5.3
8513,New-8396454,0-1,0.0,3171,2300,3041,5.3
8512,Base-2358a28,1-0,0.0,3171,2300,3042,5.3
8514,Base-2358a28,0-1,1.0,3172,2300,3042,5.3
8515,New-8396454,1-0,1.0,3173,2300,3042,5.3
8519,New-8396454,1-0,1.0,3174,2300,3042,5.4
8516,Base-2358a28,0-1,1.0,3175,2300,3042,5.4
8520,Base-2358a28,1-0,0.0,3175,2300,3043,5.4
8517,New-8396454,1/2-1/2,0.5,3175,2301,3043,5.4
8518,Base-2358a28,1-0,0.0,3175,2301,3044,5.3
8521,New-8396454,1-0,1.0,3176,2301,3044,5.4
8522,Base-2358a28,1-0,0.0,3176,2301,3045,5.3
8523,New-8396454,0-1,0.0,3176,2301,3046,5.3
8524,Base-2358a28,0-1,1.0,3177,2301,3046,5.3
8526,Base-2358a28,1-0,0.0,3177,2301,3047,5.3
8529,New-8396454,0-1,0.0,3177,2301,3048,5.3
8525,New-8396454,1/2-1/2,0.5,3177,2302,3048,5.3
8528,Base-2358a28,1/2-1/2,0.5,3177,2303,3048,5.3
8527,New-8396454,0-1,0.0,3177,2303,3049,5.2
8530,Base-2358a28,0-1,1.0,3178,2303,3049,5.3
8533,New-8396454,1/2-1/2,0.5,3178,2304,3049,5.3
8532,Base-2358a28,0-1,1.0,3179,2304,3049,5.3
8531,New-8396454,1-0,1.0,3180,2304,3049,5.3
8537,New-8396454,0-1,0.0,3180,2304,3050,5.3
8534,Base-2358a28,1-0,0.0,3180,2304,3051,5.3
8535,New-8396454,1-0,1.0,3181,2304,3051,5.3
8536,Base-2358a28,0-1,1.0,3182,2304,3051,5.3
8544,Base-2358a28,0-1,1.0,3183,2304,3051,5.4
8539,New-8396454,1/2-1/2,0.5,3183,2305,3051,5.4
8538,Base-2358a28,0-1,1.0,3184,2305,3051,5.4
8541,New-8396454,0-1,0.0,3184,2305,3052,5.4
8543,New-8396454,1-0,1.0,3185,2305,3052,5.4
8540,Base-2358a28,1/2-1/2,0.5,3185,2306,3052,5.4
8545,New-8396454,1-0,1.0,3186,2306,3052,5.4
8542,Base-2358a28,1/2-1/2,0.5,3186,2307,3052,5.4
8547,New-8396454,1-0,1.0,3187,2307,3052,5.5
8549,New-8396454,1-0,1.0,3188,2307,3052,5.5
8546,Base-2358a28,1/2-1/2,0.5,3188,2308,3052,5.5
8548,Base-2358a28,1/2-1/2,0.5,3188,2309,3052,5.5
8550,Base-2358a28,0-1,1.0,3189,2309,3052,5.6
8551,New-8396454,1-0,1.0,3190,2309,3052,5.6
8552,Base-2358a28,1/2-1/2,0.5,3190,2310,3052,5.6
8553,New-8396454,0-1,0.0,3190,2310,3053,5.6
8554,Base-2358a28,1/2-1/2,0.5,3190,2311,3053,5.6
8555,New-8396454,0-1,0.0,3190,2311,3054,5.5
8559,New-8396454,0-1,0.0,3190,2311,3055,5.5
8558,Base-2358a28,1-0,0.0,3190,2311,3056,5.4
8557,New-8396454,0-1,0.0,3190,2311,3057,5.4
8561,New-8396454,1/2-1/2,0.5,3190,2312,3057,5.4
8556,Base-2358a28,1/2-1/2,0.5,3190,2313,3057,5.4
8560,Base-2358a28,1/2-1/2,0.5,3190,2314,3057,5.4
8562,Base-2358a28,0-1,1.0,3191,2314,3057,5.4
8563,New-8396454,1-0,1.0,3192,2314,3057,5.5
8564,Base-2358a28,0-1,1.0,3193,2314,3057,5.5
8566,Base-2358a28,1-0,0.0,3193,2314,3058,5.5
8570,Base-2358a28,1-0,0.0,3193,2314,3059,5.4
8569,New-8396454,0-1,0.0,3193,2314,3060,5.4
8567,New-8396454,1-0,1.0,3194,2314,3060,5.4
8565,New-8396454,1-0,1.0,3195,2314,3060,5.5
8568,Base-2358a28,1/2-1/2,0.5,3195,2315,3060,5.5
8571,New-8396454,0-1,0.0,3195,2315,3061,5.4
8572,Base-2358a28,1-0,0.0,3195,2315,3062,5.4
8578,Base-2358a28,0-1,1.0,3196,2315,3062,5.4
8573,New-8396454,1/2-1/2,0.5,3196,2316,3062,5.4
8575,New-8396454,1-0,1.0,3197,2316,3062,5.5
8576,Base-2358a28,1-0,0.0,3197,2316,3063,5.4
8579,New-8396454,1-0,1.0,3198,2316,3063,5.5
8577,New-8396454,1-0,1.0,3199,2316,3063,5.5
8574,Base-2358a28,1/2-1/2,0.5,3199,2317,3063,5.5
8580,Base-2358a28,0-1,1.0,3200,2317,3063,5.5
8584,Base-2358a28,1/2-1/2,0.5,3200,2318,3063,5.5
8583,New-8396454,1/2-1/2,0.5,3200,2319,3063,5.5
8582,Base-2358a28,1/2-1/2,0.5,3200,2320,3063,5.5
8581,New-8396454,1/2-1/2,0.5,3200,2321,3063,5.5
8585,New-8396454,0-1,0.0,3200,2321,3064,5.5
8586,Base-2358a28,1/2-1/2,0.5,3200,2322,3064,5.5
8587,New-8396454,0-1,0.0,3200,2322,3065,5.5
8592,Base-2358a28,1/2-1/2,0.5,3200,2323,3065,5.5
8588,Base-2358a28,0-1,1.0,3201,2323,3065,5.5
8589,New-8396454,1-0,1.0,3202,2323,3065,5.5
8590,Base-2358a28,1/2-1/2,0.5,3202,2324,3065,5.5
8591,New-8396454,0-1,0.0,3202,2324,3066,5.5
8593,New-8396454,0-1,0.0,3202,2324,3067,5.5
8594,Base-2358a28,0-1,1.0,3203,2324,3067,5.5
8595,New-8396454,1-0,1.0,3204,2324,3067,5.5
8596,Base-2358a28,0-1,1.0,3205,2324,3067,5.6
8598,Base-2358a28,1/2-1/2,0.5,3205,2325,3067,5.6
8599,New-8396454,1/2-1/2,0.5,3205,2326,3067,5.6
8597,New-8396454,1/2-1/2,0.5,3205,2327,3067,5.6
8602,Base-2358a28,0-1,1.0,3206,2327,3067,5.6
8601,New-8396454,0-1,0.0,3206,2327,3068,5.6
8600,Base-2358a28,1/2-1/2,0.5,3206,2328,3068,5.6
8603,New-8396454,1/2-1/2,0.5,3206,2329,3068,5.6
8604,Base-2358a28,1-0,0.0,3206,2329,3069,5.5
8605,New-8396454,1-0,1.0,3207,2329,3069,5.6
8607,New-8396454,0-1,0.0,3207,2329,3070,5.5
8606,Base-2358a28,1-0,0.0,3207,2329,3071,5.5
8608,Base-2358a28,1/2-1/2,0.5,3207,2330,3071,5.5
8612,Base-2358a28,1/2-1/2,0.5,3207,2331,3071,5.5
8610,Base-2358a28,0-1,1.0,3208,2331,3071,5.5
8611,New-8396454,0-1,0.0,3208,2331,3072,5.5
8609,New-8396454,0-1,0.0,3208,2331,3073,5.4
8613,New-8396454,1-0,1.0,3209,2331,3073,5.5
8614,Base-2358a28,1-0,0.0,3209,2331,3074,5.4
8616,Base-2358a28,0-1,1.0,3210,2331,3074,5.5
8615,New-8396454,0-1,0.0,3210,2331,3075,5.4
8617,New-8396454,0-1,0.0,3210,2331,3076,5.4
8619,New-8396454,1/2-1/2,0.5,3210,2332,3076,5.4
8620,Base-2358a28,1/2-1/2,0.5,3210,2333,3076,5.4
8618,Base-2358a28,1/2-1/2,0.5,3210,2334,3076,5.4
8621,New-8396454,1-0,1.0,3211,2334,3076,5.4
8623,New-8396454,1-0,1.0,3212,2334,3076,5.5
8622,Base-2358a28,0-1,1.0,3213,2334,3076,5.5
8624,Base-2358a28,1-0,0.0,3213,2334,3077,5.5
8625,New-8396454,0-1,0.0,3213,2334,3078,5.4
8626,Base-2358a28,0-1,1.0,3214,2334,3078,5.5
8627,New-8396454,0-1,0.0,3214,2334,3079,5.4
8628,Base-2358a28,1/2-1/2,0.5,3214,2335,3079,5.4
8631,New-8396454,1/2-1/2,0.5,3214,2336,3079,5.4
8632,Base-2358a28,1-0,0.0,3214,2336,3080,5.4
8630,Base-2358a28,0-1,1.0,3215,2336,3080,5.4
8629,New-8396454,1/2-1/2,0.5,3215,2337,3080,5.4
8633,New-8396454,1-0,1.0,3216,2337,3080,5.5
8634,Base-2358a28,0-1,1.0,3217,2337,3080,5.5
8636,Base-2358a28,1-0,0.0,3217,2337,3081,5.5
8635,New-8396454,1/2-1/2,0.5,3217,2338,3081,5.5
8639,New-8396454,1/2-1/2,0.5,3217,2339,3081,5.5
8638,Base-2358a28,0-1,1.0,3218,2339,3081,5.5
8637,New-8396454,1-0,1.0,3219,2339,3081,5.6
8640,Base-2358a28,1/2-1/2,0.5,3219,2340,3081,5.5
8641,New-8396454,0-1,0.0,3219,2340,3082,5.5
8644,Base-2358a28,1-0,0.0,3219,2340,3083,5.5
8642,Base-2358a28,1/2-1/2,0.5,3219,2341,3083,5.5
8645,New-8396454,0-1,0.0,3219,2341,3084,5.4
8643,New-8396454,1/2-1/2,0.5,3219,2342,3084,5.4
8647,New-8396454,1-0,1.0,3220,2342,3084,5.5
8648,Base-2358a28,0-1,1.0,3221,2342,3084,5.5
8649,New-8396454,1-0,1.0,3222,2342,3084,5.5
8653,New-8396454,0-1,0.0,3222,2342,3085,5.5
8652,Base-2358a28,1-0,0.0,3222,2342,3086,5.5
8646,Base-2358a28,1/2-1/2,0.5,3222,2343,3086,5.5
8650,Base-2358a28,0-1,1.0,3223,2343,3086,5.5
8651,New-8396454,1/2-1/2,0.5,3223,2344,3086,5.5
8654,Base-2358a28,0-1,1.0,3224,2344,3086,5.5
8655,New-8396454,0-1,0.0,3224,2344,3087,5.5
8656,Base-2358a28,0-1,1.0,3225,2344,3087,5.5
8657,New-8396454,1-0,1.0,3226,2344,3087,5.6
8659,New-8396454,1-0,1.0,3227,2344,3087,5.6
8658,Base-2358a28,0-1,1.0,3228,2344,3087,5.7
8660,Base-2358a28,0-1,1.0,3229,2344,3087,5.7
8663,New-8396454,0-1,0.0,3229,2344,3088,5.7
8662,Base-2358a28,1-0,0.0,3229,2344,3089,5.6
8661,New-8396454,1-0,1.0,3230,2344,3089,5.7
8664,Base-2358a28,1-0,0.0,3230,2344,3090,5.6
8666,Base-2358a28,0-1,1.0,3231,2344,3090,5.7
8665,New-8396454,1/2-1/2,0.5,3231,2345,3090,5.7
8667,New-8396454,0-1,0.0,3231,2345,3091,5.6
8670,Base-2358a28,1-0,0.0,3231,2345,3092,5.6
8668,Base-2358a28,1/2-1/2,0.5,3231,2346,3092,5.6
8669,New-8396454,0-1,0.0,3231,2346,3093,5.5
8671,New-8396454,1-0,1.0,3232,2346,3093,5.6
8672,Base-2358a28,1-0,0.0,3232,2346,3094,5.5
8674,Base-2358a28,1-0,0.0,3232,2346,3095,5.5
8676,Base-2358a28,1/2-1/2,0.5,3232,2347,3095,5.5
8675,New-8396454,0-1,0.0,3232,2347,3096,5.4
8673,New-8396454,1-0,1.0,3233,2347,3096,5.5
8678,Base-2358a28,0-1,1.0,3234,2347,3096,5.5
8677,New-8396454,1-0,1.0,3235,2347,3096,5.6
8682,Base-2358a28,1-0,0.0,3235,2347,3097,5.5
8679,New-8396454,1-0,1.0,3236,2347,3097,5.6
8680,Base-2358a28,1-0,0.0,3236,2347,3098,5.5
8681,New-8396454,1-0,1.0,3237,2347,3098,5.6
8684,Base-2358a28,1-0,0.0,3237,2347,3099,5.5
8683,New-8396454,0-1,0.0,3237,2347,3100,5.5
8685,New-8396454,0-1,0.0,3237,2347,3101,5.4
8686,Base-2358a28,1/2-1/2,0.5,3237,2348,3101,5.4
8688,Base-2358a28,0-1,1.0,3238,2348,3101,5.5
8689,New-8396454,0-1,0.0,3238,2348,3102,5.4
8691,New-8396454,1/2-1/2,0.5,3238,2349,3102,5.4
8693,New-8396454,1/2-1/2,0.5,3238,2350,3102,5.4
8687,New-8396454,1/2-1/2,0.5,3238,2351,3102,5.4
8692,Base-2358a28,1-0,0.0,3238,2351,3103,5.4
8690,Base-2358a28,1/2-1/2,0.5,3238,2352,3103,5.4
8694,Base-2358a28,0-1,1.0,3239,2352,3103,5.4
8696,Base-2358a28,0-1,1.0,3240,2352,3103,5.5
8697,New-8396454,0-1,0.0,3240,2352,3104,5.4
8695,New-8396454,0-1,0.0,3240,2352,3105,5.4
8701,New-8396454,0-1,0.0,3240,2352,3106,5.4
8698,Base-2358a28,1-0,0.0,3240,2352,3107,5.3
8700,Base-2358a28,1-0,0.0,3240,2352,3108,5.3
8699,New-8396454,1-0,1.0,3241,2352,3108,5.3
8705,New-8396454,0-1,0.0,3241,2352,3109,5.3
8702,Base-2358a28,0-1,1.0,3242,2352,3109,5.3
8703,New-8396454,0-1,0.0,3242,2352,3110,5.3
8704,Base-2358a28,0-1,1.0,3243,2352,3110,5.3
8706,Base-2358a28,0-1,1.0,3244,2352,3110,5.3
8709,New-8396454,0-1,0.0,3244,2352,3111,5.3
8707,New-8396454,1-0,1.0,3245,2352,3111,5.3
8712,Base-2358a28,0-1,1.0,3246,2352,3111,5.4
8713,New-8396454,1/2-1/2,0.5,3246,2353,3111,5.4
8710,Base-2358a28,0-1,1.0,3247,2353,3111,5.4
8711,New-8396454,0-1,0.0,3247,2353,3112,5.4
8708,Base-2358a28,1/2-1/2,0.5,3247,2354,3112,5.4
8714,Base-2358a28,1-0,0.0,3247,2354,3113,5.3
8715,New-8396454,1/2-1/2,0.5,3247,2355,3113,5.3
8716,Base-2358a28,0-1,1.0,3248,2355,3113,5.4
8718,Base-2358a28,0-1,1.0,3249,2355,3113,5.4
8719,New-8396454,0-1,0.0,3249,2355,3114,5.4
8720,Base-2358a28,1-0,0.0,3249,2355,3115,5.3
8721,New-8396454,1-0,1.0,3250,2355,3115,5.4
8717,New-8396454,1/2-1/2,0.5,3250,2356,3115,5.4
8722,Base-2358a28,0-1,1.0,3251,2356,3115,5.4
8723,New-8396454,1-0,1.0,3252,2356,3115,5.5
8725,New-8396454,1-0,1.0,3253,2356,3115,5.5
8724,Base-2358a28,0-1,1.0,3254,2356,3115,5.5
8726,Base-2358a28,0-1,1.0,3255,2356,3115,5.6
8728,Base-2358a28,0-1,1.0,3256,2356,3115,5.6
8727,New-8396454,1-0,1.0,3257,2356,3115,5.7
8729,New-8396454,0-1,0.0,3257,2356,3116,5.6
8730,Base-2358a28,0-1,1.0,3258,2356,3116,5.7
8731,New-8396454,1/2-1/2,0.5,3258,2357,3116,5.7
8734,Base-2358a28,1-0,0.0,3258,2357,3117,5.6
8733,New-8396454,0-1,0.0,3258,2357,3118,5.6
8737,New-8396454,1-0,1.0,3259,2357,3118,5.6
8736,Base-2358a28,0-1,1.0,3260,2357,3118,5.6
8738,Base-2358a28,0-1,1.0,3261,2357,3118,5.7
8732,Base-2358a28,1/2-1/2,0.5,3261,2358,3118,5.7
8735,New-8396454,1-0,1.0,3262,2358,3118,5.7
8739,New-8396454,0-1,0.0,3262,2358,3119,5.7
8741,New-8396454,1-0,1.0,3263,2358,3119,5.7
8740,Base-2358a28,1/2-1/2,0.5,3263,2359,3119,5.7
8742,Base-2358a28,1-0,0.0,3263,2359,3120,5.7
8745,New-8396454,0-1,0.0,3263,2359,3121,5.6
8744,Base-2358a28,0-1,1.0,3264,2359,3121,5.7
8743,New-8396454,1-0,1.0,3265,2359,3121,5.7
8746,Base-2358a28,1/2-1/2,0.5,3265,2360,3121,5.7
8747,New-8396454,0-1,0.0,3265,2360,3122,5.7
8749,New-8396454,1-0,1.0,3266,2360,3122,5.7
8748,Base-2358a28,0-1,1.0,3267,2360,3122,5.8
8753,New-8396454,1-0,1.0,3268,2360,3122,5.8
8752,Base-2358a28,0-1,1.0,3269,2360,3122,5.8
8755,New-8396454,0-1,0.0,3269,2360,3123,5.8
8750,Base-2358a28,1-0,0.0,3269,2360,3124,5.8
8751,New-8396454,1/2-1/2,0.5,3269,2361,3124,5.8
8757,New-8396454,1/2-1/2,0.5,3269,2362,3124,5.8
8756,Base-2358a28,0-1,1.0,3270,2362,3124,5.8
8754,Base-2358a28,1/2-1/2,0.5,3270,2363,3124,5.8
8758,Base-2358a28,0-1,1.0,3271,2363,3124,5.8
8759,New-8396454,1-0,1.0,3272,2363,3124,5.9
8761,New-8396454,1-0,1.0,3273,2363,3124,5.9
8760,Base-2358a28,0-1,1.0,3274,2363,3124,5.9
8762,Base-2358a28,0-1,1.0,3275,2363,3124,6.0
8763,New-8396454,0-1,0.0,3275,2363,3125,5.9
8764,Base-2358a28,1-0,0.0,3275,2363,3126,5.9
8765,New-8396454,0-1,0.0,3275,2363,3127,5.9
8770,Base-2358a28,0-1,1.0,3276,2363,3127,5.9
8766,Base-2358a28,0-1,1.0,3277,2363,3127,5.9
8767,New-8396454,1-0,1.0,3278,2363,3127,6.0
8769,New-8396454,1-0,1.0,3279,2363,3127,6.0
8771,New-8396454,1-0,1.0,3280,2363,3127,6.1
8768,Base-2358a28,1-0,0.0,3280,2363,3128,6.0
8772,Base-2358a28,1-0,0.0,3280,2363,3129,6.0
8773,New-8396454,1-0,1.0,3281,2363,3129,6.0
8776,Base-2358a28,1-0,0.0,3281,2363,3130,6.0
8774,Base-2358a28,1-0,0.0,3281,2363,3131,5.9
8775,New-8396454,0-1,0.0,3281,2363,3132,5.9
8779,New-8396454,1-0,1.0,3282,2363,3132,5.9
8778,Base-2358a28,0-1,1.0,3283,2363,3132,6.0
8777,New-8396454,1-0,1.0,3284,2363,3132,6.0
8782,Base-2358a28,1-0,0.0,3284,2363,3133,6.0
8780,Base-2358a28,0-1,1.0,3285,2363,3133,6.0
8781,New-8396454,1-0,1.0,3286,2363,3133,6.1
8783,New-8396454,1-0,1.0,3287,2363,3133,6.1
8785,New-8396454,1-0,1.0,3288,2363,3133,6.1
8784,Base-2358a28,0-1,1.0,3289,2363,3133,6.2
8786,Base-2358a28,1/2-1/2,0.5,3289,2364,3133,6.2
8789,New-8396454,1/2-1/2,0.5,3289,2365,3133,6.2
8791,New-8396454,0-1,0.0,3289,2365,3134,6.1
8790,Base-2358a28,0-1,1.0,3290,2365,3134,6.2
8788,Base-2358a28,1/2-1/2,0.5,3290,2366,3134,6.2
8787,New-8396454,1/2-1/2,0.5,3290,2367,3134,6.2
8792,Base-2358a28,0-1,1.0,3291,2367,3134,6.2
8793,New-8396454,1-0,1.0,3292,2367,3134,6.2
8798,Base-2358a28,1/2-1/2,0.5,3292,2368,3134,6.2
8796,Base-2358a28,1/2-1/2,0.5,3292,2369,3134,6.2
8794,Base-2358a28,0-1,1.0,3293,2369,3134,6.3
8799,New-8396454,1-0,1.0,3294,2369,3134,6.3
8803,New-8396454,1/2-1/2,0.5,3294,2370,3134,6.3
8795,New-8396454,1/2-1/2,0.5,3294,2371,3134,6.3
8800,Base-2358a28,1-0,0.0,3294,2371,3135,6.3
8801,New-8396454,0-1,0.0,3294,2371,3136,6.2
8797,New-8396454,1/2-1/2,0.5,3294,2372,3136,6.2
8802,Base-2358a28,0-1,1.0,3295,2372,3136,6.3
8804,Base-2358a28,0-1,1.0,3296,2372,3136,6.3
8805,New-8396454,1-0,1.0,3297,2372,3136,6.4
8806,Base-2358a28,0-1,1.0,3298,2372,3136,6.4
8810,Base-2358a28,1-0,0.0,3298,2372,3137,6.4
8809,New-8396454,1/2-1/2,0.5,3298,2373,3137,6.4
8807,New-8396454,0-1,0.0,3298,2373,3138,6.3
8808,Base-2358a28,1/2-1/2,0.5,3298,2374,3138,6.3
8812,Base-2358a28,1/2-1/2,0.5,3298,2375,3138,6.3
8811,New-8396454,0-1,0.0,3298,2375,3139,6.3
8813,New-8396454,1-0,1.0,3299,2375,3139,6.3
8818,Base-2358a28,1/2-1/2,0.5,3299,2376,3139,6.3
8815,New-8396454,1/2-1/2,0.5,3299,2377,3139,6.3
8814,Base-2358a28,1/2-1/2,0.5,3299,2378,3139,6.3
8817,New-8396454,1-0,1.0,3300,2378,3139,6.3
8821,New-8396454,1/2-1/2,0.5,3300,2379,3139,6.3
8816,Base-2358a28,0-1,1.0,3301,2379,3139,6.4
8819,New-8396454,0-1,0.0,3301,2379,3140,6.3
8820,Base-2358a28,0-1,1.0,3302,2379,3140,6.4
8822,Base-2358a28,1-0,0.0,3302,2379,3141,6.3
8824,Base-2358a28,1-0,0.0,3302,2379,3142,6.3
8826,Base-2358a28,1/2-1/2,0.5,3302,2380,3142,6.3
8823,New-8396454,1-0,1.0,3303,2380,3142,6.3
8830,Base-2358a28,1/2-1/2,0.5,3303,2381,3142,6.3
8829,New-8396454,1/2-1/2,0.5,3303,2382,3142,6.3
8825,New-8396454,1-0,1.0,3304,2382,3142,6.4
8827,New-8396454,1-0,1.0,3305,2382,3142,6.4
8828,Base-2358a28,1/2-1/2,0.5,3305,2383,3142,6.4
8831,New-8396454,0-1,0.0,3305,2383,3143,6.4
8832,Base-2358a28,0-1,1.0,3306,2383,3143,6.4
8836,Base-2358a28,0-1,1.0,3307,2383,3143,6.5
8833,New-8396454,1/2-1/2,0.5,3307,2384,3143,6.5
8835,New-8396454,0-1,0.0,3307,2384,3144,6.4
8834,Base-2358a28,1-0,0.0,3307,2384,3145,6.4
8842,Base-2358a28,1/2-1/2,0.5,3307,2385,3145,6.4
8839,New-8396454,1-0,1.0,3308,2385,3145,6.4
8838,Base-2358a28,1-0,0.0,3308,2385,3146,6.4
8837,New-8396454,1/2-1/2,0.5,3308,2386,3146,6.4
8840,Base-2358a28,1-0,0.0,3308,2386,3147,6.3
8843,New-8396454,1-0,1.0,3309,2386,3147,6.4
8841,New-8396454,1-0,1.0,3310,2386,3147,6.4
8844,Base-2358a28,1/2-1/2,0.5,3310,2387,3147,6.4
8851,New-8396454,0-1,0.0,3310,2387,3148,6.4
8847,New-8396454,0-1,0.0,3310,2387,3149,6.3
8846,Base-2358a28,1-0,0.0,3310,2387,3150,6.3
8845,New-8396454,1/2-1/2,0.5,3310,2388,3150,6.3
8853,New-8396454,1/2-1/2,0.5,3310,2389,3150,6.3
8848,Base-2358a28,0-1,1.0,3311,2389,3150,6.3
8850,Base-2358a28,1/2-1/2,0.5,3311,2390,3150,6.3
8852,Base-2358a28,0-1,1.0,3312,2390,3150,6.4
8849,New-8396454,1/2-1/2,0.5,3312,2391,3150,6.4
8856,Base-2358a28,1-0,0.0,3312,2391,3151,6.3
8854,Base-2358a28,1-0,0.0,3312,2391,3152,6.3
8858,Base-2358a28,1-0,0.0,3312,2391,3153,6.2
8857,New-8396454,0-1,0.0,3312,2391,3154,6.2
8855,New-8396454,1-0,1.0,3313,2391,3154,6.2
8859,New-8396454,1-0,1.0,3314,2391,3154,6.3
8860,Base-2358a28,0-1,1.0,3315,2391,3154,6.3
8861,New-8396454,0-1,0.0,3315,2391,3155,6.3
8863,New-8396454,0-1,0.0,3315,2391,3156,6.2
8867,New-8396454,1/2-1/2,0.5,3315,2392,3156,6.2
8862,Base-2358a28,1-0,0.0,3315,2392,3157,6.2
8866,Base-2358a28,1-0,0.0,3315,2392,3158,6.2
8864,Base-2358a28,1-0,0.0,3315,2392,3159,6.1
8865,New-8396454,0-1,0.0,3315,2392,3160,6.1
8869,New-8396454,1-0,1.0,3316,2392,3160,6.1
8872,Base-2358a28,1-0,0.0,3316,2392,3161,6.1
8868,Base-2358a28,0-1,1.0,3317,2392,3161,6.1
8870,Base-2358a28,1-0,0.0,3317,2392,3162,6.1
8871,New-8396454,1/2-1/2,0.5,3317,2393,3162,6.1
8873,New-8396454,0-1,0.0,3317,2393,3163,6.0
8877,New-8396454,1/2-1/2,0.5,3317,2394,3163,6.0
8875,New-8396454,1-0,1.0,3318,2394,3163,6.1
8878,Base-2358a28,1/2-1/2,0.5,3318,2395,3163,6.1
8874,Base-2358a28,0-1,1.0,3319,2395,3163,6.1
8876,Base-2358a28,1/2-1/2,0.5,3319,2396,3163,6.1
8882,Base-2358a28,1-0,0.0,3319,2396,3164,6.1
8880,Base-2358a28,1-0,0.0,3319,2396,3165,6.0
8879,New-8396454,1/2-1/2,0.5,3319,2397,3165,6.0
8881,New-8396454,1-0,1.0,3320,2397,3165,6.1
8884,Base-2358a28,0-1,1.0,3321,2397,3165,6.1
8883,New-8396454,0-1,0.0,3321,2397,3166,6.1
8888,Base-2358a28,1-0,0.0,3321,2397,3167,6.0
8886,Base-2358a28,1/2-1/2,0.5,3321,2398,3167,6.0
8885,New-8396454,1-0,1.0,3322,2398,3167,6.1
8889,New-8396454,0-1,0.0,3322,2398,3168,6.0
8890,Base-2358a28,0-1,1.0,3323,2398,3168,6.1
8887,New-8396454,1/2-1/2,0.5,3323,2399,3168,6.1
8892,Base-2358a28,0-1,1.0,3324,2399,3168,6.1
8895,New-8396454,1/2-1/2,0.5,3324,2400,3168,6.1
8893,New-8396454,1-0,1.0,3325,2400,3168,6.1
8894,Base-2358a28,1/2-1/2,0.5,3325,2401,3168,6.1
8898,Base-2358a28,0-1,1.0,3326,2401,3168,6.2
8896,Base-2358a28,1-0,0.0,3326,2401,3169,6.1
8897,New-8396454,0-1,0.0,3326,2401,3170,6.1
8891,New-8396454,1/2-1/2,0.5,3326,2402,3170,6.1
8900,Base-2358a28,1/2-1/2,0.5,3326,2403,3170,6.1
8901,New-8396454,0-1,0.0,3326,2403,3171,6.1
8902,Base-2358a28,1-0,0.0,3326,2403,3172,6.0
8905,New-8396454,0-1,0.0,3326,2403,3173,6.0
8903,New-8396454,1-0,1.0,3327,2403,3173,6.0
8906,Base-2358a28,1-0,0.0,3327,2403,3174,6.0
8899,New-8396454,1-0,1.0,3328,2403,3174,6.0
8904,Base-2358a28,0-1,1.0,3329,2403,3174,6.0
8907,New-8396454,1-0,1.0,3330,2403,3174,6.1
8908,Base-2358a28,0-1,1.0,3331,2403,3174,6.1
8912,Base-2358a28,0-1,1.0,3332,2403,3174,6.2
8909,New-8396454,1-0,1.0,3333,2403,3174,6.2
8911,New-8396454,0-1,0.0,3333,2403,3175,6.2
8913,New-8396454,1/2-1/2,0.5,3333,2404,3175,6.2
8914,Base-2358a28,1-0,0.0,3333,2404,3176,6.1
8910,Base-2358a28,1/2-1/2,0.5,3333,2405,3176,6.1
8915,New-8396454,1-0,1.0,3334,2405,3176,6.2
8916,Base-2358a28,1-0,0.0,3334,2405,3177,6.1
8920,Base-2358a28,1/2-1/2,0.5,3334,2406,3177,6.1
8918,Base-2358a28,1/2-1/2,0.5,3334,2407,3177,6.1
8917,New-8396454,1-0,1.0,3335,2407,3177,6.2
8919,New-8396454,0-1,0.0,3335,2407,3178,6.1
8921,New-8396454,0-1,0.0,3335,2407,3179,6.1
8922,Base-2358a28,1-0,0.0,3335,2407,3180,6.0
8923,New-8396454,0-1,0.0,3335,2407,3181,6.0
8924,Base-2358a28,0-1,1.0,3336,2407,3181,6.0
8927,New-8396454,1-0,1.0,3337,2407,3181,6.1
8928,Base-2358a28,1/2-1/2,0.5,3337,2408,3181,6.1
8925,New-8396454,1-0,1.0,3338,2408,3181,6.1
8926,Base-2358a28,1-0,0.0,3338,2408,3182,6.1
8929,New-8396454,0-1,0.0,3338,2408,3183,6.0
8931,New-8396454,1-0,1.0,3339,2408,3183,6.1
8930,Base-2358a28,1-0,0.0,3339,2408,3184,6.0
8933,New-8396454,1/2-1/2,0.5,3339,2409,3184,6.0
8932,Base-2358a28,0-1,1.0,3340,2409,3184,6.1
8935,New-8396454,1-0,1.0,3341,2409,3184,6.1
8939,New-8396454,0-1,0.0,3341,2409,3185,6.1
8937,New-8396454,1-0,1.0,3342,2409,3185,6.1
8934,Base-2358a28,0-1,1.0,3343,2409,3185,6.1
8938,Base-2358a28,0-1,1.0,3344,2409,3185,6.2
8940,Base-2358a28,1/2-1/2,0.5,3344,2410,3185,6.2
8936,Base-2358a28,1/2-1/2,0.5,3344,2411,3185,6.2
8944,Base-2358a28,1-0,0.0,3344,2411,3186,6.1
8942,Base-2358a28,1-0,0.0,3344,2411,3187,6.1
8946,Base-2358a28,1-0,0.0,3344,2411,3188,6.1
8947,New-8396454,1-0,1.0,3345,2411,3188,6.1
8945,New-8396454,1-0,1.0,3346,2411,3188,6.1
8941,New-8396454,1/2-1/2,0.5,3346,2412,3188,6.1
8943,New-8396454,1-0,1.0,3347,2412,3188,6.2
8948,Base-2358a28,1-0,0.0,3347,2412,3189,6.1
8949,New-8396454,1/2-1/2,0.5,3347,2413,3189,6.1
8953,New-8396454,1/2-1/2,0.5,3347,2414,3189,6.1
8950,Base-2358a28,1-0,0.0,3347,2414,3190,6.1
8951,New-8396454,1-0,1.0,3348,2414,3190,6.1
8952,Base-2358a28,0-1,1.0,3349,2414,3190,6.2
8955,New-8396454,0-1,0.0,3349,2414,3191,6.1
8954,Base-2358a28,0-1,1.0,3350,2414,3191,6.2
8956,Base-2358a28,0-1,1.0,3351,2414,3191,6.2
8957,New-8396454,1-0,1.0,3352,2414,3191,6.2
8959,New-8396454,1/2-1/2,0.5,3352,2415,3191,6.2
8961,New-8396454,1/2-1/2,0.5,3352,2416,3191,6.2
8958,Base-2358a28,0-1,1.0,3353,2416,3191,6.3
8962,Base-2358a28,1-0,0.0,3353,2416,3192,6.2
8960,Base-2358a28,1-0,0.0,3353,2416,3193,6.2
8963,New-8396454,1-0,1.0,3354,2416,3193,6.2
8964,Base-2358a28,1-0,0.0,3354,2416,3194,6.2
8965,New-8396454,1/2-1/2,0.5,3354,2417,3194,6.2
8966,Base-2358a28,1-0,0.0,3354,2417,3195,6.2
8967,New-8396454,0-1,0.0,3354,2417,3196,6.1
8968,Base-2358a28,1/2-1/2,0.5,3354,2418,3196,6.1
8969,New-8396454,1/2-1/2,0.5,3354,2419,3196,6.1
8972,Base-2358a28,1/2-1/2,0.5,3354,2420,3196,6.1
8971,New-8396454,1-0,1.0,3355,2420,3196,6.2
8975,New-8396454,1/2-1/2,0.5,3355,2421,3196,6.2
8976,Base-2358a28,1/2-1/2,0.5,3355,2422,3196,6.2
8973,New-8396454,1-0,1.0,3356,2422,3196,6.2
8974,Base-2358a28,1-0,0.0,3356,2422,3197,6.2
8970,Base-2358a28,1/2-1/2,0.5,3356,2423,3197,6.2
8978,Base-2358a28,0-1,1.0,3357,2423,3197,6.2
8977,New-8396454,1/2-1/2,0.5,3357,2424,3197,6.2
8979,New-8396454,1/2-1/2,0.5,3357,2425,3197,6.2
8984,Base-2358a28,0-1,1.0,3358,2425,3197,6.2
8980,Base-2358a28,0-1,1.0,3359,2425,3197,6.3
8981,New-8396454,1-0,1.0,3360,2425,3197,6.3
8983,New-8396454,1-0,1.0,3361,2425,3197,6.3
8982,Base-2358a28,1-0,0.0,3361,2425,3198,6.3
8986,Base-2358a28,1-0,0.0,3361,2425,3199,6.3
8985,New-8396454,1-0,1.0,3362,2425,3199,6.3
8991,New-8396454,1/2-1/2,0.5,3362,2426,3199,6.3
8987,New-8396454,1-0,1.0,3363,2426,3199,6.3
8988,Base-2358a28,1-0,0.0,3363,2426,3200,6.3
8989,New-8396454,1-0,1.0,3364,2426,3200,6.3
8990,Base-2358a28,1/2-1/2,0.5,3364,2427,3200,6.3
8996,Base-2358a28,0-1,1.0,3365,2427,3200,6.4
8992,Base-2358a28,0-1,1.0,3366,2427,3200,6.4
8993,New-8396454,1/2-1/2,0.5,3366,2428,3200,6.4
8994,Base-2358a28,1-0,0.0,3366,2428,3201,6.4
8997,New-8396454,0-1,0.0,3366,2428,3202,6.3
8995,New-8396454,1/2-1/2,0.5,3366,2429,3202,6.3
8998,Base-2358a28,0-1,1.0,3367,2429,3202,6.4
9001,New-8396454,0-1,0.0,3367,2429,3203,6.3
9003,New-8396454,1-0,1.0,3368,2429,3203,6.4
8999,New-8396454,1-0,1.0,3369,2429,3203,6.4
9000,Base-2358a28,0-1,1.0,3370,2429,3203,6.4
9002,Base-2358a28,1/2-1/2,0.5,3370,2430,3203,6.4
9007,New-8396454,0-1,0.0,3370,2430,3204,6.4
9005,New-8396454,1-0,1.0,3371,2430,3204,6.4
9010,Base-2358a28,1-0,0.0,3371,2430,3205,6.4
9004,Base-2358a28,1-0,0.0,3371,2430,3206,6.4
9008,Base-2358a28,0-1,1.0,3372,2430,3206,6.4
9009,New-8396454,1-0,1.0,3373,2430,3206,6.4
9006,Base-2358a28,1/2-1/2,0.5,3373,2431,3206,6.4
9011,New-8396454,1-0,1.0,3374,2431,3206,6.5
9013,New-8396454,0-1,0.0,3374,2431,3207,6.4
9014,Base-2358a28,1-0,0.0,3374,2431,3208,6.4
9015,New-8396454,1-0,1.0,3375,2431,3208,6.4
9012,Base-2358a28,0-1,1.0,3376,2431,3208,6.5
9016,Base-2358a28,1-0,0.0,3376,2431,3209,6.4
9017,New-8396454,1/2-1/2,0.5,3376,2432,3209,6.4
9018,Base-2358a28,0-1,1.0,3377,2432,3209,6.5
9019,New-8396454,1-0,1.0,3378,2432,3209,6.5
9020,Base-2358a28,0-1,1.0,3379,2432,3209,6.5
9022,Base-2358a28,1/2-1/2,0.5,3379,2433,3209,6.5
9024,Base-2358a28,1-0,0.0,3379,2433,3210,6.5
9023,New-8396454,0-1,0.0,3379,2433,3211,6.5
9025,New-8396454,0-1,0.0,3379,2433,3212,6.4
9021,New-8396454,1/2-1/2,0.5,3379,2434,3212,6.4
9027,New-8396454,0-1,0.0,3379,2434,3213,6.4
9029,New-8396454,1/2-1/2,0.5,3379,2435,3213,6.4
9028,Base-2358a28,1-0,0.0,3379,2435,3214,6.4
9026,Base-2358a28,1/2-1/2,0.5,3379,2436,3214,6.3
9032,Base-2358a28,1/2-1/2,0.5,3379,2437,3214,6.3
9031,New-8396454,1/2-1/2,0.5,3379,2438,3214,6.3
9030,Base-2358a28,0-1,1.0,3380,2438,3214,6.4
9033,New-8396454,1-0,1.0,3381,2438,3214,6.4
9034,Base-2358a28,0-1,1.0,3382,2438,3214,6.5
9035,New-8396454,1/2-1/2,0.5,3382,2439,3214,6.5
9036,Base-2358a28,1-0,0.0,3382,2439,3215,6.4
9040,Base-2358a28,1/2-1/2,0.5,3382,2440,3215,6.4
9037,New-8396454,1-0,1.0,3383,2440,3215,6.5
9038,Base-2358a28,0-1,1.0,3384,2440,3215,6.5
9041,New-8396454,1/2-1/2,0.5,3384,2441,3215,6.5
9039,New-8396454,1-0,1.0,3385,2441,3215,6.5
9044,Base-2358a28,1-0,0.0,3385,2441,3216,6.5
9042,Base-2358a28,1/2-1/2,0.5,3385,2442,3216,6.5
9043,New-8396454,1-0,1.0,3386,2442,3216,6.5
9049,New-8396454,1-0,1.0,3387,2442,3216,6.6
9045,New-8396454,0-1,0.0,3387,2442,3217,6.5
9047,New-8396454,1/2-1/2,0.5,3387,2443,3217,6.5
9046,Base-2358a28,1-0,0.0,3387,2443,3218,6.5
9048,Base-2358a28,0-1,1.0,3388,2443,3218,6.5
9050,Base-2358a28,0-1,1.0,3389,2443,3218,6.6
9051,New-8396454,1/2-1/2,0.5,3389,2444,3218,6.6
9056,Base-2358a28,1/2-1/2,0.5,3389,2445,3218,6.6
9052,Base-2358a28,1/2-1/2,0.5,3389,2446,3218,6.6
9053,New-8396454,1-0,1.0,3390,2446,3218,6.6
9055,New-8396454,0-1,0.0,3390,2446,3219,6.6
9054,Base-2358a28,1-0,0.0,3390,2446,3220,6.5
9059,New-8396454,1/2-1/2,0.5,3390,2447,3220,6.5
9057,New-8396454,0-1,0.0,3390,2447,3221,6.5
9058,Base-2358a28,0-1,1.0,3391,2447,3221,6.5
9060,Base-2358a28,1/2-1/2,0.5,3391,2448,3221,6.5
9061,New-8396454,1-0,1.0,3392,2448,3221,6.6
9066,Base-2358a28,1-0,0.0,3392,2448,3222,6.5
9064,Base-2358a28,1/2-1/2,0.5,3392,2449,3222,6.5
9063,New-8396454,0-1,0.0,3392,2449,3223,6.5
9062,Base-2358a28,1/2-1/2,0.5,3392,2450,3223,6.5
9065,New-8396454,0-1,0.0,3392,2450,3224,6.4
9068,Base-2358a28,1/2-1/2,0.5,3392,2451,3224,6.4
9067,New-8396454,1-0,1.0,3393,2451,3224,6.5
9071,New-8396454,1-0,1.0,3394,2451,3224,6.5
9072,Base-2358a28,0-1,1.0,3395,2451,3224,6.6
9076,Base-2358a28,1-0,0.0,3395,2451,3225,6.5
9070,Base-2358a28,0-1,1.0,3396,2451,3225,6.5
9073,New-8396454,1-0,1.0,3397,2451,3225,6.6
9069,New-8396454,0-1,0.0,3397,2451,3226,6.5
9074,Base-2358a28,1-0,0.0,3397,2451,3227,6.5
9082,Base-2358a28,1/2-1/2,0.5,3397,2452,3227,6.5
9077,New-8396454,0-1,0.0,3397,2452,3228,6.5
9075,New-8396454,1/2-1/2,0.5,3397,2453,3228,6.5
9080,Base-2358a28,1/2-1/2,0.5,3397,2454,3228,6.5
9078,Base-2358a28,1/2-1/2,0.5,3397,2455,3228,6.5
9079,New-8396454,1-0,1.0,3398,2455,3228,6.5
9083,New-8396454,1-0,1.0,3399,2455,3228,6.5
9084,Base-2358a28,1/2-1/2,0.5,3399,2456,3228,6.5
9081,New-8396454,0-1,0.0,3399,2456,3229,6.5
9086,Base-2358a28,0-1,1.0,3400,2456,3229,6.5
9085,New-8396454,0-1,0.0,3400,2456,3230,6.5
9087,New-8396454,0-1,0.0,3400,2456,3231,6.5
9088,Base-2358a28,1/2-1/2,0.5,3400,2457,3231,6.5
9089,New-8396454,1-0,1.0,3401,2457,3231,6.5
9090,Base-2358a28,1-0,0.0,3401,2457,3232,6.5
9092,Base-2358a28,0-1,1.0,3402,2457,3232,6.5
9093,New-8396454,1-0,1.0,3403,2457,3232,6.5
9094,Base-2358a28,0-1,1.0,3404,2457,3232,6.6
9091,New-8396454,1/2-1/2,0.5,3404,2458,3232,6.6
9098,Base-2358a28,1-0,0.0,3404,2458,3233,6.5
9097,New-8396454,1-0,1.0,3405,2458,3233,6.6
9099,New-8396454,1/2-1/2,0.5,3405,2459,3233,6.6
9095,New-8396454,1-0,1.0,3406,2459,3233,6.6
9096,Base-2358a28,1-0,0.0,3406,2459,3234,6.6
9102,Base-2358a28,0-1,1.0,3407,2459,3234,6.6
9101,New-8396454,1-0,1.0,3408,2459,3234,6.6
9100,Base-2358a28,1/2-1/2,0.5,3408,2460,3234,6.6
9104,Base-2358a28,1-0,0.0,3408,2460,3235,6.6
9106,Base-2358a28,1-0,0.0,3408,2460,3236,6.6
9105,New-8396454,1/2-1/2,0.5,3408,2461,3236,6.6
9110,Base-2358a28,1/2-1/2,0.5,3408,2462,3236,6.6
9103,New-8396454,1-0,1.0,3409,2462,3236,6.6
9109,New-8396454,1-0,1.0,3410,2462,3236,6.6
9108,Base-2358a28,1-0,0.0,3410,2462,3237,6.6
9107,New-8396454,0-1,0.0,3410,2462,3238,6.6
9112,Base-2358a28,1-0,0.0,3410,2462,3239,6.5
9113,New-8396454,0-1,0.0,3410,2462,3240,6.5
9114,Base-2358a28,1-0,0.0,3410,2462,3241,6.4
9116,Base-2358a28,0-1,1.0,3411,2462,3241,6.5
9111,New-8396454,1-0,1.0,3412,2462,3241,6.5
9117,New-8396454,1-0,1.0,3413,2462,3241,6.6
9115,New-8396454,1/2-1/2,0.5,3413,2463,3241,6.6
9119,New-8396454,1/2-1/2,0.5,3413,2464,3241,6.6
9118,Base-2358a28,0-1,1.0,3414,2464,3241,6.6
9121,New-8396454,1/2-1/2,0.5,3414,2465,3241,6.6
9120,Base-2358a28,0-1,1.0,3415,2465,3241,6.6
9122,Base-2358a28,0-1,1.0,3416,2465,3241,6.7
9124,Base-2358a28,0-1,1.0,3417,2465,3241,6.7
9123,New-8396454,1/2-1/2,0.5,3417,2466,3241,6.7
9125,New-8396454,1/2-1/2,0.5,3417,2467,3241,6.7
9127,New-8396454,0-1,0.0,3417,2467,3242,6.7
9130,Base-2358a28,0-1,1.0,3418,2467,3242,6.7
9129,New-8396454,0-1,0.0,3418,2467,3243,6.7
9128,Base-2358a28,1/2-1/2,0.5,3418,2468,3243,6.7
9126,Base-2358a28,1/2-1/2,0.5,3418,2469,3243,6.7
9132,Base-2358a28,0-1,1.0,3419,2469,3243,6.7
9133,New-8396454,0-1,0.0,3419,2469,3244,6.7
9131,New-8396454,0-1,0.0,3419,2469,3245,6.6
9135,New-8396454,0-1,0.0,3419,2469,3246,6.6
9136,Base-2358a28,1-0,0.0,3419,2469,3247,6.5
9138,Base-2358a28,1-0,0.0,3419,2469,3248,6.5
9140,Base-2358a28,1-0,0.0,3419,2469,3249,6.5
9137,New-8396454,1-0,1.0,3420,2469,3249,6.5
9134,Base-2358a28,1/2-1/2,0.5,3420,2470,3249,6.5
9142,Base-2358a28,1-0,0.0,3420,2470,3250,6.5
9139,New-8396454,0-1,0.0,3420,2470,3251,6.4
9146,Base-2358a28,1/2-1/2,0.5,3420,2471,3251,6.4
9144,Base-2358a28,1-0,0.0,3420,2471,3252,6.4
9141,New-8396454,0-1,0.0,3420,2471,3253,6.3
9143,New-8396454,0-1,0.0,3420,2471,3254,6.3
9147,New-8396454,0-1,0.0,3420,2471,3255,6.3
9145,New-8396454,1-0,1.0,3421,2471,3255,6.3
9152,Base-2358a28,1-0,0.0,3421,2471,3256,6.3
9150,Base-2358a28,0-1,1.0,3422,2471,3256,6.3
9149,New-8396454,0-1,0.0,3422,2471,3257,6.3
9148,Base-2358a28,1/2-1/2,0.5,3422,2472,3257,6.3
9151,New-8396454,0-1,0.0,3422,2472,3258,6.2
9153,New-8396454,1/2-1/2,0.5,3422,2473,3258,6.2
9154,Base-2358a28,1-0,0.0,3422,2473,3259,6.2
9155,New-8396454,1-0,1.0,3423,2473,3259,6.2
9158,Base-2358a28,0-1,1.0,3424,2473,3259,6.3
9159,New-8396454,1-0,1.0,3425,2473,3259,6.3
9161,New-8396454,1-0,1.0,3426,2473,3259,6.3
9160,Base-2358a28,0-1,1.0,3427,2473,3259,6.4
9157,New-8396454,1/2-1/2,0.5,3427,2474,3259,6.4
9156,Base-2358a28,0-1,1.0,3428,2474,3259,6.4
9162,Base-2358a28,0-1,1.0,3429,2474,3259,6.4
9163,New-8396454,0-1,0.0,3429,2474,3260,6.4
9166,Base-2358a28,1/2-1/2,0.5,3429,2475,3260,6.4
9169,New-8396454,1/2-1/2,0.5,3429,2476,3260,6.4
9164,Base-2358a28,1-0,0.0,3429,2476,3261,6.4
9165,New-8396454,1-0,1.0,3430,2476,3261,6.4
9167,New-8396454,0-1,0.0,3430,2476,3262,6.4
9168,Base-2358a28,0-1,1.0,3431,2476,3262,6.4
9170,Base-2358a28,0-1,1.0,3432,2476,3262,6.4
9174,Base-2358a28,1-0,0.0,3432,2476,3263,6.4
9172,Base-2358a28,0-1,1.0,3433,2476,3263,6.4
9177,New-8396454,1/2-1/2,0.5,3433,2477,3263,6.4
9171,New-8396454,1-0,1.0,3434,2477,3263,6.5
9173,New-8396454,1-0,1.0,3435,2477,3263,6.5
9176,Base-2358a28,0-1,1.0,3436,2477,3263,6.6
9175,New-8396454,1/2-1/2,0.5,3436,2478,3263,6.6
9180,Base-2358a28,1/2-1/2,0.5,3436,2479,3263,6.5
9182,Base-2358a28,1-0,0.0,3436,2479,3264,6.5
9181,New-8396454,0-1,0.0,3436,2479,3265,6.5
9179,New-8396454,1-0,1.0,3437,2479,3265,6.5
9178,Base-2358a28,1/2-1/2,0.5,3437,2480,3265,6.5
9185,New-8396454,1/2-1/2,0.5,3437,2481,3265,6.5
9184,Base-2358a28,0-1,1.0,3438,2481,3265,6.5
9187,New-8396454,1-0,1.0,3439,2481,3265,6.6
9186,Base-2358a28,1-0,0.0,3439,2481,3266,6.5
9183,New-8396454,1/2-1/2,0.5,3439,2482,3266,6.5
9188,Base-2358a28,0-1,1.0,3440,2482,3266,6.6
9189,New-8396454,1-0,1.0,3441,2482,3266,6.6
9190,Base-2358a28,0-1,1.0,3442,2482,3266,6.7
9191,New-8396454,1-0,1.0,3443,2482,3266,6.7
9193,New-8396454,1-0,1.0,3444,2482,3266,6.7
9192,Base-2358a28,0-1,1.0,3445,2482,3266,6.8
9194,Base-2358a28,1/2-1/2,0.5,3445,2483,3266,6.8
9195,New-8396454,1/2-1/2,0.5,3445,2484,3266,6.8
9196,Base-2358a28,0-1,1.0,3446,2484,3266,6.8
9197,New-8396454,1-0,1.0,3447,2484,3266,6.8
9199,New-8396454,1-0,1.0,3448,2484,3266,6.9
9198,Base-2358a28,1-0,0.0,3448,2484,3267,6.8
9200,Base-2358a28,1-0,0.0,3448,2484,3268,6.8
9202,Base-2358a28,1-0,0.0,3448,2484,3269,6.8
9201,New-8396454,1/2-1/2,0.5,3448,2485,3269,6.8
9205,New-8396454,0-1,0.0,3448,2485,3270,6.7
9203,New-8396454,1/2-1/2,0.5,3448,2486,3270,6.7
9208,Base-2358a28,1/2-1/2,0.5,3448,2487,3270,6.7
9207,New-8396454,1/2-1/2,0.5,3448,2488,3270,6.7
9204,Base-2358a28,1/2-1/2,0.5,3448,2489,3270,6.7
9206,Base-2358a28,1/2-1/2,0.5,3448,2490,3270,6.7
9209,New-8396454,1/2-1/2,0.5,3448,2491,3270,6.7
9212,Base-2358a28,1-0,0.0,3448,2491,3271,6.7
9210,Base-2358a28,1-0,0.0,3448,2491,3272,6.6
9213,New-8396454,0-1,0.0,3448,2491,3273,6.6
9211,New-8396454,0-1,0.0,3448,2491,3274,6.6
9214,Base-2358a28,0-1,1.0,3449,2491,3274,6.6
9215,New-8396454,0-1,0.0,3449,2491,3275,6.6
9217,New-8396454,1-0,1.0,3450,2491,3275,6.6
9216,Base-2358a28,0-1,1.0,3451,2491,3275,6.6
9218,Base-2358a28,0-1,1.0,3452,2491,3275,6.7
9221,New-8396454,1-0,1.0,3453,2491,3275,6.7
9220,Base-2358a28,0-1,1.0,3454,2491,3275,6.7
9222,Base-2358a28,1-0,0.0,3454,2491,3276,6.7
9219,New-8396454,1/2-1/2,0.5,3454,2492,3276,6.7
9223,New-8396454,1/2-1/2,0.5,3454,2493,3276,6.7
9224,Base-2358a28,1-0,0.0,3454,2493,3277,6.7
9228,Base-2358a28,1-0,0.0,3454,2493,3278,6.6
9225,New-8396454,0-1,0.0,3454,2493,3279,6.6
9227,New-8396454,1-0,1.0,3455,2493,3279,6.6
9226,Base-2358a28,1/2-1/2,0.5,3455,2494,3279,6.6
9231,New-8396454,0-1,0.0,3455,2494,3280,6.6
9229,New-8396454,0-1,0.0,3455,2494,3281,6.6
9233,New-8396454,1/2-1/2,0.5,3455,2495,3281,6.5
9235,New-8396454,1-0,1.0,3456,2495,3281,6.6
9232,Base-2358a28,1/2-1/2,0.5,3456,2496,3281,6.6
9230,Base-2358a28,0-1,1.0,3457,2496,3281,6.6
9234,Base-2358a28,1-0,0.0,3457,2496,3282,6.6
9236,Base-2358a28,1/2-1/2,0.5,3457,2497,3282,6.6
9239,New-8396454,0-1,0.0,3457,2497,3283,6.5
9237,New-8396454,1-0,1.0,3458,2497,3283,6.6
9238,Base-2358a28,1-0,0.0,3458,2497,3284,6.5
9242,Base-2358a28,1/2-1/2,0.5,3458,2498,3284,6.5
9240,Base-2358a28,0-1,1.0,3459,2498,3284,6.6
9241,New-8396454,0-1,0.0,3459,2498,3285,6.5
9243,New-8396454,1/2-1/2,0.5,3459,2499,3285,6.5
9244,Base-2358a28,1-0,0.0,3459,2499,3286,6.5
9245,New-8396454,1/2-1/2,0.5,3459,2500,3286,6.5
9246,Base-2358a28,0-1,1.0,3460,2500,3286,6.5
9247,New-8396454,0-1,0.0,3460,2500,3287,6.5
9248,Base-2358a28,0-1,1.0,3461,2500,3287,6.5
9249,New-8396454,1-0,1.0,3462,2500,3287,6.6
9253,New-8396454,1/2-1/2,0.5,3462,2501,3287,6.6
9252,Base-2358a28,1-0,0.0,3462,2501,3288,6.5
9251,New-8396454,1-0,1.0,3463,2501,3288,6.6
9250,Base-2358a28,0-1,1.0,3464,2501,3288,6.6
9257,New-8396454,1/2-1/2,0.5,3464,2502,3288,6.6
9255,New-8396454,1-0,1.0,3465,2502,3288,6.6
9258,Base-2358a28,0-1,1.0,3466,2502,3288,6.7
9261,New-8396454,1/2-1/2,0.5,3466,2503,3288,6.7
9254,Base-2358a28,1/2-1/2,0.5,3466,2504,3288,6.7
9259,New-8396454,0-1,0.0,3466,2504,3289,6.6
9263,New-8396454,1/2-1/2,0.5,3466,2505,3289,6.6
9260,Base-2358a28,1-0,0.0,3466,2505,3290,6.6
9262,Base-2358a28,1-0,0.0,3466,2505,3291,6.6
9256,Base-2358a28,1/2-1/2,0.5,3466,2506,3291,6.6
9264,Base-2358a28,1-0,0.0,3466,2506,3292,6.5
9265,New-8396454,0-1,0.0,3466,2506,3293,6.5
9266,Base-2358a28,1-0,0.0,3466,2506,3294,6.5
9268,Base-2358a28,0-1,1.0,3467,2506,3294,6.5
9267,New-8396454,0-1,0.0,3467,2506,3295,6.4
9270,Base-2358a28,1-0,0.0,3467,2506,3296,6.4
9273,New-8396454,0-1,0.0,3467,2506,3297,6.4
9269,New-8396454,1-0,1.0,3468,2506,3297,6.4
9272,Base-2358a28,0-1,1.0,3469,2506,3297,6.4
9271,New-8396454,1/2-1/2,0.5,3469,2507,3297,6.4
9274,Base-2358a28,1-0,0.0,3469,2507,3298,6.4
9276,Base-2358a28,1-0,0.0,3469,2507,3299,6.4
9275,New-8396454,1-0,1.0,3470,2507,3299,6.4
9277,New-8396454,0-1,0.0,3470,2507,3300,6.4
9278,Base-2358a28,1-0,0.0,3470,2507,3301,6.3
9281,New-8396454,0-1,0.0,3470,2507,3302,6.3
9279,New-8396454,1-0,1.0,3471,2507,3302,6.3
9280,Base-2358a28,1/2-1/2,0.5,3471,2508,3302,6.3
9282,Base-2358a28,0-1,1.0,3472,2508,3302,6.4
9285,New-8396454,1/2-1/2,0.5,3472,2509,3302,6.4
9287,New-8396454,1/2-1/2,0.5,3472,2510,3302,6.4
9284,Base-2358a28,1/2-1/2,0.5,3472,2511,3302,6.4
9283,New-8396454,1/2-1/2,0.5,3472,2512,3302,6.4
9286,Base-2358a28,1-0,0.0,3472,2512,3303,6.3
9288,Base-2358a28,1-0,0.0,3472,2512,3304,6.3
9289,New-8396454,1-0,1.0,3473,2512,3304,6.3
9290,Base-2358a28,0-1,1.0,3474,2512,3304,6.4
9292,Base-2358a28,1-0,0.0,3474,2512,3305,6.3
9291,New-8396454,0-1,0.0,3474,2512,3306,6.3
9296,Base-2358a28,0-1,1.0,3475,2512,3306,6.3
9294,Base-2358a28,0-1,1.0,3476,2512,3306,6.4
9295,New-8396454,0-1,0.0,3476,2512,3307,6.3
9297,New-8396454,1-0,1.0,3477,2512,3307,6.4
9293,New-8396454,0-1,0.0,3477,2512,3308,6.3
9300,Base-2358a28,1/2-1/2,0.5,3477,2513,3308,6.3
9298,Base-2358a28,1/2-1/2,0.5,3477,2514,3308,6.3
9299,New-8396454,1/2-1/2,0.5,3477,2515,3308,6.3
9301,New-8396454,1-0,1.0,3478,2515,3308,6.4
9305,New-8396454,1-0,1.0,3479,2515,3308,6.4
9304,Base-2358a28,1/2-1/2,0.5,3479,2516,3308,6.4
9302,Base-2358a28,1-0,0.0,3479,2516,3309,6.3
9306,Base-2358a28,1/2-1/2,0.5,3479,2517,3309,6.3
9303,New-8396454,0-1,0.0,3479,2517,3310,6.3
9307,New-8396454,1-0,1.0,3480,2517,3310,6.3
9308,Base-2358a28,0-1,1.0,3481,2517,3310,6.4
9309,New-8396454,0-1,0.0,3481,2517,3311,6.3
9311,New-8396454,1-0,1.0,3482,2517,3311,6.4
9313,New-8396454,0-1,0.0,3482,2517,3312,6.3
9310,Base-2358a28,1-0,0.0,3482,2517,3313,6.3
9312,Base-2358a28,0-1,1.0,3483,2517,3313,6.3
9314,Base-2358a28,1-0,0.0,3483,2517,3314,6.3
9315,New-8396454,1-0,1.0,3484,2517,3314,6.3
9316,Base-2358a28,0-1,1.0,3485,2517,3314,6.4
9322,Base-2358a28,1/2-1/2,0.5,3485,2518,3314,6.4
9317,New-8396454,1/2-1/2,0.5,3485,2519,3314,6.4
9318,Base-2358a28,1/2-1/2,0.5,3485,2520,3314,6.4
9319,New-8396454,1-0,1.0,3486,2520,3314,6.4
9321,New-8396454,1-0,1.0,3487,2520,3314,6.4
9320,Base-2358a28,1/2-1/2,0.5,3487,2521,3314,6.4
9323,New-8396454,1-0,1.0,3488,2521,3314,6.5
9325,New-8396454,1/2-1/2,0.5,3488,2522,3314,6.5
9327,New-8396454,1-0,1.0,3489,2522,3314,6.5
9324,Base-2358a28,0-1,1.0,3490,2522,3314,6.6
9326,Base-2358a28,1-0,0.0,3490,2522,3315,6.5
9331,New-8396454,1/2-1/2,0.5,3490,2523,3315,6.5
9329,New-8396454,1-0,1.0,3491,2523,3315,6.6
9330,Base-2358a28,1-0,0.0,3491,2523,3316,6.5
9328,Base-2358a28,0-1,1.0,3492,2523,3316,6.6
9336,Base-2358a28,0-1,1.0,3493,2523,3316,6.6
9332,Base-2358a28,0-1,1.0,3494,2523,3316,6.6
9334,Base-2358a28,0-1,1.0,3495,2523,3316,6.7
9335,New-8396454,1/2-1/2,0.5,3495,2524,3316,6.7
9333,New-8396454,1-0,1.0,3496,2524,3316,6.7
9337,New-8396454,1-0,1.0,3497,2524,3316,6.7
9338,Base-2358a28,1-0,0.0,3497,2524,3317,6.7
9339,New-8396454,1-0,1.0,3498,2524,3317,6.7
9341,New-8396454,1/2-1/2,0.5,3498,2525,3317,6.7
9343,New-8396454,1-0,1.0,3499,2525,3317,6.8
9342,Base-2358a28,0-1,1.0,3500,2525,3317,6.8
9340,Base-2358a28,0-1,1.0,3501,2525,3317,6.8
9345,New-8396454,1-0,1.0,3502,2525,3317,6.9
9344,Base-2358a28,0-1,1.0,3503,2525,3317,6.9
9347,New-8396454,0-1,0.0,3503,2525,3318,6.9
9346,Base-2358a28,1-0,0.0,3503,2525,3319,6.8
9348,Base-2358a28,0-1,1.0,3504,2525,3319,6.9
9350,Base-2358a28,1-0,0.0,3504,2525,3320,6.8
9351,New-8396454,1-0,1.0,3505,2525,3320,6.9
9349,New-8396454,0-1,0.0,3505,2525,3321,6.8
9356,Base-2358a28,1-0,0.0,3505,2525,3322,6.8
9353,New-8396454,0-1,0.0,3505,2525,3323,6.8
9352,Base-2358a28,1-0,0.0,3505,2525,3324,6.7
9354,Base-2358a28,1-0,0.0,3505,2525,3325,6.7
9355,New-8396454,1-0,1.0,3506,2525,3325,6.7
9357,New-8396454,1-0,1.0,3507,2525,3325,6.8
9358,Base-2358a28,0-1,1.0,3508,2525,3325,6.8
9359,New-8396454,0-1,0.0,3508,2525,3326,6.8
9360,Base-2358a28,0-1,1.0,3509,2525,3326,6.8
9362,Base-2358a28,1-0,0.0,3509,2525,3327,6.8
9361,New-8396454,0-1,0.0,3509,2525,3328,6.7
9365,New-8396454,0-1,0.0,3509,2525,3329,6.7
9364,Base-2358a28,1/2-1/2,0.5,3509,2526,3329,6.7
9363,New-8396454,0-1,0.0,3509,2526,3330,6.6
9367,New-8396454,1/2-1/2,0.5,3509,2527,3330,6.6
9366,Base-2358a28,1-0,0.0,3509,2527,3331,6.6
9371,New-8396454,1/2-1/2,0.5,3509,2528,3331,6.6
9369,New-8396454,1-0,1.0,3510,2528,3331,6.6
9368,Base-2358a28,1-0,0.0,3510,2528,3332,6.6
9370,Base-2358a28,1-0,0.0,3510,2528,3333,6.6
9372,Base-2358a28,1-0,0.0,3510,2528,3334,6.5
9373,New-8396454,1/2-1/2,0.5,3510,2529,3334,6.5
9375,New-8396454,1-0,1.0,3511,2529,3334,6.6
9374,Base-2358a28,1/2-1/2,0.5,3511,2530,3334,6.6
9377,New-8396454,0-1,0.0,3511,2530,3335,6.5
9378,Base-2358a28,0-1,1.0,3512,2530,3335,6.6
9376,Base-2358a28,1/2-1/2,0.5,3512,2531,3335,6.6
9379,New-8396454,1-0,1.0,3513,2531,3335,6.6
9380,Base-2358a28,1-0,0.0,3513,2531,3336,6.6
9383,New-8396454,1/2-1/2,0.5,3513,2532,3336,6.6
9384,Base-2358a28,1/2-1/2,0.5,3513,2533,3336,6.6
9381,New-8396454,0-1,0.0,3513,2533,3337,6.5
9386,Base-2358a28,1-0,0.0,3513,2533,3338,6.5
9382,Base-2358a28,1/2-1/2,0.5,3513,2534,3338,6.5
9387,New-8396454,0-1,0.0,3513,2534,3339,6.4
9385,New-8396454,1-0,1.0,3514,2534,3339,6.5
9388,Base-2358a28,0-1,1.0,3515,2534,3339,6.5
9390,Base-2358a28,1/2-1/2,0.5,3515,2535,3339,6.5
9393,New-8396454,1/2-1/2,0.5,3515,2536,3339,6.5
9389,New-8396454,1-0,1.0,3516,2536,3339,6.5
9392,Base-2358a28,1/2-1/2,0.5,3516,2537,3339,6.5
9395,New-8396454,1-0,1.0,3517,2537,3339,6.6
9396,Base-2358a28,1/2-1/2,0.5,3517,2538,3339,6.6
9394,Base-2358a28,1-0,0.0,3517,2538,3340,6.5
9397,New-8396454,1-0,1.0,3518,2538,3340,6.6
9398,Base-2358a28,1-0,0.0,3518,2538,3341,6.5
9391,New-8396454,1/2-1/2,0.5,3518,2539,3341,6.5
9399,New-8396454,1-0,1.0,3519,2539,3341,6.6
9401,New-8396454,1/2-1/2,0.5,3519,2540,3341,6.6
9400,Base-2358a28,1/2-1/2,0.5,3519,2541,3341,6.6
9402,Base-2358a28,1-0,0.0,3519,2541,3342,6.5
9404,Base-2358a28,1/2-1/2,0.5,3519,2542,3342,6.5
9403,New-8396454,1-0,1.0,3520,2542,3342,6.6
9406,Base-2358a28,0-1,1.0,3521,2542,3342,6.6
9405,New-8396454,0-1,0.0,3521,2542,3343,6.6
9407,New-8396454,1-0,1.0,3522,2542,3343,6.6
9410,Base-2358a28,1/2-1/2,0.5,3522,2543,3343,6.6
9409,New-8396454,1-0,1.0,3523,2543,3343,6.6
9408,Base-2358a28,0-1,1.0,3524,2543,3343,6.7
9412,Base-2358a28,0-1,1.0,3525,2543,3343,6.7
9413,New-8396454,1/2-1/2,0.5,3525,2544,3343,6.7
9418,Base-2358a28,1/2-1/2,0.5,3525,2545,3343,6.7
9411,New-8396454,1/2-1/2,0.5,3525,2546,3343,6.7
9414,Base-2358a28,0-1,1.0,3526,2546,3343,6.8
9415,New-8396454,0-1,0.0,3526,2546,3344,6.7
9416,Base-2358a28,1-0,0.0,3526,2546,3345,6.7
9419,New-8396454,1-0,1.0,3527,2546,3345,6.7
9417,New-8396454,0-1,0.0,3527,2546,3346,6.7
9426,Base-2358a28,1-0,0.0,3527,2546,3347,6.6
9420,Base-2358a28,0-1,1.0,3528,2546,3347,6.7
9422,Base-2358a28,1/2-1/2,0.5,3528,2547,3347,6.7
9421,New-8396454,1/2-1/2,0.5,3528,2548,3347,6.7
9427,New-8396454,1/2-1/2,0.5,3528,2549,3347,6.7
9425,New-8396454,1-0,1.0,3529,2549,3347,6.7
9423,New-8396454,1-0,1.0,3530,2549,3347,6.7
9424,Base-2358a28,0-1,1.0,3531,2549,3347,6.8
9428,Base-2358a28,0-1,1.0,3532,2549,3347,6.8
9432,Base-2358a28,1/2-1/2,0.5,3532,2550,3347,6.8
9430,Base-2358a28,1-0,0.0,3532,2550,3348,6.8
9429,New-8396454,0-1,0.0,3532,2550,3349,6.7
9431,New-8396454,1-0,1.0,3533,2550,3349,6.8
9435,New-8396454,1-0,1.0,3534,2550,3349,6.8
9433,New-8396454,1-0,1.0,3535,2550,3349,6.9
9434,Base-2358a28,0-1,1.0,3536,2550,3349,6.9
9439,New-8396454,1-0,1.0,3537,2550,3349,6.9
9438,Base-2358a28,1-0,0.0,3537,2550,3350,6.9
9436,Base-2358a28,1/2-1/2,0.5,3537,2551,3350,6.9
9437,New-8396454,1-0,1.0,3538,2551,3350,6.9
9440,Base-2358a28,1/2-1/2,0.5,3538,2552,3350,6.9
9443,New-8396454,1/2-1/2,0.5,3538,2553,3350,6.9
9441,New-8396454,0-1,0.0,3538,2553,3351,6.9
9442,Base-2358a28,0-1,1.0,3539,2553,3351,6.9
9445,New-8396454,1/2-1/2,0.5,3539,2554,3351,6.9
9447,New-8396454,0-1,0.0,3539,2554,3352,6.9
9444,Base-2358a28,1-0,0.0,3539,2554,3353,6.8
9446,Base-2358a28,1-0,0.0,3539,2554,3354,6.8
9448,Base-2358a28,1/2-1/2,0.5,3539,2555,3354,6.8
9449,New-8396454,1-0,1.0,3540,2555,3354,6.8
9451,New-8396454,0-1,0.0,3540,2555,3355,6.8
9450,Base-2358a28,0-1,1.0,3541,2555,3355,6.8
9453,New-8396454,0-1,0.0,3541,2555,3356,6.8
9454,Base-2358a28,0-1,1.0,3542,2555,3356,6.8
9452,Base-2358a28,1/2-1/2,0.5,3542,2556,3356,6.8
9459,New-8396454,1/2-1/2,0.5,3542,2557,3356,6.8
9457,New-8396454,1/2-1/2,0.5,3542,2558,3356,6.8
9455,New-8396454,1/2-1/2,0.5,3542,2559,3356,6.8
9462,Base-2358a28,0-1,1.0,3543,2559,3356,6.9
9456,Base-2358a28,1-0,0.0,3543,2559,3357,6.8
9458,Base-2358a28,0-1,1.0,3544,2559,3357,6.9
9460,Base-2358a28,0-1,1.0,3545,2559,3357,6.9
9461,New-8396454,0-1,0.0,3545,2559,3358,6.9
9463,New-8396454,1-0,1.0,3546,2559,3358,6.9
9464,Base-2358a28,0-1,1.0,3547,2559,3358,6.9
9467,New-8396454,1-0,1.0,3548,2559,3358,7.0
9465,New-8396454,0-1,0.0,3548,2559,3359,6.9
9466,Base-2358a28,1-0,0.0,3548,2559,3360,6.9
9468,Base-2358a28,0-1,1.0,3549,2559,3360,6.9
9470,Base-2358a28,1-0,0.0,3549,2559,3361,6.9
9473,New-8396454,0-1,0.0,3549,2559,3362,6.9
9469,New-8396454,1/2-1/2,0.5,3549,2560,3362,6.9
9472,Base-2358a28,1-0,0.0,3549,2560,3363,6.8
9474,Base-2358a28,1-0,0.0,3549,2560,3364,6.8
9471,New-8396454,1/2-1/2,0.5,3549,2561,3364,6.8
9476,Base-2358a28,1/2-1/2,0.5,3549,2562,3364,6.8
9475,New-8396454,1/2-1/2,0.5,3549,2563,3364,6.8
9477,New-8396454,0-1,0.0,3549,2563,3365,6.7
9478,Base-2358a28,1-0,0.0,3549,2563,3366,6.7
9480,Base-2358a28,1/2-1/2,0.5,3549,2564,3366,6.7
9482,Base-2358a28,0-1,1.0,3550,2564,3366,6.7
9481,New-8396454,0-1,0.0,3550,2564,3367,6.7
9484,Base-2358a28,0-1,1.0,3551,2564,3367,6.7
9479,New-8396454,1/2-1/2,0.5,3551,2565,3367,6.7
9483,New-8396454,1/2-1/2,0.5,3551,2566,3367,6.7
9485,New-8396454,1/2-1/2,0.5,3551,2567,3367,6.7
9486,Base-2358a28,0-1,1.0,3552,2567,3367,6.8
9487,New-8396454,1-0,1.0,3553,2567,3367,6.8
9488,Base-2358a28,1-0,0.0,3553,2567,3368,6.8
9491,New-8396454,1-0,1.0,3554,2567,3368,6.8
9489,New-8396454,1/2-1/2,0.5,3554,2568,3368,6.8
9490,Base-2358a28,1/2-1/2,0.5,3554,2569,3368,6.8
9493,New-8396454,1-0,1.0,3555,2569,3368,6.8
9492,Base-2358a28,0-1,1.0,3556,2569,3368,6.9
9499,New-8396454,1/2-1/2,0.5,3556,2570,3368,6.9
9495,New-8396454,1/2-1/2,0.5,3556,2571,3368,6.9
9496,Base-2358a28,1-0,0.0,3556,2571,3369,6.8
9494,Base-2358a28,1/2-1/2,0.5,3556,2572,3369,6.8
9498,Base-2358a28,0-1,1.0,3557,2572,3369,6.9
9497,New-8396454,1/2-1/2,0.5,3557,2573,3369,6.9
9502,Base-2358a28,1-0,0.0,3557,2573,3370,6.8
9501,New-8396454,1-0,1.0,3558,2573,3370,6.9
9500,Base-2358a28,1-0,0.0,3558,2573,3371,6.8
9503,New-8396454,1-0,1.0,3559,2573,3371,6.9
9507,New-8396454,0-1,0.0,3559,2573,3372,6.8
9504,Base-2358a28,1-0,0.0,3559,2573,3373,6.8
9506,Base-2358a28,1-0,0.0,3559,2573,3374,6.8
9505,New-8396454,1-0,1.0,3560,2573,3374,6.8
9510,Base-2358a28,0-1,1.0,3561,2573,3374,6.8
9509,New-8396454,1/2-1/2,0.5,3561,2574,3374,6.8
9508,Base-2358a28,1/2-1/2,0.5,3561,2575,3374,6.8
9513,New-8396454,0-1,0.0,3561,2575,3375,6.8
9512,Base-2358a28,1-0,0.0,3561,2575,3376,6.8
9514,Base-2358a28,0-1,1.0,3562,2575,3376,6.8
9511,New-8396454,1-0,1.0,3563,2575,3376,6.8
9515,New-8396454,1/2-1/2,0.5,3563,2576,3376,6.8
9516,Base-2358a28,1/2-1/2,0.5,3563,2577,3376,6.8
9517,New-8396454,1/2-1/2,0.5,3563,2578,3376,6.8
9522,Base-2358a28,0-1,1.0,3564,2578,3376,6.9
9518,Base-2358a28,1-0,0.0,3564,2578,3377,6.8
9519,New-8396454,0-1,0.0,3564,2578,3378,6.8
9520,Base-2358a28,1-0,0.0,3564,2578,3379,6.8
9521,New-8396454,1/2-1/2,0.5,3564,2579,3379,6.8
9523,New-8396454,1-0,1.0,3565,2579,3379,6.8
9524,Base-2358a28,0-1,1.0,3566,2579,3379,6.8
9525,New-8396454,1-0,1.0,3567,2579,3379,6.9
9527,New-8396454,0-1,0.0,3567,2579,3380,6.8
9526,Base-2358a28,0-1,1.0,3568,2579,3380,6.9
9529,New-8396454,1/2-1/2,0.5,3568,2580,3380,6.9
9528,Base-2358a28,1-0,0.0,3568,2580,3381,6.8
9530,Base-2358a28,0-1,1.0,3569,2580,3381,6.9
9532,Base-2358a28,1/2-1/2,0.5,3569,2581,3381,6.9
9531,New-8396454,1-0,1.0,3570,2581,3381,6.9
9536,Base-2358a28,1/2-1/2,0.5,3570,2582,3381,6.9
9533,New-8396454,1-0,1.0,3571,2582,3381,6.9
9534,Base-2358a28,1-0,0.0,3571,2582,3382,6.9
9535,New-8396454,0-1,0.0,3571,2582,3383,6.9
9540,Base-2358a28,1-0,0.0,3571,2582,3384,6.8
9539,New-8396454,1/2-1/2,0.5,3571,2583,3384,6.8
9537,New-8396454,1-0,1.0,3572,2583,3384,6.8
9538,Base-2358a28,0-1,1.0,3573,2583,3384,6.9
9542,Base-2358a28,1/2-1/2,0.5,3573,2584,3384,6.9
9541,New-8396454,1/2-1/2,0.5,3573,2585,3384,6.9
9545,New-8396454,1/2-1/2,0.5,3573,2586,3384,6.9
9543,New-8396454,1/2-1/2,0.5,3573,2587,3384,6.9
9544,Base-2358a28,1-0,0.0,3573,2587,3385,6.8
9547,New-8396454,1-0,1.0,3574,2587,3385,6.9
9546,Base-2358a28,0-1,1.0,3575,2587,3385,6.9
9549,New-8396454,1-0,1.0,3576,2587,3385,7.0
9554,Base-2358a28,1/2-1/2,0.5,3576,2588,3385,7.0
9548,Base-2358a28,1-0,0.0,3576,2588,3386,6.9
9551,New-8396454,0-1,0.0,3576,2588,3387,6.9
9550,Base-2358a28,1/2-1/2,0.5,3576,2589,3387,6.9
9553,New-8396454,1-0,1.0,3577,2589,3387,6.9
9552,Base-2358a28,1-0,0.0,3577,2589,3388,6.9
9555,New-8396454,1-0,1.0,3578,2589,3388,6.9
9558,Base-2358a28,0-1,1.0,3579,2589,3388,6.9
9559,New-8396454,1/2-1/2,0.5,3579,2590,3388,6.9
9556,Base-2358a28,0-1,1.0,3580,2590,3388,7.0
9560,Base-2358a28,0-1,1.0,3581,2590,3388,7.0
9557,New-8396454,0-1,0.0,3581,2590,3389,7.0
9561,New-8396454,1-0,1.0,3582,2590,3389,7.0
9562,Base-2358a28,1-0,0.0,3582,2590,3390,7.0
9563,New-8396454,0-1,0.0,3582,2590,3391,6.9
9565,New-8396454,0-1,0.0,3582,2590,3392,6.9
9564,Base-2358a28,1/2-1/2,0.5,3582,2591,3392,6.9
9567,New-8396454,0-1,0.0,3582,2591,3393,6.9
9566,Base-2358a28,1-0,0.0,3582,2591,3394,6.8
9569,New-8396454,1-0,1.0,3583,2591,3394,6.9
9568,Base-2358a28,1-0,0.0,3583,2591,3395,6.8
9571,New-8396454,1/2-1/2,0.5,3583,2592,3395,6.8
9572,Base-2358a28,0-1,1.0,3584,2592,3395,6.9
9570,Base-2358a28,0-1,1.0,3585,2592,3395,6.9
9574,Base-2358a28,1-0,0.0,3585,2592,3396,6.9
9573,New-8396454,1-0,1.0,3586,2592,3396,6.9
9578,Base-2358a28,1-0,0.0,3586,2592,3397,6.9
9575,New-8396454,1-0,1.0,3587,2592,3397,6.9
9576,Base-2358a28,1/2-1/2,0.5,3587,2593,3397,6.9
9580,Base-2358a28,0-1,1.0,3588,2593,3397,6.9
9577,New-8396454,1-0,1.0,3589,2593,3397,7.0
9581,New-8396454,1/2-1/2,0.5,3589,2594,3397,7.0
9579,New-8396454,1-0,1.0,3590,2594,3397,7.0
9583,New-8396454,1/2-1/2,0.5,3590,2595,3397,7.0
9584,Base-2358a28,0-1,1.0,3591,2595,3397,7.0
9586,Base-2358a28,1/2-1/2,0.5,3591,2596,3397,7.0
9582,Base-2358a28,1/2-1/2,0.5,3591,2597,3397,7.0
9585,New-8396454,1/2-1/2,0.5,3591,2598,3397,7.0
9587,New-8396454,1-0,1.0,3592,2598,3397,7.1
9588,Base-2358a28,0-1,1.0,3593,2598,3397,7.1
9590,Base-2358a28,0-1,1.0,3594,2598,3397,7.1
9589,New-8396454,0-1,0.0,3594,2598,3398,7.1
9592,Base-2358a28,1-0,0.0,3594,2598,3399,7.1
9594,Base-2358a28,0-1,1.0,3595,2598,3399,7.1
9591,New-8396454,0-1,0.0,3595,2598,3400,7.1
9593,New-8396454,1/2-1/2,0.5,3595,2599,3400,7.1
9595,New-8396454,0-1,0.0,3595,2599,3401,7.0
9597,New-8396454,1-0,1.0,3596,2599,3401,7.1
9596,Base-2358a28,1-0,0.0,3596,2599,3402,7.0
9598,Base-2358a28,1-0,0.0,3596,2599,3403,7.0
9599,New-8396454,0-1,0.0,3596,2599,3404,7.0
9600,Base-2358a28,0-1,1.0,3597,2599,3404,7.0
9601,New-8396454,1/2-1/2,0.5,3597,2600,3404,7.0
9604,Base-2358a28,0-1,1.0,3598,2600,3404,7.0
9605,New-8396454,0-1,0.0,3598,2600,3405,7.0
9603,New-8396454,0-1,0.0,3598,2600,3406,6.9
9602,Base-2358a28,0-1,1.0,3599,2600,3406,7.0
9606,Base-2358a28,0-1,1.0,3600,2600,3406,7.0
9607,New-8396454,1/2-1/2,0.5,3600,2601,3406,7.0
9608,Base-2358a28,0-1,1.0,3601,2601,3406,7.1
9611,New-8396454,0-1,0.0,3601,2601,3407,7.0
9609,New-8396454,1/2-1/2,0.5,3601,2602,3407,7.0
9610,Base-2358a28,0-1,1.0,3602,2602,3407,7.1
9613,New-8396454,1/2-1/2,0.5,3602,2603,3407,7.0
9612,Base-2358a28,0-1,1.0,3603,2603,3407,7.1
9615,New-8396454,0-1,0.0,3603,2603,3408,7.0
9619,New-8396454,0-1,0.0,3603,2603,3409,7.0
9617,New-8396454,1/2-1/2,0.5,3603,2604,3409,7.0
9616,Base-2358a28,0-1,1.0,3604,2604,3409,7.0
9614,Base-2358a28,1/2-1/2,0.5,3604,2605,3409,7.0
9618,Base-2358a28,1-0,0.0,3604,2605,3410,7.0
9620,Base-2358a28,0-1,1.0,3605,2605,3410,7.0
9625,New-8396454,0-1,0.0,3605,2605,3411,7.0
9623,New-8396454,1-0,1.0,3606,2605,3411,7.0
9624,Base-2358a28,1/2-1/2,0.5,3606,2606,3411,7.0
9621,New-8396454,1-0,1.0,3607,2606,3411,7.1
9626,Base-2358a28,0-1,1.0,3608,2606,3411,7.1
9622,Base-2358a28,1-0,0.0,3608,2606,3412,7.1
9628,Base-2358a28,0-1,1.0,3609,2606,3412,7.1
9627,New-8396454,0-1,0.0,3609,2606,3413,7.1
9634,Base-2358a28,1-0,0.0,3609,2606,3414,7.0
9629,New-8396454,0-1,0.0,3609,2606,3415,7.0
9632,Base-2358a28,1/2-1/2,0.5,3609,2607,3415,7.0
9633,New-8396454,1-0,1.0,3610,2607,3415,7.0
9630,Base-2358a28,1-0,0.0,3610,2607,3416,7.0
9631,New-8396454,1-0,1.0,3611,2607,3416,7.0
9635,New-8396454,1-0,1.0,3612,2607,3416,7.1
9638,Base-2358a28,1-0,0.0,3612,2607,3417,7.0
9636,Base-2358a28,1-0,0.0,3612,2607,3418,7.0
9639,New-8396454,1/2-1/2,0.5,3612,2608,3418,7.0
9640,Base-2358a28,1-0,0.0,3612,2608,3419,7.0
9637,New-8396454,1/2-1/2,0.5,3612,2609,3419,7.0
9641,New-8396454,1-0,1.0,3613,2609,3419,7.0
9642,Base-2358a28,0-1,1.0,3614,2609,3419,7.0
9646,Base-2358a28,0-1,1.0,3615,2609,3419,7.1
9644,Base-2358a28,1-0,0.0,3615,2609,3420,7.0
9647,New-8396454,1-0,1.0,3616,2609,3420,7.1
9645,New-8396454,1-0,1.0,3617,2609,3420,7.1
9643,New-8396454,1-0,1.0,3618,2609,3420,7.1
9649,New-8396454,1/2-1/2,0.5,3618,2610,3420,7.1
9648,Base-2358a28,0-1,1.0,3619,2610,3420,7.2
9650,Base-2358a28,0-1,1.0,3620,2610,3420,7.2
9651,New-8396454,0-1,0.0,3620,2610,3421,7.2
9652,Base-2358a28,0-1,1.0,3621,2610,3421,7.2
9654,Base-2358a28,0-1,1.0,3622,2610,3421,7.2
9655,New-8396454,1-0,1.0,3623,2610,3421,7.3
9653,New-8396454,0-1,0.0,3623,2610,3422,7.2
9656,Base-2358a28,1-0,0.0,3623,2610,3423,7.2
9657,New-8396454,1/2-1/2,0.5,3623,2611,3423,7.2
9661,New-8396454,1/2-1/2,0.5,3623,2612,3423,7.2
9660,Base-2358a28,1/2-1/2,0.5,3623,2613,3423,7.2
9658,Base-2358a28,1/2-1/2,0.5,3623,2614,3423,7.2
9659,New-8396454,1/2-1/2,0.5,3623,2615,3423,7.2
9664,Base-2358a28,0-1,1.0,3624,2615,3423,7.2
9663,New-8396454,1/2-1/2,0.5,3624,2616,3423,7.2
9665,New-8396454,1-0,1.0,3625,2616,3423,7.3
9662,Base-2358a28,1/2-1/2,0.5,3625,2617,3423,7.3
9667,New-8396454,1/2-1/2,0.5,3625,2618,3423,7.3
9673,New-8396454,1-0,1.0,3626,2618,3423,7.3
9672,Base-2358a28,0-1,1.0,3627,2618,3423,7.3
9669,New-8396454,1/2-1/2,0.5,3627,2619,3423,7.3
9666,Base-2358a28,1/2-1/2,0.5,3627,2620,3423,7.3
9668,Base-2358a28,1/2-1/2,0.5,3627,2621,3423,7.3
9670,Base-2358a28,0-1,1.0,3628,2621,3423,7.4
9671,New-8396454,1-0,1.0,3629,2621,3423,7.4
9674,Base-2358a28,0-1,1.0,3630,2621,3423,7.4
9676,Base-2358a28,1-0,0.0,3630,2621,3424,7.4
9675,New-8396454,1-0,1.0,3631,2621,3424,7.4
9679,New-8396454,1-0,1.0,3632,2621,3424,7.5
9681,New-8396454,1/2-1/2,0.5,3632,2622,3424,7.5
9677,New-8396454,1-0,1.0,3633,2622,3424,7.5
9680,Base-2358a28,0-1,1.0,3634,2622,3424,7.5
9678,Base-2358a28,0-1,1.0,3635,2622,3424,7.6
9683,New-8396454,0-1,0.0,3635,2622,3425,7.5
9682,Base-2358a28,1/2-1/2,0.5,3635,2623,3425,7.5
9684,Base-2358a28,1-0,0.0,3635,2623,3426,7.5
9686,Base-2358a28,1/2-1/2,0.5,3635,2624,3426,7.5
9688,Base-2358a28,1-0,0.0,3635,2624,3427,7.5
9685,New-8396454,0-1,0.0,3635,2624,3428,7.4
9687,New-8396454,1-0,1.0,3636,2624,3428,7.5
9689,New-8396454,0-1,0.0,3636,2624,3429,7.4
9691,New-8396454,1/2-1/2,0.5,3636,2625,3429,7.4
9690,Base-2358a28,0-1,1.0,3637,2625,3429,7.5
9696,Base-2358a28,1-0,0.0,3637,2625,3430,7.4
9695,New-8396454,0-1,0.0,3637,2625,3431,7.4
9694,Base-2358a28,0-1,1.0,3638,2625,3431,7.4
9692,Base-2358a28,1-0,0.0,3638,2625,3432,7.4
9693,New-8396454,0-1,0.0,3638,2625,3433,7.3
9697,New-8396454,0-1,0.0,3638,2625,3434,7.3
9698,Base-2358a28,1-0,0.0,3638,2625,3435,7.3
9699,New-8396454,0-1,0.0,3638,2625,3436,7.2
9700,Base-2358a28,1-0,0.0,3638,2625,3437,7.2
9702,Base-2358a28,1-0,0.0,3638,2625,3438,7.2
9703,New-8396454,0-1,0.0,3638,2625,3439,7.1
9701,New-8396454,1-0,1.0,3639,2625,3439,7.2
9704,Base-2358a28,1-0,0.0,3639,2625,3440,7.1
9705,New-8396454,1-0,1.0,3640,2625,3440,7.2
9711,New-8396454,1/2-1/2,0.5,3640,2626,3440,7.2
9708,Base-2358a28,0-1,1.0,3641,2626,3440,7.2
9707,New-8396454,0-1,0.0,3641,2626,3441,7.2
9709,New-8396454,1-0,1.0,3642,2626,3441,7.2
9706,Base-2358a28,1/2-1/2,0.5,3642,2627,3441,7.2
9710,Base-2358a28,1/2-1/2,0.5,3642,2628,3441,7.2
9714,Base-2358a28,1-0,0.0,3642,2628,3442,7.2
9712,Base-2358a28,0-1,1.0,3643,2628,3442,7.2
9719,New-8396454,1/2-1/2,0.5,3643,2629,3442,7.2
9713,New-8396454,1-0,1.0,3644,2629,3442,7.2
9716,Base-2358a28,1/2-1/2,0.5,3644,2630,3442,7.2
9717,New-8396454,0-1,0.0,3644,2630,3443,7.2
9715,New-8396454,1-0,1.0,3645,2630,3443,7.2
9720,Base-2358a28,1-0,0.0,3645,2630,3444,7.2
9722,Base-2358a28,1/2-1/2,0.5,3645,2631,3444,7.2
9718,Base-2358a28,0-1,1.0,3646,2631,3444,7.2
9724,Base-2358a28,1/2-1/2,0.5,3646,2632,3444,7.2
9721,New-8396454,1/2-1/2,0.5,3646,2633,3444,7.2
9726,Base-2358a28,1/2-1/2,0.5,3646,2634,3444,7.2
9723,New-8396454,0-1,0.0,3646,2634,3445,7.2
9729,New-8396454,1/2-1/2,0.5,3646,2635,3445,7.2
9728,Base-2358a28,1/2-1/2,0.5,3646,2636,3445,7.2
9730,Base-2358a28,1/2-1/2,0.5,3646,2637,3445,7.2
9727,New-8396454,0-1,0.0,3646,2637,3446,7.1
9732,Base-2358a28,1-0,0.0,3646,2637,3447,7.1
9731,New-8396454,0-1,0.0,3646,2637,3448,7.1
9725,New-8396454,1/2-1/2,0.5,3646,2638,3448,7.1
9733,New-8396454,0-1,0.0,3646,2638,3449,7.0
9735,New-8396454,0-1,0.0,3646,2638,3450,7.0
9736,Base-2358a28,1/2-1/2,0.5,3646,2639,3450,7.0
9734,Base-2358a28,0-1,1.0,3647,2639,3450,7.0
9738,Base-2358a28,1-0,0.0,3647,2639,3451,7.0
9737,New-8396454,0-1,0.0,3647,2639,3452,7.0
9739,New-8396454,0-1,0.0,3647,2639,3453,6.9
9740,Base-2358a28,0-1,1.0,3648,2639,3453,7.0
9741,New-8396454,1-0,1.0,3649,2639,3453,7.0
9743,New-8396454,1-0,1.0,3650,2639,3453,7.0
9742,Base-2358a28,1/2-1/2,0.5,3650,2640,3453,7.0
9744,Base-2358a28,0-1,1.0,3651,2640,3453,7.1
9745,New-8396454,0-1,0.0,3651,2640,3454,7.0
9747,New-8396454,1-0,1.0,3652,2640,3454,7.1
9746,Base-2358a28,1/2-1/2,0.5,3652,2641,3454,7.1
9748,Base-2358a28,0-1,1.0,3653,2641,3454,7.1
9749,New-8396454,1-0,1.0,3654,2641,3454,7.1
9750,Base-2358a28,0-1,1.0,3655,2641,3454,7.2
9751,New-8396454,1-0,1.0,3656,2641,3454,7.2
9754,Base-2358a28,0-1,1.0,3657,2641,3454,7.2
9753,New-8396454,0-1,0.0,3657,2641,3455,7.2
9752,Base-2358a28,1-0,0.0,3657,2641,3456,7.2
9757,New-8396454,0-1,0.0,3657,2641,3457,7.1
9755,New-8396454,1-0,1.0,3658,2641,3457,7.2
9756,Base-2358a28,0-1,1.0,3659,2641,3457,7.2
9759,New-8396454,0-1,0.0,3659,2641,3458,7.2
9758,Base-2358a28,1-0,0.0,3659,2641,3459,7.1
9764,Base-2358a28,1/2-1/2,0.5,3659,2642,3459,7.1
9760,Base-2358a28,0-1,1.0,3660,2642,3459,7.2
9762,Base-2358a28,0-1,1.0,3661,2642,3459,7.2
9761,New-8396454,1/2-1/2,0.5,3661,2643,3459,7.2
9763,New-8396454,1-0,1.0,3662,2643,3459,7.2
9765,New-8396454,1-0,1.0,3663,2643,3459,7.3
9766,Base-2358a28,0-1,1.0,3664,2643,3459,7.3
9768,Base-2358a28,0-1,1.0,3665,2643,3459,7.3
9767,New-8396454,1-0,1.0,3666,2643,3459,7.4
9770,Base-2358a28,1-0,0.0,3666,2643,3460,7.3
9769,New-8396454,1-0,1.0,3667,2643,3460,7.4
9771,New-8396454,1-0,1.0,3668,2643,3460,7.4
9772,Base-2358a28,1/2-1/2,0.5,3668,2644,3460,7.4
9774,Base-2358a28,1-0,0.0,3668,2644,3461,7.4
9773,New-8396454,0-1,0.0,3668,2644,3462,7.3
9775,New-8396454,1-0,1.0,3669,2644,3462,7.4
9776,Base-2358a28,1-0,0.0,3669,2644,3463,7.3
9777,New-8396454,1-0,1.0,3670,2644,3463,7.4
9778,Base-2358a28,1-0,0.0,3670,2644,3464,7.3
9780,Base-2358a28,1/2-1/2,0.5,3670,2645,3464,7.3
9779,New-8396454,1-0,1.0,3671,2645,3464,7.4
9782,Base-2358a28,0-1,1.0,3672,2645,3464,7.4
9781,New-8396454,0-1,0.0,3672,2645,3465,7.4
9785,New-8396454,1/2-1/2,0.5,3672,2646,3465,7.4
9784,Base-2358a28,0-1,1.0,3673,2646,3465,7.4
9783,New-8396454,1/2-1/2,0.5,3673,2647,3465,7.4
9786,Base-2358a28,1-0,0.0,3673,2647,3466,7.4
9791,New-8396454,1-0,1.0,3674,2647,3466,7.4
9788,Base-2358a28,1/2-1/2,0.5,3674,2648,3466,7.4
9787,New-8396454,1/2-1/2,0.5,3674,2649,3466,7.4
9789,New-8396454,1-0,1.0,3675,2649,3466,7.4
9790,Base-2358a28,0-1,1.0,3676,2649,3466,7.5
9793,New-8396454,1-0,1.0,3677,2649,3466,7.5
9792,Base-2358a28,0-1,1.0,3678,2649,3466,7.5
9794,Base-2358a28,0-1,1.0,3679,2649,3466,7.6
9795,New-8396454,0-1,0.0,3679,2649,3467,7.5
9796,Base-2358a28,1/2-1/2,0.5,3679,2650,3467,7.5
9798,Base-2358a28,0-1,1.0,3680,2650,3467,7.6
9799,New-8396454,1-0,1.0,3681,2650,3467,7.6
9800,Base-2358a28,0-1,1.0,3682,2650,3467,7.6
9801,New-8396454,1-0,1.0,3683,2650,3467,7.7
9797,New-8396454,0-1,0.0,3683,2650,3468,7.6
9803,New-8396454,0-1,0.0,3683,2650,3469,7.6
9802,Base-2358a28,1-0,0.0,3683,2650,3470,7.6
9805,New-8396454,1/2-1/2,0.5,3683,2651,3470,7.5
9804,Base-2358a28,1/2-1/2,0.5,3683,2652,3470,7.5
9809,New-8396454,1-0,1.0,3684,2652,3470,7.6
9806,Base-2358a28,1/2-1/2,0.5,3684,2653,3470,7.6
9807,New-8396454,0-1,0.0,3684,2653,3471,7.5
9808,Base-2358a28,0-1,1.0,3685,2653,3471,7.6
9810,Base-2358a28,0-1,1.0,3686,2653,3471,7.6
9812,Base-2358a28,0-1,1.0,3687,2653,3471,7.7
9811,New-8396454,0-1,0.0,3687,2653,3472,7.6
9813,New-8396454,0-1,0.0,3687,2653,3473,7.6
9817,New-8396454,0-1,0.0,3687,2653,3474,7.5
9814,Base-2358a28,1-0,0.0,3687,2653,3475,7.5
9816,Base-2358a28,1-0,0.0,3687,2653,3476,7.5
9815,New-8396454,0-1,0.0,3687,2653,3477,7.4
9820,Base-2358a28,1/2-1/2,0.5,3687,2654,3477,7.4
9818,Base-2358a28,0-1,1.0,3688,2654,3477,7.5
9819,New-8396454,1/2-1/2,0.5,3688,2655,3477,7.5
9821,New-8396454,1-0,1.0,3689,2655,3477,7.5
9825,New-8396454,0-1,0.0,3689,2655,3478,7.5
9827,New-8396454,1-0,1.0,3690,2655,3478,7.5
9822,Base-2358a28,1/2-1/2,0.5,3690,2656,3478,7.5
9823,New-8396454,0-1,0.0,3690,2656,3479,7.5
9824,Base-2358a28,1/2-1/2,0.5,3690,2657,3479,7.5
9826,Base-2358a28,1-0,0.0,3690,2657,3480,7.4
9832,Base-2358a28,1-0,0.0,3690,2657,3481,7.4
9828,Base-2358a28,0-1,1.0,3691,2657,3481,7.4
9831,New-8396454,1/2-1/2,0.5,3691,2658,3481,7.4
9829,New-8396454,1-0,1.0,3692,2658,3481,7.5
9833,New-8396454,0-1,0.0,3692,2658,3482,7.4
9830,Base-2358a28,0-1,1.0,3693,2658,3482,7.5
9834,Base-2358a28,0-1,1.0,3694,2658,3482,7.5
9835,New-8396454,1/2-1/2,0.5,3694,2659,3482,7.5
9837,New-8396454,1-0,1.0,3695,2659,3482,7.5
9838,Base-2358a28,1/2-1/2,0.5,3695,2660,3482,7.5
9840,Base-2358a28,1/2-1/2,0.5,3695,2661,3482,7.5
9839,New-8396454,0-1,0.0,3695,2661,3483,7.5
9843,New-8396454,1/2-1/2,0.5,3695,2662,3483,7.5
9844,Base-2358a28,0-1,1.0,3696,2662,3483,7.5
9841,New-8396454,0-1,0.0,3696,2662,3484,7.5
9842,Base-2358a28,0-1,1.0,3697,2662,3484,7.5
9836,Base-2358a28,1/2-1/2,0.5,3697,2663,3484,7.5
9845,New-8396454,1/2-1/2,0.5,3697,2664,3484,7.5
9846,Base-2358a28,0-1,1.0,3698,2664,3484,7.6
9849,New-8396454,1/2-1/2,0.5,3698,2665,3484,7.6
9847,New-8396454,0-1,0.0,3698,2665,3485,7.5
9848,Base-2358a28,1-0,0.0,3698,2665,3486,7.5
9850,Base-2358a28,1-0,0.0,3698,2665,3487,7.4
9851,New-8396454,0-1,0.0,3698,2665,3488,7.4
9852,Base-2358a28,1/2-1/2,0.5,3698,2666,3488,7.4
9857,New-8396454,0-1,0.0,3698,2666,3489,7.4
9853,New-8396454,0-1,0.0,3698,2666,3490,7.3
9856,Base-2358a28,0-1,1.0,3699,2666,3490,7.4
9854,Base-2358a28,1-0,0.0,3699,2666,3491,7.3
9855,New-8396454,1/2-1/2,0.5,3699,2667,3491,7.3
9858,Base-2358a28,0-1,1.0,3700,2667,3491,7.4
9860,Base-2358a28,0-1,1.0,3701,2667,3491,7.4
9861,New-8396454,0-1,0.0,3701,2667,3492,7.4
9859,New-8396454,1/2-1/2,0.5,3701,2668,3492,7.4
9862,Base-2358a28,1-0,0.0,3701,2668,3493,7.3
9866,Base-2358a28,1/2-1/2,0.5,3701,2669,3493,7.3
9863,New-8396454,1-0,1.0,3702,2669,3493,7.4
9865,New-8396454,1-0,1.0,3703,2669,3493,7.4
9864,Base-2358a28,0-1,1.0,3704,2669,3493,7.4
9869,New-8396454,0-1,0.0,3704,2669,3494,7.4
9867,New-8396454,1-0,1.0,3705,2669,3494,7.4
9868,Base-2358a28,1-0,0.0,3705,2669,3495,7.4
9870,Base-2358a28,1/2-1/2,0.5,3705,2670,3495,7.4
9873,New-8396454,0-1,0.0,3705,2670,3496,7.4
9874,Base-2358a28,1/2-1/2,0.5,3705,2671,3496,7.4
9872,Base-2358a28,0-1,1.0,3706,2671,3496,7.4
9875,New-8396454,1/2-1/2,0.5,3706,2672,3496,7.4
9876,Base-2358a28,1-0,0.0,3706,2672,3497,7.4
9871,New-8396454,1/2-1/2,0.5,3706,2673,3497,7.4
9879,New-8396454,1/2-1/2,0.5,3706,2674,3497,7.4
9877,New-8396454,0-1,0.0,3706,2674,3498,7.3
9878,Base-2358a28,0-1,1.0,3707,2674,3498,7.4
9880,Base-2358a28,1-0,0.0,3707,2674,3499,7.3
9883,New-8396454,1/2-1/2,0.5,3707,2675,3499,7.3
9882,Base-2358a28,1-0,0.0,3707,2675,3500,7.3
9881,New-8396454,1/2-1/2,0.5,3707,2676,3500,7.3
9884,Base-2358a28,0-1,1.0,3708,2676,3500,7.3
9885,New-8396454,0-1,0.0,3708,2676,3501,7.3
9886,Base-2358a28,1-0,0.0,3708,2676,3502,7.2
9887,New-8396454,1-0,1.0,3709,2676,3502,7.3
9891,New-8396454,1-0,1.0,3710,2676,3502,7.3
9888,Base-2358a28,1-0,0.0,3710,2676,3503,7.3
9889,New-8396454,1-0,1.0,3711,2676,3503,7.3
9890,Base-2358a28,1-0,0.0,3711,2676,3504,7.3
9892,Base-2358a28,1-0,0.0,3711,2676,3505,7.2
9893,New-8396454,0-1,0.0,3711,2676,3506,7.2
9894,Base-2358a28,0-1,1.0,3712,2676,3506,7.2
9895,New-8396454,1-0,1.0,3713,2676,3506,7.3
9896,Base-2358a28,1-0,0.0,3713,2676,3507,7.2
9899,New-8396454,1-0,1.0,3714,2676,3507,7.3
9897,New-8396454,1-0,1.0,3715,2676,3507,7.3
9898,Base-2358a28,0-1,1.0,3716,2676,3507,7.3
9900,Base-2358a28,0-1,1.0,3717,2676,3507,7.4
9901,New-8396454,0-1,0.0,3717,2676,3508,7.3
9904,Base-2358a28,0-1,1.0,3718,2676,3508,7.4
9902,Base-2358a28,0-1,1.0,3719,2676,3508,7.4
9908,Base-2358a28,1-0,0.0,3719,2676,3509,7.4
9903,New-8396454,1-0,1.0,3720,2676,3509,7.4
9906,Base-2358a28,1/2-1/2,0.5,3720,2677,3509,7.4
9907,New-8396454,0-1,0.0,3720,2677,3510,7.4
9905,New-8396454,0-1,0.0,3720,2677,3511,7.3
9909,New-8396454,0-1,0.0,3720,2677,3512,7.3
9910,Base-2358a28,1-0,0.0,3720,2677,3513,7.3
9911,New-8396454,1/2-1/2,0.5,3720,2678,3513,7.3
9913,New-8396454,1/2-1/2,0.5,3720,2679,3513,7.3
9914,Base-2358a28,0-1,1.0,3721,2679,3513,7.3
9915,New-8396454,1/2-1/2,0.5,3721,2680,3513,7.3
9912,Base-2358a28,1-0,0.0,3721,2680,3514,7.3
9916,Base-2358a28,1/2-1/2,0.5,3721,2681,3514,7.3
9917,New-8396454,0-1,0.0,3721,2681,3515,7.2
9921,New-8396454,0-1,0.0,3721,2681,3516,7.2
9920,Base-2358a28,1/2-1/2,0.5,3721,2682,3516,7.2
9919,New-8396454,1/2-1/2,0.5,3721,2683,3516,7.2
9923,New-8396454,1/2-1/2,0.5,3721,2684,3516,7.2
9922,Base-2358a28,0-1,1.0,3722,2684,3516,7.2
9918,Base-2358a28,0-1,1.0,3723,2684,3516,7.2
9924,Base-2358a28,1-0,0.0,3723,2684,3517,7.2
9932,Base-2358a28,1/2-1/2,0.5,3723,2685,3517,7.2
9925,New-8396454,1-0,1.0,3724,2685,3517,7.2
9929,New-8396454,1-0,1.0,3725,2685,3517,7.3
9927,New-8396454,1-0,1.0,3726,2685,3517,7.3
9930,Base-2358a28,0-1,1.0,3727,2685,3517,7.3
9928,Base-2358a28,0-1,1.0,3728,2685,3517,7.4
9926,Base-2358a28,1-0,0.0,3728,2685,3518,7.3
9931,New-8396454,0-1,0.0,3728,2685,3519,7.3
9933,New-8396454,1/2-1/2,0.5,3728,2686,3519,7.3
9934,Base-2358a28,1-0,0.0,3728,2686,3520,7.3
9935,New-8396454,1/2-1/2,0.5,3728,2687,3520,7.3
9937,New-8396454,1-0,1.0,3729,2687,3520,7.3
9936,Base-2358a28,0-1,1.0,3730,2687,3520,7.3
9939,New-8396454,1/2-1/2,0.5,3730,2688,3520,7.3
9938,Base-2358a28,0-1,1.0,3731,2688,3520,7.4
9940,Base-2358a28,1-0,0.0,3731,2688,3521,7.3
9944,Base-2358a28,0-1,1.0,3732,2688,3521,7.4
9941,New-8396454,1-0,1.0,3733,2688,3521,7.4
9943,New-8396454,1-0,1.0,3734,2688,3521,7.4
9942,Base-2358a28,1-0,0.0,3734,2688,3522,7.4
9948,Base-2358a28,1-0,0.0,3734,2688,3523,7.4
9947,New-8396454,0-1,0.0,3734,2688,3524,7.3
9945,New-8396454,0-1,0.0,3734,2688,3525,7.3
9946,Base-2358a28,1/2-1/2,0.5,3734,2689,3525,7.3
9949,New-8396454,1-0,1.0,3735,2689,3525,7.3
9951,New-8396454,1-0,1.0,3736,2689,3525,7.4
9950,Base-2358a28,1/2-1/2,0.5,3736,2690,3525,7.4
9952,Base-2358a28,1-0,0.0,3736,2690,3526,7.3
9953,New-8396454,0-1,0.0,3736,2690,3527,7.3
9955,New-8396454,0-1,0.0,3736,2690,3528,7.3
9954,Base-2358a28,1-0,0.0,3736,2690,3529,7.2
9957,New-8396454,1/2-1/2,0.5,3736,2691,3529,7.2
9956,Base-2358a28,1-0,0.0,3736,2691,3530,7.2
9959,New-8396454,1-0,1.0,3737,2691,3530,7.2
9960,Base-2358a28,1-0,0.0,3737,2691,3531,7.2
9958,Base-2358a28,1/2-1/2,0.5,3737,2692,3531,7.2
9961,New-8396454,0-1,0.0,3737,2692,3532,7.2
9963,New-8396454,0-1,0.0,3737,2692,3533,7.1
9962,Base-2358a28,0-1,1.0,3738,2692,3533,7.1
9966,Base-2358a28,1/2-1/2,0.5,3738,2693,3533,7.1
9965,New-8396454,1/2-1/2,0.5,3738,2694,3533,7.1
9964,Base-2358a28,1-0,0.0,3738,2694,3534,7.1
9967,New-8396454,1/2-1/2,0.5,3738,2695,3534,7.1
9970,Base-2358a28,1/2-1/2,0.5,3738,2696,3534,7.1
9968,Base-2358a28,1/2-1/2,0.5,3738,2697,3534,7.1
9971,New-8396454,1-0,1.0,3739,2697,3534,7.1
9969,New-8396454,1/2-1/2,0.5,3739,2698,3534,7.1
9973,New-8396454,0-1,0.0,3739,2698,3535,7.1
9975,New-8396454,1/2-1/2,0.5,3739,2699,3535,7.1
9977,New-8396454,0-1,0.0,3739,2699,3536,7.1
9972,Base-2358a28,1/2-1/2,0.5,3739,2700,3536,7.1
9974,Base-2358a28,0-1,1.0,3740,2700,3536,7.1
9976,Base-2358a28,1/2-1/2,0.5,3740,2701,3536,7.1
9978,Base-2358a28,0-1,1.0,3741,2701,3536,7.1
9979,New-8396454,0-1,0.0,3741,2701,3537,7.1
9980,Base-2358a28,1-0,0.0,3741,2701,3538,7.1
9981,New-8396454,1-0,1.0,3742,2701,3538,7.1
9984,Base-2358a28,1/2-1/2,0.5,3742,2702,3538,7.1
9985,New-8396454,1-0,1.0,3743,2702,3538,7.1
9982,Base-2358a28,0-1,1.0,3744,2702,3538,7.2
9983,New-8396454,0-1,0.0,3744,2702,3539,7.1
9986,Base-2358a28,1/2-1/2,0.5,3744,2703,3539,7.1
9987,New-8396454,1/2-1/2,0.5,3744,2704,3539,7.1
9990,Base-2358a28,1/2-1/2,0.5,3744,2705,3539,7.1
9988,Base-2358a28,1/2-1/2,0.5,3744,2706,3539,7.1
9989,New-8396454,1/2-1/2,0.5,3744,2707,3539,7.1
9991,New-8396454,0-1,0.0,3744,2707,3540,7.1
9993,New-8396454,1-0,1.0,3745,2707,3540,7.1
9992,Base-2358a28,1/2-1/2,0.5,3745,2708,3540,7.1
9996,Base-2358a28,1-0,0.0,3745,2708,3541,7.1
9994,Base-2358a28,1/2-1/2,0.5,3745,2709,3541,7.1
9998,Base-2358a28,1/2-1/2,0.5,3745,2710,3541,7.1
9995,New-8396454,1/2-1/2,0.5,3745,2711,3541,7.1
9997,New-8396454,0-1,0.0,3745,2711,3542,7.1
9999,New-8396454,0-1,0.0,3745,2711,3543,7.0
10001,New-8396454,1-0,1.0,3746,2711,3543,7.1
10000,Base-2358a28,0-1,1.0,3747,2711,3543,7.1
10003,New-8396454,0-1,0.0,3747,2711,3544,7.1
10005,New-8396454,1/2-1/2,0.5,3747,2712,3544,7.1
10002,Base-2358a28,1-0,0.0,3747,2712,3545,7.0
10007,New-8396454,1-0,1.0,3748,2712,3545,7.1
10004,Base-2358a28,1-0,0.0,3748,2712,3546,7.0
10006,Base-2358a28,1/2-1/2,0.5,3748,2713,3546,7.0
10008,Base-2358a28,0-1,1.0,3749,2713,3546,7.0
10012,Base-2358a28,0-1,1.0,3750,2713,3546,7.1
10009,New-8396454,1-0,1.0,3751,2713,3546,7.1
10010,Base-2358a28,0-1,1.0,3752,2713,3546,7.2
10011,New-8396454,1-0,1.0,3753,2713,3546,7.2
10014,Base-2358a28,0-1,1.0,3754,2713,3546,7.2
10013,New-8396454,1-0,1.0,3755,2713,3546,7.3
10015,New-8396454,0-1,0.0,3755,2713,3547,7.2
10017,New-8396454,0-1,0.0,3755,2713,3548,7.2
10016,Base-2358a28,1/2-1/2,0.5,3755,2714,3548,7.2
10018,Base-2358a28,1-0,0.0,3755,2714,3549,7.1
10019,New-8396454,0-1,0.0,3755,2714,3550,7.1
10020,Base-2358a28,1/2-1/2,0.5,3755,2715,3550,7.1
10023,New-8396454,0-1,0.0,3755,2715,3551,7.1
10021,New-8396454,1/2-1/2,0.5,3755,2716,3551,7.1
10022,Base-2358a28,0-1,1.0,3756,2716,3551,7.1
10028,Base-2358a28,1/2-1/2,0.5,3756,2717,3551,7.1
10025,New-8396454,1/2-1/2,0.5,3756,2718,3551,7.1
10027,New-8396454,1/2-1/2,0.5,3756,2719,3551,7.1
10029,New-8396454,1-0,1.0,3757,2719,3551,7.1
10026,Base-2358a28,1/2-1/2,0.5,3757,2720,3551,7.1
10030,Base-2358a28,0-1,1.0,3758,2720,3551,7.2
10024,Base-2358a28,1/2-1/2,0.5,3758,2721,3551,7.2
10031,New-8396454,1/2-1/2,0.5,3758,2722,3551,7.2
10033,New-8396454,0-1,0.0,3758,2722,3552,7.1
10032,Base-2358a28,0-1,1.0,3759,2722,3552,7.2
10034,Base-2358a28,1-0,0.0,3759,2722,3553,7.1
10036,Base-2358a28,0-1,1.0,3760,2722,3553,7.2
10035,New-8396454,1/2-1/2,0.5,3760,2723,3553,7.2
10038,Base-2358a28,0-1,1.0,3761,2723,3553,7.2
10037,New-8396454,0-1,0.0,3761,2723,3554,7.2
10039,New-8396454,1/2-1/2,0.5,3761,2724,3554,7.2
10040,Base-2358a28,1-0,0.0,3761,2724,3555,7.1
10041,New-8396454,1-0,1.0,3762,2724,3555,7.2
10042,Base-2358a28,0-1,1.0,3763,2724,3555,7.2
10044,Base-2358a28,0-1,1.0,3764,2724,3555,7.2
10043,New-8396454,1/2-1/2,0.5,3764,2725,3555,7.2
10047,New-8396454,1-0,1.0,3765,2725,3555,7.3
10045,New-8396454,1-0,1.0,3766,2725,3555,7.3
10046,Base-2358a28,0-1,1.0,3767,2725,3555,7.3
10048,Base-2358a28,0-1,1.0,3768,2725,3555,7.4
10052,Base-2358a28,0-1,1.0,3769,2725,3555,7.4
10049,New-8396454,1-0,1.0,3770,2725,3555,7.4
10050,Base-2358a28,0-1,1.0,3771,2725,3555,7.5
10051,New-8396454,0-1,0.0,3771,2725,3556,7.4
10053,New-8396454,1-0,1.0,3772,2725,3556,7.5
10056,Base-2358a28,1-0,0.0,3772,2725,3557,7.4
10054,Base-2358a28,1/2-1/2,0.5,3772,2726,3557,7.4
10055,New-8396454,1-0,1.0,3773,2726,3557,7.5
10060,Base-2358a28,1/2-1/2,0.5,3773,2727,3557,7.5
10061,New-8396454,1-0,1.0,3774,2727,3557,7.5
10058,Base-2358a28,1-0,0.0,3774,2727,3558,7.5
10057,New-8396454,1-0,1.0,3775,2727,3558,7.5
10059,New-8396454,1/2-1/2,0.5,3775,2728,3558,7.5
10063,New-8396454,1/2-1/2,0.5,3775,2729,3558,7.5
10062,Base-2358a28,0-1,1.0,3776,2729,3558,7.5
10064,Base-2358a28,0-1,1.0,3777,2729,3558,7.6
10067,New-8396454,1-0,1.0,3778,2729,3558,7.6
10066,Base-2358a28,1/2-1/2,0.5,3778,2730,3558,7.6
10069,New-8396454,1-0,1.0,3779,2730,3558,7.6
10065,New-8396454,0-1,0.0,3779,2730,3559,7.6
10071,New-8396454,1/2-1/2,0.5,3779,2731,3559,7.6
10068,Base-2358a28,1/2-1/2,0.5,3779,2732,3559,7.6
10070,Base-2358a28,1-0,0.0,3779,2732,3560,7.6
10074,Base-2358a28,1/2-1/2,0.5,3779,2733,3560,7.6
10072,Base-2358a28,0-1,1.0,3780,2733,3560,7.6
10079,New-8396454,1/2-1/2,0.5,3780,2734,3560,7.6
10076,Base-2358a28,1-0,0.0,3780,2734,3561,7.6
10078,Base-2358a28,0-1,1.0,3781,2734,3561,7.6
10073,New-8396454,1-0,1.0,3782,2734,3561,7.6
10075,New-8396454,1-0,1.0,3783,2734,3561,7.7
10085,New-8396454,*,0.5,3783,2735,3561,7.7
10081,New-8396454,*,0.5,3783,2736,3561,7.7
10077,New-8396454,*,0.5,3783,2737,3561,7.7
10083,New-8396454,*,0.5,3783,2738,3561,7.7
10082,Base-2358a28,*,0.5,3783,2739,3561,7.7
10084,Base-2358a28,*,0.5,3783,2740,3561,7.7
10080,Base-2358a28,*,0.5,3783,2741,3561,7.6
