game,white,result,score,running_wins,running_draws,running_losses,running_elo
7,New-c74a786,1/2-1/2,0.5,0,1,0,-0.0
4,Base-f462400,1-0,0.0,0,1,1,-190.8
3,New-c74a786,1-0,1.0,1,1,1,-0.0
6,Base-f462400,0-1,1.0,2,1,1,88.7
8,Base-f462400,1-0,0.0,2,1,2,-0.0
5,New-c74a786,1/2-1/2,0.5,2,2,2,-0.0
2,Base-f462400,1/2-1/2,0.5,2,3,2,-0.0
1,New-c74a786,1-0,1.0,3,3,2,43.7
10,Base-f462400,1-0,0.0,3,3,3,-0.0
12,Base-f462400,1-0,0.0,3,3,4,-34.9
11,New-c74a786,0-1,0.0,3,3,5,-63.9
9,New-c74a786,1-0,1.0,4,3,5,-29.0
15,New-c74a786,0-1,0.0,4,3,6,-53.9
14,Base-f462400,0-1,1.0,5,3,6,-24.9
13,New-c74a786,0-1,0.0,5,3,7,-46.6
16,Base-f462400,1/2-1/2,0.5,5,4,7,-43.7
20,Base-f462400,1-0,0.0,5,4,8,-62.0
18,Base-f462400,1-0,0.0,5,4,9,-78.5
19,New-c74a786,0-1,0.0,5,4,10,-93.6
17,New-c74a786,1/2-1/2,0.5,5,5,10,-88.7
21,New-c74a786,1/2-1/2,0.5,5,6,10,-84.3
24,Base-f462400,1-0,0.0,5,6,11,-97.2
23,New-c74a786,1-0,1.0,6,6,11,-76.8
28,Base-f462400,1-0,0.0,6,6,12,-88.7
22,Base-f462400,1/2-1/2,0.5,6,7,12,-85.0
27,New-c74a786,0-1,0.0,6,7,13,-95.9
25,New-c74a786,1-0,1.0,7,7,13,-78.5
26,Base-f462400,0-1,1.0,8,7,13,-62.7
29,New-c74a786,0-1,0.0,8,7,14,-72.9
30,Base-f462400,1-0,0.0,8,7,15,-82.6
31,New-c74a786,1-0,1.0,9,7,15,-68.1
33,New-c74a786,0-1,0.0,9,7,16,-77.2
34,Base-f462400,1-0,0.0,9,7,17,-85.9
36,Base-f462400,1-0,0.0,9,7,18,-94.2
32,Base-f462400,1-0,0.0,9,7,19,-102.1
39,New-c74a786,1/2-1/2,0.5,9,8,19,-99.1
37,New-c74a786,1-0,1.0,10,8,19,-86.2
38,Base-f462400,1-0,0.0,10,8,20,-93.6
35,New-c74a786,1/2-1/2,0.5,10,9,20,-91.1
41,New-c74a786,0-1,0.0,10,9,21,-98.1
40,Base-f462400,0-1,1.0,11,9,21,-86.5
42,Base-f462400,0-1,1.0,12,9,21,-75.6
43,New-c74a786,0-1,0.0,12,9,22,-82.3
47,New-c74a786,1-0,1.0,13,9,22,-72.1
44,Base-f462400,0-1,1.0,14,9,22,-62.4
46,Base-f462400,1-0,0.0,14,9,23,-68.9
45,New-c74a786,1-0,1.0,15,9,23,-59.7
48,Base-f462400,1-0,0.0,15,9,24,-65.9
49,New-c74a786,1-0,1.0,16,9,24,-57.2
50,Base-f462400,1-0,0.0,16,9,25,-63.2
55,New-c74a786,1-0,1.0,17,9,25,-55.0
51,New-c74a786,1/2-1/2,0.5,17,10,25,-53.9
52,Base-f462400,1/2-1/2,0.5,17,11,25,-52.8
56,Base-f462400,1/2-1/2,0.5,17,12,25,-51.9
54,Base-f462400,1-0,0.0,17,12,26,-57.4
57,New-c74a786,0-1,0.0,17,12,27,-62.7
53,New-c74a786,1/2-1/2,0.5,17,13,27,-61.6
60,Base-f462400,1-0,0.0,17,13,28,-66.7
58,Base-f462400,1/2-1/2,0.5,17,14,28,-65.5
59,New-c74a786,1/2-1/2,0.5,17,15,28,-64.4
61,New-c74a786,1-0,1.0,18,15,28,-57.5
62,Base-f462400,1-0,0.0,18,15,29,-62.3
63,New-c74a786,1/2-1/2,0.5,18,16,29,-61.3
64,Base-f462400,1-0,0.0,18,16,30,-65.9
65,New-c74a786,1/2-1/2,0.5,18,17,30,-64.9
67,New-c74a786,0-1,0.0,18,17,31,-69.3
70,Base-f462400,1/2-1/2,0.5,18,18,31,-68.3
66,Base-f462400,1-0,0.0,18,18,32,-72.6
68,Base-f462400,1-0,0.0,18,18,33,-76.8
69,New-c74a786,0-1,0.0,18,18,34,-80.8
71,New-c74a786,1-0,1.0,19,18,34,-74.5
75,New-c74a786,1/2-1/2,0.5,19,19,34,-73.5
72,Base-f462400,0-1,1.0,20,19,34,-67.5
76,Base-f462400,1/2-1/2,0.5,20,20,34,-66.5
74,Base-f462400,1/2-1/2,0.5,20,21,34,-65.6
73,New-c74a786,1-0,1.0,21,21,34,-60.0
77,New-c74a786,0-1,0.0,21,21,35,-63.9
78,Base-f462400,0-1,1.0,22,21,35,-58.5
80,Base-f462400,0-1,1.0,23,21,35,-53.2
83,New-c74a786,0-1,0.0,23,21,36,-57.0
82,Base-f462400,1/2-1/2,0.5,23,22,36,-56.2
79,New-c74a786,0-1,0.0,23,22,37,-59.9
81,New-c74a786,1-0,1.0,24,22,37,-54.9
85,New-c74a786,0-1,0.0,24,22,38,-58.5
84,Base-f462400,1-0,0.0,24,22,39,-62.0
87,New-c74a786,1-0,1.0,25,22,39,-57.1
86,Base-f462400,1-0,0.0,25,22,40,-60.5
92,Base-f462400,0-1,1.0,26,22,40,-55.7
89,New-c74a786,1-0,1.0,27,22,40,-51.1
90,Base-f462400,1-0,0.0,27,22,41,-54.5
88,Base-f462400,1-0,0.0,27,22,42,-57.8
93,New-c74a786,0-1,0.0,27,22,43,-61.0
91,New-c74a786,0-1,0.0,27,22,44,-64.2
94,Base-f462400,0-1,1.0,28,22,44,-59.7
95,New-c74a786,0-1,0.0,28,22,45,-62.8
96,Base-f462400,1-0,0.0,28,22,46,-65.9
99,New-c74a786,1-0,1.0,29,22,46,-61.5
101,New-c74a786,1/2-1/2,0.5,29,23,46,-60.9
98,Base-f462400,0-1,1.0,30,23,46,-56.6
97,New-c74a786,1/2-1/2,0.5,30,24,46,-56.1
103,New-c74a786,1/2-1/2,0.5,30,25,46,-55.5
102,Base-f462400,1/2-1/2,0.5,30,26,46,-55.0
100,Base-f462400,0-1,1.0,31,26,46,-51.0
108,Base-f462400,0-1,1.0,32,26,46,-47.1
105,New-c74a786,1-0,1.0,33,26,46,-43.2
106,Base-f462400,0-1,1.0,34,26,46,-39.5
104,Base-f462400,1-0,0.0,34,26,47,-42.4
107,New-c74a786,0-1,0.0,34,26,48,-45.3
110,Base-f462400,1-0,0.0,34,26,49,-48.1
109,New-c74a786,1-0,1.0,35,26,49,-44.5
111,New-c74a786,1-0,1.0,36,26,49,-40.9
114,Base-f462400,1/2-1/2,0.5,36,27,49,-40.5
112,Base-f462400,0-1,1.0,37,27,49,-37.0
115,New-c74a786,1/2-1/2,0.5,37,28,49,-36.7
116,Base-f462400,1-0,0.0,37,28,50,-39.4
118,Base-f462400,1/2-1/2,0.5,37,29,50,-39.1
113,New-c74a786,1-0,1.0,38,29,50,-35.8
119,New-c74a786,0-1,0.0,38,29,51,-38.4
117,New-c74a786,1/2-1/2,0.5,38,30,51,-38.1
120,Base-f462400,0-1,1.0,39,30,51,-34.9
121,New-c74a786,0-1,0.0,39,30,52,-37.5
124,Base-f462400,0-1,1.0,40,30,52,-34.3
125,New-c74a786,1-0,1.0,41,30,52,-31.2
122,Base-f462400,0-1,1.0,42,30,52,-28.1
127,New-c74a786,1-0,1.0,43,30,52,-25.1
123,New-c74a786,1-0,1.0,44,30,52,-22.1
126,Base-f462400,1-0,0.0,44,30,53,-24.7
128,Base-f462400,1/2-1/2,0.5,44,31,53,-24.5
129,New-c74a786,1/2-1/2,0.5,44,32,53,-24.3
131,New-c74a786,0-1,0.0,44,32,54,-26.8
133,New-c74a786,1/2-1/2,0.5,44,33,54,-26.6
130,Base-f462400,1/2-1/2,0.5,44,34,54,-26.4
132,Base-f462400,1-0,0.0,44,34,55,-28.8
134,Base-f462400,1-0,0.0,44,34,56,-31.2
137,New-c74a786,1-0,1.0,45,34,56,-28.4
141,New-c74a786,1/2-1/2,0.5,45,35,56,-28.2
135,New-c74a786,0-1,0.0,45,35,57,-30.5
136,Base-f462400,0-1,1.0,46,35,57,-27.8
138,Base-f462400,1-0,0.0,46,35,58,-30.1
140,Base-f462400,1/2-1/2,0.5,46,36,58,-29.9
145,New-c74a786,1-0,1.0,47,36,58,-27.2
139,New-c74a786,0-1,0.0,47,36,59,-29.4
143,New-c74a786,0-1,0.0,47,36,60,-31.7
144,Base-f462400,1/2-1/2,0.5,47,37,60,-31.5
142,Base-f462400,1/2-1/2,0.5,47,38,60,-31.2
148,Base-f462400,0-1,1.0,48,38,60,-28.6
146,Base-f462400,0-1,1.0,49,38,60,-26.0
149,New-c74a786,0-1,0.0,49,38,61,-28.2
147,New-c74a786,1-0,1.0,50,38,61,-25.7
150,Base-f462400,1/2-1/2,0.5,50,39,61,-25.5
153,New-c74a786,0-1,0.0,50,39,62,-27.7
155,New-c74a786,1/2-1/2,0.5,50,40,62,-27.5
157,New-c74a786,1/2-1/2,0.5,50,41,62,-27.3
152,Base-f462400,0-1,1.0,51,41,62,-24.9
151,New-c74a786,1-0,1.0,52,41,62,-22.4
154,Base-f462400,0-1,1.0,53,41,62,-20.1
156,Base-f462400,0-1,1.0,54,41,62,-17.7
158,Base-f462400,1/2-1/2,0.5,54,42,62,-17.6
161,New-c74a786,1-0,1.0,55,42,62,-15.3
159,New-c74a786,0-1,0.0,55,42,63,-17.4
162,Base-f462400,1-0,0.0,55,42,64,-19.4
160,Base-f462400,1/2-1/2,0.5,55,43,64,-19.3
163,New-c74a786,1-0,1.0,56,43,64,-17.1
164,Base-f462400,0-1,1.0,57,43,64,-14.8
167,New-c74a786,1-0,1.0,58,43,64,-12.6
168,Base-f462400,1/2-1/2,0.5,58,44,64,-12.6
165,New-c74a786,1-0,1.0,59,44,64,-10.4
172,Base-f462400,0-1,1.0,60,44,64,-8.3
166,Base-f462400,1-0,0.0,60,44,65,-10.3
169,New-c74a786,0-1,0.0,60,44,66,-12.3
170,Base-f462400,1-0,0.0,60,44,67,-14.2
175,New-c74a786,0-1,0.0,60,44,68,-16.2
171,New-c74a786,1/2-1/2,0.5,60,45,68,-16.1
173,New-c74a786,1-0,1.0,61,45,68,-14.0
174,Base-f462400,1-0,0.0,61,45,69,-15.9
177,New-c74a786,0-1,0.0,61,45,70,-17.8
176,Base-f462400,1-0,0.0,61,45,71,-19.7
179,New-c74a786,1/2-1/2,0.5,61,46,71,-19.5
180,Base-f462400,1/2-1/2,0.5,61,47,71,-19.4
182,Base-f462400,1/2-1/2,0.5,61,48,71,-19.3
178,Base-f462400,1/2-1/2,0.5,61,49,71,-19.2
181,New-c74a786,1-0,1.0,62,49,71,-17.2
186,Base-f462400,1/2-1/2,0.5,62,50,71,-17.1
184,Base-f462400,0-1,1.0,63,50,71,-15.1
185,New-c74a786,1-0,1.0,64,50,71,-13.2
183,New-c74a786,1-0,1.0,65,50,71,-11.2
188,Base-f462400,0-1,1.0,66,50,71,-9.3
187,New-c74a786,0-1,0.0,66,50,72,-11.1
193,New-c74a786,0-1,0.0,66,50,73,-12.9
190,Base-f462400,1/2-1/2,0.5,66,51,73,-12.8
189,New-c74a786,1-0,1.0,67,51,73,-10.9
194,Base-f462400,0-1,1.0,68,51,73,-9.0
191,New-c74a786,0-1,0.0,68,51,74,-10.8
192,Base-f462400,1-0,0.0,68,51,75,-12.5
195,New-c74a786,1/2-1/2,0.5,68,52,75,-12.5
196,Base-f462400,0-1,1.0,69,52,75,-10.6
199,New-c74a786,0-1,0.0,69,52,76,-12.4
198,Base-f462400,1-0,0.0,69,52,77,-14.0
200,Base-f462400,1/2-1/2,0.5,69,53,77,-14.0
197,New-c74a786,1-0,1.0,70,53,77,-12.2
201,New-c74a786,1-0,1.0,71,53,77,-10.4
202,Base-f462400,0-1,1.0,72,53,77,-8.6
203,New-c74a786,0-1,0.0,72,53,78,-10.3
205,New-c74a786,1/2-1/2,0.5,72,54,78,-10.2
207,New-c74a786,0-1,0.0,72,54,79,-11.9
206,Base-f462400,1-0,0.0,72,54,80,-13.5
208,Base-f462400,0-1,1.0,73,54,80,-11.8
204,Base-f462400,0-1,1.0,74,54,80,-10.0
209,New-c74a786,1-0,1.0,75,54,80,-8.3
210,Base-f462400,0-1,1.0,76,54,80,-6.6
214,Base-f462400,1/2-1/2,0.5,76,55,80,-6.6
213,New-c74a786,0-1,0.0,76,55,81,-8.2
211,New-c74a786,0-1,0.0,76,55,82,-9.8
215,New-c74a786,1/2-1/2,0.5,76,56,82,-9.7
217,New-c74a786,1-0,1.0,77,56,82,-8.1
212,Base-f462400,0-1,1.0,78,56,82,-6.4
216,Base-f462400,0-1,1.0,79,56,82,-4.8
218,Base-f462400,1/2-1/2,0.5,79,57,82,-4.8
219,New-c74a786,1/2-1/2,0.5,79,58,82,-4.8
220,Base-f462400,0-1,1.0,80,58,82,-3.2
221,New-c74a786,0-1,0.0,80,58,83,-4.7
222,Base-f462400,0-1,1.0,81,58,83,-3.1
225,New-c74a786,0-1,0.0,81,58,84,-4.7
224,Base-f462400,1/2-1/2,0.5,81,59,84,-4.7
227,New-c74a786,1-0,1.0,82,59,84,-3.1
229,New-c74a786,0-1,0.0,82,59,85,-4.6
223,New-c74a786,1/2-1/2,0.5,82,60,85,-4.6
226,Base-f462400,1-0,0.0,82,60,86,-6.1
228,Base-f462400,1-0,0.0,82,60,87,-7.6
230,Base-f462400,1-0,0.0,82,60,88,-9.1
232,Base-f462400,0-1,1.0,83,60,88,-7.5
231,New-c74a786,0-1,0.0,83,60,89,-9.0
233,New-c74a786,0-1,0.0,83,60,90,-10.4
234,Base-f462400,1-0,0.0,83,60,91,-11.9
235,New-c74a786,0-1,0.0,83,60,92,-13.3
238,Base-f462400,1/2-1/2,0.5,83,61,92,-13.3
237,New-c74a786,0-1,0.0,83,61,93,-14.7
236,Base-f462400,0-1,1.0,84,61,93,-13.1
240,Base-f462400,0-1,1.0,85,61,93,-11.6
243,New-c74a786,0-1,0.0,85,61,94,-13.0
239,New-c74a786,0-1,0.0,85,61,95,-14.4
242,Base-f462400,1/2-1/2,0.5,85,62,95,-14.4
244,Base-f462400,0-1,1.0,86,62,95,-12.9
241,New-c74a786,0-1,0.0,86,62,96,-14.2
245,New-c74a786,0-1,0.0,86,62,97,-15.6
250,Base-f462400,1/2-1/2,0.5,86,63,97,-15.5
246,Base-f462400,1-0,0.0,86,63,98,-16.9
247,New-c74a786,0-1,0.0,86,63,99,-18.2
249,New-c74a786,1/2-1/2,0.5,86,64,99,-18.2
253,New-c74a786,0-1,0.0,86,64,100,-19.5
248,Base-f462400,1-0,0.0,86,64,101,-20.8
255,New-c74a786,1/2-1/2,0.5,86,65,101,-20.7
252,Base-f462400,1-0,0.0,86,65,102,-22.0
251,New-c74a786,1/2-1/2,0.5,86,66,102,-21.9
256,Base-f462400,0-1,1.0,87,66,102,-20.5
254,Base-f462400,1-0,0.0,87,66,103,-21.7
257,New-c74a786,1-0,1.0,88,66,103,-20.3
259,New-c74a786,1-0,1.0,89,66,103,-18.9
258,Base-f462400,0-1,1.0,90,66,103,-17.5
260,Base-f462400,1/2-1/2,0.5,90,67,103,-17.4
262,Base-f462400,0-1,1.0,91,67,103,-16.0
261,New-c74a786,1/2-1/2,0.5,91,68,103,-15.9
264,Base-f462400,0-1,1.0,92,68,103,-14.5
263,New-c74a786,1/2-1/2,0.5,92,69,103,-14.5
265,New-c74a786,1/2-1/2,0.5,92,70,103,-14.4
266,Base-f462400,1-0,0.0,92,70,104,-15.7
267,New-c74a786,0-1,0.0,92,70,105,-16.9
269,New-c74a786,0-1,0.0,92,70,106,-18.2
268,Base-f462400,0-1,1.0,93,70,106,-16.8
271,New-c74a786,1-0,1.0,94,70,106,-15.5
270,Base-f462400,1/2-1/2,0.5,94,71,106,-15.4
272,Base-f462400,1-0,0.0,94,71,107,-16.6
273,New-c74a786,0-1,0.0,94,71,108,-17.8
274,Base-f462400,1-0,0.0,94,71,109,-19.0
277,New-c74a786,1-0,1.0,95,71,109,-17.7
276,Base-f462400,1-0,0.0,95,71,110,-18.9
275,New-c74a786,1/2-1/2,0.5,95,72,110,-18.8
279,New-c74a786,1-0,1.0,96,72,110,-17.5
278,Base-f462400,1-0,0.0,96,72,111,-18.7
280,Base-f462400,0-1,1.0,97,72,111,-17.4
281,New-c74a786,0-1,0.0,97,72,112,-18.6
282,Base-f462400,0-1,1.0,98,72,112,-17.3
283,New-c74a786,1/2-1/2,0.5,98,73,112,-17.2
284,Base-f462400,1/2-1/2,0.5,98,74,112,-17.1
285,New-c74a786,1-0,1.0,99,74,112,-15.9
286,Base-f462400,1-0,0.0,99,74,113,-17.0
287,New-c74a786,1-0,1.0,100,74,113,-15.7
288,Base-f462400,1/2-1/2,0.5,100,75,113,-15.7
293,New-c74a786,0-1,0.0,100,75,114,-16.8
290,Base-f462400,1-0,0.0,100,75,115,-18.0
291,New-c74a786,1-0,1.0,101,75,115,-16.7
289,New-c74a786,1-0,1.0,102,75,115,-15.5
292,Base-f462400,1/2-1/2,0.5,102,76,115,-15.4
296,Base-f462400,1/2-1/2,0.5,102,77,115,-15.4
294,Base-f462400,1/2-1/2,0.5,102,78,115,-15.3
295,New-c74a786,1/2-1/2,0.5,102,79,115,-15.3
298,Base-f462400,1-0,0.0,102,79,116,-16.4
299,New-c74a786,1-0,1.0,103,79,116,-15.2
297,New-c74a786,0-1,0.0,103,79,117,-16.3
300,Base-f462400,1/2-1/2,0.5,103,80,117,-16.2
301,New-c74a786,1-0,1.0,104,80,117,-15.0
302,Base-f462400,1/2-1/2,0.5,104,81,117,-15.0
303,New-c74a786,1-0,1.0,105,81,117,-13.8
305,New-c74a786,1-0,1.0,106,81,117,-12.6
306,Base-f462400,1-0,0.0,106,81,118,-13.7
304,Base-f462400,0-1,1.0,107,81,118,-12.5
308,Base-f462400,0-1,1.0,108,81,118,-11.3
307,New-c74a786,0-1,0.0,108,81,119,-12.4
310,Base-f462400,1-0,0.0,108,81,120,-13.5
311,New-c74a786,1/2-1/2,0.5,108,82,120,-13.5
313,New-c74a786,1-0,1.0,109,82,120,-12.3
309,New-c74a786,1/2-1/2,0.5,109,83,120,-12.3
314,Base-f462400,1-0,0.0,109,83,121,-13.3
316,Base-f462400,1-0,0.0,109,83,122,-14.4
319,New-c74a786,1/2-1/2,0.5,109,84,122,-14.3
315,New-c74a786,1-0,1.0,110,84,122,-13.2
317,New-c74a786,0-1,0.0,110,84,123,-14.3
318,Base-f462400,0-1,1.0,111,84,123,-13.1
312,Base-f462400,1/2-1/2,0.5,111,85,123,-13.1
320,Base-f462400,1-0,0.0,111,85,124,-14.1
321,New-c74a786,0-1,0.0,111,85,125,-15.2
322,Base-f462400,0-1,1.0,112,85,125,-14.0
324,Base-f462400,1-0,0.0,112,85,126,-15.1
326,Base-f462400,0-1,1.0,113,85,126,-13.9
327,New-c74a786,1/2-1/2,0.5,113,86,126,-13.9
323,New-c74a786,1/2-1/2,0.5,113,87,126,-13.9
325,New-c74a786,0-1,0.0,113,87,127,-14.9
329,New-c74a786,1/2-1/2,0.5,113,88,127,-14.8
330,Base-f462400,1-0,0.0,113,88,128,-15.9
328,Base-f462400,1/2-1/2,0.5,113,89,128,-15.8
331,New-c74a786,0-1,0.0,113,89,129,-16.8
335,New-c74a786,1-0,1.0,114,89,129,-15.7
333,New-c74a786,0-1,0.0,114,89,130,-16.7
334,Base-f462400,0-1,1.0,115,89,130,-15.6
332,Base-f462400,0-1,1.0,116,89,130,-14.5
338,Base-f462400,0-1,1.0,117,89,130,-13.4
337,New-c74a786,0-1,0.0,117,89,131,-14.4
336,Base-f462400,1-0,0.0,117,89,132,-15.4
339,New-c74a786,1-0,1.0,118,89,132,-14.4
341,New-c74a786,1/2-1/2,0.5,118,90,132,-14.3
345,New-c74a786,1-0,1.0,119,90,132,-13.3
340,Base-f462400,1/2-1/2,0.5,119,91,132,-13.2
346,Base-f462400,1/2-1/2,0.5,119,92,132,-13.2
343,New-c74a786,0-1,0.0,119,92,133,-14.1
342,Base-f462400,1-0,0.0,119,92,134,-15.1
344,Base-f462400,1-0,0.0,119,92,135,-16.1
348,Base-f462400,1-0,0.0,119,92,136,-17.0
349,New-c74a786,1/2-1/2,0.5,119,93,136,-17.0
347,New-c74a786,1-0,1.0,120,93,136,-15.9
352,Base-f462400,1/2-1/2,0.5,120,94,136,-15.9
351,New-c74a786,0-1,0.0,120,94,137,-16.8
350,Base-f462400,0-1,1.0,121,94,137,-15.8
353,New-c74a786,1-0,1.0,122,94,137,-14.8
356,Base-f462400,1/2-1/2,0.5,122,95,137,-14.7
355,New-c74a786,1/2-1/2,0.5,122,96,137,-14.7
354,Base-f462400,0-1,1.0,123,96,137,-13.7
357,New-c74a786,0-1,0.0,123,96,138,-14.6
358,Base-f462400,1-0,0.0,123,96,139,-15.5
362,Base-f462400,1/2-1/2,0.5,123,97,139,-15.5
364,Base-f462400,0-1,1.0,124,97,139,-14.5
359,New-c74a786,1/2-1/2,0.5,124,98,139,-14.4
363,New-c74a786,0-1,0.0,124,98,140,-15.4
360,Base-f462400,1-0,0.0,124,98,141,-16.3
361,New-c74a786,1/2-1/2,0.5,124,99,141,-16.2
365,New-c74a786,0-1,0.0,124,99,142,-17.1
366,Base-f462400,1-0,0.0,124,99,143,-18.1
367,New-c74a786,0-1,0.0,124,99,144,-19.0
369,New-c74a786,0-1,0.0,124,99,145,-19.8
370,Base-f462400,0-1,1.0,125,99,145,-18.8
368,Base-f462400,0-1,1.0,126,99,145,-17.9
372,Base-f462400,0-1,1.0,127,99,145,-16.9
373,New-c74a786,1-0,1.0,128,99,145,-15.9
371,New-c74a786,0-1,0.0,128,99,146,-16.8
376,Base-f462400,0-1,1.0,129,99,146,-15.8
375,New-c74a786,1/2-1/2,0.5,129,100,146,-15.8
377,New-c74a786,1/2-1/2,0.5,129,101,146,-15.7
378,Base-f462400,1-0,0.0,129,101,147,-16.6
374,Base-f462400,1/2-1/2,0.5,129,102,147,-16.6
379,New-c74a786,1-0,1.0,130,102,147,-15.6
380,Base-f462400,1-0,0.0,130,102,148,-16.5
383,New-c74a786,1/2-1/2,0.5,130,103,148,-16.4
382,Base-f462400,1-0,0.0,130,103,149,-17.3
381,New-c74a786,1/2-1/2,0.5,130,104,149,-17.2
387,New-c74a786,1-0,1.0,131,104,149,-16.3
384,Base-f462400,0-1,1.0,132,104,149,-15.4
385,New-c74a786,0-1,0.0,132,104,150,-16.2
386,Base-f462400,0-1,1.0,133,104,150,-15.3
388,Base-f462400,1-0,0.0,133,104,151,-16.1
389,New-c74a786,1-0,1.0,134,104,151,-15.2
392,Base-f462400,1-0,0.0,134,104,152,-16.0
393,New-c74a786,0-1,0.0,134,104,153,-16.9
390,Base-f462400,1-0,0.0,134,104,154,-17.7
391,New-c74a786,0-1,0.0,134,104,155,-18.6
397,New-c74a786,1-0,1.0,135,104,155,-17.7
398,Base-f462400,1/2-1/2,0.5,135,105,155,-17.6
394,Base-f462400,0-1,1.0,136,105,155,-16.7
396,Base-f462400,0-1,1.0,137,105,155,-15.8
395,New-c74a786,0-1,0.0,137,105,156,-16.6
399,New-c74a786,1-0,1.0,138,105,156,-15.7
401,New-c74a786,1-0,1.0,139,105,156,-14.8
403,New-c74a786,0-1,0.0,139,105,157,-15.6
405,New-c74a786,1-0,1.0,140,105,157,-14.7
404,Base-f462400,0-1,1.0,141,105,157,-13.8
400,Base-f462400,0-1,1.0,142,105,157,-12.9
402,Base-f462400,0-1,1.0,143,105,157,-12.0
406,Base-f462400,0-1,1.0,144,105,157,-11.1
407,New-c74a786,0-1,0.0,144,105,158,-12.0
409,New-c74a786,1/2-1/2,0.5,144,106,158,-11.9
408,Base-f462400,1-0,0.0,144,106,159,-12.7
411,New-c74a786,1/2-1/2,0.5,144,107,159,-12.7
410,Base-f462400,1-0,0.0,144,107,160,-13.5
413,New-c74a786,1-0,1.0,145,107,160,-12.7
412,Base-f462400,1/2-1/2,0.5,145,108,160,-12.6
414,Base-f462400,1/2-1/2,0.5,145,109,160,-12.6
415,New-c74a786,0-1,0.0,145,109,161,-13.4
416,Base-f462400,1/2-1/2,0.5,145,110,161,-13.4
417,New-c74a786,1-0,1.0,146,110,161,-12.5
419,New-c74a786,0-1,0.0,146,110,162,-13.3
421,New-c74a786,1-0,1.0,147,110,162,-12.4
418,Base-f462400,0-1,1.0,148,110,162,-11.6
420,Base-f462400,1/2-1/2,0.5,148,111,162,-11.6
422,Base-f462400,0-1,1.0,149,111,162,-10.7
423,New-c74a786,0-1,0.0,149,111,163,-11.5
425,New-c74a786,1-0,1.0,150,111,163,-10.7
424,Base-f462400,1/2-1/2,0.5,150,112,163,-10.6
426,Base-f462400,0-1,1.0,151,112,163,-9.8
428,Base-f462400,1/2-1/2,0.5,151,113,163,-9.8
427,New-c74a786,1-0,1.0,152,113,163,-8.9
429,New-c74a786,1/2-1/2,0.5,152,114,163,-8.9
431,New-c74a786,0-1,0.0,152,114,164,-9.7
435,New-c74a786,1/2-1/2,0.5,152,115,164,-9.7
432,Base-f462400,0-1,1.0,153,115,164,-8.8
433,New-c74a786,1-0,1.0,154,115,164,-8.0
434,Base-f462400,1/2-1/2,0.5,154,116,164,-8.0
430,Base-f462400,0-1,1.0,155,116,164,-7.2
436,Base-f462400,0-1,1.0,156,116,164,-6.4
439,New-c74a786,1/2-1/2,0.5,156,117,164,-6.4
437,New-c74a786,1/2-1/2,0.5,156,118,164,-6.3
438,Base-f462400,1-0,0.0,156,118,165,-7.1
441,New-c74a786,1-0,1.0,157,118,165,-6.3
440,Base-f462400,1-0,0.0,157,118,166,-7.1
442,Base-f462400,1-0,0.0,157,118,167,-7.9
443,New-c74a786,1-0,1.0,158,118,167,-7.1
444,Base-f462400,1-0,0.0,158,118,168,-7.8
451,New-c74a786,1-0,1.0,159,118,168,-7.0
445,New-c74a786,1-0,1.0,160,118,168,-6.2
449,New-c74a786,0-1,0.0,160,118,169,-7.0
446,Base-f462400,1/2-1/2,0.5,160,119,169,-7.0
447,New-c74a786,1-0,1.0,161,119,169,-6.2
450,Base-f462400,0-1,1.0,162,119,169,-5.4
448,Base-f462400,0-1,1.0,163,119,169,-4.6
452,Base-f462400,1/2-1/2,0.5,163,120,169,-4.6
453,New-c74a786,1-0,1.0,164,120,169,-3.8
455,New-c74a786,1/2-1/2,0.5,164,121,169,-3.8
456,Base-f462400,1-0,0.0,164,121,170,-4.6
454,Base-f462400,1-0,0.0,164,121,171,-5.3
459,New-c74a786,1-0,1.0,165,121,171,-4.6
458,Base-f462400,0-1,1.0,166,121,171,-3.8
457,New-c74a786,0-1,0.0,166,121,172,-4.5
460,Base-f462400,0-1,1.0,167,121,172,-3.8
464,Base-f462400,1-0,0.0,167,121,173,-4.5
468,Base-f462400,1/2-1/2,0.5,167,122,173,-4.5
461,New-c74a786,1-0,1.0,168,122,173,-3.8
467,New-c74a786,1/2-1/2,0.5,168,123,173,-3.7
463,New-c74a786,1-0,1.0,169,123,173,-3.0
462,Base-f462400,0-1,1.0,170,123,173,-2.2
471,New-c74a786,1/2-1/2,0.5,170,124,173,-2.2
465,New-c74a786,1/2-1/2,0.5,170,125,173,-2.2
472,Base-f462400,0-1,1.0,171,125,173,-1.5
474,Base-f462400,1/2-1/2,0.5,171,126,173,-1.5
466,Base-f462400,1-0,0.0,171,126,174,-2.2
469,New-c74a786,0-1,0.0,171,126,175,-2.9
470,Base-f462400,1/2-1/2,0.5,171,127,175,-2.9
473,New-c74a786,0-1,0.0,171,127,176,-3.7
475,New-c74a786,1-0,1.0,172,127,176,-2.9
481,New-c74a786,0-1,0.0,172,127,177,-3.6
477,New-c74a786,0-1,0.0,172,127,178,-4.4
480,Base-f462400,0-1,1.0,173,127,178,-3.6
482,Base-f462400,0-1,1.0,174,127,178,-2.9
476,Base-f462400,1-0,0.0,174,127,179,-3.6
478,Base-f462400,1-0,0.0,174,127,180,-4.3
479,New-c74a786,1/2-1/2,0.5,174,128,180,-4.3
483,New-c74a786,1-0,1.0,175,128,180,-3.6
487,New-c74a786,0-1,0.0,175,128,181,-4.3
486,Base-f462400,1-0,0.0,175,128,182,-5.0
485,New-c74a786,0-1,0.0,175,128,183,-5.7
484,Base-f462400,1/2-1/2,0.5,175,129,183,-5.7
488,Base-f462400,1/2-1/2,0.5,175,130,183,-5.7
490,Base-f462400,0-1,1.0,176,130,183,-5.0
489,New-c74a786,1-0,1.0,177,130,183,-4.3
491,New-c74a786,0-1,0.0,177,130,184,-5.0
492,Base-f462400,1/2-1/2,0.5,177,131,184,-4.9
493,New-c74a786,0-1,0.0,177,131,185,-5.6
494,Base-f462400,1-0,0.0,177,131,186,-6.3
495,New-c74a786,1-0,1.0,178,131,186,-5.6
496,Base-f462400,1-0,0.0,178,131,187,-6.3
497,New-c74a786,0-1,0.0,178,131,188,-7.0
499,New-c74a786,0-1,0.0,178,131,189,-7.7
502,Base-f462400,1-0,0.0,178,131,190,-8.4
501,New-c74a786,1-0,1.0,179,131,190,-7.6
500,Base-f462400,1-0,0.0,179,131,191,-8.3
503,New-c74a786,0-1,0.0,179,131,192,-9.0
498,Base-f462400,1-0,0.0,179,131,193,-9.7
504,Base-f462400,1-0,0.0,179,131,194,-10.3
505,New-c74a786,1-0,1.0,180,131,194,-9.6
506,Base-f462400,0-1,1.0,181,131,194,-8.9
507,New-c74a786,1-0,1.0,182,131,194,-8.2
508,Base-f462400,1-0,0.0,182,131,195,-8.9
510,Base-f462400,1-0,0.0,182,131,196,-9.6
511,New-c74a786,1-0,1.0,183,131,196,-8.9
509,New-c74a786,1/2-1/2,0.5,183,132,196,-8.8
512,Base-f462400,1-0,0.0,183,132,197,-9.5
513,New-c74a786,1-0,1.0,184,132,197,-8.8
514,Base-f462400,1-0,0.0,184,132,198,-9.5
516,Base-f462400,0-1,1.0,185,132,198,-8.8
520,Base-f462400,1-0,0.0,185,132,199,-9.4
519,New-c74a786,1/2-1/2,0.5,185,133,199,-9.4
517,New-c74a786,1-0,1.0,186,133,199,-8.7
518,Base-f462400,1-0,0.0,186,133,200,-9.4
515,New-c74a786,1-0,1.0,187,133,200,-8.7
525,New-c74a786,1/2-1/2,0.5,187,134,200,-8.7
521,New-c74a786,0-1,0.0,187,134,201,-9.3
522,Base-f462400,0-1,1.0,188,134,201,-8.6
523,New-c74a786,0-1,0.0,188,134,202,-9.3
524,Base-f462400,1-0,0.0,188,134,203,-9.9
526,Base-f462400,0-1,1.0,189,134,203,-9.2
527,New-c74a786,0-1,0.0,189,134,204,-9.9
532,Base-f462400,1-0,0.0,189,134,205,-10.5
529,New-c74a786,1-0,1.0,190,134,205,-9.9
531,New-c74a786,1/2-1/2,0.5,190,135,205,-9.8
528,Base-f462400,0-1,1.0,191,135,205,-9.2
533,New-c74a786,1-0,1.0,192,135,205,-8.5
530,Base-f462400,0-1,1.0,193,135,205,-7.8
534,Base-f462400,0-1,1.0,194,135,205,-7.2
535,New-c74a786,0-1,0.0,194,135,206,-7.8
537,New-c74a786,1-0,1.0,195,135,206,-7.1
536,Base-f462400,0-1,1.0,196,135,206,-6.5
538,Base-f462400,0-1,1.0,197,135,206,-5.8
539,New-c74a786,1/2-1/2,0.5,197,136,206,-5.8
541,New-c74a786,1/2-1/2,0.5,197,137,206,-5.8
543,New-c74a786,1-0,1.0,198,137,206,-5.1
542,Base-f462400,1-0,0.0,198,137,207,-5.8
540,Base-f462400,1-0,0.0,198,137,208,-6.4
544,Base-f462400,0-1,1.0,199,137,208,-5.7
546,Base-f462400,0-1,1.0,200,137,208,-5.1
545,New-c74a786,1-0,1.0,201,137,208,-4.5
547,New-c74a786,1/2-1/2,0.5,201,138,208,-4.4
549,New-c74a786,1/2-1/2,0.5,201,139,208,-4.4
548,Base-f462400,1-0,0.0,201,139,209,-5.1
551,New-c74a786,0-1,0.0,201,139,210,-5.7
552,Base-f462400,0-1,1.0,202,139,210,-5.0
553,New-c74a786,1-0,1.0,203,139,210,-4.4
550,Base-f462400,1-0,0.0,203,139,211,-5.0
554,Base-f462400,1-0,0.0,203,139,212,-5.6
555,New-c74a786,0-1,0.0,203,139,213,-6.3
558,Base-f462400,1/2-1/2,0.5,203,140,213,-6.2
556,Base-f462400,0-1,1.0,204,140,213,-5.6
559,New-c74a786,1/2-1/2,0.5,204,141,213,-5.6
557,New-c74a786,0-1,0.0,204,141,214,-6.2
560,Base-f462400,0-1,1.0,205,141,214,-5.6
563,New-c74a786,1-0,1.0,206,141,214,-5.0
562,Base-f462400,1-0,0.0,206,141,215,-5.6
561,New-c74a786,1/2-1/2,0.5,206,142,215,-5.6
564,Base-f462400,1/2-1/2,0.5,206,143,215,-5.5
566,Base-f462400,0-1,1.0,207,143,215,-4.9
565,New-c74a786,1-0,1.0,208,143,215,-4.3
570,Base-f462400,1-0,0.0,208,143,216,-4.9
569,New-c74a786,1/2-1/2,0.5,208,144,216,-4.9
567,New-c74a786,0-1,0.0,208,144,217,-5.5
568,Base-f462400,1-0,0.0,208,144,218,-6.1
572,Base-f462400,1-0,0.0,208,144,219,-6.7
571,New-c74a786,1-0,1.0,209,144,219,-6.1
574,Base-f462400,1-0,0.0,209,144,220,-6.7
576,Base-f462400,0-1,1.0,210,144,220,-6.1
573,New-c74a786,0-1,0.0,210,144,221,-6.6
575,New-c74a786,1-0,1.0,211,144,221,-6.0
577,New-c74a786,0-1,0.0,211,144,222,-6.6
579,New-c74a786,1-0,1.0,212,144,222,-6.0
580,Base-f462400,1-0,0.0,212,144,223,-6.6
578,Base-f462400,0-1,1.0,213,144,223,-6.0
583,New-c74a786,1-0,1.0,214,144,223,-5.4
581,New-c74a786,1-0,1.0,215,144,223,-4.8
582,Base-f462400,0-1,1.0,216,144,223,-4.2
585,New-c74a786,0-1,0.0,216,144,224,-4.8
584,Base-f462400,0-1,1.0,217,144,224,-4.2
587,New-c74a786,0-1,0.0,217,144,225,-4.7
586,Base-f462400,1/2-1/2,0.5,217,145,225,-4.7
588,Base-f462400,1/2-1/2,0.5,217,146,225,-4.7
591,New-c74a786,0-1,0.0,217,146,226,-5.3
589,New-c74a786,1/2-1/2,0.5,217,147,226,-5.3
590,Base-f462400,1-0,0.0,217,147,227,-5.9
592,Base-f462400,1-0,0.0,217,147,228,-6.5
593,New-c74a786,0-1,0.0,217,147,229,-7.0
594,Base-f462400,1-0,0.0,217,147,230,-7.6
595,New-c74a786,0-1,0.0,217,147,231,-8.2
596,Base-f462400,1-0,0.0,217,147,232,-8.7
599,New-c74a786,1/2-1/2,0.5,217,148,232,-8.7
597,New-c74a786,0-1,0.0,217,148,233,-9.3
601,New-c74a786,1/2-1/2,0.5,217,149,233,-9.3
598,Base-f462400,0-1,1.0,218,149,233,-8.7
600,Base-f462400,1/2-1/2,0.5,218,150,233,-8.7
602,Base-f462400,0-1,1.0,219,150,233,-8.1
604,Base-f462400,1/2-1/2,0.5,219,151,233,-8.1
603,New-c74a786,1-0,1.0,220,151,233,-7.5
608,Base-f462400,1/2-1/2,0.5,220,152,233,-7.5
606,Base-f462400,1-0,0.0,220,152,234,-8.0
605,New-c74a786,1-0,1.0,221,152,234,-7.4
607,New-c74a786,0-1,0.0,221,152,235,-8.0
609,New-c74a786,0-1,0.0,221,152,236,-8.6
610,Base-f462400,1/2-1/2,0.5,221,153,236,-8.5
611,New-c74a786,0-1,0.0,221,153,237,-9.1
612,Base-f462400,1-0,0.0,221,153,238,-9.7
615,New-c74a786,0-1,0.0,221,153,239,-10.2
614,Base-f462400,1/2-1/2,0.5,221,154,239,-10.2
613,New-c74a786,1-0,1.0,222,154,239,-9.6
618,Base-f462400,1-0,0.0,222,154,240,-10.2
616,Base-f462400,1-0,0.0,222,154,241,-10.7
619,New-c74a786,0-1,0.0,222,154,242,-11.2
617,New-c74a786,1-0,1.0,223,154,242,-10.7
620,Base-f462400,1/2-1/2,0.5,223,155,242,-10.7
621,New-c74a786,1/2-1/2,0.5,223,156,242,-10.6
622,Base-f462400,1-0,0.0,223,156,243,-11.2
623,New-c74a786,1-0,1.0,224,156,243,-10.6
624,Base-f462400,1-0,0.0,224,156,244,-11.1
627,New-c74a786,1/2-1/2,0.5,224,157,244,-11.1
626,Base-f462400,0-1,1.0,225,157,244,-10.5
625,New-c74a786,1-0,1.0,226,157,244,-10.0
628,Base-f462400,0-1,1.0,227,157,244,-9.4
629,New-c74a786,0-1,0.0,227,157,245,-9.9
630,Base-f462400,1-0,0.0,227,157,246,-10.5
631,New-c74a786,1/2-1/2,0.5,227,158,246,-10.5
635,New-c74a786,1-0,1.0,228,158,246,-9.9
632,Base-f462400,1/2-1/2,0.5,228,159,246,-9.9
633,New-c74a786,0-1,0.0,228,159,247,-10.4
637,New-c74a786,1/2-1/2,0.5,228,160,247,-10.4
634,Base-f462400,0-1,1.0,229,160,247,-9.8
636,Base-f462400,0-1,1.0,230,160,247,-9.3
638,Base-f462400,1/2-1/2,0.5,230,161,247,-9.3
639,New-c74a786,0-1,0.0,230,161,248,-9.8
640,Base-f462400,1-0,0.0,230,161,249,-10.3
641,New-c74a786,0-1,0.0,230,161,250,-10.8
645,New-c74a786,1/2-1/2,0.5,230,162,250,-10.8
647,New-c74a786,0-1,0.0,230,162,251,-11.4
643,New-c74a786,1-0,1.0,231,162,251,-10.8
646,Base-f462400,0-1,1.0,232,162,251,-10.2
644,Base-f462400,0-1,1.0,233,162,251,-9.7
642,Base-f462400,1/2-1/2,0.5,233,163,251,-9.7
649,New-c74a786,1-0,1.0,234,163,251,-9.1
654,Base-f462400,1-0,0.0,234,163,252,-9.6
651,New-c74a786,0-1,0.0,234,163,253,-10.2
652,Base-f462400,0-1,1.0,235,163,253,-9.6
653,New-c74a786,1-0,1.0,236,163,253,-9.1
648,Base-f462400,1/2-1/2,0.5,236,164,253,-9.0
655,New-c74a786,1-0,1.0,237,164,253,-8.5
650,Base-f462400,1/2-1/2,0.5,237,165,253,-8.5
657,New-c74a786,1-0,1.0,238,165,253,-7.9
656,Base-f462400,0-1,1.0,239,165,253,-7.4
660,Base-f462400,0-1,1.0,240,165,253,-6.9
658,Base-f462400,1-0,0.0,240,165,254,-7.4
659,New-c74a786,1/2-1/2,0.5,240,166,254,-7.4
661,New-c74a786,1/2-1/2,0.5,240,167,254,-7.4
663,New-c74a786,1-0,1.0,241,167,254,-6.8
662,Base-f462400,1-0,0.0,241,167,255,-7.3
665,New-c74a786,0-1,0.0,241,167,256,-7.9
664,Base-f462400,1-0,0.0,241,167,257,-8.4
667,New-c74a786,1-0,1.0,242,167,257,-7.8
668,Base-f462400,1/2-1/2,0.5,242,168,257,-7.8
666,Base-f462400,0-1,1.0,243,168,257,-7.3
671,New-c74a786,1/2-1/2,0.5,243,169,257,-7.3
670,Base-f462400,1-0,0.0,243,169,258,-7.8
669,New-c74a786,0-1,0.0,243,169,259,-8.3
673,New-c74a786,0-1,0.0,243,169,260,-8.8
672,Base-f462400,1-0,0.0,243,169,261,-9.3
676,Base-f462400,1-0,0.0,243,169,262,-9.8
674,Base-f462400,0-1,1.0,244,169,262,-9.3
677,New-c74a786,1-0,1.0,245,169,262,-8.7
675,New-c74a786,1-0,1.0,246,169,262,-8.2
678,Base-f462400,0-1,1.0,247,169,262,-7.7
679,New-c74a786,1-0,1.0,248,169,262,-7.2
680,Base-f462400,1-0,0.0,248,169,263,-7.7
682,Base-f462400,1-0,0.0,248,169,264,-8.2
681,New-c74a786,1-0,1.0,249,169,264,-7.6
683,New-c74a786,1-0,1.0,250,169,264,-7.1
685,New-c74a786,1-0,1.0,251,169,264,-6.6
690,Base-f462400,1/2-1/2,0.5,251,170,264,-6.6
687,New-c74a786,1/2-1/2,0.5,251,171,264,-6.6
688,Base-f462400,0-1,1.0,252,171,264,-6.1
684,Base-f462400,1/2-1/2,0.5,252,172,264,-6.1
686,Base-f462400,1/2-1/2,0.5,252,173,264,-6.1
689,New-c74a786,1-0,1.0,253,173,264,-5.5
691,New-c74a786,1-0,1.0,254,173,264,-5.0
692,Base-f462400,0-1,1.0,255,173,264,-4.5
693,New-c74a786,1/2-1/2,0.5,255,174,264,-4.5
695,New-c74a786,1-0,1.0,256,174,264,-4.0
696,Base-f462400,0-1,1.0,257,174,264,-3.5
694,Base-f462400,1-0,0.0,257,174,265,-4.0
697,New-c74a786,0-1,0.0,257,174,266,-4.5
698,Base-f462400,0-1,1.0,258,174,266,-4.0
700,Base-f462400,1-0,0.0,258,174,267,-4.5
699,New-c74a786,0-1,0.0,258,174,268,-5.0
703,New-c74a786,1/2-1/2,0.5,258,175,268,-5.0
704,Base-f462400,1/2-1/2,0.5,258,176,268,-4.9
702,Base-f462400,1-0,0.0,258,176,269,-5.4
701,New-c74a786,1-0,1.0,259,176,269,-4.9
705,New-c74a786,1/2-1/2,0.5,259,177,269,-4.9
706,Base-f462400,1/2-1/2,0.5,259,178,269,-4.9
707,New-c74a786,1-0,1.0,260,178,269,-4.4
708,Base-f462400,1-0,0.0,260,178,270,-4.9
710,Base-f462400,0-1,1.0,261,178,270,-4.4
712,Base-f462400,1-0,0.0,261,178,271,-4.9
711,New-c74a786,1/2-1/2,0.5,261,179,271,-4.9
709,New-c74a786,1/2-1/2,0.5,261,180,271,-4.9
713,New-c74a786,0-1,0.0,261,180,272,-5.4
715,New-c74a786,1-0,1.0,262,180,272,-4.9
714,Base-f462400,0-1,1.0,263,180,272,-4.4
716,Base-f462400,1/2-1/2,0.5,263,181,272,-4.4
718,Base-f462400,0-1,1.0,264,181,272,-3.9
721,New-c74a786,1-0,1.0,265,181,272,-3.4
720,Base-f462400,0-1,1.0,266,181,272,-2.9
719,New-c74a786,1-0,1.0,267,181,272,-2.4
717,New-c74a786,0-1,0.0,267,181,273,-2.9
723,New-c74a786,1/2-1/2,0.5,267,182,273,-2.9
727,New-c74a786,1/2-1/2,0.5,267,183,273,-2.9
724,Base-f462400,0-1,1.0,268,183,273,-2.4
728,Base-f462400,1-0,0.0,268,183,274,-2.9
726,Base-f462400,1-0,0.0,268,183,275,-3.4
722,Base-f462400,1/2-1/2,0.5,268,184,275,-3.3
725,New-c74a786,0-1,0.0,268,184,276,-3.8
729,New-c74a786,0-1,0.0,268,184,277,-4.3
736,Base-f462400,0-1,1.0,269,184,277,-3.8
730,Base-f462400,0-1,1.0,270,184,277,-3.3
732,Base-f462400,1-0,0.0,270,184,278,-3.8
734,Base-f462400,1/2-1/2,0.5,270,185,278,-3.8
731,New-c74a786,1/2-1/2,0.5,270,186,278,-3.8
733,New-c74a786,1-0,1.0,271,186,278,-3.3
735,New-c74a786,0-1,0.0,271,186,279,-3.8
743,New-c74a786,1/2-1/2,0.5,271,187,279,-3.8
738,Base-f462400,1-0,0.0,271,187,280,-4.2
737,New-c74a786,1-0,1.0,272,187,280,-3.8
739,New-c74a786,0-1,0.0,272,187,281,-4.2
740,Base-f462400,1-0,0.0,272,187,282,-4.7
744,Base-f462400,0-1,1.0,273,187,282,-4.2
741,New-c74a786,0-1,0.0,273,187,283,-4.7
746,Base-f462400,0-1,1.0,274,187,283,-4.2
742,Base-f462400,1-0,0.0,274,187,284,-4.7
745,New-c74a786,1/2-1/2,0.5,274,188,284,-4.7
748,Base-f462400,1/2-1/2,0.5,274,189,284,-4.7
749,New-c74a786,1/2-1/2,0.5,274,190,284,-4.6
747,New-c74a786,1/2-1/2,0.5,274,191,284,-4.6
753,New-c74a786,1-0,1.0,275,191,284,-4.2
751,New-c74a786,1-0,1.0,276,191,284,-3.7
750,Base-f462400,0-1,1.0,277,191,284,-3.2
752,Base-f462400,0-1,1.0,278,191,284,-2.8
754,Base-f462400,1-0,0.0,278,191,285,-3.2
755,New-c74a786,1-0,1.0,279,191,285,-2.8
758,Base-f462400,1/2-1/2,0.5,279,192,285,-2.8
760,Base-f462400,1/2-1/2,0.5,279,193,285,-2.8
756,Base-f462400,1-0,0.0,279,193,286,-3.2
757,New-c74a786,1-0,1.0,280,193,286,-2.7
762,Base-f462400,1-0,0.0,280,193,287,-3.2
763,New-c74a786,0-1,0.0,280,193,288,-3.7
761,New-c74a786,0-1,0.0,280,193,289,-4.1
759,New-c74a786,0-1,0.0,280,193,290,-4.6
766,Base-f462400,1-0,0.0,280,193,291,-5.0
765,New-c74a786,1-0,1.0,281,193,291,-4.5
764,Base-f462400,0-1,1.0,282,193,291,-4.1
767,New-c74a786,1-0,1.0,283,193,291,-3.6
769,New-c74a786,1/2-1/2,0.5,283,194,291,-3.6
770,Base-f462400,0-1,1.0,284,194,291,-3.2
768,Base-f462400,1-0,0.0,284,194,292,-3.6
771,New-c74a786,0-1,0.0,284,194,293,-4.1
773,New-c74a786,0-1,0.0,284,194,294,-4.5
772,Base-f462400,1-0,0.0,284,194,295,-4.9
776,Base-f462400,0-1,1.0,285,194,295,-4.5
775,New-c74a786,1-0,1.0,286,194,295,-4.0
774,Base-f462400,1-0,0.0,286,194,296,-4.5
779,New-c74a786,1/2-1/2,0.5,286,195,296,-4.5
778,Base-f462400,1/2-1/2,0.5,286,196,296,-4.5
777,New-c74a786,1-0,1.0,287,196,296,-4.0
780,Base-f462400,1-0,0.0,287,196,297,-4.5
781,New-c74a786,0-1,0.0,287,196,298,-4.9
784,Base-f462400,0-1,1.0,288,196,298,-4.4
783,New-c74a786,0-1,0.0,288,196,299,-4.9
782,Base-f462400,1/2-1/2,0.5,288,197,299,-4.9
785,New-c74a786,1/2-1/2,0.5,288,198,299,-4.9
786,Base-f462400,1-0,0.0,288,198,300,-5.3
789,New-c74a786,0-1,0.0,288,198,301,-5.7
788,Base-f462400,0-1,1.0,289,198,301,-5.3
790,Base-f462400,1/2-1/2,0.5,289,199,301,-5.3
787,New-c74a786,0-1,0.0,289,199,302,-5.7
792,Base-f462400,1-0,0.0,289,199,303,-6.1
793,New-c74a786,1-0,1.0,290,199,303,-5.7
794,Base-f462400,1-0,0.0,290,199,304,-6.1
791,New-c74a786,0-1,0.0,290,199,305,-6.6
795,New-c74a786,0-1,0.0,290,199,306,-7.0
796,Base-f462400,0-1,1.0,291,199,306,-6.5
797,New-c74a786,0-1,0.0,291,199,307,-7.0
798,Base-f462400,0-1,1.0,292,199,307,-6.5
800,Base-f462400,1/2-1/2,0.5,292,200,307,-6.5
799,New-c74a786,1-0,1.0,293,200,307,-6.1
804,Base-f462400,1-0,0.0,293,200,308,-6.5
802,Base-f462400,0-1,1.0,294,200,308,-6.1
805,New-c74a786,1-0,1.0,295,200,308,-5.6
803,New-c74a786,1/2-1/2,0.5,295,201,308,-5.6
801,New-c74a786,0-1,0.0,295,201,309,-6.0
808,Base-f462400,0-1,1.0,296,201,309,-5.6
806,Base-f462400,1-0,0.0,296,201,310,-6.0
807,New-c74a786,1-0,1.0,297,201,310,-5.6
811,New-c74a786,1-0,1.0,298,201,310,-5.2
810,Base-f462400,1/2-1/2,0.5,298,202,310,-5.1
809,New-c74a786,1-0,1.0,299,202,310,-4.7
815,New-c74a786,1/2-1/2,0.5,299,203,310,-4.7
812,Base-f462400,0-1,1.0,300,203,310,-4.3
816,Base-f462400,1-0,0.0,300,203,311,-4.7
814,Base-f462400,1-0,0.0,300,203,312,-5.1
813,New-c74a786,1/2-1/2,0.5,300,204,312,-5.1
818,Base-f462400,1/2-1/2,0.5,300,205,312,-5.1
820,Base-f462400,1-0,0.0,300,205,313,-5.5
817,New-c74a786,1-0,1.0,301,205,313,-5.1
819,New-c74a786,0-1,0.0,301,205,314,-5.5
822,Base-f462400,1-0,0.0,301,205,315,-5.9
821,New-c74a786,1/2-1/2,0.5,301,206,315,-5.9
826,Base-f462400,1-0,0.0,301,206,316,-6.3
824,Base-f462400,0-1,1.0,302,206,316,-5.9
825,New-c74a786,1/2-1/2,0.5,302,207,316,-5.9
827,New-c74a786,1-0,1.0,303,207,316,-5.5
828,Base-f462400,1-0,0.0,303,207,317,-5.9
823,New-c74a786,0-1,0.0,303,207,318,-6.3
831,New-c74a786,0-1,0.0,303,207,319,-6.7
830,Base-f462400,0-1,1.0,304,207,319,-6.3
832,Base-f462400,1-0,0.0,304,207,320,-6.7
837,New-c74a786,1/2-1/2,0.5,304,208,320,-6.7
833,New-c74a786,1/2-1/2,0.5,304,209,320,-6.7
834,Base-f462400,0-1,1.0,305,209,320,-6.2
835,New-c74a786,0-1,0.0,305,209,321,-6.7
829,New-c74a786,1/2-1/2,0.5,305,210,321,-6.7
836,Base-f462400,1-0,0.0,305,210,322,-7.1
838,Base-f462400,1-0,0.0,305,210,323,-7.5
840,Base-f462400,1/2-1/2,0.5,305,211,323,-7.5
839,New-c74a786,1-0,1.0,306,211,323,-7.0
844,Base-f462400,1/2-1/2,0.5,306,212,323,-7.0
841,New-c74a786,1-0,1.0,307,212,323,-6.6
842,Base-f462400,0-1,1.0,308,212,323,-6.2
845,New-c74a786,1-0,1.0,309,212,323,-5.8
846,Base-f462400,0-1,1.0,310,212,323,-5.3
843,New-c74a786,1/2-1/2,0.5,310,213,323,-5.3
848,Base-f462400,1/2-1/2,0.5,310,214,323,-5.3
847,New-c74a786,1-0,1.0,311,214,323,-4.9
853,New-c74a786,0-1,0.0,311,214,324,-5.3
851,New-c74a786,0-1,0.0,311,214,325,-5.7
849,New-c74a786,1-0,1.0,312,214,325,-5.3
852,Base-f462400,1/2-1/2,0.5,312,215,325,-5.3
854,Base-f462400,1-0,0.0,312,215,326,-5.7
856,Base-f462400,1-0,0.0,312,215,327,-6.1
855,New-c74a786,0-1,0.0,312,215,328,-6.5
850,Base-f462400,1/2-1/2,0.5,312,216,328,-6.5
857,New-c74a786,1/2-1/2,0.5,312,217,328,-6.5
858,Base-f462400,1/2-1/2,0.5,312,218,328,-6.5
861,New-c74a786,1/2-1/2,0.5,312,219,328,-6.5
862,Base-f462400,1/2-1/2,0.5,312,220,328,-6.5
859,New-c74a786,1-0,1.0,313,220,328,-6.1
860,Base-f462400,1/2-1/2,0.5,313,221,328,-6.0
868,Base-f462400,1-0,0.0,313,221,329,-6.4
864,Base-f462400,1/2-1/2,0.5,313,222,329,-6.4
865,New-c74a786,1-0,1.0,314,222,329,-6.0
863,New-c74a786,1/2-1/2,0.5,314,223,329,-6.0
866,Base-f462400,1/2-1/2,0.5,314,224,329,-6.0
867,New-c74a786,1/2-1/2,0.5,314,225,329,-6.0
869,New-c74a786,0-1,0.0,314,225,330,-6.4
871,New-c74a786,1-0,1.0,315,225,330,-6.0
870,Base-f462400,1-0,0.0,315,225,331,-6.4
872,Base-f462400,0-1,1.0,316,225,331,-6.0
874,Base-f462400,1/2-1/2,0.5,316,226,331,-6.0
876,Base-f462400,0-1,1.0,317,226,331,-5.6
873,New-c74a786,1-0,1.0,318,226,331,-5.2
875,New-c74a786,0-1,0.0,318,226,332,-5.6
878,Base-f462400,1-0,0.0,318,226,333,-5.9
877,New-c74a786,1-0,1.0,319,226,333,-5.5
879,New-c74a786,1-0,1.0,320,226,333,-5.1
880,Base-f462400,0-1,1.0,321,226,333,-4.7
881,New-c74a786,0-1,0.0,321,226,334,-5.1
883,New-c74a786,0-1,0.0,321,226,335,-5.5
882,Base-f462400,1/2-1/2,0.5,321,227,335,-5.5
884,Base-f462400,1-0,0.0,321,227,336,-5.9
885,New-c74a786,0-1,0.0,321,227,337,-6.3
886,Base-f462400,1-0,0.0,321,227,338,-6.7
889,New-c74a786,1/2-1/2,0.5,321,228,338,-6.7
892,Base-f462400,1-0,0.0,321,228,339,-7.0
890,Base-f462400,0-1,1.0,322,228,339,-6.6
888,Base-f462400,1-0,0.0,322,228,340,-7.0
887,New-c74a786,1-0,1.0,323,228,340,-6.6
894,Base-f462400,1/2-1/2,0.5,323,229,340,-6.6
891,New-c74a786,1-0,1.0,324,229,340,-6.2
897,New-c74a786,1/2-1/2,0.5,324,230,340,-6.2
898,Base-f462400,1-0,0.0,324,230,341,-6.6
893,New-c74a786,0-1,0.0,324,230,342,-7.0
896,Base-f462400,0-1,1.0,325,230,342,-6.6
899,New-c74a786,1-0,1.0,326,230,342,-6.2
895,New-c74a786,1-0,1.0,327,230,342,-5.8
900,Base-f462400,1-0,0.0,327,230,343,-6.2
901,New-c74a786,1-0,1.0,328,230,343,-5.8
902,Base-f462400,1-0,0.0,328,230,344,-6.2
903,New-c74a786,0-1,0.0,328,230,345,-6.5
904,Base-f462400,1-0,0.0,328,230,346,-6.9
906,Base-f462400,0-1,1.0,329,230,346,-6.5
908,Base-f462400,1/2-1/2,0.5,329,231,346,-6.5
907,New-c74a786,1-0,1.0,330,231,346,-6.1
905,New-c74a786,1/2-1/2,0.5,330,232,346,-6.1
910,Base-f462400,1/2-1/2,0.5,330,233,346,-6.1
911,New-c74a786,1-0,1.0,331,233,346,-5.7
909,New-c74a786,1/2-1/2,0.5,331,234,346,-5.7
913,New-c74a786,0-1,0.0,331,234,347,-6.1
912,Base-f462400,1-0,0.0,331,234,348,-6.5
915,New-c74a786,1-0,1.0,332,234,348,-6.1
916,Base-f462400,0-1,1.0,333,234,348,-5.7
914,Base-f462400,1-0,0.0,333,234,349,-6.1
918,Base-f462400,1-0,0.0,333,234,350,-6.4
917,New-c74a786,1-0,1.0,334,234,350,-6.1
920,Base-f462400,0-1,1.0,335,234,350,-5.7
923,New-c74a786,1-0,1.0,336,234,350,-5.3
924,Base-f462400,1-0,0.0,336,234,351,-5.7
929,New-c74a786,0-1,0.0,336,234,352,-6.0
930,Base-f462400,0-1,1.0,337,234,352,-5.6
919,New-c74a786,0-1,0.0,337,234,353,-6.0
926,Base-f462400,1/2-1/2,0.5,337,235,353,-6.0
922,Base-f462400,1/2-1/2,0.5,337,236,353,-6.0
921,New-c74a786,1/2-1/2,0.5,337,237,353,-6.0
925,New-c74a786,1-0,1.0,338,237,353,-5.6
928,Base-f462400,1/2-1/2,0.5,338,238,353,-5.6
927,New-c74a786,0-1,0.0,338,238,354,-6.0
934,Base-f462400,0-1,1.0,339,238,354,-5.6
932,Base-f462400,1-0,0.0,339,238,355,-6.0
931,New-c74a786,0-1,0.0,339,238,356,-6.3
933,New-c74a786,0-1,0.0,339,238,357,-6.7
935,New-c74a786,1-0,1.0,340,238,357,-6.3
936,Base-f462400,1/2-1/2,0.5,340,239,357,-6.3
938,Base-f462400,1-0,0.0,340,239,358,-6.7
937,New-c74a786,1-0,1.0,341,239,358,-6.3
939,New-c74a786,1/2-1/2,0.5,341,240,358,-6.3
943,New-c74a786,1-0,1.0,342,240,358,-5.9
942,Base-f462400,0-1,1.0,343,240,358,-5.5
944,Base-f462400,1-0,0.0,343,240,359,-5.9
940,Base-f462400,1/2-1/2,0.5,343,241,359,-5.9
941,New-c74a786,0-1,0.0,343,241,360,-6.3
951,New-c74a786,1/2-1/2,0.5,343,242,360,-6.3
947,New-c74a786,0-1,0.0,343,242,361,-6.6
946,Base-f462400,0-1,1.0,344,242,361,-6.2
948,Base-f462400,0-1,1.0,345,242,361,-5.9
949,New-c74a786,1-0,1.0,346,242,361,-5.5
945,New-c74a786,1/2-1/2,0.5,346,243,361,-5.5
952,Base-f462400,0-1,1.0,347,243,361,-5.1
950,Base-f462400,1/2-1/2,0.5,347,244,361,-5.1
953,New-c74a786,1-0,1.0,348,244,361,-4.7
954,Base-f462400,1-0,0.0,348,244,362,-5.1
957,New-c74a786,1-0,1.0,349,244,362,-4.7
955,New-c74a786,1/2-1/2,0.5,349,245,362,-4.7
958,Base-f462400,1/2-1/2,0.5,349,246,362,-4.7
959,New-c74a786,0-1,0.0,349,246,363,-5.1
961,New-c74a786,0-1,0.0,349,246,364,-5.4
960,Base-f462400,1/2-1/2,0.5,349,247,364,-5.4
956,Base-f462400,1-0,0.0,349,247,365,-5.8
962,Base-f462400,1-0,0.0,349,247,366,-6.1
963,New-c74a786,1-0,1.0,350,247,366,-5.8
964,Base-f462400,1/2-1/2,0.5,350,248,366,-5.8
967,New-c74a786,0-1,0.0,350,248,367,-6.1
966,Base-f462400,1-0,0.0,350,248,368,-6.5
965,New-c74a786,1-0,1.0,351,248,368,-6.1
969,New-c74a786,1/2-1/2,0.5,351,249,368,-6.1
968,Base-f462400,0-1,1.0,352,249,368,-5.7
970,Base-f462400,0-1,1.0,353,249,368,-5.4
971,New-c74a786,1/2-1/2,0.5,353,250,368,-5.4
975,New-c74a786,0-1,0.0,353,250,369,-5.7
972,Base-f462400,1/2-1/2,0.5,353,251,369,-5.7
974,Base-f462400,1-0,0.0,353,251,370,-6.1
979,New-c74a786,1-0,1.0,354,251,370,-5.7
973,New-c74a786,1/2-1/2,0.5,354,252,370,-5.7
977,New-c74a786,0-1,0.0,354,252,371,-6.0
978,Base-f462400,1-0,0.0,354,252,372,-6.4
976,Base-f462400,1/2-1/2,0.5,354,253,372,-6.4
984,Base-f462400,1-0,0.0,354,253,373,-6.7
982,Base-f462400,0-1,1.0,355,253,373,-6.4
980,Base-f462400,1-0,0.0,355,253,374,-6.7
981,New-c74a786,1-0,1.0,356,253,374,-6.4
983,New-c74a786,1/2-1/2,0.5,356,254,374,-6.4
985,New-c74a786,0-1,0.0,356,254,375,-6.7
986,Base-f462400,0-1,1.0,357,254,375,-6.3
987,New-c74a786,1-0,1.0,358,254,375,-6.0
989,New-c74a786,1-0,1.0,359,254,375,-5.6
990,Base-f462400,0-1,1.0,360,254,375,-5.3
988,Base-f462400,0-1,1.0,361,254,375,-4.9
992,Base-f462400,0-1,1.0,362,254,375,-4.6
991,New-c74a786,1-0,1.0,363,254,375,-4.2
994,Base-f462400,1/2-1/2,0.5,363,255,375,-4.2
995,New-c74a786,1-0,1.0,364,255,375,-3.8
993,New-c74a786,1-0,1.0,365,255,375,-3.5
996,Base-f462400,1-0,0.0,365,255,376,-3.8
997,New-c74a786,1/2-1/2,0.5,365,256,376,-3.8
999,New-c74a786,1-0,1.0,366,256,376,-3.5
998,Base-f462400,1-0,0.0,366,256,377,-3.8
1000,Base-f462400,0-1,1.0,367,256,377,-3.5
1001,New-c74a786,1/2-1/2,0.5,367,257,377,-3.5
1005,New-c74a786,1-0,1.0,368,257,377,-3.1
1002,Base-f462400,1-0,0.0,368,257,378,-3.5
1006,Base-f462400,0-1,1.0,369,257,378,-3.1
1004,Base-f462400,1/2-1/2,0.5,369,258,378,-3.1
1003,New-c74a786,0-1,0.0,369,258,379,-3.5
1009,New-c74a786,1-0,1.0,370,258,379,-3.1
1008,Base-f462400,0-1,1.0,371,258,379,-2.8
1007,New-c74a786,1/2-1/2,0.5,371,259,379,-2.8
1011,New-c74a786,0-1,0.0,371,259,380,-3.1
1010,Base-f462400,1/2-1/2,0.5,371,260,380,-3.1
1015,New-c74a786,0-1,0.0,371,260,381,-3.4
1013,New-c74a786,0-1,0.0,371,260,382,-3.8
1014,Base-f462400,1-0,0.0,371,260,383,-4.1
1012,Base-f462400,1/2-1/2,0.5,371,261,383,-4.1
1017,New-c74a786,1-0,1.0,372,261,383,-3.8
1016,Base-f462400,1/2-1/2,0.5,372,262,383,-3.8
1018,Base-f462400,1/2-1/2,0.5,372,263,383,-3.8
1019,New-c74a786,1-0,1.0,373,263,383,-3.4
1020,Base-f462400,1-0,0.0,373,263,384,-3.7
1021,New-c74a786,1-0,1.0,374,263,384,-3.4
1022,Base-f462400,0-1,1.0,375,263,384,-3.1
1023,New-c74a786,1/2-1/2,0.5,375,264,384,-3.1
1024,Base-f462400,1-0,0.0,375,264,385,-3.4
1025,New-c74a786,0-1,0.0,375,264,386,-3.7
1027,New-c74a786,1-0,1.0,376,264,386,-3.4
1028,Base-f462400,1-0,0.0,376,264,387,-3.7
1026,Base-f462400,1-0,0.0,376,264,388,-4.1
1031,New-c74a786,1-0,1.0,377,264,388,-3.7
1029,New-c74a786,0-1,0.0,377,264,389,-4.0
1033,New-c74a786,1/2-1/2,0.5,377,265,389,-4.0
1032,Base-f462400,0-1,1.0,378,265,389,-3.7
1034,Base-f462400,0-1,1.0,379,265,389,-3.4
1035,New-c74a786,1/2-1/2,0.5,379,266,389,-3.4
1030,Base-f462400,1/2-1/2,0.5,379,267,389,-3.4
1036,Base-f462400,1-0,0.0,379,267,390,-3.7
1038,Base-f462400,0-1,1.0,380,267,390,-3.4
1039,New-c74a786,0-1,0.0,380,267,391,-3.7
1037,New-c74a786,1/2-1/2,0.5,380,268,391,-3.7
1040,Base-f462400,0-1,1.0,381,268,391,-3.3
1041,New-c74a786,1-0,1.0,382,268,391,-3.0
1044,Base-f462400,1/2-1/2,0.5,382,269,391,-3.0
1042,Base-f462400,1-0,0.0,382,269,392,-3.3
1043,New-c74a786,1-0,1.0,383,269,392,-3.0
1046,Base-f462400,1-0,0.0,383,269,393,-3.3
1047,New-c74a786,1-0,1.0,384,269,393,-3.0
1045,New-c74a786,1/2-1/2,0.5,384,270,393,-3.0
1050,Base-f462400,1-0,0.0,384,270,394,-3.3
1051,New-c74a786,1/2-1/2,0.5,384,271,394,-3.3
1049,New-c74a786,1-0,1.0,385,271,394,-3.0
1048,Base-f462400,0-1,1.0,386,271,394,-2.6
1052,Base-f462400,1-0,0.0,386,271,395,-3.0
1053,New-c74a786,0-1,0.0,386,271,396,-3.3
1054,Base-f462400,1/2-1/2,0.5,386,272,396,-3.3
1056,Base-f462400,0-1,1.0,387,272,396,-3.0
1055,New-c74a786,1-0,1.0,388,272,396,-2.6
1057,New-c74a786,1-0,1.0,389,272,396,-2.3
1058,Base-f462400,1/2-1/2,0.5,389,273,396,-2.3
1063,New-c74a786,1-0,1.0,390,273,396,-2.0
1059,New-c74a786,0-1,0.0,390,273,397,-2.3
1062,Base-f462400,0-1,1.0,391,273,397,-2.0
1060,Base-f462400,0-1,1.0,392,273,397,-1.6
1061,New-c74a786,1-0,1.0,393,273,397,-1.3
1064,Base-f462400,1-0,0.0,393,273,398,-1.6
1065,New-c74a786,1/2-1/2,0.5,393,274,398,-1.6
1066,Base-f462400,1/2-1/2,0.5,393,275,398,-1.6
1068,Base-f462400,1-0,0.0,393,275,399,-2.0
1067,New-c74a786,1-0,1.0,394,275,399,-1.6
1071,New-c74a786,0-1,0.0,394,275,400,-2.0
1070,Base-f462400,1-0,0.0,394,275,401,-2.3
1072,Base-f462400,0-1,1.0,395,275,401,-1.9
1069,New-c74a786,1/2-1/2,0.5,395,276,401,-1.9
1073,New-c74a786,1/2-1/2,0.5,395,277,401,-1.9
1076,Base-f462400,1-0,0.0,395,277,402,-2.3
1074,Base-f462400,1-0,0.0,395,277,403,-2.6
1077,New-c74a786,1-0,1.0,396,277,403,-2.3
1075,New-c74a786,1/2-1/2,0.5,396,278,403,-2.3
1078,Base-f462400,0-1,1.0,397,278,403,-1.9
1080,Base-f462400,1/2-1/2,0.5,397,279,403,-1.9
1081,New-c74a786,0-1,0.0,397,279,404,-2.3
1083,New-c74a786,1-0,1.0,398,279,404,-1.9
1079,New-c74a786,1/2-1/2,0.5,398,280,404,-1.9
1085,New-c74a786,0-1,0.0,398,280,405,-2.2
1082,Base-f462400,1/2-1/2,0.5,398,281,405,-2.2
1084,Base-f462400,1-0,0.0,398,281,406,-2.6
1087,New-c74a786,1/2-1/2,0.5,398,282,406,-2.6
1092,Base-f462400,1/2-1/2,0.5,398,283,406,-2.6
1090,Base-f462400,0-1,1.0,399,283,406,-2.2
1086,Base-f462400,1-0,0.0,399,283,407,-2.6
1088,Base-f462400,1-0,0.0,399,283,408,-2.9
1089,New-c74a786,1-0,1.0,400,283,408,-2.5
1091,New-c74a786,0-1,0.0,400,283,409,-2.9
1096,Base-f462400,0-1,1.0,401,283,409,-2.5
1097,New-c74a786,1-0,1.0,402,283,409,-2.2
1094,Base-f462400,0-1,1.0,403,283,409,-1.9
1099,New-c74a786,1-0,1.0,404,283,409,-1.6
1100,Base-f462400,1-0,0.0,404,283,410,-1.9
1093,New-c74a786,1/2-1/2,0.5,404,284,410,-1.9
1095,New-c74a786,1/2-1/2,0.5,404,285,410,-1.9
1098,Base-f462400,1-0,0.0,404,285,411,-2.2
1101,New-c74a786,1-0,1.0,405,285,411,-1.9
1102,Base-f462400,1-0,0.0,405,285,412,-2.2
1105,New-c74a786,1-0,1.0,406,285,412,-1.9
1103,New-c74a786,1-0,1.0,407,285,412,-1.6
1107,New-c74a786,0-1,0.0,407,285,413,-1.9
1104,Base-f462400,1/2-1/2,0.5,407,286,413,-1.9
1106,Base-f462400,0-1,1.0,408,286,413,-1.6
1108,Base-f462400,1/2-1/2,0.5,408,287,413,-1.6
1109,New-c74a786,0-1,0.0,408,287,414,-1.9
1110,Base-f462400,1-0,0.0,408,287,415,-2.2
1111,New-c74a786,1-0,1.0,409,287,415,-1.9
1112,Base-f462400,1-0,0.0,409,287,416,-2.2
1113,New-c74a786,0-1,0.0,409,287,417,-2.5
1116,Base-f462400,1-0,0.0,409,287,418,-2.8
1117,New-c74a786,0-1,0.0,409,287,419,-3.1
1114,Base-f462400,0-1,1.0,410,287,419,-2.8
1115,New-c74a786,1-0,1.0,411,287,419,-2.5
1119,New-c74a786,0-1,0.0,411,287,420,-2.8
1120,Base-f462400,1/2-1/2,0.5,411,288,420,-2.8
1118,Base-f462400,1-0,0.0,411,288,421,-3.1
1122,Base-f462400,1-0,0.0,411,288,422,-3.4
1124,Base-f462400,1-0,0.0,411,288,423,-3.7
1123,New-c74a786,1-0,1.0,412,288,423,-3.4
1125,New-c74a786,0-1,0.0,412,288,424,-3.7
1121,New-c74a786,1-0,1.0,413,288,424,-3.4
1128,Base-f462400,0-1,1.0,414,288,424,-3.1
1127,New-c74a786,0-1,0.0,414,288,425,-3.4
1129,New-c74a786,0-1,0.0,414,288,426,-3.7
1126,Base-f462400,1-0,0.0,414,288,427,-4.0
1130,Base-f462400,0-1,1.0,415,288,427,-3.7
1134,Base-f462400,1/2-1/2,0.5,415,289,427,-3.7
1131,New-c74a786,1/2-1/2,0.5,415,290,427,-3.7
1132,Base-f462400,1-0,0.0,415,290,428,-4.0
1136,Base-f462400,1/2-1/2,0.5,415,291,428,-4.0
1133,New-c74a786,1-0,1.0,416,291,428,-3.7
1135,New-c74a786,0-1,0.0,416,291,429,-4.0
1137,New-c74a786,1-0,1.0,417,291,429,-3.7
1141,New-c74a786,1/2-1/2,0.5,417,292,429,-3.7
1138,Base-f462400,1-0,0.0,417,292,430,-4.0
1139,New-c74a786,1-0,1.0,418,292,430,-3.7
1143,New-c74a786,1/2-1/2,0.5,418,293,430,-3.7
1140,Base-f462400,1-0,0.0,418,293,431,-4.0
1144,Base-f462400,1/2-1/2,0.5,418,294,431,-4.0
1145,New-c74a786,1-0,1.0,419,294,431,-3.6
1142,Base-f462400,0-1,1.0,420,294,431,-3.3
1148,Base-f462400,0-1,1.0,421,294,431,-3.0
1146,Base-f462400,1-0,0.0,421,294,432,-3.3
1151,New-c74a786,1-0,1.0,422,294,432,-3.0
1147,New-c74a786,1-0,1.0,423,294,432,-2.7
1153,New-c74a786,1-0,1.0,424,294,432,-2.4
1149,New-c74a786,1-0,1.0,425,294,432,-2.1
1152,Base-f462400,1/2-1/2,0.5,425,295,432,-2.1
1150,Base-f462400,1/2-1/2,0.5,425,296,432,-2.1
1154,Base-f462400,0-1,1.0,426,296,432,-1.8
1155,New-c74a786,1/2-1/2,0.5,426,297,432,-1.8
1157,New-c74a786,0-1,0.0,426,297,433,-2.1
1156,Base-f462400,0-1,1.0,427,297,433,-1.8
1158,Base-f462400,1-0,0.0,427,297,434,-2.1
1160,Base-f462400,1-0,0.0,427,297,435,-2.4
1159,New-c74a786,1-0,1.0,428,297,435,-2.1
1161,New-c74a786,1-0,1.0,429,297,435,-1.8
1162,Base-f462400,1-0,0.0,429,297,436,-2.1
1163,New-c74a786,1-0,1.0,430,297,436,-1.8
1164,Base-f462400,1/2-1/2,0.5,430,298,436,-1.8
1165,New-c74a786,1-0,1.0,431,298,436,-1.5
1166,Base-f462400,1/2-1/2,0.5,431,299,436,-1.5
1167,New-c74a786,0-1,0.0,431,299,437,-1.8
1168,Base-f462400,1/2-1/2,0.5,431,300,437,-1.8
1170,Base-f462400,1-0,0.0,431,300,438,-2.1
1169,New-c74a786,0-1,0.0,431,300,439,-2.4
1171,New-c74a786,1/2-1/2,0.5,431,301,439,-2.4
1173,New-c74a786,1/2-1/2,0.5,431,302,439,-2.4
1172,Base-f462400,0-1,1.0,432,302,439,-2.1
1174,Base-f462400,1-0,0.0,432,302,440,-2.4
1176,Base-f462400,1-0,0.0,432,302,441,-2.7
1175,New-c74a786,1-0,1.0,433,302,441,-2.4
1178,Base-f462400,1-0,0.0,433,302,442,-2.7
1177,New-c74a786,1/2-1/2,0.5,433,303,442,-2.7
1182,Base-f462400,1/2-1/2,0.5,433,304,442,-2.7
1181,New-c74a786,1-0,1.0,434,304,442,-2.4
1180,Base-f462400,1/2-1/2,0.5,434,305,442,-2.4
1183,New-c74a786,1-0,1.0,435,305,442,-2.1
1179,New-c74a786,1/2-1/2,0.5,435,306,442,-2.1
1184,Base-f462400,1-0,0.0,435,306,443,-2.3
1186,Base-f462400,0-1,1.0,436,306,443,-2.1
1185,New-c74a786,1-0,1.0,437,306,443,-1.8
1188,Base-f462400,0-1,1.0,438,306,443,-1.5
1192,Base-f462400,1/2-1/2,0.5,438,307,443,-1.5
1187,New-c74a786,1-0,1.0,439,307,443,-1.2
1189,New-c74a786,0-1,0.0,439,307,444,-1.5
1190,Base-f462400,1-0,0.0,439,307,445,-1.8
1191,New-c74a786,1-0,1.0,440,307,445,-1.5
1193,New-c74a786,0-1,0.0,440,307,446,-1.7
1194,Base-f462400,0-1,1.0,441,307,446,-1.5
1195,New-c74a786,0-1,0.0,441,307,447,-1.7
1196,Base-f462400,1/2-1/2,0.5,441,308,447,-1.7
1198,Base-f462400,1-0,0.0,441,308,448,-2.0
1197,New-c74a786,1-0,1.0,442,308,448,-1.7
1199,New-c74a786,1/2-1/2,0.5,442,309,448,-1.7
1200,Base-f462400,1-0,0.0,442,309,449,-2.0
1201,New-c74a786,0-1,0.0,442,309,450,-2.3
1205,New-c74a786,0-1,0.0,442,309,451,-2.6
1203,New-c74a786,0-1,0.0,442,309,452,-2.9
1206,Base-f462400,1-0,0.0,442,309,453,-3.2
1202,Base-f462400,1-0,0.0,442,309,454,-3.5
1204,Base-f462400,0-1,1.0,443,309,454,-3.2
1207,New-c74a786,1/2-1/2,0.5,443,310,454,-3.2
1208,Base-f462400,1-0,0.0,443,310,455,-3.5
1209,New-c74a786,0-1,0.0,443,310,456,-3.7
1212,Base-f462400,0-1,1.0,444,310,456,-3.4
1213,New-c74a786,1-0,1.0,445,310,456,-3.2
1210,Base-f462400,0-1,1.0,446,310,456,-2.9
1217,New-c74a786,1-0,1.0,447,310,456,-2.6
1214,Base-f462400,0-1,1.0,448,310,456,-2.3
1211,New-c74a786,1/2-1/2,0.5,448,311,456,-2.3
1216,Base-f462400,0-1,1.0,449,311,456,-2.0
1215,New-c74a786,0-1,0.0,449,311,457,-2.3
1218,Base-f462400,1-0,0.0,449,311,458,-2.6
1221,New-c74a786,0-1,0.0,449,311,459,-2.9
1219,New-c74a786,0-1,0.0,449,311,460,-3.1
1220,Base-f462400,0-1,1.0,450,311,460,-2.8
1222,Base-f462400,0-1,1.0,451,311,460,-2.6
1226,Base-f462400,0-1,1.0,452,311,460,-2.3
1224,Base-f462400,1-0,0.0,452,311,461,-2.6
1223,New-c74a786,1-0,1.0,453,311,461,-2.3
1228,Base-f462400,1-0,0.0,453,311,462,-2.6
1225,New-c74a786,1-0,1.0,454,311,462,-2.3
1227,New-c74a786,0-1,0.0,454,311,463,-2.5
1229,New-c74a786,1/2-1/2,0.5,454,312,463,-2.5
1235,New-c74a786,1-0,1.0,455,312,463,-2.3
1230,Base-f462400,1-0,0.0,455,312,464,-2.5
1233,New-c74a786,1-0,1.0,456,312,464,-2.3
1231,New-c74a786,1-0,1.0,457,312,464,-2.0
1232,Base-f462400,0-1,1.0,458,312,464,-1.7
1234,Base-f462400,1-0,0.0,458,312,465,-2.0
1236,Base-f462400,1-0,0.0,458,312,466,-2.2
1239,New-c74a786,1-0,1.0,459,312,466,-2.0
1238,Base-f462400,1/2-1/2,0.5,459,313,466,-2.0
1237,New-c74a786,1-0,1.0,460,313,466,-1.7
1240,Base-f462400,1-0,0.0,460,313,467,-2.0
1243,New-c74a786,1-0,1.0,461,313,467,-1.7
1241,New-c74a786,1/2-1/2,0.5,461,314,467,-1.7
1244,Base-f462400,0-1,1.0,462,314,467,-1.4
1242,Base-f462400,0-1,1.0,463,314,467,-1.1
1246,Base-f462400,1/2-1/2,0.5,463,315,467,-1.1
1248,Base-f462400,1-0,0.0,463,315,468,-1.4
1245,New-c74a786,0-1,0.0,463,315,469,-1.7
1251,New-c74a786,1/2-1/2,0.5,463,316,469,-1.7
1247,New-c74a786,0-1,0.0,463,316,470,-1.9
1249,New-c74a786,1-0,1.0,464,316,470,-1.7
1253,New-c74a786,0-1,0.0,464,316,471,-1.9
1252,Base-f462400,1/2-1/2,0.5,464,317,471,-1.9
1254,Base-f462400,1-0,0.0,464,317,472,-2.2
1250,Base-f462400,1/2-1/2,0.5,464,318,472,-2.2
1255,New-c74a786,1-0,1.0,465,318,472,-1.9
1258,Base-f462400,1/2-1/2,0.5,465,319,472,-1.9
1256,Base-f462400,0-1,1.0,466,319,472,-1.7
1257,New-c74a786,0-1,0.0,466,319,473,-1.9
1260,Base-f462400,1-0,0.0,466,319,474,-2.2
1261,New-c74a786,1/2-1/2,0.5,466,320,474,-2.2
1265,New-c74a786,1-0,1.0,467,320,474,-1.9
1264,Base-f462400,1/2-1/2,0.5,467,321,474,-1.9
1259,New-c74a786,1/2-1/2,0.5,467,322,474,-1.9
1262,Base-f462400,1-0,0.0,467,322,475,-2.2
1266,Base-f462400,1/2-1/2,0.5,467,323,475,-2.2
1263,New-c74a786,1/2-1/2,0.5,467,324,475,-2.2
1268,Base-f462400,1/2-1/2,0.5,467,325,475,-2.2
1270,Base-f462400,1/2-1/2,0.5,467,326,475,-2.2
1267,New-c74a786,1-0,1.0,468,326,475,-1.9
1269,New-c74a786,1-0,1.0,469,326,475,-1.6
1271,New-c74a786,1-0,1.0,470,326,475,-1.4
1272,Base-f462400,1-0,0.0,470,326,476,-1.6
1273,New-c74a786,1-0,1.0,471,326,476,-1.4
1277,New-c74a786,1/2-1/2,0.5,471,327,476,-1.4
1276,Base-f462400,1-0,0.0,471,327,477,-1.6
1274,Base-f462400,0-1,1.0,472,327,477,-1.4
1275,New-c74a786,1/2-1/2,0.5,472,328,477,-1.4
1280,Base-f462400,0-1,1.0,473,328,477,-1.1
1279,New-c74a786,0-1,0.0,473,328,478,-1.4
1278,Base-f462400,1-0,0.0,473,328,479,-1.6
1281,New-c74a786,0-1,0.0,473,328,480,-1.9
1282,Base-f462400,0-1,1.0,474,328,480,-1.6
1283,New-c74a786,0-1,0.0,474,328,481,-1.9
1284,Base-f462400,1-0,0.0,474,328,482,-2.2
1285,New-c74a786,0-1,0.0,474,328,483,-2.4
1286,Base-f462400,0-1,1.0,475,328,483,-2.2
1287,New-c74a786,0-1,0.0,475,328,484,-2.4
1288,Base-f462400,1-0,0.0,475,328,485,-2.7
1289,New-c74a786,1/2-1/2,0.5,475,329,485,-2.7
1290,Base-f462400,1-0,0.0,475,329,486,-3.0
1291,New-c74a786,1-0,1.0,476,329,486,-2.7
1299,New-c74a786,0-1,0.0,476,329,487,-3.0
1292,Base-f462400,1/2-1/2,0.5,476,330,487,-3.0
1293,New-c74a786,0-1,0.0,476,330,488,-3.2
1294,Base-f462400,1/2-1/2,0.5,476,331,488,-3.2
1295,New-c74a786,1/2-1/2,0.5,476,332,488,-3.2
1296,Base-f462400,0-1,1.0,477,332,488,-2.9
1297,New-c74a786,1/2-1/2,0.5,477,333,488,-2.9
1298,Base-f462400,0-1,1.0,478,333,488,-2.7
1300,Base-f462400,0-1,1.0,479,333,488,-2.4
1302,Base-f462400,0-1,1.0,480,333,488,-2.1
1301,New-c74a786,0-1,0.0,480,333,489,-2.4
1303,New-c74a786,1-0,1.0,481,333,489,-2.1
1304,Base-f462400,1-0,0.0,481,333,490,-2.4
1305,New-c74a786,1-0,1.0,482,333,490,-2.1
1306,Base-f462400,0-1,1.0,483,333,490,-1.9
1307,New-c74a786,1-0,1.0,484,333,490,-1.6
1313,New-c74a786,0-1,0.0,484,333,491,-1.9
1308,Base-f462400,1-0,0.0,484,333,492,-2.1
1309,New-c74a786,1-0,1.0,485,333,492,-1.9
1312,Base-f462400,0-1,1.0,486,333,492,-1.6
1311,New-c74a786,1-0,1.0,487,333,492,-1.3
1310,Base-f462400,1-0,0.0,487,333,493,-1.6
1316,Base-f462400,1/2-1/2,0.5,487,334,493,-1.6
1314,Base-f462400,0-1,1.0,488,334,493,-1.3
1315,New-c74a786,1/2-1/2,0.5,488,335,493,-1.3
1320,Base-f462400,1-0,0.0,488,335,494,-1.6
1318,Base-f462400,0-1,1.0,489,335,494,-1.3
1319,New-c74a786,1-0,1.0,490,335,494,-1.1
1321,New-c74a786,1-0,1.0,491,335,494,-0.8
1317,New-c74a786,1-0,1.0,492,335,494,-0.5
1323,New-c74a786,1-0,1.0,493,335,494,-0.3
1324,Base-f462400,1/2-1/2,0.5,493,336,494,-0.3
1322,Base-f462400,1-0,0.0,493,336,495,-0.5
1326,Base-f462400,0-1,1.0,494,336,495,-0.3
1327,New-c74a786,1-0,1.0,495,336,495,-0.0
1331,New-c74a786,0-1,0.0,495,336,496,-0.3
1325,New-c74a786,1/2-1/2,0.5,495,337,496,-0.3
1330,Base-f462400,0-1,1.0,496,337,496,-0.0
1329,New-c74a786,1-0,1.0,497,337,496,0.3
1328,Base-f462400,1-0,0.0,497,337,497,-0.0
1332,Base-f462400,0-1,1.0,498,337,497,0.3
1336,Base-f462400,1/2-1/2,0.5,498,338,497,0.3
1333,New-c74a786,1-0,1.0,499,338,497,0.5
1334,Base-f462400,1-0,0.0,499,338,498,0.3
1338,Base-f462400,1-0,0.0,499,338,499,-0.0
1337,New-c74a786,1/2-1/2,0.5,499,339,499,-0.0
1335,New-c74a786,1-0,1.0,500,339,499,0.3
1339,New-c74a786,0-1,0.0,500,339,500,-0.0
1340,Base-f462400,0-1,1.0,501,339,500,0.3
1341,New-c74a786,1-0,1.0,502,339,500,0.5
1342,Base-f462400,0-1,1.0,503,339,500,0.8
1344,Base-f462400,1-0,0.0,503,339,501,0.5
1345,New-c74a786,1/2-1/2,0.5,503,340,501,0.5
1346,Base-f462400,1-0,0.0,503,340,502,0.3
1350,Base-f462400,0-1,1.0,504,340,502,0.5
1343,New-c74a786,1-0,1.0,505,340,502,0.8
1348,Base-f462400,0-1,1.0,506,340,502,1.0
1347,New-c74a786,1/2-1/2,0.5,506,341,502,1.0
1349,New-c74a786,1/2-1/2,0.5,506,342,502,1.0
1351,New-c74a786,1/2-1/2,0.5,506,343,502,1.0
1356,Base-f462400,1/2-1/2,0.5,506,344,502,1.0
1353,New-c74a786,1/2-1/2,0.5,506,345,502,1.0
1355,New-c74a786,1/2-1/2,0.5,506,346,502,1.0
1352,Base-f462400,1/2-1/2,0.5,506,347,502,1.0
1357,New-c74a786,1-0,1.0,507,347,502,1.3
1359,New-c74a786,1-0,1.0,508,347,502,1.5
1358,Base-f462400,0-1,1.0,509,347,502,1.8
1354,Base-f462400,1-0,0.0,509,347,503,1.5
1361,New-c74a786,0-1,0.0,509,347,504,1.3
1360,Base-f462400,0-1,1.0,510,347,504,1.5
1362,Base-f462400,1-0,0.0,510,347,505,1.3
1364,Base-f462400,0-1,1.0,511,347,505,1.5
1363,New-c74a786,1-0,1.0,512,347,505,1.8
1365,New-c74a786,1-0,1.0,513,347,505,2.0
1368,Base-f462400,1-0,0.0,513,347,506,1.8
1367,New-c74a786,1-0,1.0,514,347,506,2.0
1366,Base-f462400,1/2-1/2,0.5,514,348,506,2.0
1369,New-c74a786,1-0,1.0,515,348,506,2.3
1373,New-c74a786,0-1,0.0,515,348,507,2.0
1370,Base-f462400,0-1,1.0,516,348,507,2.3
1371,New-c74a786,1/2-1/2,0.5,516,349,507,2.3
1372,Base-f462400,1-0,0.0,516,349,508,2.0
1374,Base-f462400,1-0,0.0,516,349,509,1.8
1376,Base-f462400,1-0,0.0,516,349,510,1.5
1375,New-c74a786,1/2-1/2,0.5,516,350,510,1.5
1378,Base-f462400,1/2-1/2,0.5,516,351,510,1.5
1379,New-c74a786,1-0,1.0,517,351,510,1.8
1382,Base-f462400,0-1,1.0,518,351,510,2.0
1381,New-c74a786,1/2-1/2,0.5,518,352,510,2.0
1380,Base-f462400,1-0,0.0,518,352,511,1.8
1383,New-c74a786,1-0,1.0,519,352,511,2.0
1377,New-c74a786,1/2-1/2,0.5,519,353,511,2.0
1384,Base-f462400,0-1,1.0,520,353,511,2.3
1386,Base-f462400,1-0,0.0,520,353,512,2.0
1387,New-c74a786,0-1,0.0,520,353,513,1.8
1389,New-c74a786,1/2-1/2,0.5,520,354,513,1.8
1385,New-c74a786,1/2-1/2,0.5,520,355,513,1.8
1388,Base-f462400,1-0,0.0,520,355,514,1.5
1391,New-c74a786,0-1,0.0,520,355,515,1.2
1393,New-c74a786,1-0,1.0,521,355,515,1.5
1392,Base-f462400,0-1,1.0,522,355,515,1.7
1390,Base-f462400,1/2-1/2,0.5,522,356,515,1.7
1396,Base-f462400,1-0,0.0,522,356,516,1.5
1397,New-c74a786,0-1,0.0,522,356,517,1.2
1394,Base-f462400,1/2-1/2,0.5,522,357,517,1.2
1395,New-c74a786,0-1,0.0,522,357,518,1.0
1400,Base-f462400,1-0,0.0,522,357,519,0.7
1398,Base-f462400,1-0,0.0,522,357,520,0.5
1401,New-c74a786,1/2-1/2,0.5,522,358,520,0.5
1399,New-c74a786,0-1,0.0,522,358,521,0.2
1402,Base-f462400,1-0,0.0,522,358,522,-0.0
1404,Base-f462400,1-0,0.0,522,358,523,-0.2
1403,New-c74a786,1-0,1.0,523,358,523,-0.0
1405,New-c74a786,0-1,0.0,523,358,524,-0.2
1406,Base-f462400,0-1,1.0,524,358,524,-0.0
1407,New-c74a786,1/2-1/2,0.5,524,359,524,-0.0
1408,Base-f462400,1/2-1/2,0.5,524,360,524,-0.0
1410,Base-f462400,1/2-1/2,0.5,524,361,524,-0.0
1409,New-c74a786,1/2-1/2,0.5,524,362,524,-0.0
1412,Base-f462400,0-1,1.0,525,362,524,0.2
1411,New-c74a786,1-0,1.0,526,362,524,0.5
1413,New-c74a786,0-1,0.0,526,362,525,0.2
1415,New-c74a786,1-0,1.0,527,362,525,0.5
1416,Base-f462400,1-0,0.0,527,362,526,0.2
1414,Base-f462400,1-0,0.0,527,362,527,-0.0
1417,New-c74a786,1/2-1/2,0.5,527,363,527,-0.0
1418,Base-f462400,1-0,0.0,527,363,528,-0.2
1419,New-c74a786,1/2-1/2,0.5,527,364,528,-0.2
1420,Base-f462400,1-0,0.0,527,364,529,-0.5
1425,New-c74a786,1-0,1.0,528,364,529,-0.2
1424,Base-f462400,1/2-1/2,0.5,528,365,529,-0.2
1422,Base-f462400,1/2-1/2,0.5,528,366,529,-0.2
1421,New-c74a786,1-0,1.0,529,366,529,-0.0
1426,Base-f462400,0-1,1.0,530,366,529,0.2
1427,New-c74a786,1-0,1.0,531,366,529,0.5
1429,New-c74a786,0-1,0.0,531,366,530,0.2
1430,Base-f462400,0-1,1.0,532,366,530,0.5
1428,Base-f462400,1-0,0.0,532,366,531,0.2
1431,New-c74a786,1-0,1.0,533,366,531,0.5
1423,New-c74a786,1/2-1/2,0.5,533,367,531,0.5
1432,Base-f462400,0-1,1.0,534,367,531,0.7
1433,New-c74a786,1-0,1.0,535,367,531,1.0
1434,Base-f462400,1/2-1/2,0.5,535,368,531,1.0
1439,New-c74a786,1-0,1.0,536,368,531,1.2
1435,New-c74a786,1-0,1.0,537,368,531,1.5
1440,Base-f462400,1/2-1/2,0.5,537,369,531,1.5
1437,New-c74a786,0-1,0.0,537,369,532,1.2
1436,Base-f462400,0-1,1.0,538,369,532,1.4
1438,Base-f462400,0-1,1.0,539,369,532,1.7
1441,New-c74a786,1/2-1/2,0.5,539,370,532,1.7
1443,New-c74a786,1/2-1/2,0.5,539,371,532,1.7
1446,Base-f462400,1-0,0.0,539,371,533,1.4
1444,Base-f462400,1/2-1/2,0.5,539,372,533,1.4
1442,Base-f462400,0-1,1.0,540,372,533,1.7
1447,New-c74a786,1/2-1/2,0.5,540,373,533,1.7
1445,New-c74a786,1-0,1.0,541,373,533,1.9
1448,Base-f462400,1/2-1/2,0.5,541,374,533,1.9
1449,New-c74a786,1-0,1.0,542,374,533,2.2
1450,Base-f462400,1/2-1/2,0.5,542,375,533,2.2
1452,Base-f462400,1-0,0.0,542,375,534,1.9
1455,New-c74a786,1/2-1/2,0.5,542,376,534,1.9
1453,New-c74a786,0-1,0.0,542,376,535,1.7
1454,Base-f462400,1/2-1/2,0.5,542,377,535,1.7
1451,New-c74a786,1-0,1.0,543,377,535,1.9
1457,New-c74a786,1/2-1/2,0.5,543,378,535,1.9
1458,Base-f462400,1-0,0.0,543,378,536,1.7
1456,Base-f462400,1-0,0.0,543,378,537,1.4
1459,New-c74a786,1/2-1/2,0.5,543,379,537,1.4
1460,Base-f462400,1/2-1/2,0.5,543,380,537,1.4
1464,Base-f462400,1-0,0.0,543,380,538,1.2
1462,Base-f462400,1/2-1/2,0.5,543,381,538,1.2
1461,New-c74a786,0-1,0.0,543,381,539,0.9
1463,New-c74a786,1-0,1.0,544,381,539,1.2
1470,Base-f462400,1/2-1/2,0.5,544,382,539,1.2
1465,New-c74a786,0-1,0.0,544,382,540,0.9
1466,Base-f462400,0-1,1.0,545,382,540,1.2
1467,New-c74a786,1/2-1/2,0.5,545,383,540,1.2
1469,New-c74a786,0-1,0.0,545,383,541,0.9
1472,Base-f462400,0-1,1.0,546,383,541,1.2
1468,Base-f462400,1/2-1/2,0.5,546,384,541,1.2
1473,New-c74a786,1/2-1/2,0.5,546,385,541,1.2
1471,New-c74a786,1-0,1.0,547,385,541,1.4
1475,New-c74a786,0-1,0.0,547,385,542,1.2
1476,Base-f462400,1-0,0.0,547,385,543,0.9
1474,Base-f462400,1/2-1/2,0.5,547,386,543,0.9
1477,New-c74a786,1/2-1/2,0.5,547,387,543,0.9
1478,Base-f462400,1/2-1/2,0.5,547,388,543,0.9
1479,New-c74a786,0-1,0.0,547,388,544,0.7
1480,Base-f462400,0-1,1.0,548,388,544,0.9
1482,Base-f462400,0-1,1.0,549,388,544,1.2
1481,New-c74a786,1-0,1.0,550,388,544,1.4
1484,Base-f462400,1-0,0.0,550,388,545,1.2
1485,New-c74a786,1/2-1/2,0.5,550,389,545,1.2
1486,Base-f462400,0-1,1.0,551,389,545,1.4
1483,New-c74a786,1/2-1/2,0.5,551,390,545,1.4
1488,Base-f462400,0-1,1.0,552,390,545,1.6
1487,New-c74a786,1-0,1.0,553,390,545,1.9
1490,Base-f462400,1/2-1/2,0.5,553,391,545,1.9
1492,Base-f462400,1/2-1/2,0.5,553,392,545,1.9
1494,Base-f462400,1-0,0.0,553,392,546,1.6
1491,New-c74a786,1/2-1/2,0.5,553,393,546,1.6
1489,New-c74a786,1/2-1/2,0.5,553,394,546,1.6
1493,New-c74a786,1-0,1.0,554,394,546,1.9
1495,New-c74a786,0-1,0.0,554,394,547,1.6
1497,New-c74a786,0-1,0.0,554,394,548,1.4
1496,Base-f462400,0-1,1.0,555,394,548,1.6
1502,Base-f462400,1/2-1/2,0.5,555,395,548,1.6
1499,New-c74a786,1-0,1.0,556,395,548,1.9
1498,Base-f462400,1/2-1/2,0.5,556,396,548,1.9
1500,Base-f462400,0-1,1.0,557,396,548,2.1
1501,New-c74a786,1-0,1.0,558,396,548,2.3
1508,Base-f462400,0-1,1.0,559,396,548,2.5
1505,New-c74a786,1-0,1.0,560,396,548,2.8
1504,Base-f462400,0-1,1.0,561,396,548,3.0
1509,New-c74a786,1/2-1/2,0.5,561,397,548,3.0
1507,New-c74a786,1-0,1.0,562,397,548,3.2
1503,New-c74a786,1/2-1/2,0.5,562,398,548,3.2
1506,Base-f462400,1-0,0.0,562,398,549,3.0
1511,New-c74a786,0-1,0.0,562,398,550,2.8
1510,Base-f462400,0-1,1.0,563,398,550,3.0
1514,Base-f462400,1/2-1/2,0.5,563,399,550,3.0
1512,Base-f462400,1/2-1/2,0.5,563,400,550,3.0
1513,New-c74a786,1-0,1.0,564,400,550,3.2
1516,Base-f462400,1-0,0.0,564,400,551,3.0
1517,New-c74a786,1-0,1.0,565,400,551,3.2
1515,New-c74a786,1-0,1.0,566,400,551,3.4
1518,Base-f462400,0-1,1.0,567,400,551,3.7
1520,Base-f462400,1/2-1/2,0.5,567,401,551,3.7
1519,New-c74a786,0-1,0.0,567,401,552,3.4
1524,Base-f462400,1/2-1/2,0.5,567,402,552,3.4
1523,New-c74a786,1-0,1.0,568,402,552,3.7
1522,Base-f462400,0-1,1.0,569,402,552,3.9
1521,New-c74a786,1/2-1/2,0.5,569,403,552,3.9
1525,New-c74a786,1-0,1.0,570,403,552,4.1
1526,Base-f462400,1-0,0.0,570,403,553,3.9
1527,New-c74a786,0-1,0.0,570,403,554,3.6
1528,Base-f462400,1-0,0.0,570,403,555,3.4
1532,Base-f462400,1-0,0.0,570,403,556,3.2
1530,Base-f462400,1-0,0.0,570,403,557,3.0
1529,New-c74a786,0-1,0.0,570,403,558,2.7
1531,New-c74a786,1/2-1/2,0.5,570,404,558,2.7
1534,Base-f462400,1/2-1/2,0.5,570,405,558,2.7
1533,New-c74a786,0-1,0.0,570,405,559,2.5
1536,Base-f462400,1-0,0.0,570,405,560,2.3
1538,Base-f462400,1-0,0.0,570,405,561,2.0
1537,New-c74a786,1-0,1.0,571,405,561,2.3
1535,New-c74a786,1-0,1.0,572,405,561,2.5
1542,Base-f462400,1/2-1/2,0.5,572,406,561,2.5
1540,Base-f462400,1/2-1/2,0.5,572,407,561,2.5
1541,New-c74a786,0-1,0.0,572,407,562,2.3
1539,New-c74a786,1-0,1.0,573,407,562,2.5
1544,Base-f462400,1-0,0.0,573,407,563,2.3
1543,New-c74a786,0-1,0.0,573,407,564,2.0
1545,New-c74a786,0-1,0.0,573,407,565,1.8
1546,Base-f462400,0-1,1.0,574,407,565,2.0
1547,New-c74a786,0-1,0.0,574,407,566,1.8
1548,Base-f462400,1/2-1/2,0.5,574,408,566,1.8
1549,New-c74a786,1-0,1.0,575,408,566,2.0
1550,Base-f462400,1-0,0.0,575,408,567,1.8
1551,New-c74a786,0-1,0.0,575,408,568,1.6
1552,Base-f462400,1/2-1/2,0.5,575,409,568,1.6
1553,New-c74a786,1-0,1.0,576,409,568,1.8
1558,Base-f462400,1/2-1/2,0.5,576,410,568,1.8
1554,Base-f462400,1-0,0.0,576,410,569,1.6
1555,New-c74a786,1-0,1.0,577,410,569,1.8
1556,Base-f462400,1-0,0.0,577,410,570,1.6
1557,New-c74a786,1/2-1/2,0.5,577,411,570,1.6
1559,New-c74a786,1/2-1/2,0.5,577,412,570,1.6
1564,Base-f462400,1-0,0.0,577,412,571,1.3
1560,Base-f462400,0-1,1.0,578,412,571,1.6
1565,New-c74a786,1/2-1/2,0.5,578,413,571,1.6
1561,New-c74a786,0-1,0.0,578,413,572,1.3
1566,Base-f462400,1-0,0.0,578,413,573,1.1
1567,New-c74a786,1-0,1.0,579,413,573,1.3
1563,New-c74a786,1/2-1/2,0.5,579,414,573,1.3
1568,Base-f462400,1-0,0.0,579,414,574,1.1
1562,Base-f462400,1/2-1/2,0.5,579,415,574,1.1
1570,Base-f462400,1/2-1/2,0.5,579,416,574,1.1
1573,New-c74a786,1-0,1.0,580,416,574,1.3
1569,New-c74a786,0-1,0.0,580,416,575,1.1
1572,Base-f462400,0-1,1.0,581,416,575,1.3
1571,New-c74a786,0-1,0.0,581,416,576,1.1
1574,Base-f462400,0-1,1.0,582,416,576,1.3
1577,New-c74a786,1/2-1/2,0.5,582,417,576,1.3
1576,Base-f462400,1/2-1/2,0.5,582,418,576,1.3
1578,Base-f462400,1/2-1/2,0.5,582,419,576,1.3
1579,New-c74a786,0-1,0.0,582,419,577,1.1
1575,New-c74a786,0-1,0.0,582,419,578,0.9
1580,Base-f462400,0-1,1.0,583,419,578,1.1
1582,Base-f462400,1-0,0.0,583,419,579,0.9
1581,New-c74a786,1-0,1.0,584,419,579,1.1
1584,Base-f462400,1/2-1/2,0.5,584,420,579,1.1
1583,New-c74a786,0-1,0.0,584,420,580,0.9
1587,New-c74a786,0-1,0.0,584,420,581,0.7
1585,New-c74a786,0-1,0.0,584,420,582,0.4
1586,Base-f462400,1/2-1/2,0.5,584,421,582,0.4
1588,Base-f462400,1-0,0.0,584,421,583,0.2
1589,New-c74a786,1-0,1.0,585,421,583,0.4
1594,Base-f462400,1/2-1/2,0.5,585,422,583,0.4
1590,Base-f462400,0-1,1.0,586,422,583,0.7
1591,New-c74a786,0-1,0.0,586,422,584,0.4
1592,Base-f462400,1/2-1/2,0.5,586,423,584,0.4
1593,New-c74a786,0-1,0.0,586,423,585,0.2
1595,New-c74a786,1/2-1/2,0.5,586,424,585,0.2
1596,Base-f462400,1-0,0.0,586,424,586,-0.0
1599,New-c74a786,1-0,1.0,587,424,586,0.2
1601,New-c74a786,1-0,1.0,588,424,586,0.4
1600,Base-f462400,1-0,0.0,588,424,587,0.2
1597,New-c74a786,0-1,0.0,588,424,588,-0.0
1598,Base-f462400,1/2-1/2,0.5,588,425,588,-0.0
1602,Base-f462400,0-1,1.0,589,425,588,0.2
1603,New-c74a786,1/2-1/2,0.5,589,426,588,0.2
1605,New-c74a786,1-0,1.0,590,426,588,0.4
1610,Base-f462400,1/2-1/2,0.5,590,427,588,0.4
1606,Base-f462400,0-1,1.0,591,427,588,0.6
1607,New-c74a786,1-0,1.0,592,427,588,0.9
1611,New-c74a786,1/2-1/2,0.5,592,428,588,0.9
1604,Base-f462400,1/2-1/2,0.5,592,429,588,0.9
1608,Base-f462400,1-0,0.0,592,429,589,0.6
1609,New-c74a786,0-1,0.0,592,429,590,0.4
1612,Base-f462400,0-1,1.0,593,429,590,0.6
1616,Base-f462400,1/2-1/2,0.5,593,430,590,0.6
1613,New-c74a786,1/2-1/2,0.5,593,431,590,0.6
1615,New-c74a786,0-1,0.0,593,431,591,0.4
1614,Base-f462400,0-1,1.0,594,431,591,0.6
1618,Base-f462400,1-0,0.0,594,431,592,0.4
1617,New-c74a786,0-1,0.0,594,431,593,0.2
1619,New-c74a786,1-0,1.0,595,431,593,0.4
1620,Base-f462400,1-0,0.0,595,431,594,0.2
1623,New-c74a786,1-0,1.0,596,431,594,0.4
1622,Base-f462400,0-1,1.0,597,431,594,0.6
1624,Base-f462400,1-0,0.0,597,431,595,0.4
1625,New-c74a786,1-0,1.0,598,431,595,0.6
1621,New-c74a786,1-0,1.0,599,431,595,0.9
1626,Base-f462400,0-1,1.0,600,431,595,1.1
1627,New-c74a786,0-1,0.0,600,431,596,0.9
1628,Base-f462400,1-0,0.0,600,431,597,0.6
1629,New-c74a786,1/2-1/2,0.5,600,432,597,0.6
1630,Base-f462400,0-1,1.0,601,432,597,0.9
1634,Base-f462400,1-0,0.0,601,432,598,0.6
1633,New-c74a786,1-0,1.0,602,432,598,0.9
1631,New-c74a786,0-1,0.0,602,432,599,0.6
1636,Base-f462400,1/2-1/2,0.5,602,433,599,0.6
1632,Base-f462400,1/2-1/2,0.5,602,434,599,0.6
1635,New-c74a786,1-0,1.0,603,434,599,0.8
1637,New-c74a786,0-1,0.0,603,434,600,0.6
1641,New-c74a786,1/2-1/2,0.5,603,435,600,0.6
1640,Base-f462400,0-1,1.0,604,435,600,0.8
1639,New-c74a786,0-1,0.0,604,435,601,0.6
1643,New-c74a786,0-1,0.0,604,435,602,0.4
1642,Base-f462400,1-0,0.0,604,435,603,0.2
1638,Base-f462400,1/2-1/2,0.5,604,436,603,0.2
1644,Base-f462400,1/2-1/2,0.5,604,437,603,0.2
1646,Base-f462400,0-1,1.0,605,437,603,0.4
1645,New-c74a786,1-0,1.0,606,437,603,0.6
1652,Base-f462400,1-0,0.0,606,437,604,0.4
1648,Base-f462400,1-0,0.0,606,437,605,0.2
1647,New-c74a786,1-0,1.0,607,437,605,0.4
1649,New-c74a786,0-1,0.0,607,437,606,0.2
1653,New-c74a786,1/2-1/2,0.5,607,438,606,0.2
1650,Base-f462400,1-0,0.0,607,438,607,-0.0
1651,New-c74a786,1/2-1/2,0.5,607,439,607,-0.0
1654,Base-f462400,1-0,0.0,607,439,608,-0.2
1655,New-c74a786,1-0,1.0,608,439,608,-0.0
1657,New-c74a786,0-1,0.0,608,439,609,-0.2
1656,Base-f462400,1-0,0.0,608,439,610,-0.4
1660,Base-f462400,1-0,0.0,608,439,611,-0.6
1658,Base-f462400,0-1,1.0,609,439,611,-0.4
1661,New-c74a786,0-1,0.0,609,439,612,-0.6
1662,Base-f462400,1-0,0.0,609,439,613,-0.8
1659,New-c74a786,0-1,0.0,609,439,614,-1.0
1664,Base-f462400,0-1,1.0,610,439,614,-0.8
1669,New-c74a786,1/2-1/2,0.5,610,440,614,-0.8
1663,New-c74a786,1/2-1/2,0.5,610,441,614,-0.8
1666,Base-f462400,0-1,1.0,611,441,614,-0.6
1668,Base-f462400,1/2-1/2,0.5,611,442,614,-0.6
1665,New-c74a786,1-0,1.0,612,442,614,-0.4
1667,New-c74a786,0-1,0.0,612,442,615,-0.6
1670,Base-f462400,1-0,0.0,612,442,616,-0.8
1674,Base-f462400,1-0,0.0,612,442,617,-1.0
1671,New-c74a786,0-1,0.0,612,442,618,-1.2
1673,New-c74a786,0-1,0.0,612,442,619,-1.5
1676,Base-f462400,1-0,0.0,612,442,620,-1.7
1672,Base-f462400,1-0,0.0,612,442,621,-1.9
1675,New-c74a786,0-1,0.0,612,442,622,-2.1
1677,New-c74a786,0-1,0.0,612,442,623,-2.3
1678,Base-f462400,1-0,0.0,612,442,624,-2.5
1679,New-c74a786,0-1,0.0,612,442,625,-2.7
1682,Base-f462400,1-0,0.0,612,442,626,-2.9
1680,Base-f462400,1-0,0.0,612,442,627,-3.1
1681,New-c74a786,0-1,0.0,612,442,628,-3.3
1683,New-c74a786,0-1,0.0,612,442,629,-3.5
1684,Base-f462400,1/2-1/2,0.5,612,443,629,-3.5
1685,New-c74a786,1/2-1/2,0.5,612,444,629,-3.5
1686,Base-f462400,0-1,1.0,613,444,629,-3.3
1688,Base-f462400,1/2-1/2,0.5,613,445,629,-3.3
1690,Base-f462400,1-0,0.0,613,445,630,-3.5
1687,New-c74a786,1-0,1.0,614,445,630,-3.3
1689,New-c74a786,1-0,1.0,615,445,630,-3.1
1691,New-c74a786,1-0,1.0,616,445,630,-2.9
1692,Base-f462400,1-0,0.0,616,445,631,-3.1
1693,New-c74a786,1-0,1.0,617,445,631,-2.9
1694,Base-f462400,1-0,0.0,617,445,632,-3.1
1701,New-c74a786,1-0,1.0,618,445,632,-2.9
1695,New-c74a786,1-0,1.0,619,445,632,-2.7
1697,New-c74a786,1-0,1.0,620,445,632,-2.5
1696,Base-f462400,1-0,0.0,620,445,633,-2.7
1699,New-c74a786,0-1,0.0,620,445,634,-2.9
1700,Base-f462400,1-0,0.0,620,445,635,-3.1
1698,Base-f462400,0-1,1.0,621,445,635,-2.9
1702,Base-f462400,1-0,0.0,621,445,636,-3.1
1704,Base-f462400,1-0,0.0,621,445,637,-3.3
1710,Base-f462400,1/2-1/2,0.5,621,446,637,-3.3
1703,New-c74a786,0-1,0.0,621,446,638,-3.5
1707,New-c74a786,1-0,1.0,622,446,638,-3.3
1706,Base-f462400,0-1,1.0,623,446,638,-3.1
1705,New-c74a786,1/2-1/2,0.5,623,447,638,-3.1
1709,New-c74a786,1-0,1.0,624,447,638,-2.8
1708,Base-f462400,1-0,0.0,624,447,639,-3.0
1711,New-c74a786,0-1,0.0,624,447,640,-3.2
1714,Base-f462400,0-1,1.0,625,447,640,-3.0
1712,Base-f462400,0-1,1.0,626,447,640,-2.8
1713,New-c74a786,1/2-1/2,0.5,626,448,640,-2.8
1716,Base-f462400,1-0,0.0,626,448,641,-3.0
1715,New-c74a786,1/2-1/2,0.5,626,449,641,-3.0
1717,New-c74a786,0-1,0.0,626,449,642,-3.2
1718,Base-f462400,1-0,0.0,626,449,643,-3.4
1719,New-c74a786,1-0,1.0,627,449,643,-3.2
1720,Base-f462400,1-0,0.0,627,449,644,-3.4
1721,New-c74a786,1-0,1.0,628,449,644,-3.2
1722,Base-f462400,1/2-1/2,0.5,628,450,644,-3.2
1724,Base-f462400,0-1,1.0,629,450,644,-3.0
1725,New-c74a786,0-1,0.0,629,450,645,-3.2
1723,New-c74a786,1-0,1.0,630,450,645,-3.0
1726,Base-f462400,1-0,0.0,630,450,646,-3.2
1729,New-c74a786,0-1,0.0,630,450,647,-3.4
1728,Base-f462400,0-1,1.0,631,450,647,-3.2
1727,New-c74a786,1-0,1.0,632,450,647,-3.0
1731,New-c74a786,0-1,0.0,632,450,648,-3.2
1733,New-c74a786,0-1,0.0,632,450,649,-3.4
1732,Base-f462400,0-1,1.0,633,450,649,-3.2
1739,New-c74a786,1/2-1/2,0.5,633,451,649,-3.2
1730,Base-f462400,0-1,1.0,634,451,649,-3.0
1735,New-c74a786,0-1,0.0,634,451,650,-3.2
1734,Base-f462400,0-1,1.0,635,451,650,-3.0
1738,Base-f462400,1-0,0.0,635,451,651,-3.2
1740,Base-f462400,1-0,0.0,635,451,652,-3.4
1736,Base-f462400,1-0,0.0,635,451,653,-3.6
1737,New-c74a786,0-1,0.0,635,451,654,-3.8
1744,Base-f462400,1-0,0.0,635,451,655,-4.0
1742,Base-f462400,1-0,0.0,635,451,656,-4.2
1743,New-c74a786,1-0,1.0,636,451,656,-4.0
1741,New-c74a786,1/2-1/2,0.5,636,452,656,-4.0
1746,Base-f462400,1-0,0.0,636,452,657,-4.2
1747,New-c74a786,0-1,0.0,636,452,658,-4.4
1748,Base-f462400,1-0,0.0,636,452,659,-4.6
1745,New-c74a786,1/2-1/2,0.5,636,453,659,-4.6
1750,Base-f462400,1/2-1/2,0.5,636,454,659,-4.6
1751,New-c74a786,1-0,1.0,637,454,659,-4.4
1749,New-c74a786,1-0,1.0,638,454,659,-4.2
1752,Base-f462400,1-0,0.0,638,454,660,-4.4
1754,Base-f462400,0-1,1.0,639,454,660,-4.2
1753,New-c74a786,0-1,0.0,639,454,661,-4.4
1757,New-c74a786,0-1,0.0,639,454,662,-4.6
1755,New-c74a786,1-0,1.0,640,454,662,-4.4
1758,Base-f462400,1/2-1/2,0.5,640,455,662,-4.4
1760,Base-f462400,1/2-1/2,0.5,640,456,662,-4.3
1759,New-c74a786,1/2-1/2,0.5,640,457,662,-4.3
1762,Base-f462400,1/2-1/2,0.5,640,458,662,-4.3
1756,Base-f462400,1/2-1/2,0.5,640,459,662,-4.3
1761,New-c74a786,1-0,1.0,641,459,662,-4.1
1764,Base-f462400,1-0,0.0,641,459,663,-4.3
1763,New-c74a786,1-0,1.0,642,459,663,-4.1
1765,New-c74a786,0-1,0.0,642,459,664,-4.3
1768,Base-f462400,0-1,1.0,643,459,664,-4.1
1767,New-c74a786,1/2-1/2,0.5,643,460,664,-4.1
1770,Base-f462400,0-1,1.0,644,460,664,-3.9
1766,Base-f462400,1/2-1/2,0.5,644,461,664,-3.9
1769,New-c74a786,0-1,0.0,644,461,665,-4.1
1771,New-c74a786,0-1,0.0,644,461,666,-4.3
1772,Base-f462400,1-0,0.0,644,461,667,-4.5
1775,New-c74a786,1/2-1/2,0.5,644,462,667,-4.5
1773,New-c74a786,1-0,1.0,645,462,667,-4.3
1777,New-c74a786,1-0,1.0,646,462,667,-4.1
1780,Base-f462400,0-1,1.0,647,462,667,-3.9
1776,Base-f462400,1/2-1/2,0.5,647,463,667,-3.9
1778,Base-f462400,1/2-1/2,0.5,647,464,667,-3.9
1774,Base-f462400,1/2-1/2,0.5,647,465,667,-3.9
1779,New-c74a786,1-0,1.0,648,465,667,-3.7
1781,New-c74a786,1-0,1.0,649,465,667,-3.5
1783,New-c74a786,1-0,1.0,650,465,667,-3.3
1786,Base-f462400,1-0,0.0,650,465,668,-3.5
1782,Base-f462400,1/2-1/2,0.5,650,466,668,-3.5
1787,New-c74a786,0-1,0.0,650,466,669,-3.7
1789,New-c74a786,1/2-1/2,0.5,650,467,669,-3.7
1784,Base-f462400,1-0,0.0,650,467,670,-3.9
1785,New-c74a786,1/2-1/2,0.5,650,468,670,-3.9
1790,Base-f462400,1/2-1/2,0.5,650,469,670,-3.9
1788,Base-f462400,1-0,0.0,650,469,671,-4.1
1791,New-c74a786,1/2-1/2,0.5,650,470,671,-4.1
1792,Base-f462400,1-0,0.0,650,470,672,-4.3
1793,New-c74a786,0-1,0.0,650,470,673,-4.5
1794,Base-f462400,1/2-1/2,0.5,650,471,673,-4.5
1795,New-c74a786,1-0,1.0,651,471,673,-4.3
1797,New-c74a786,1-0,1.0,652,471,673,-4.1
1800,Base-f462400,1-0,0.0,652,471,674,-4.3
1796,Base-f462400,1/2-1/2,0.5,652,472,674,-4.3
1798,Base-f462400,1-0,0.0,652,472,675,-4.4
1801,New-c74a786,0-1,0.0,652,472,676,-4.6
1803,New-c74a786,1-0,1.0,653,472,676,-4.4
1799,New-c74a786,1/2-1/2,0.5,653,473,676,-4.4
1802,Base-f462400,1-0,0.0,653,473,677,-4.6
1804,Base-f462400,0-1,1.0,654,473,677,-4.4
1806,Base-f462400,0-1,1.0,655,473,677,-4.2
1807,New-c74a786,1/2-1/2,0.5,655,474,677,-4.2
1809,New-c74a786,0-1,0.0,655,474,678,-4.4
1805,New-c74a786,1/2-1/2,0.5,655,475,678,-4.4
1812,Base-f462400,1-0,0.0,655,475,679,-4.6
1808,Base-f462400,1/2-1/2,0.5,655,476,679,-4.6
1811,New-c74a786,0-1,0.0,655,476,680,-4.8
1815,New-c74a786,1-0,1.0,656,476,680,-4.6
1810,Base-f462400,1/2-1/2,0.5,656,477,680,-4.6
1813,New-c74a786,0-1,0.0,656,477,681,-4.8
1814,Base-f462400,0-1,1.0,657,477,681,-4.6
1816,Base-f462400,1/2-1/2,0.5,657,478,681,-4.6
1819,New-c74a786,1-0,1.0,658,478,681,-4.4
1818,Base-f462400,1-0,0.0,658,478,682,-4.6
1822,Base-f462400,0-1,1.0,659,478,682,-4.4
1820,Base-f462400,1-0,0.0,659,478,683,-4.6
1821,New-c74a786,1/2-1/2,0.5,659,479,683,-4.6
1817,New-c74a786,1/2-1/2,0.5,659,480,683,-4.6
1823,New-c74a786,0-1,0.0,659,480,684,-4.8
1825,New-c74a786,1-0,1.0,660,480,684,-4.6
1824,Base-f462400,1/2-1/2,0.5,660,481,684,-4.6
1828,Base-f462400,1/2-1/2,0.5,660,482,684,-4.6
1826,Base-f462400,1/2-1/2,0.5,660,483,684,-4.6
1827,New-c74a786,1/2-1/2,0.5,660,484,684,-4.6
1830,Base-f462400,1/2-1/2,0.5,660,485,684,-4.6
1831,New-c74a786,1-0,1.0,661,485,684,-4.4
1829,New-c74a786,0-1,0.0,661,485,685,-4.6
1833,New-c74a786,0-1,0.0,661,485,686,-4.7
1835,New-c74a786,0-1,0.0,661,485,687,-4.9
1834,Base-f462400,0-1,1.0,662,485,687,-4.7
1832,Base-f462400,0-1,1.0,663,485,687,-4.5
1836,Base-f462400,0-1,1.0,664,485,687,-4.4
1838,Base-f462400,1/2-1/2,0.5,664,486,687,-4.4
1840,Base-f462400,1-0,0.0,664,486,688,-4.5
1842,Base-f462400,1-0,0.0,664,486,689,-4.7
1841,New-c74a786,0-1,0.0,664,486,690,-4.9
1839,New-c74a786,1-0,1.0,665,486,690,-4.7
1837,New-c74a786,0-1,0.0,665,486,691,-4.9
1845,New-c74a786,0-1,0.0,665,486,692,-5.1
1844,Base-f462400,0-1,1.0,666,486,692,-4.9
1843,New-c74a786,0-1,0.0,666,486,693,-5.1
1846,Base-f462400,0-1,1.0,667,486,693,-4.9
1851,New-c74a786,1-0,1.0,668,486,693,-4.7
1850,Base-f462400,1-0,0.0,668,486,694,-4.9
1848,Base-f462400,0-1,1.0,669,486,694,-4.7
1847,New-c74a786,0-1,0.0,669,486,695,-4.9
1849,New-c74a786,0-1,0.0,669,486,696,-5.1
1857,New-c74a786,1-0,1.0,670,486,696,-4.9
1852,Base-f462400,0-1,1.0,671,486,696,-4.7
1853,New-c74a786,1-0,1.0,672,486,696,-4.5
1855,New-c74a786,1/2-1/2,0.5,672,487,696,-4.5
1856,Base-f462400,0-1,1.0,673,487,696,-4.3
1859,New-c74a786,1-0,1.0,674,487,696,-4.1
1854,Base-f462400,1/2-1/2,0.5,674,488,696,-4.1
1860,Base-f462400,1-0,0.0,674,488,697,-4.3
1858,Base-f462400,1/2-1/2,0.5,674,489,697,-4.3
1861,New-c74a786,1-0,1.0,675,489,697,-4.1
1862,Base-f462400,1-0,0.0,675,489,698,-4.3
1866,Base-f462400,0-1,1.0,676,489,698,-4.1
1863,New-c74a786,1-0,1.0,677,489,698,-3.9
1864,Base-f462400,0-1,1.0,678,489,698,-3.7
1865,New-c74a786,0-1,0.0,678,489,699,-3.9
1870,Base-f462400,1/2-1/2,0.5,678,490,699,-3.9
1867,New-c74a786,1-0,1.0,679,490,699,-3.7
1868,Base-f462400,1-0,0.0,679,490,700,-3.9
1872,Base-f462400,0-1,1.0,680,490,700,-3.7
1869,New-c74a786,1-0,1.0,681,490,700,-3.5
1871,New-c74a786,0-1,0.0,681,490,701,-3.7
1874,Base-f462400,0-1,1.0,682,490,701,-3.5
1873,New-c74a786,0-1,0.0,682,490,702,-3.7
1876,Base-f462400,0-1,1.0,683,490,702,-3.5
1875,New-c74a786,1-0,1.0,684,490,702,-3.3
1879,New-c74a786,1-0,1.0,685,490,702,-3.1
1877,New-c74a786,1/2-1/2,0.5,685,491,702,-3.1
1880,Base-f462400,1-0,0.0,685,491,703,-3.3
1881,New-c74a786,0-1,0.0,685,491,704,-3.5
1878,Base-f462400,1/2-1/2,0.5,685,492,704,-3.5
1882,Base-f462400,0-1,1.0,686,492,704,-3.3
1883,New-c74a786,1-0,1.0,687,492,704,-3.1
1886,Base-f462400,1-0,0.0,687,492,705,-3.3
1885,New-c74a786,1-0,1.0,688,492,705,-3.1
1884,Base-f462400,0-1,1.0,689,492,705,-2.9
1887,New-c74a786,1-0,1.0,690,492,705,-2.8
1889,New-c74a786,0-1,0.0,690,492,706,-2.9
1890,Base-f462400,0-1,1.0,691,492,706,-2.8
1891,New-c74a786,0-1,0.0,691,492,707,-2.9
1888,Base-f462400,1/2-1/2,0.5,691,493,707,-2.9
1892,Base-f462400,0-1,1.0,692,493,707,-2.8
1893,New-c74a786,1/2-1/2,0.5,692,494,707,-2.8
1894,Base-f462400,1-0,0.0,692,494,708,-2.9
1899,New-c74a786,1/2-1/2,0.5,692,495,708,-2.9
1895,New-c74a786,1-0,1.0,693,495,708,-2.7
1900,Base-f462400,0-1,1.0,694,495,708,-2.6
1897,New-c74a786,1/2-1/2,0.5,694,496,708,-2.6
1896,Base-f462400,0-1,1.0,695,496,708,-2.4
1898,Base-f462400,0-1,1.0,696,496,708,-2.2
1901,New-c74a786,1-0,1.0,697,496,708,-2.0
1903,New-c74a786,0-1,0.0,697,496,709,-2.2
1908,Base-f462400,1/2-1/2,0.5,697,497,709,-2.2
1907,New-c74a786,0-1,0.0,697,497,710,-2.4
1905,New-c74a786,0-1,0.0,697,497,711,-2.6
1904,Base-f462400,0-1,1.0,698,497,711,-2.4
1906,Base-f462400,0-1,1.0,699,497,711,-2.2
1902,Base-f462400,1/2-1/2,0.5,699,498,711,-2.2
1909,New-c74a786,1/2-1/2,0.5,699,499,711,-2.2
1910,Base-f462400,1-0,0.0,699,499,712,-2.4
1911,New-c74a786,0-1,0.0,699,499,713,-2.5
1912,Base-f462400,1/2-1/2,0.5,699,500,713,-2.5
1913,New-c74a786,0-1,0.0,699,500,714,-2.7
1914,Base-f462400,1/2-1/2,0.5,699,501,714,-2.7
1915,New-c74a786,1-0,1.0,700,501,714,-2.5
1917,New-c74a786,1-0,1.0,701,501,714,-2.4
1916,Base-f462400,0-1,1.0,702,501,714,-2.2
1922,Base-f462400,1-0,0.0,702,501,715,-2.4
1919,New-c74a786,0-1,0.0,702,501,716,-2.5
1920,Base-f462400,1-0,0.0,702,501,717,-2.7
1918,Base-f462400,0-1,1.0,703,501,717,-2.5
1921,New-c74a786,0-1,0.0,703,501,718,-2.7
1923,New-c74a786,0-1,0.0,703,501,719,-2.9
1929,New-c74a786,1/2-1/2,0.5,703,502,719,-2.9
1924,Base-f462400,1-0,0.0,703,502,720,-3.1
1925,New-c74a786,1-0,1.0,704,502,720,-2.9
1927,New-c74a786,1-0,1.0,705,502,720,-2.7
1930,Base-f462400,0-1,1.0,706,502,720,-2.5
1928,Base-f462400,1-0,0.0,706,502,721,-2.7
1926,Base-f462400,1-0,0.0,706,502,722,-2.9
1931,New-c74a786,1/2-1/2,0.5,706,503,722,-2.9
1932,Base-f462400,1/2-1/2,0.5,706,504,722,-2.9
1937,New-c74a786,1-0,1.0,707,504,722,-2.7
1933,New-c74a786,0-1,0.0,707,504,723,-2.9
1934,Base-f462400,1/2-1/2,0.5,707,505,723,-2.9
1935,New-c74a786,0-1,0.0,707,505,724,-3.1
1936,Base-f462400,0-1,1.0,708,505,724,-2.9
1940,Base-f462400,1-0,0.0,708,505,725,-3.0
1939,New-c74a786,1/2-1/2,0.5,708,506,725,-3.0
1938,Base-f462400,1/2-1/2,0.5,708,507,725,-3.0
1942,Base-f462400,1-0,0.0,708,507,726,-3.2
1941,New-c74a786,1-0,1.0,709,507,726,-3.0
1943,New-c74a786,1-0,1.0,710,507,726,-2.9
1944,Base-f462400,0-1,1.0,711,507,726,-2.7
1946,Base-f462400,1-0,0.0,711,507,727,-2.9
1945,New-c74a786,1-0,1.0,712,507,727,-2.7
1948,Base-f462400,1/2-1/2,0.5,712,508,727,-2.7
1947,New-c74a786,1-0,1.0,713,508,727,-2.5
1949,New-c74a786,1/2-1/2,0.5,713,509,727,-2.5
1951,New-c74a786,1-0,1.0,714,509,727,-2.3
1950,Base-f462400,0-1,1.0,715,509,727,-2.1
1952,Base-f462400,1-0,0.0,715,509,728,-2.3
1953,New-c74a786,1/2-1/2,0.5,715,510,728,-2.3
1954,Base-f462400,1/2-1/2,0.5,715,511,728,-2.3
1957,New-c74a786,1-0,1.0,716,511,728,-2.1
1955,New-c74a786,1/2-1/2,0.5,716,512,728,-2.1
1956,Base-f462400,1/2-1/2,0.5,716,513,728,-2.1
1958,Base-f462400,1/2-1/2,0.5,716,514,728,-2.1
1959,New-c74a786,1/2-1/2,0.5,716,515,728,-2.1
1960,Base-f462400,1-0,0.0,716,515,729,-2.3
1966,Base-f462400,1/2-1/2,0.5,716,516,729,-2.3
1964,Base-f462400,1/2-1/2,0.5,716,517,729,-2.3
1962,Base-f462400,1-0,0.0,716,517,730,-2.5
1961,New-c74a786,1/2-1/2,0.5,716,518,730,-2.5
1965,New-c74a786,0-1,0.0,716,518,731,-2.7
1963,New-c74a786,0-1,0.0,716,518,732,-2.8
1967,New-c74a786,1/2-1/2,0.5,716,519,732,-2.8
1970,Base-f462400,0-1,1.0,717,519,732,-2.6
1969,New-c74a786,1/2-1/2,0.5,717,520,732,-2.6
1972,Base-f462400,0-1,1.0,718,520,732,-2.5
1971,New-c74a786,1-0,1.0,719,520,732,-2.3
1973,New-c74a786,1-0,1.0,720,520,732,-2.1
1975,New-c74a786,0-1,0.0,720,520,733,-2.3
1968,Base-f462400,1/2-1/2,0.5,720,521,733,-2.3
1974,Base-f462400,1/2-1/2,0.5,720,522,733,-2.3
1977,New-c74a786,1-0,1.0,721,522,733,-2.1
1976,Base-f462400,1-0,0.0,721,522,734,-2.3
1978,Base-f462400,1-0,0.0,721,522,735,-2.5
1979,New-c74a786,0-1,0.0,721,522,736,-2.6
1980,Base-f462400,0-1,1.0,722,522,736,-2.5
1981,New-c74a786,1/2-1/2,0.5,722,523,736,-2.5
1982,Base-f462400,1-0,0.0,722,523,737,-2.6
1983,New-c74a786,1-0,1.0,723,523,737,-2.5
1984,Base-f462400,1-0,0.0,723,523,738,-2.6
1985,New-c74a786,0-1,0.0,723,523,739,-2.8
1989,New-c74a786,1/2-1/2,0.5,723,524,739,-2.8
1986,Base-f462400,1-0,0.0,723,524,740,-3.0
1987,New-c74a786,1-0,1.0,724,524,740,-2.8
1988,Base-f462400,1-0,0.0,724,524,741,-3.0
1990,Base-f462400,1/2-1/2,0.5,724,525,741,-3.0
1997,New-c74a786,1/2-1/2,0.5,724,526,741,-3.0
1992,Base-f462400,0-1,1.0,725,526,741,-2.8
1994,Base-f462400,0-1,1.0,726,526,741,-2.6
1991,New-c74a786,1-0,1.0,727,526,741,-2.4
1993,New-c74a786,1/2-1/2,0.5,727,527,741,-2.4
1996,Base-f462400,1-0,0.0,727,527,742,-2.6
1995,New-c74a786,1-0,1.0,728,527,742,-2.4
1998,Base-f462400,1-0,0.0,728,527,743,-2.6
1999,New-c74a786,1-0,1.0,729,527,743,-2.4
2003,New-c74a786,1/2-1/2,0.5,729,528,743,-2.4
2000,Base-f462400,1-0,0.0,729,528,744,-2.6
2001,New-c74a786,1-0,1.0,730,528,744,-2.4
2002,Base-f462400,1-0,0.0,730,528,745,-2.6
2004,Base-f462400,0-1,1.0,731,528,745,-2.4
2005,New-c74a786,0-1,0.0,731,528,746,-2.6
2006,Base-f462400,1-0,0.0,731,528,747,-2.8
2007,New-c74a786,1-0,1.0,732,528,747,-2.6
2008,Base-f462400,0-1,1.0,733,528,747,-2.4
2010,Base-f462400,1/2-1/2,0.5,733,529,747,-2.4
2011,New-c74a786,0-1,0.0,733,529,748,-2.6
2015,New-c74a786,1/2-1/2,0.5,733,530,748,-2.6
2009,New-c74a786,1-0,1.0,734,530,748,-2.4
2012,Base-f462400,0-1,1.0,735,530,748,-2.2
2014,Base-f462400,1/2-1/2,0.5,735,531,748,-2.2
2016,Base-f462400,0-1,1.0,736,531,748,-2.1
2013,New-c74a786,0-1,0.0,736,531,749,-2.2
2017,New-c74a786,1/2-1/2,0.5,736,532,749,-2.2
2021,New-c74a786,1/2-1/2,0.5,736,533,749,-2.2
2018,Base-f462400,1/2-1/2,0.5,736,534,749,-2.2
2019,New-c74a786,1-0,1.0,737,534,749,-2.1
2020,Base-f462400,0-1,1.0,738,534,749,-1.9
2023,New-c74a786,1-0,1.0,739,534,749,-1.7
2024,Base-f462400,1-0,0.0,739,534,750,-1.9
2022,Base-f462400,0-1,1.0,740,534,750,-1.7
2025,New-c74a786,1/2-1/2,0.5,740,535,750,-1.7
2027,New-c74a786,0-1,0.0,740,535,751,-1.9
2026,Base-f462400,0-1,1.0,741,535,751,-1.7
2028,Base-f462400,0-1,1.0,742,535,751,-1.5
2029,New-c74a786,0-1,0.0,742,535,752,-1.7
2031,New-c74a786,0-1,0.0,742,535,753,-1.9
2030,Base-f462400,0-1,1.0,743,535,753,-1.7
2033,New-c74a786,0-1,0.0,743,535,754,-1.9
2032,Base-f462400,0-1,1.0,744,535,754,-1.7
2036,Base-f462400,1/2-1/2,0.5,744,536,754,-1.7
2034,Base-f462400,1-0,0.0,744,536,755,-1.9
2035,New-c74a786,1-0,1.0,745,536,755,-1.7
2039,New-c74a786,0-1,0.0,745,536,756,-1.9
2037,New-c74a786,1/2-1/2,0.5,745,537,756,-1.9
2041,New-c74a786,1/2-1/2,0.5,745,538,756,-1.9
2040,Base-f462400,1-0,0.0,745,538,757,-2.0
2038,Base-f462400,1-0,0.0,745,538,758,-2.2
2044,Base-f462400,0-1,1.0,746,538,758,-2.0
2043,New-c74a786,0-1,0.0,746,538,759,-2.2
2042,Base-f462400,0-1,1.0,747,538,759,-2.0
2048,Base-f462400,1-0,0.0,747,538,760,-2.2
2045,New-c74a786,0-1,0.0,747,538,761,-2.4
2049,New-c74a786,1-0,1.0,748,538,761,-2.2
2047,New-c74a786,1/2-1/2,0.5,748,539,761,-2.2
2046,Base-f462400,1/2-1/2,0.5,748,540,761,-2.2
2050,Base-f462400,1-0,0.0,748,540,762,-2.4
2051,New-c74a786,1-0,1.0,749,540,762,-2.2
2052,Base-f462400,1/2-1/2,0.5,749,541,762,-2.2
2055,New-c74a786,1-0,1.0,750,541,762,-2.0
2057,New-c74a786,0-1,0.0,750,541,763,-2.2
2054,Base-f462400,1-0,0.0,750,541,764,-2.4
2053,New-c74a786,1/2-1/2,0.5,750,542,764,-2.4
2056,Base-f462400,1/2-1/2,0.5,750,543,764,-2.4
2058,Base-f462400,1-0,0.0,750,543,765,-2.5
2060,Base-f462400,0-1,1.0,751,543,765,-2.4
2059,New-c74a786,0-1,0.0,751,543,766,-2.5
2062,Base-f462400,1-0,0.0,751,543,767,-2.7
2063,New-c74a786,0-1,0.0,751,543,768,-2.9
2061,New-c74a786,0-1,0.0,751,543,769,-3.0
2064,Base-f462400,0-1,1.0,752,543,769,-2.9
2066,Base-f462400,0-1,1.0,753,543,769,-2.7
2065,New-c74a786,1-0,1.0,754,543,769,-2.5
2067,New-c74a786,1/2-1/2,0.5,754,544,769,-2.5
2068,Base-f462400,0-1,1.0,755,544,769,-2.4
2069,New-c74a786,0-1,0.0,755,544,770,-2.5
2070,Base-f462400,0-1,1.0,756,544,770,-2.3
2071,New-c74a786,1/2-1/2,0.5,756,545,770,-2.3
2072,Base-f462400,1-0,0.0,756,545,771,-2.5
2078,Base-f462400,1/2-1/2,0.5,756,546,771,-2.5
2074,Base-f462400,1-0,0.0,756,546,772,-2.7
2073,New-c74a786,1-0,1.0,757,546,772,-2.5
2075,New-c74a786,0-1,0.0,757,546,773,-2.7
2079,New-c74a786,1-0,1.0,758,546,773,-2.5
2077,New-c74a786,0-1,0.0,758,546,774,-2.7
2081,New-c74a786,1/2-1/2,0.5,758,547,774,-2.7
2080,Base-f462400,0-1,1.0,759,547,774,-2.5
2082,Base-f462400,0-1,1.0,760,547,774,-2.3
2083,New-c74a786,0-1,0.0,760,547,775,-2.5
2076,Base-f462400,1/2-1/2,0.5,760,548,775,-2.5
2084,Base-f462400,0-1,1.0,761,548,775,-2.3
2085,New-c74a786,1/2-1/2,0.5,761,549,775,-2.3
2086,Base-f462400,0-1,1.0,762,549,775,-2.2
2088,Base-f462400,1-0,0.0,762,549,776,-2.3
2089,New-c74a786,0-1,0.0,762,549,777,-2.5
2087,New-c74a786,0-1,0.0,762,549,778,-2.7
2090,Base-f462400,0-1,1.0,763,549,778,-2.5
2095,New-c74a786,1-0,1.0,764,549,778,-2.3
2092,Base-f462400,1-0,0.0,764,549,779,-2.5
2093,New-c74a786,1-0,1.0,765,549,779,-2.3
2096,Base-f462400,1/2-1/2,0.5,765,550,779,-2.3
2091,New-c74a786,1/2-1/2,0.5,765,551,779,-2.3
2094,Base-f462400,1-0,0.0,765,551,780,-2.5
2097,New-c74a786,0-1,0.0,765,551,781,-2.7
2102,Base-f462400,0-1,1.0,766,551,781,-2.5
2098,Base-f462400,1-0,0.0,766,551,782,-2.6
2100,Base-f462400,0-1,1.0,767,551,782,-2.5
2101,New-c74a786,0-1,0.0,767,551,783,-2.6
2106,Base-f462400,1-0,0.0,767,551,784,-2.8
2103,New-c74a786,1/2-1/2,0.5,767,552,784,-2.8
2099,New-c74a786,1-0,1.0,768,552,784,-2.6
2104,Base-f462400,0-1,1.0,769,552,784,-2.5
2105,New-c74a786,0-1,0.0,769,552,785,-2.6
2107,New-c74a786,1-0,1.0,770,552,785,-2.5
2109,New-c74a786,1-0,1.0,771,552,785,-2.3
2108,Base-f462400,1-0,0.0,771,552,786,-2.5
2110,Base-f462400,1-0,0.0,771,552,787,-2.6
2111,New-c74a786,0-1,0.0,771,552,788,-2.8
2112,Base-f462400,1-0,0.0,771,552,789,-3.0
2114,Base-f462400,1-0,0.0,771,552,790,-3.1
2115,New-c74a786,0-1,0.0,771,552,791,-3.3
2113,New-c74a786,1/2-1/2,0.5,771,553,791,-3.3
2117,New-c74a786,1/2-1/2,0.5,771,554,791,-3.3
2120,Base-f462400,1-0,0.0,771,554,792,-3.4
2119,New-c74a786,1-0,1.0,772,554,792,-3.3
2118,Base-f462400,0-1,1.0,773,554,792,-3.1
2121,New-c74a786,1/2-1/2,0.5,773,555,792,-3.1
2116,Base-f462400,1/2-1/2,0.5,773,556,792,-3.1
2122,Base-f462400,1-0,0.0,773,556,793,-3.3
2124,Base-f462400,0-1,1.0,774,556,793,-3.1
2123,New-c74a786,1-0,1.0,775,556,793,-2.9
2125,New-c74a786,0-1,0.0,775,556,794,-3.1
2126,Base-f462400,1-0,0.0,775,556,795,-3.3
2127,New-c74a786,0-1,0.0,775,556,796,-3.4
2128,Base-f462400,1-0,0.0,775,556,797,-3.6
2132,Base-f462400,1-0,0.0,775,556,798,-3.8
2130,Base-f462400,0-1,1.0,776,556,798,-3.6
2129,New-c74a786,0-1,0.0,776,556,799,-3.8
2131,New-c74a786,0-1,0.0,776,556,800,-3.9
2133,New-c74a786,1-0,1.0,777,556,800,-3.7
2134,Base-f462400,1-0,0.0,777,556,801,-3.9
2135,New-c74a786,1-0,1.0,778,556,801,-3.7
2137,New-c74a786,1/2-1/2,0.5,778,557,801,-3.7
2141,New-c74a786,1-0,1.0,779,557,801,-3.6
2138,Base-f462400,1-0,0.0,779,557,802,-3.7
2136,Base-f462400,0-1,1.0,780,557,802,-3.6
2139,New-c74a786,0-1,0.0,780,557,803,-3.7
2140,Base-f462400,0-1,1.0,781,557,803,-3.6
2142,Base-f462400,1/2-1/2,0.5,781,558,803,-3.6
2143,New-c74a786,1/2-1/2,0.5,781,559,803,-3.6
2147,New-c74a786,0-1,0.0,781,559,804,-3.7
2144,Base-f462400,0-1,1.0,782,559,804,-3.6
2145,New-c74a786,1/2-1/2,0.5,782,560,804,-3.6
2146,Base-f462400,1-0,0.0,782,560,805,-3.7
2148,Base-f462400,1-0,0.0,782,560,806,-3.9
2154,Base-f462400,1/2-1/2,0.5,782,561,806,-3.9
2153,New-c74a786,1/2-1/2,0.5,782,562,806,-3.9
2152,Base-f462400,1/2-1/2,0.5,782,563,806,-3.9
2151,New-c74a786,0-1,0.0,782,563,807,-4.0
2150,Base-f462400,1-0,0.0,782,563,808,-4.2
2149,New-c74a786,0-1,0.0,782,563,809,-4.4
2157,New-c74a786,1-0,1.0,783,563,809,-4.2
2155,New-c74a786,1-0,1.0,784,563,809,-4.0
2161,New-c74a786,0-1,0.0,784,563,810,-4.2
2158,Base-f462400,1/2-1/2,0.5,784,564,810,-4.2
2156,Base-f462400,1-0,0.0,784,564,811,-4.3
2159,New-c74a786,1-0,1.0,785,564,811,-4.2
2163,New-c74a786,0-1,0.0,785,564,812,-4.3
2162,Base-f462400,1-0,0.0,785,564,813,-4.5
2160,Base-f462400,1/2-1/2,0.5,785,565,813,-4.5
2164,Base-f462400,0-1,1.0,786,565,813,-4.3
2165,New-c74a786,1/2-1/2,0.5,786,566,813,-4.3
2167,New-c74a786,1-0,1.0,787,566,813,-4.2
2166,Base-f462400,0-1,1.0,788,566,813,-4.0
2170,Base-f462400,0-1,1.0,789,566,813,-3.8
2169,New-c74a786,0-1,0.0,789,566,814,-4.0
2171,New-c74a786,1-0,1.0,790,566,814,-3.8
2172,Base-f462400,1/2-1/2,0.5,790,567,814,-3.8
2168,Base-f462400,1/2-1/2,0.5,790,568,814,-3.8
2175,New-c74a786,1-0,1.0,791,568,814,-3.7
2173,New-c74a786,1/2-1/2,0.5,791,569,814,-3.7
2177,New-c74a786,1-0,1.0,792,569,814,-3.5
2174,Base-f462400,1/2-1/2,0.5,792,570,814,-3.5
2178,Base-f462400,1-0,0.0,792,570,815,-3.7
2176,Base-f462400,0-1,1.0,793,570,815,-3.5
2179,New-c74a786,1-0,1.0,794,570,815,-3.3
2180,Base-f462400,1-0,0.0,794,570,816,-3.5
2182,Base-f462400,1-0,0.0,794,570,817,-3.7
2181,New-c74a786,1-0,1.0,795,570,817,-3.5
2183,New-c74a786,1-0,1.0,796,570,817,-3.3
2184,Base-f462400,1-0,0.0,796,570,818,-3.5
2186,Base-f462400,1-0,0.0,796,570,819,-3.7
2187,New-c74a786,1/2-1/2,0.5,796,571,819,-3.7
2185,New-c74a786,1-0,1.0,797,571,819,-3.5
2188,Base-f462400,0-1,1.0,798,571,819,-3.3
2189,New-c74a786,0-1,0.0,798,571,820,-3.5
2190,Base-f462400,1-0,0.0,798,571,821,-3.6
2191,New-c74a786,1-0,1.0,799,571,821,-3.5
2192,Base-f462400,0-1,1.0,800,571,821,-3.3
2193,New-c74a786,0-1,0.0,800,571,822,-3.5
2196,Base-f462400,1/2-1/2,0.5,800,572,822,-3.5
2194,Base-f462400,0-1,1.0,801,572,822,-3.3
2195,New-c74a786,1-0,1.0,802,572,822,-3.2
2197,New-c74a786,1-0,1.0,803,572,822,-3.0
2201,New-c74a786,1/2-1/2,0.5,803,573,822,-3.0
2199,New-c74a786,0-1,0.0,803,573,823,-3.2
2202,Base-f462400,0-1,1.0,804,573,823,-3.0
2206,Base-f462400,0-1,1.0,805,573,823,-2.8
2204,Base-f462400,0-1,1.0,806,573,823,-2.7
2200,Base-f462400,1-0,0.0,806,573,824,-2.8
2205,New-c74a786,0-1,0.0,806,573,825,-3.0
2198,Base-f462400,0-1,1.0,807,573,825,-2.8
2203,New-c74a786,0-1,0.0,807,573,826,-3.0
2208,Base-f462400,1-0,0.0,807,573,827,-3.1
2209,New-c74a786,1/2-1/2,0.5,807,574,827,-3.1
2207,New-c74a786,1-0,1.0,808,574,827,-3.0
2210,Base-f462400,1/2-1/2,0.5,808,575,827,-3.0
2212,Base-f462400,0-1,1.0,809,575,827,-2.8
2213,New-c74a786,1/2-1/2,0.5,809,576,827,-2.8
2211,New-c74a786,1/2-1/2,0.5,809,577,827,-2.8
2214,Base-f462400,1/2-1/2,0.5,809,578,827,-2.8
2215,New-c74a786,1-0,1.0,810,578,827,-2.7
2218,Base-f462400,1-0,0.0,810,578,828,-2.8
2216,Base-f462400,1/2-1/2,0.5,810,579,828,-2.8
2217,New-c74a786,1-0,1.0,811,579,828,-2.7
2221,New-c74a786,0-1,0.0,811,579,829,-2.8
2219,New-c74a786,0-1,0.0,811,579,830,-3.0
2222,Base-f462400,1-0,0.0,811,579,831,-3.1
2220,Base-f462400,1/2-1/2,0.5,811,580,831,-3.1
2227,New-c74a786,1/2-1/2,0.5,811,581,831,-3.1
2224,Base-f462400,1/2-1/2,0.5,811,582,831,-3.1
2223,New-c74a786,1/2-1/2,0.5,811,583,831,-3.1
2226,Base-f462400,0-1,1.0,812,583,831,-3.0
2228,Base-f462400,1-0,0.0,812,583,832,-3.1
2225,New-c74a786,1/2-1/2,0.5,812,584,832,-3.1
2229,New-c74a786,1/2-1/2,0.5,812,585,832,-3.1
2230,Base-f462400,0-1,1.0,813,585,832,-3.0
2231,New-c74a786,1-0,1.0,814,585,832,-2.8
2235,New-c74a786,0-1,0.0,814,585,833,-3.0
2232,Base-f462400,0-1,1.0,815,585,833,-2.8
2233,New-c74a786,1-0,1.0,816,585,833,-2.6
2234,Base-f462400,0-1,1.0,817,585,833,-2.5
2242,Base-f462400,1/2-1/2,0.5,817,586,833,-2.5
2236,Base-f462400,0-1,1.0,818,586,833,-2.3
2240,Base-f462400,1-0,0.0,818,586,834,-2.5
2238,Base-f462400,0-1,1.0,819,586,834,-2.3
2237,New-c74a786,0-1,0.0,819,586,835,-2.5
2239,New-c74a786,0-1,0.0,819,586,836,-2.6
2241,New-c74a786,1/2-1/2,0.5,819,587,836,-2.6
2243,New-c74a786,1/2-1/2,0.5,819,588,836,-2.6
2246,Base-f462400,0-1,1.0,820,588,836,-2.5
2244,Base-f462400,1/2-1/2,0.5,820,589,836,-2.5
2247,New-c74a786,1-0,1.0,821,589,836,-2.3
2245,New-c74a786,0-1,0.0,821,589,837,-2.5
2248,Base-f462400,1-0,0.0,821,589,838,-2.6
2251,New-c74a786,1-0,1.0,822,589,838,-2.5
2250,Base-f462400,1-0,0.0,822,589,839,-2.6
2249,New-c74a786,0-1,0.0,822,589,840,-2.8
2253,New-c74a786,0-1,0.0,822,589,841,-2.9
2257,New-c74a786,1/2-1/2,0.5,822,590,841,-2.9
2255,New-c74a786,1-0,1.0,823,590,841,-2.8
2252,Base-f462400,1-0,0.0,823,590,842,-2.9
2254,Base-f462400,1/2-1/2,0.5,823,591,842,-2.9
2256,Base-f462400,0-1,1.0,824,591,842,-2.8
2259,New-c74a786,1/2-1/2,0.5,824,592,842,-2.8
2258,Base-f462400,1-0,0.0,824,592,843,-2.9
2264,Base-f462400,1/2-1/2,0.5,824,593,843,-2.9
2260,Base-f462400,0-1,1.0,825,593,843,-2.8
2262,Base-f462400,0-1,1.0,826,593,843,-2.6
2263,New-c74a786,0-1,0.0,826,593,844,-2.8
2261,New-c74a786,1-0,1.0,827,593,844,-2.6
2266,Base-f462400,1-0,0.0,827,593,845,-2.8
2265,New-c74a786,1/2-1/2,0.5,827,594,845,-2.8
2267,New-c74a786,1/2-1/2,0.5,827,595,845,-2.8
2268,Base-f462400,0-1,1.0,828,595,845,-2.6
2269,New-c74a786,0-1,0.0,828,595,846,-2.8
2272,Base-f462400,1-0,0.0,828,595,847,-2.9
2270,Base-f462400,1-0,0.0,828,595,848,-3.1
2271,New-c74a786,1-0,1.0,829,595,848,-2.9
2275,New-c74a786,1/2-1/2,0.5,829,596,848,-2.9
2274,Base-f462400,1-0,0.0,829,596,849,-3.1
2273,New-c74a786,1-0,1.0,830,596,849,-2.9
2276,Base-f462400,0-1,1.0,831,596,849,-2.7
2277,New-c74a786,1/2-1/2,0.5,831,597,849,-2.7
2280,Base-f462400,0-1,1.0,832,597,849,-2.6
2283,New-c74a786,1/2-1/2,0.5,832,598,849,-2.6
2278,Base-f462400,1/2-1/2,0.5,832,599,849,-2.6
2279,New-c74a786,0-1,0.0,832,599,850,-2.7
2282,Base-f462400,1/2-1/2,0.5,832,600,850,-2.7
2281,New-c74a786,1/2-1/2,0.5,832,601,850,-2.7
2284,Base-f462400,1-0,0.0,832,601,851,-2.9
2291,New-c74a786,1/2-1/2,0.5,832,602,851,-2.9
2286,Base-f462400,1/2-1/2,0.5,832,603,851,-2.9
2287,New-c74a786,1-0,1.0,833,603,851,-2.7
2285,New-c74a786,1/2-1/2,0.5,833,604,851,-2.7
2289,New-c74a786,0-1,0.0,833,604,852,-2.9
2288,Base-f462400,1/2-1/2,0.5,833,605,852,-2.9
2290,Base-f462400,0-1,1.0,834,605,852,-2.7
2292,Base-f462400,0-1,1.0,835,605,852,-2.6
2299,New-c74a786,1-0,1.0,836,605,852,-2.4
2297,New-c74a786,0-1,0.0,836,605,853,-2.6
2293,New-c74a786,1/2-1/2,0.5,836,606,853,-2.6
2294,Base-f462400,1-0,0.0,836,606,854,-2.7
2296,Base-f462400,0-1,1.0,837,606,854,-2.6
2298,Base-f462400,1-0,0.0,837,606,855,-2.7
2295,New-c74a786,1/2-1/2,0.5,837,607,855,-2.7
2300,Base-f462400,1/2-1/2,0.5,837,608,855,-2.7
2301,New-c74a786,1-0,1.0,838,608,855,-2.6
2302,Base-f462400,1-0,0.0,838,608,856,-2.7
2306,Base-f462400,1/2-1/2,0.5,838,609,856,-2.7
2304,Base-f462400,1/2-1/2,0.5,838,610,856,-2.7
2303,New-c74a786,1/2-1/2,0.5,838,611,856,-2.7
2305,New-c74a786,1-0,1.0,839,611,856,-2.6
2307,New-c74a786,0-1,0.0,839,611,857,-2.7
2313,New-c74a786,1/2-1/2,0.5,839,612,857,-2.7
2308,Base-f462400,0-1,1.0,840,612,857,-2.6
2309,New-c74a786,1/2-1/2,0.5,840,613,857,-2.6
2312,Base-f462400,0-1,1.0,841,613,857,-2.4
2310,Base-f462400,1/2-1/2,0.5,841,614,857,-2.4
2315,New-c74a786,0-1,0.0,841,614,858,-2.6
2314,Base-f462400,0-1,1.0,842,614,858,-2.4
2311,New-c74a786,1/2-1/2,0.5,842,615,858,-2.4
2316,Base-f462400,0-1,1.0,843,615,858,-2.3
2321,New-c74a786,1/2-1/2,0.5,843,616,858,-2.2
2317,New-c74a786,0-1,0.0,843,616,859,-2.4
2318,Base-f462400,0-1,1.0,844,616,859,-2.2
2319,New-c74a786,0-1,0.0,844,616,860,-2.4
2320,Base-f462400,1/2-1/2,0.5,844,617,860,-2.4
2322,Base-f462400,1-0,0.0,844,617,861,-2.5
2323,New-c74a786,0-1,0.0,844,617,862,-2.7
2324,Base-f462400,1-0,0.0,844,617,863,-2.8
2325,New-c74a786,1-0,1.0,845,617,863,-2.7
2330,Base-f462400,1-0,0.0,845,617,864,-2.8
2328,Base-f462400,1-0,0.0,845,617,865,-3.0
2326,Base-f462400,0-1,1.0,846,617,865,-2.8
2327,New-c74a786,0-1,0.0,846,617,866,-3.0
2332,Base-f462400,1/2-1/2,0.5,846,618,866,-3.0
2329,New-c74a786,0-1,0.0,846,618,867,-3.1
2331,New-c74a786,0-1,0.0,846,618,868,-3.3
2335,New-c74a786,1-0,1.0,847,618,868,-3.1
2334,Base-f462400,1/2-1/2,0.5,847,619,868,-3.1
2333,New-c74a786,0-1,0.0,847,619,869,-3.3
2336,Base-f462400,1/2-1/2,0.5,847,620,869,-3.3
2337,New-c74a786,0-1,0.0,847,620,870,-3.4
2338,Base-f462400,0-1,1.0,848,620,870,-3.3
2340,Base-f462400,1-0,0.0,848,620,871,-3.4
2342,Base-f462400,1/2-1/2,0.5,848,621,871,-3.4
2339,New-c74a786,0-1,0.0,848,621,872,-3.6
2341,New-c74a786,1-0,1.0,849,621,872,-3.4
2343,New-c74a786,0-1,0.0,849,621,873,-3.6
2346,Base-f462400,0-1,1.0,850,621,873,-3.4
2344,Base-f462400,1/2-1/2,0.5,850,622,873,-3.4
2349,New-c74a786,1/2-1/2,0.5,850,623,873,-3.4
2347,New-c74a786,0-1,0.0,850,623,874,-3.6
2345,New-c74a786,1-0,1.0,851,623,874,-3.4
2348,Base-f462400,0-1,1.0,852,623,874,-3.3
2353,New-c74a786,1/2-1/2,0.5,852,624,874,-3.3
2350,Base-f462400,1-0,0.0,852,624,875,-3.4
2351,New-c74a786,0-1,0.0,852,624,876,-3.5
2352,Base-f462400,1/2-1/2,0.5,852,625,876,-3.5
2356,Base-f462400,1-0,0.0,852,625,877,-3.7
2355,New-c74a786,0-1,0.0,852,625,878,-3.8
2354,Base-f462400,0-1,1.0,853,625,878,-3.7
2358,Base-f462400,0-1,1.0,854,625,878,-3.5
2357,New-c74a786,0-1,0.0,854,625,879,-3.7
2362,Base-f462400,1/2-1/2,0.5,854,626,879,-3.7
2359,New-c74a786,1/2-1/2,0.5,854,627,879,-3.7
2363,New-c74a786,0-1,0.0,854,627,880,-3.8
2360,Base-f462400,1/2-1/2,0.5,854,628,880,-3.8
2364,Base-f462400,1-0,0.0,854,628,881,-4.0
2361,New-c74a786,1-0,1.0,855,628,881,-3.8
2365,New-c74a786,0-1,0.0,855,628,882,-4.0
2366,Base-f462400,1-0,0.0,855,628,883,-4.1
2367,New-c74a786,0-1,0.0,855,628,884,-4.3
2370,Base-f462400,1-0,0.0,855,628,885,-4.4
2368,Base-f462400,1-0,0.0,855,628,886,-4.5
2369,New-c74a786,1-0,1.0,856,628,886,-4.4
2371,New-c74a786,0-1,0.0,856,628,887,-4.5
2372,Base-f462400,1-0,0.0,856,628,888,-4.7
2374,Base-f462400,1-0,0.0,856,628,889,-4.8
2373,New-c74a786,1-0,1.0,857,628,889,-4.7
2379,New-c74a786,1-0,1.0,858,628,889,-4.5
2377,New-c74a786,1-0,1.0,859,628,889,-4.4
2376,Base-f462400,1-0,0.0,859,628,890,-4.5
2378,Base-f462400,1-0,0.0,859,628,891,-4.7
2380,Base-f462400,1/2-1/2,0.5,859,629,891,-4.7
2384,Base-f462400,0-1,1.0,860,629,891,-4.5
2375,New-c74a786,1/2-1/2,0.5,860,630,891,-4.5
2382,Base-f462400,1-0,0.0,860,630,892,-4.7
2381,New-c74a786,1-0,1.0,861,630,892,-4.5
2383,New-c74a786,0-1,0.0,861,630,893,-4.7
2385,New-c74a786,1-0,1.0,862,630,893,-4.5
2387,New-c74a786,1-0,1.0,863,630,893,-4.4
2386,Base-f462400,1-0,0.0,863,630,894,-4.5
2390,Base-f462400,1/2-1/2,0.5,863,631,894,-4.5
2389,New-c74a786,1-0,1.0,864,631,894,-4.4
2388,Base-f462400,1-0,0.0,864,631,895,-4.5
2391,New-c74a786,1-0,1.0,865,631,895,-4.4
2395,New-c74a786,1/2-1/2,0.5,865,632,895,-4.4
2392,Base-f462400,0-1,1.0,866,632,895,-4.2
2394,Base-f462400,1-0,0.0,866,632,896,-4.4
2393,New-c74a786,1/2-1/2,0.5,866,633,896,-4.4
2397,New-c74a786,1/2-1/2,0.5,866,634,896,-4.4
2396,Base-f462400,0-1,1.0,867,634,896,-4.2
2398,Base-f462400,1-0,0.0,867,634,897,-4.3
2399,New-c74a786,1-0,1.0,868,634,897,-4.2
2401,New-c74a786,1/2-1/2,0.5,868,635,897,-4.2
2400,Base-f462400,0-1,1.0,869,635,897,-4.1
2402,Base-f462400,1-0,0.0,869,635,898,-4.2
2405,New-c74a786,0-1,0.0,869,635,899,-4.3
2404,Base-f462400,1-0,0.0,869,635,900,-4.5
2406,Base-f462400,1/2-1/2,0.5,869,636,900,-4.5
2410,Base-f462400,1/2-1/2,0.5,869,637,900,-4.5
2403,New-c74a786,1/2-1/2,0.5,869,638,900,-4.5
2409,New-c74a786,1-0,1.0,870,638,900,-4.3
2407,New-c74a786,1-0,1.0,871,638,900,-4.2
2408,Base-f462400,1-0,0.0,871,638,901,-4.3
2411,New-c74a786,1-0,1.0,872,638,901,-4.2
2413,New-c74a786,0-1,0.0,872,638,902,-4.3
2412,Base-f462400,1/2-1/2,0.5,872,639,902,-4.3
2415,New-c74a786,0-1,0.0,872,639,903,-4.5
2414,Base-f462400,0-1,1.0,873,639,903,-4.3
2417,New-c74a786,1-0,1.0,874,639,903,-4.2
2416,Base-f462400,0-1,1.0,875,639,903,-4.0
2420,Base-f462400,1-0,0.0,875,639,904,-4.2
2421,New-c74a786,0-1,0.0,875,639,905,-4.3
2419,New-c74a786,1/2-1/2,0.5,875,640,905,-4.3
2418,Base-f462400,1-0,0.0,875,640,906,-4.4
2424,Base-f462400,0-1,1.0,876,640,906,-4.3
2422,Base-f462400,1-0,0.0,876,640,907,-4.4
2425,New-c74a786,1-0,1.0,877,640,907,-4.3
2423,New-c74a786,1/2-1/2,0.5,877,641,907,-4.3
2427,New-c74a786,0-1,0.0,877,641,908,-4.4
2429,New-c74a786,0-1,0.0,877,641,909,-4.6
2426,Base-f462400,1/2-1/2,0.5,877,642,909,-4.6
2428,Base-f462400,0-1,1.0,878,642,909,-4.4
2431,New-c74a786,1-0,1.0,879,642,909,-4.3
2430,Base-f462400,1/2-1/2,0.5,879,643,909,-4.3
2432,Base-f462400,1-0,0.0,879,643,910,-4.4
2433,New-c74a786,0-1,0.0,879,643,911,-4.6
2435,New-c74a786,0-1,0.0,879,643,912,-4.7
2436,Base-f462400,1-0,0.0,879,643,913,-4.9
2434,Base-f462400,1-0,0.0,879,643,914,-5.0
2438,Base-f462400,1-0,0.0,879,643,915,-5.1
2440,Base-f462400,1-0,0.0,879,643,916,-5.3
2441,New-c74a786,0-1,0.0,879,643,917,-5.4
2437,New-c74a786,1-0,1.0,880,643,917,-5.3
2439,New-c74a786,1-0,1.0,881,643,917,-5.1
2442,Base-f462400,0-1,1.0,882,643,917,-5.0
2443,New-c74a786,0-1,0.0,882,643,918,-5.1
2445,New-c74a786,0-1,0.0,882,643,919,-5.3
2446,Base-f462400,0-1,1.0,883,643,919,-5.1
2444,Base-f462400,1/2-1/2,0.5,883,644,919,-5.1
2447,New-c74a786,0-1,0.0,883,644,920,-5.3
2448,Base-f462400,1/2-1/2,0.5,883,645,920,-5.3
2453,New-c74a786,1-0,1.0,884,645,920,-5.1
2449,New-c74a786,0-1,0.0,884,645,921,-5.2
2450,Base-f462400,1-0,0.0,884,645,922,-5.4
2454,Base-f462400,1-0,0.0,884,645,923,-5.5
2452,Base-f462400,1/2-1/2,0.5,884,646,923,-5.5
2451,New-c74a786,1-0,1.0,885,646,923,-5.4
2456,Base-f462400,0-1,1.0,886,646,923,-5.2
2455,New-c74a786,0-1,0.0,886,646,924,-5.4
2457,New-c74a786,1/2-1/2,0.5,886,647,924,-5.4
2458,Base-f462400,0-1,1.0,887,647,924,-5.2
2459,New-c74a786,0-1,0.0,887,647,925,-5.4
2460,Base-f462400,1/2-1/2,0.5,887,648,925,-5.4
2464,Base-f462400,0-1,1.0,888,648,925,-5.2
2462,Base-f462400,0-1,1.0,889,648,925,-5.1
2467,New-c74a786,1/2-1/2,0.5,889,649,925,-5.1
2463,New-c74a786,1-0,1.0,890,649,925,-4.9
2461,New-c74a786,1/2-1/2,0.5,890,650,925,-4.9
2466,Base-f462400,1-0,0.0,890,650,926,-5.1
2465,New-c74a786,1-0,1.0,891,650,926,-4.9
2469,New-c74a786,1-0,1.0,892,650,926,-4.8
2473,New-c74a786,0-1,0.0,892,650,927,-4.9
2468,Base-f462400,0-1,1.0,893,650,927,-4.8
2475,New-c74a786,1/2-1/2,0.5,893,651,927,-4.8
2472,Base-f462400,1/2-1/2,0.5,893,652,927,-4.8
2470,Base-f462400,1/2-1/2,0.5,893,653,927,-4.8
2471,New-c74a786,1/2-1/2,0.5,893,654,927,-4.8
2474,Base-f462400,1-0,0.0,893,654,928,-4.9
2476,Base-f462400,0-1,1.0,894,654,928,-4.8
2481,New-c74a786,1-0,1.0,895,654,928,-4.6
2478,Base-f462400,1-0,0.0,895,654,929,-4.8
2477,New-c74a786,0-1,0.0,895,654,930,-4.9
2482,Base-f462400,0-1,1.0,896,654,930,-4.8
2479,New-c74a786,0-1,0.0,896,654,931,-4.9
2480,Base-f462400,1/2-1/2,0.5,896,655,931,-4.9
2483,New-c74a786,0-1,0.0,896,655,932,-5.0
2485,New-c74a786,1-0,1.0,897,655,932,-4.9
2486,Base-f462400,1/2-1/2,0.5,897,656,932,-4.9
2487,New-c74a786,0-1,0.0,897,656,933,-5.0
2488,Base-f462400,0-1,1.0,898,656,933,-4.9
2484,Base-f462400,1/2-1/2,0.5,898,657,933,-4.9
2490,Base-f462400,0-1,1.0,899,657,933,-4.7
2491,New-c74a786,0-1,0.0,899,657,934,-4.9
2489,New-c74a786,1-0,1.0,900,657,934,-4.7
2492,Base-f462400,0-1,1.0,901,657,934,-4.6
2493,New-c74a786,0-1,0.0,901,657,935,-4.7
2494,Base-f462400,1-0,0.0,901,657,936,-4.9
2497,New-c74a786,1-0,1.0,902,657,936,-4.7
2495,New-c74a786,0-1,0.0,902,657,937,-4.9
2496,Base-f462400,1/2-1/2,0.5,902,658,937,-4.9
2501,New-c74a786,1-0,1.0,903,658,937,-4.7
2499,New-c74a786,1-0,1.0,904,658,937,-4.6
2500,Base-f462400,1-0,0.0,904,658,938,-4.7
2498,Base-f462400,1/2-1/2,0.5,904,659,938,-4.7
2503,New-c74a786,1/2-1/2,0.5,904,660,938,-4.7
2502,Base-f462400,1/2-1/2,0.5,904,661,938,-4.7
2506,Base-f462400,0-1,1.0,905,661,938,-4.6
2504,Base-f462400,0-1,1.0,906,661,938,-4.4
2505,New-c74a786,1-0,1.0,907,661,938,-4.3
2507,New-c74a786,0-1,0.0,907,661,939,-4.4
2508,Base-f462400,1/2-1/2,0.5,907,662,939,-4.4
2509,New-c74a786,1-0,1.0,908,662,939,-4.3
2510,Base-f462400,1/2-1/2,0.5,908,663,939,-4.3
2514,Base-f462400,0-1,1.0,909,663,939,-4.2
2511,New-c74a786,0-1,0.0,909,663,940,-4.3
2513,New-c74a786,1-0,1.0,910,663,940,-4.1
2512,Base-f462400,1-0,0.0,910,663,941,-4.3
2515,New-c74a786,1-0,1.0,911,663,941,-4.1
2518,Base-f462400,1-0,0.0,911,663,942,-4.3
2522,Base-f462400,0-1,1.0,912,663,942,-4.1
2520,Base-f462400,1/2-1/2,0.5,912,664,942,-4.1
2519,New-c74a786,0-1,0.0,912,664,943,-4.3
2516,Base-f462400,1/2-1/2,0.5,912,665,943,-4.3
2521,New-c74a786,0-1,0.0,912,665,944,-4.4
2517,New-c74a786,1/2-1/2,0.5,912,666,944,-4.4
2523,New-c74a786,0-1,0.0,912,666,945,-4.5
2524,Base-f462400,1-0,0.0,912,666,946,-4.7
2527,New-c74a786,1-0,1.0,913,666,946,-4.5
2525,New-c74a786,1-0,1.0,914,666,946,-4.4
2531,New-c74a786,1/2-1/2,0.5,914,667,946,-4.4
2526,Base-f462400,1-0,0.0,914,667,947,-4.5
2528,Base-f462400,1-0,0.0,914,667,948,-4.7
2529,New-c74a786,1-0,1.0,915,667,948,-4.5
2530,Base-f462400,1-0,0.0,915,667,949,-4.7
2532,Base-f462400,1-0,0.0,915,667,950,-4.8
2535,New-c74a786,1/2-1/2,0.5,915,668,950,-4.8
2536,Base-f462400,1/2-1/2,0.5,915,669,950,-4.8
2534,Base-f462400,1-0,0.0,915,669,951,-4.9
2533,New-c74a786,1/2-1/2,0.5,915,670,951,-4.9
2537,New-c74a786,0-1,0.0,915,670,952,-5.1
2541,New-c74a786,1/2-1/2,0.5,915,671,952,-5.1
2540,Base-f462400,1/2-1/2,0.5,915,672,952,-5.1
2538,Base-f462400,1-0,0.0,915,672,953,-5.2
2539,New-c74a786,0-1,0.0,915,672,954,-5.3
2546,Base-f462400,1/2-1/2,0.5,915,673,954,-5.3
2542,Base-f462400,1/2-1/2,0.5,915,674,954,-5.3
2543,New-c74a786,1-0,1.0,916,674,954,-5.2
2544,Base-f462400,0-1,1.0,917,674,954,-5.1
2545,New-c74a786,0-1,0.0,917,674,955,-5.2
2547,New-c74a786,1/2-1/2,0.5,917,675,955,-5.2
2549,New-c74a786,1/2-1/2,0.5,917,676,955,-5.2
2548,Base-f462400,1/2-1/2,0.5,917,677,955,-5.2
2551,New-c74a786,0-1,0.0,917,677,956,-5.3
2550,Base-f462400,1/2-1/2,0.5,917,678,956,-5.3
2553,New-c74a786,1-0,1.0,918,678,956,-5.2
2552,Base-f462400,0-1,1.0,919,678,956,-5.0
2554,Base-f462400,1-0,0.0,919,678,957,-5.2
2556,Base-f462400,1-0,0.0,919,678,958,-5.3
2555,New-c74a786,1-0,1.0,920,678,958,-5.2
2557,New-c74a786,1/2-1/2,0.5,920,679,958,-5.2
2560,Base-f462400,0-1,1.0,921,679,958,-5.0
2558,Base-f462400,1/2-1/2,0.5,921,680,958,-5.0
2559,New-c74a786,1-0,1.0,922,680,958,-4.9
2561,New-c74a786,0-1,0.0,922,680,959,-5.0
2562,Base-f462400,0-1,1.0,923,680,959,-4.9
2563,New-c74a786,1-0,1.0,924,680,959,-4.7
2564,Base-f462400,1-0,0.0,924,680,960,-4.9
2565,New-c74a786,1/2-1/2,0.5,924,681,960,-4.9
2566,Base-f462400,1/2-1/2,0.5,924,682,960,-4.9
2567,New-c74a786,1-0,1.0,925,682,960,-4.7
2569,New-c74a786,1-0,1.0,926,682,960,-4.6
2568,Base-f462400,1/2-1/2,0.5,926,683,960,-4.6
2572,Base-f462400,1/2-1/2,0.5,926,684,960,-4.6
2571,New-c74a786,0-1,0.0,926,684,961,-4.7
2570,Base-f462400,1/2-1/2,0.5,926,685,961,-4.7
2574,Base-f462400,1/2-1/2,0.5,926,686,961,-4.7
2575,New-c74a786,0-1,0.0,926,686,962,-4.9
2576,Base-f462400,1/2-1/2,0.5,926,687,962,-4.9
2573,New-c74a786,1-0,1.0,927,687,962,-4.7
2577,New-c74a786,1-0,1.0,928,687,962,-4.6
2584,Base-f462400,1/2-1/2,0.5,928,688,962,-4.6
2580,Base-f462400,1/2-1/2,0.5,928,689,962,-4.6
2581,New-c74a786,1-0,1.0,929,689,962,-4.4
2578,Base-f462400,1-0,0.0,929,689,963,-4.6
2583,New-c74a786,1/2-1/2,0.5,929,690,963,-4.6
2582,Base-f462400,0-1,1.0,930,690,963,-4.4
2579,New-c74a786,1/2-1/2,0.5,930,691,963,-4.4
2585,New-c74a786,0-1,0.0,930,691,964,-4.6
2586,Base-f462400,0-1,1.0,931,691,964,-4.4
2589,New-c74a786,1/2-1/2,0.5,931,692,964,-4.4
2587,New-c74a786,0-1,0.0,931,692,965,-4.6
2588,Base-f462400,0-1,1.0,932,692,965,-4.4
2590,Base-f462400,0-1,1.0,933,692,965,-4.3
2591,New-c74a786,0-1,0.0,933,692,966,-4.4
2592,Base-f462400,1-0,0.0,933,692,967,-4.6
2594,Base-f462400,0-1,1.0,934,692,967,-4.4
2593,New-c74a786,1-0,1.0,935,692,967,-4.3
2595,New-c74a786,0-1,0.0,935,692,968,-4.4
2596,Base-f462400,1/2-1/2,0.5,935,693,968,-4.4
2597,New-c74a786,1/2-1/2,0.5,935,694,968,-4.4
2598,Base-f462400,0-1,1.0,936,694,968,-4.3
2602,Base-f462400,0-1,1.0,937,694,968,-4.1
2600,Base-f462400,0-1,1.0,938,694,968,-4.0
2599,New-c74a786,0-1,0.0,938,694,969,-4.1
2601,New-c74a786,0-1,0.0,938,694,970,-4.3
2603,New-c74a786,0-1,0.0,938,694,971,-4.4
2604,Base-f462400,0-1,1.0,939,694,971,-4.3
2606,Base-f462400,1/2-1/2,0.5,939,695,971,-4.3
2605,New-c74a786,1-0,1.0,940,695,971,-4.1
2608,Base-f462400,1-0,0.0,940,695,972,-4.3
2607,New-c74a786,1-0,1.0,941,695,972,-4.1
2609,New-c74a786,0-1,0.0,941,695,973,-4.3
2610,Base-f462400,0-1,1.0,942,695,973,-4.1
2613,New-c74a786,1/2-1/2,0.5,942,696,973,-4.1
2611,New-c74a786,1-0,1.0,943,696,973,-4.0
2614,Base-f462400,0-1,1.0,944,696,973,-3.9
2616,Base-f462400,1/2-1/2,0.5,944,697,973,-3.9
2615,New-c74a786,0-1,0.0,944,697,974,-4.0
2612,Base-f462400,1/2-1/2,0.5,944,698,974,-4.0
2619,New-c74a786,0-1,0.0,944,698,975,-4.1
2617,New-c74a786,0-1,0.0,944,698,976,-4.2
2618,Base-f462400,1-0,0.0,944,698,977,-4.4
2620,Base-f462400,1/2-1/2,0.5,944,699,977,-4.4
2622,Base-f462400,1-0,0.0,944,699,978,-4.5
2621,New-c74a786,0-1,0.0,944,699,979,-4.6
2623,New-c74a786,1-0,1.0,945,699,979,-4.5
2627,New-c74a786,0-1,0.0,945,699,980,-4.6
2626,Base-f462400,1/2-1/2,0.5,945,700,980,-4.6
2625,New-c74a786,1/2-1/2,0.5,945,701,980,-4.6
2629,New-c74a786,1/2-1/2,0.5,945,702,980,-4.6
2630,Base-f462400,1-0,0.0,945,702,981,-4.8
2628,Base-f462400,0-1,1.0,946,702,981,-4.6
2624,Base-f462400,1/2-1/2,0.5,946,703,981,-4.6
2633,New-c74a786,1-0,1.0,947,703,981,-4.5
2631,New-c74a786,0-1,0.0,947,703,982,-4.6
2632,Base-f462400,1-0,0.0,947,703,983,-4.8
2634,Base-f462400,1-0,0.0,947,703,984,-4.9
2641,New-c74a786,1/2-1/2,0.5,947,704,984,-4.9
2637,New-c74a786,0-1,0.0,947,704,985,-5.0
2636,Base-f462400,1-0,0.0,947,704,986,-5.1
2638,Base-f462400,1/2-1/2,0.5,947,705,986,-5.1
2635,New-c74a786,0-1,0.0,947,705,987,-5.3
2640,Base-f462400,1-0,0.0,947,705,988,-5.4
2642,Base-f462400,0-1,1.0,948,705,988,-5.3
2639,New-c74a786,1-0,1.0,949,705,988,-5.1
2643,New-c74a786,0-1,0.0,949,705,989,-5.3
2644,Base-f462400,0-1,1.0,950,705,989,-5.1
2645,New-c74a786,0-1,0.0,950,705,990,-5.3
2646,Base-f462400,0-1,1.0,951,705,990,-5.1
2647,New-c74a786,0-1,0.0,951,705,991,-5.3
2650,Base-f462400,1-0,0.0,951,705,992,-5.4
2648,Base-f462400,1/2-1/2,0.5,951,706,992,-5.4
2649,New-c74a786,1-0,1.0,952,706,992,-5.2
2653,New-c74a786,1-0,1.0,953,706,992,-5.1
2652,Base-f462400,1-0,0.0,953,706,993,-5.2
2654,Base-f462400,0-1,1.0,954,706,993,-5.1
2656,Base-f462400,0-1,1.0,955,706,993,-5.0
2655,New-c74a786,0-1,0.0,955,706,994,-5.1
2658,Base-f462400,1/2-1/2,0.5,955,707,994,-5.1
2651,New-c74a786,1/2-1/2,0.5,955,708,994,-5.1
2657,New-c74a786,0-1,0.0,955,708,995,-5.2
2659,New-c74a786,1-0,1.0,956,708,995,-5.1
2665,New-c74a786,1-0,1.0,957,708,995,-5.0
2663,New-c74a786,1/2-1/2,0.5,957,709,995,-5.0
2660,Base-f462400,1-0,0.0,957,709,996,-5.1
2661,New-c74a786,1-0,1.0,958,709,996,-5.0
2664,Base-f462400,1/2-1/2,0.5,958,710,996,-5.0
2662,Base-f462400,1/2-1/2,0.5,958,711,996,-5.0
2666,Base-f462400,1-0,0.0,958,711,997,-5.1
2668,Base-f462400,1-0,0.0,958,711,998,-5.2
2667,New-c74a786,1-0,1.0,959,711,998,-5.1
2669,New-c74a786,1/2-1/2,0.5,959,712,998,-5.1
2672,Base-f462400,0-1,1.0,960,712,998,-4.9
2671,New-c74a786,1-0,1.0,961,712,998,-4.8
2670,Base-f462400,1-0,0.0,961,712,999,-4.9
2674,Base-f462400,1-0,0.0,961,712,1000,-5.1
2673,New-c74a786,0-1,0.0,961,712,1001,-5.2
2676,Base-f462400,1-0,0.0,961,712,1002,-5.3
2677,New-c74a786,1-0,1.0,962,712,1002,-5.2
2675,New-c74a786,0-1,0.0,962,712,1003,-5.3
2678,Base-f462400,1/2-1/2,0.5,962,713,1003,-5.3
2679,New-c74a786,1-0,1.0,963,713,1003,-5.2
2680,Base-f462400,1-0,0.0,963,713,1004,-5.3
2681,New-c74a786,1/2-1/2,0.5,963,714,1004,-5.3
2683,New-c74a786,0-1,0.0,963,714,1005,-5.4
2684,Base-f462400,0-1,1.0,964,714,1005,-5.3
2682,Base-f462400,1-0,0.0,964,714,1006,-5.4
2686,Base-f462400,1/2-1/2,0.5,964,715,1006,-5.4
2685,New-c74a786,0-1,0.0,964,715,1007,-5.6
2687,New-c74a786,0-1,0.0,964,715,1008,-5.7
2690,Base-f462400,0-1,1.0,965,715,1008,-5.6
2691,New-c74a786,1-0,1.0,966,715,1008,-5.4
2688,Base-f462400,1-0,0.0,966,715,1009,-5.6
2689,New-c74a786,1/2-1/2,0.5,966,716,1009,-5.6
2692,Base-f462400,1-0,0.0,966,716,1010,-5.7
2694,Base-f462400,1/2-1/2,0.5,966,717,1010,-5.7
2695,New-c74a786,1/2-1/2,0.5,966,718,1010,-5.7
2693,New-c74a786,1-0,1.0,967,718,1010,-5.5
2697,New-c74a786,0-1,0.0,967,718,1011,-5.7
2699,New-c74a786,0-1,0.0,967,718,1012,-5.8
2700,Base-f462400,1-0,0.0,967,718,1013,-5.9
2698,Base-f462400,1/2-1/2,0.5,967,719,1013,-5.9
2701,New-c74a786,1-0,1.0,968,719,1013,-5.8
2702,Base-f462400,1-0,0.0,968,719,1014,-5.9
2696,Base-f462400,1/2-1/2,0.5,968,720,1014,-5.9
2704,Base-f462400,0-1,1.0,969,720,1014,-5.8
2703,New-c74a786,0-1,0.0,969,720,1015,-5.9
2706,Base-f462400,1-0,0.0,969,720,1016,-6.0
2709,New-c74a786,1-0,1.0,970,720,1016,-5.9
2705,New-c74a786,0-1,0.0,970,720,1017,-6.0
2708,Base-f462400,1-0,0.0,970,720,1018,-6.2
2707,New-c74a786,1-0,1.0,971,720,1018,-6.0
2711,New-c74a786,0-1,0.0,971,720,1019,-6.2
2710,Base-f462400,1-0,0.0,971,720,1020,-6.3
2712,Base-f462400,0-1,1.0,972,720,1020,-6.1
2713,New-c74a786,0-1,0.0,972,720,1021,-6.3
2718,Base-f462400,0-1,1.0,973,720,1021,-6.1
2716,Base-f462400,0-1,1.0,974,720,1021,-6.0
2714,Base-f462400,1-0,0.0,974,720,1022,-6.1
2719,New-c74a786,0-1,0.0,974,720,1023,-6.3
2717,New-c74a786,0-1,0.0,974,720,1024,-6.4
2715,New-c74a786,0-1,0.0,974,720,1025,-6.5
2720,Base-f462400,1-0,0.0,974,720,1026,-6.6
2721,New-c74a786,1/2-1/2,0.5,974,721,1026,-6.6
2723,New-c74a786,1/2-1/2,0.5,974,722,1026,-6.6
2725,New-c74a786,1-0,1.0,975,722,1026,-6.5
2726,Base-f462400,0-1,1.0,976,722,1026,-6.4
2727,New-c74a786,0-1,0.0,976,722,1027,-6.5
2722,Base-f462400,1-0,0.0,976,722,1028,-6.6
2724,Base-f462400,1-0,0.0,976,722,1029,-6.8
2728,Base-f462400,1/2-1/2,0.5,976,723,1029,-6.8
2729,New-c74a786,1/2-1/2,0.5,976,724,1029,-6.7
2732,Base-f462400,0-1,1.0,977,724,1029,-6.6
2730,Base-f462400,0-1,1.0,978,724,1029,-6.5
2734,Base-f462400,1/2-1/2,0.5,978,725,1029,-6.5
2733,New-c74a786,0-1,0.0,978,725,1030,-6.6
2731,New-c74a786,1/2-1/2,0.5,978,726,1030,-6.6
2736,Base-f462400,0-1,1.0,979,726,1030,-6.5
2741,New-c74a786,1/2-1/2,0.5,979,727,1030,-6.5
2735,New-c74a786,1-0,1.0,980,727,1030,-6.3
2737,New-c74a786,1/2-1/2,0.5,980,728,1030,-6.3
2740,Base-f462400,1/2-1/2,0.5,980,729,1030,-6.3
2742,Base-f462400,1-0,0.0,980,729,1031,-6.5
2743,New-c74a786,0-1,0.0,980,729,1032,-6.6
2738,Base-f462400,0-1,1.0,981,729,1032,-6.5
2744,Base-f462400,1-0,0.0,981,729,1033,-6.6
2739,New-c74a786,1-0,1.0,982,729,1033,-6.5
2745,New-c74a786,1-0,1.0,983,729,1033,-6.3
2746,Base-f462400,1-0,0.0,983,729,1034,-6.5
2747,New-c74a786,0-1,0.0,983,729,1035,-6.6
2748,Base-f462400,1/2-1/2,0.5,983,730,1035,-6.6
2750,Base-f462400,1-0,0.0,983,730,1036,-6.7
2749,New-c74a786,1-0,1.0,984,730,1036,-6.6
2752,Base-f462400,0-1,1.0,985,730,1036,-6.4
2751,New-c74a786,0-1,0.0,985,730,1037,-6.6
2753,New-c74a786,1/2-1/2,0.5,985,731,1037,-6.6
2756,Base-f462400,0-1,1.0,986,731,1037,-6.4
2754,Base-f462400,1-0,0.0,986,731,1038,-6.6
2759,New-c74a786,1/2-1/2,0.5,986,732,1038,-6.6
2755,New-c74a786,0-1,0.0,986,732,1039,-6.7
2757,New-c74a786,1-0,1.0,987,732,1039,-6.6
2758,Base-f462400,0-1,1.0,988,732,1039,-6.4
2761,New-c74a786,0-1,0.0,988,732,1040,-6.5
2762,Base-f462400,1/2-1/2,0.5,988,733,1040,-6.5
2760,Base-f462400,1/2-1/2,0.5,988,734,1040,-6.5
2763,New-c74a786,1/2-1/2,0.5,988,735,1040,-6.5
2764,Base-f462400,0-1,1.0,989,735,1040,-6.4
2768,Base-f462400,1/2-1/2,0.5,989,736,1040,-6.4
2765,New-c74a786,1-0,1.0,990,736,1040,-6.3
2767,New-c74a786,1-0,1.0,991,736,1040,-6.2
2766,Base-f462400,1/2-1/2,0.5,991,737,1040,-6.2
2769,New-c74a786,1-0,1.0,992,737,1040,-6.0
2770,Base-f462400,1/2-1/2,0.5,992,738,1040,-6.0
2771,New-c74a786,1-0,1.0,993,738,1040,-5.9
2775,New-c74a786,1/2-1/2,0.5,993,739,1040,-5.9
2772,Base-f462400,1-0,0.0,993,739,1041,-6.0
2773,New-c74a786,1/2-1/2,0.5,993,740,1041,-6.0
2776,Base-f462400,0-1,1.0,994,740,1041,-5.9
2774,Base-f462400,0-1,1.0,995,740,1041,-5.8
2779,New-c74a786,1/2-1/2,0.5,995,741,1041,-5.8
2780,Base-f462400,1-0,0.0,995,741,1042,-5.9
2778,Base-f462400,1/2-1/2,0.5,995,742,1042,-5.9
2781,New-c74a786,1-0,1.0,996,742,1042,-5.7
2777,New-c74a786,0-1,0.0,996,742,1043,-5.9
2784,Base-f462400,1-0,0.0,996,742,1044,-6.0
2782,Base-f462400,1-0,0.0,996,742,1045,-6.1
2783,New-c74a786,1/2-1/2,0.5,996,743,1045,-6.1
2789,New-c74a786,0-1,0.0,996,743,1046,-6.2
2786,Base-f462400,1/2-1/2,0.5,996,744,1046,-6.2
2788,Base-f462400,0-1,1.0,997,744,1046,-6.1
2787,New-c74a786,0-1,0.0,997,744,1047,-6.2
2785,New-c74a786,1/2-1/2,0.5,997,745,1047,-6.2
2790,Base-f462400,1-0,0.0,997,745,1048,-6.4
2793,New-c74a786,1/2-1/2,0.5,997,746,1048,-6.3
2794,Base-f462400,1/2-1/2,0.5,997,747,1048,-6.3
2792,Base-f462400,1/2-1/2,0.5,997,748,1048,-6.3
2795,New-c74a786,1-0,1.0,998,748,1048,-6.2
2797,New-c74a786,0-1,0.0,998,748,1049,-6.3
2798,Base-f462400,0-1,1.0,999,748,1049,-6.2
2791,New-c74a786,1/2-1/2,0.5,999,749,1049,-6.2
2799,New-c74a786,1-0,1.0,1000,749,1049,-6.1
2796,Base-f462400,0-1,1.0,1001,749,1049,-6.0
2800,Base-f462400,0-1,1.0,1002,749,1049,-5.8
2801,New-c74a786,1-0,1.0,1003,749,1049,-5.7
2802,Base-f462400,1-0,0.0,1003,749,1050,-5.8
2803,New-c74a786,0-1,0.0,1003,749,1051,-6.0
2804,Base-f462400,1-0,0.0,1003,749,1052,-6.1
2805,New-c74a786,0-1,0.0,1003,749,1053,-6.2
2807,New-c74a786,1/2-1/2,0.5,1003,750,1053,-6.2
2806,Base-f462400,0-1,1.0,1004,750,1053,-6.1
2808,Base-f462400,1-0,0.0,1004,750,1054,-6.2
2809,New-c74a786,1/2-1/2,0.5,1004,751,1054,-6.2
2814,Base-f462400,1/2-1/2,0.5,1004,752,1054,-6.2
2812,Base-f462400,0-1,1.0,1005,752,1054,-6.1
2813,New-c74a786,0-1,0.0,1005,752,1055,-6.2
2810,Base-f462400,1/2-1/2,0.5,1005,753,1055,-6.2
2811,New-c74a786,1/2-1/2,0.5,1005,754,1055,-6.2
2815,New-c74a786,0-1,0.0,1005,754,1056,-6.3
2816,Base-f462400,1-0,0.0,1005,754,1057,-6.4
2817,New-c74a786,1/2-1/2,0.5,1005,755,1057,-6.4
2818,Base-f462400,0-1,1.0,1006,755,1057,-6.3
2823,New-c74a786,1-0,1.0,1007,755,1057,-6.2
2822,Base-f462400,1-0,0.0,1007,755,1058,-6.3
2819,New-c74a786,0-1,0.0,1007,755,1059,-6.4
2824,Base-f462400,1/2-1/2,0.5,1007,756,1059,-6.4
2821,New-c74a786,1-0,1.0,1008,756,1059,-6.3
2820,Base-f462400,0-1,1.0,1009,756,1059,-6.2
2825,New-c74a786,0-1,0.0,1009,756,1060,-6.3
2826,Base-f462400,0-1,1.0,1010,756,1060,-6.1
2827,New-c74a786,1-0,1.0,1011,756,1060,-6.0
2828,Base-f462400,1/2-1/2,0.5,1011,757,1060,-6.0
2830,Base-f462400,0-1,1.0,1012,757,1060,-5.9
2831,New-c74a786,0-1,0.0,1012,757,1061,-6.0
2829,New-c74a786,1/2-1/2,0.5,1012,758,1061,-6.0
2832,Base-f462400,1-0,0.0,1012,758,1062,-6.1
2834,Base-f462400,1-0,0.0,1012,758,1063,-6.3
2833,New-c74a786,0-1,0.0,1012,758,1064,-6.4
2835,New-c74a786,0-1,0.0,1012,758,1065,-6.5
2837,New-c74a786,1/2-1/2,0.5,1012,759,1065,-6.5
2836,Base-f462400,1/2-1/2,0.5,1012,760,1065,-6.5
2840,Base-f462400,1/2-1/2,0.5,1012,761,1065,-6.5
2838,Base-f462400,0-1,1.0,1013,761,1065,-6.4
2839,New-c74a786,1/2-1/2,0.5,1013,762,1065,-6.4
2841,New-c74a786,1/2-1/2,0.5,1013,763,1065,-6.4
2843,New-c74a786,1-0,1.0,1014,763,1065,-6.2
2842,Base-f462400,0-1,1.0,1015,763,1065,-6.1
2846,Base-f462400,1-0,0.0,1015,763,1066,-6.2
2844,Base-f462400,0-1,1.0,1016,763,1066,-6.1
2847,New-c74a786,0-1,0.0,1016,763,1067,-6.2
2845,New-c74a786,1-0,1.0,1017,763,1067,-6.1
2848,Base-f462400,1/2-1/2,0.5,1017,764,1067,-6.1
2850,Base-f462400,1-0,0.0,1017,764,1068,-6.2
2855,New-c74a786,1/2-1/2,0.5,1017,765,1068,-6.2
2849,New-c74a786,1-0,1.0,1018,765,1068,-6.1
2851,New-c74a786,0-1,0.0,1018,765,1069,-6.2
2852,Base-f462400,1/2-1/2,0.5,1018,766,1069,-6.2
2853,New-c74a786,1-0,1.0,1019,766,1069,-6.1
2854,Base-f462400,1-0,0.0,1019,766,1070,-6.2
2856,Base-f462400,1-0,0.0,1019,766,1071,-6.3
2858,Base-f462400,1-0,0.0,1019,766,1072,-6.4
2859,New-c74a786,0-1,0.0,1019,766,1073,-6.6
2862,Base-f462400,1/2-1/2,0.5,1019,767,1073,-6.6
2857,New-c74a786,1-0,1.0,1020,767,1073,-6.4
2861,New-c74a786,0-1,0.0,1020,767,1074,-6.6
2860,Base-f462400,1/2-1/2,0.5,1020,768,1074,-6.6
2863,New-c74a786,1/2-1/2,0.5,1020,769,1074,-6.6
2864,Base-f462400,0-1,1.0,1021,769,1074,-6.4
2865,New-c74a786,0-1,0.0,1021,769,1075,-6.5
2867,New-c74a786,0-1,0.0,1021,769,1076,-6.7
2866,Base-f462400,1-0,0.0,1021,769,1077,-6.8
2870,Base-f462400,1-0,0.0,1021,769,1078,-6.9
2868,Base-f462400,1/2-1/2,0.5,1021,770,1078,-6.9
2869,New-c74a786,1-0,1.0,1022,770,1078,-6.8
2873,New-c74a786,0-1,0.0,1022,770,1079,-6.9
2872,Base-f462400,0-1,1.0,1023,770,1079,-6.8
2871,New-c74a786,1/2-1/2,0.5,1023,771,1079,-6.8
2881,New-c74a786,1/2-1/2,0.5,1023,772,1079,-6.8
2875,New-c74a786,1/2-1/2,0.5,1023,773,1079,-6.8
2876,Base-f462400,1/2-1/2,0.5,1023,774,1079,-6.8
2874,Base-f462400,0-1,1.0,1024,774,1079,-6.6
2880,Base-f462400,0-1,1.0,1025,774,1079,-6.5
2877,New-c74a786,1-0,1.0,1026,774,1079,-6.4
2879,New-c74a786,1/2-1/2,0.5,1026,775,1079,-6.4
2878,Base-f462400,1/2-1/2,0.5,1026,776,1079,-6.4
2883,New-c74a786,1-0,1.0,1027,776,1079,-6.3
2884,Base-f462400,0-1,1.0,1028,776,1079,-6.1
2882,Base-f462400,1/2-1/2,0.5,1028,777,1079,-6.1
2885,New-c74a786,0-1,0.0,1028,777,1080,-6.3
2886,Base-f462400,1-0,0.0,1028,777,1081,-6.4
2889,New-c74a786,0-1,0.0,1028,777,1082,-6.5
2890,Base-f462400,1-0,0.0,1028,777,1083,-6.6
2888,Base-f462400,1/2-1/2,0.5,1028,778,1083,-6.6
2887,New-c74a786,1/2-1/2,0.5,1028,779,1083,-6.6
2891,New-c74a786,0-1,0.0,1028,779,1084,-6.7
2893,New-c74a786,1-0,1.0,1029,779,1084,-6.6
2892,Base-f462400,1-0,0.0,1029,779,1085,-6.7
2895,New-c74a786,1-0,1.0,1030,779,1085,-6.6
2894,Base-f462400,0-1,1.0,1031,779,1085,-6.5
2897,New-c74a786,1-0,1.0,1032,779,1085,-6.4
2896,Base-f462400,1/2-1/2,0.5,1032,780,1085,-6.4
2898,Base-f462400,1-0,0.0,1032,780,1086,-6.5
2901,New-c74a786,0-1,0.0,1032,780,1087,-6.6
2900,Base-f462400,1-0,0.0,1032,780,1088,-6.7
2899,New-c74a786,1-0,1.0,1033,780,1088,-6.6
2902,Base-f462400,1/2-1/2,0.5,1033,781,1088,-6.6
2903,New-c74a786,1/2-1/2,0.5,1033,782,1088,-6.6
2904,Base-f462400,0-1,1.0,1034,782,1088,-6.5
2905,New-c74a786,1/2-1/2,0.5,1034,783,1088,-6.5
2908,Base-f462400,0-1,1.0,1035,783,1088,-6.3
2907,New-c74a786,1-0,1.0,1036,783,1088,-6.2
2906,Base-f462400,1-0,0.0,1036,783,1089,-6.3
2911,New-c74a786,1-0,1.0,1037,783,1089,-6.2
2909,New-c74a786,1/2-1/2,0.5,1037,784,1089,-6.2
2910,Base-f462400,0-1,1.0,1038,784,1089,-6.1
2912,Base-f462400,0-1,1.0,1039,784,1089,-6.0
2913,New-c74a786,1/2-1/2,0.5,1039,785,1089,-6.0
2915,New-c74a786,1-0,1.0,1040,785,1089,-5.8
2918,Base-f462400,0-1,1.0,1041,785,1089,-5.7
2919,New-c74a786,1-0,1.0,1042,785,1089,-5.6
2914,Base-f462400,1-0,0.0,1042,785,1090,-5.7
2916,Base-f462400,0-1,1.0,1043,785,1090,-5.6
2917,New-c74a786,1-0,1.0,1044,785,1090,-5.5
2921,New-c74a786,1-0,1.0,1045,785,1090,-5.4
2925,New-c74a786,1/2-1/2,0.5,1045,786,1090,-5.4
2924,Base-f462400,1-0,0.0,1045,786,1091,-5.5
2920,Base-f462400,1-0,0.0,1045,786,1092,-5.6
2922,Base-f462400,1-0,0.0,1045,786,1093,-5.7
2929,New-c74a786,1/2-1/2,0.5,1045,787,1093,-5.7
2923,New-c74a786,1-0,1.0,1046,787,1093,-5.6
2926,Base-f462400,0-1,1.0,1047,787,1093,-5.5
2928,Base-f462400,1-0,0.0,1047,787,1094,-5.6
2930,Base-f462400,0-1,1.0,1048,787,1094,-5.5
2927,New-c74a786,1/2-1/2,0.5,1048,788,1094,-5.5
2932,Base-f462400,0-1,1.0,1049,788,1094,-5.3
2931,New-c74a786,0-1,0.0,1049,788,1095,-5.5
2935,New-c74a786,1/2-1/2,0.5,1049,789,1095,-5.4
2940,Base-f462400,1/2-1/2,0.5,1049,790,1095,-5.4
2933,New-c74a786,1-0,1.0,1050,790,1095,-5.3
2934,Base-f462400,1-0,0.0,1050,790,1096,-5.4
2938,Base-f462400,1/2-1/2,0.5,1050,791,1096,-5.4
2937,New-c74a786,1-0,1.0,1051,791,1096,-5.3
2936,Base-f462400,1/2-1/2,0.5,1051,792,1096,-5.3
2939,New-c74a786,0-1,0.0,1051,792,1097,-5.4
2944,Base-f462400,0-1,1.0,1052,792,1097,-5.3
2941,New-c74a786,0-1,0.0,1052,792,1098,-5.4
2943,New-c74a786,1-0,1.0,1053,792,1098,-5.3
2942,Base-f462400,1-0,0.0,1053,792,1099,-5.4
2948,Base-f462400,1/2-1/2,0.5,1053,793,1099,-5.4
2947,New-c74a786,0-1,0.0,1053,793,1100,-5.5
2946,Base-f462400,1-0,0.0,1053,793,1101,-5.7
2945,New-c74a786,1/2-1/2,0.5,1053,794,1101,-5.7
2953,New-c74a786,1-0,1.0,1054,794,1101,-5.5
2949,New-c74a786,0-1,0.0,1054,794,1102,-5.7
2952,Base-f462400,1-0,0.0,1054,794,1103,-5.8
2951,New-c74a786,0-1,0.0,1054,794,1104,-5.9
2955,New-c74a786,0-1,0.0,1054,794,1105,-6.0
2954,Base-f462400,1/2-1/2,0.5,1054,795,1105,-6.0
2950,Base-f462400,1-0,0.0,1054,795,1106,-6.1
2957,New-c74a786,1-0,1.0,1055,795,1106,-6.0
2956,Base-f462400,0-1,1.0,1056,795,1106,-5.9
2958,Base-f462400,1-0,0.0,1056,795,1107,-6.0
2962,Base-f462400,1/2-1/2,0.5,1056,796,1107,-6.0
2960,Base-f462400,1-0,0.0,1056,796,1108,-6.1
2959,New-c74a786,1-0,1.0,1057,796,1108,-6.0
2963,New-c74a786,1/2-1/2,0.5,1057,797,1108,-6.0
2961,New-c74a786,0-1,0.0,1057,797,1109,-6.1
2964,Base-f462400,1-0,0.0,1057,797,1110,-6.2
2970,Base-f462400,1/2-1/2,0.5,1057,798,1110,-6.2
2968,Base-f462400,1-0,0.0,1057,798,1111,-6.3
2965,New-c74a786,0-1,0.0,1057,798,1112,-6.4
2966,Base-f462400,1-0,0.0,1057,798,1113,-6.6
2967,New-c74a786,0-1,0.0,1057,798,1114,-6.7
2969,New-c74a786,1-0,1.0,1058,798,1114,-6.6
2971,New-c74a786,1-0,1.0,1059,798,1114,-6.4
2972,Base-f462400,0-1,1.0,1060,798,1114,-6.3
2974,Base-f462400,1-0,0.0,1060,798,1115,-6.4
2975,New-c74a786,1-0,1.0,1061,798,1115,-6.3
2977,New-c74a786,1/2-1/2,0.5,1061,799,1115,-6.3
2973,New-c74a786,1-0,1.0,1062,799,1115,-6.2
2978,Base-f462400,0-1,1.0,1063,799,1115,-6.1
2976,Base-f462400,1-0,0.0,1063,799,1116,-6.2
2979,New-c74a786,1/2-1/2,0.5,1063,800,1116,-6.2
2983,New-c74a786,0-1,0.0,1063,800,1117,-6.3
2980,Base-f462400,0-1,1.0,1064,800,1117,-6.2
2981,New-c74a786,1-0,1.0,1065,800,1117,-6.1
2984,Base-f462400,1/2-1/2,0.5,1065,801,1117,-6.1
2986,Base-f462400,1-0,0.0,1065,801,1118,-6.2
2985,New-c74a786,0-1,0.0,1065,801,1119,-6.3
2982,Base-f462400,1/2-1/2,0.5,1065,802,1119,-6.3
2990,Base-f462400,0-1,1.0,1066,802,1119,-6.2
2991,New-c74a786,0-1,0.0,1066,802,1120,-6.3
2989,New-c74a786,1-0,1.0,1067,802,1120,-6.2
2988,Base-f462400,1/2-1/2,0.5,1067,803,1120,-6.2
2992,Base-f462400,1-0,0.0,1067,803,1121,-6.3
2987,New-c74a786,1-0,1.0,1068,803,1121,-6.2
2994,Base-f462400,1/2-1/2,0.5,1068,804,1121,-6.2
2993,New-c74a786,1-0,1.0,1069,804,1121,-6.0
2996,Base-f462400,0-1,1.0,1070,804,1121,-5.9
2995,New-c74a786,1-0,1.0,1071,804,1121,-5.8
2997,New-c74a786,1-0,1.0,1072,804,1121,-5.7
2999,New-c74a786,0-1,0.0,1072,804,1122,-5.8
2998,Base-f462400,0-1,1.0,1073,804,1122,-5.7
3003,New-c74a786,1/2-1/2,0.5,1073,805,1122,-5.7
3001,New-c74a786,1-0,1.0,1074,805,1122,-5.6
3000,Base-f462400,1/2-1/2,0.5,1074,806,1122,-5.6
3004,Base-f462400,1/2-1/2,0.5,1074,807,1122,-5.6
3005,New-c74a786,1-0,1.0,1075,807,1122,-5.4
3002,Base-f462400,1-0,0.0,1075,807,1123,-5.6
3006,Base-f462400,0-1,1.0,1076,807,1123,-5.4
3007,New-c74a786,1-0,1.0,1077,807,1123,-5.3
3008,Base-f462400,1/2-1/2,0.5,1077,808,1123,-5.3
3009,New-c74a786,1-0,1.0,1078,808,1123,-5.2
3012,Base-f462400,0-1,1.0,1079,808,1123,-5.1
3010,Base-f462400,1/2-1/2,0.5,1079,809,1123,-5.1
3013,New-c74a786,0-1,0.0,1079,809,1124,-5.2
3011,New-c74a786,0-1,0.0,1079,809,1125,-5.3
3014,Base-f462400,1-0,0.0,1079,809,1126,-5.4
3015,New-c74a786,0-1,0.0,1079,809,1127,-5.5
3016,Base-f462400,1/2-1/2,0.5,1079,810,1127,-5.5
3018,Base-f462400,0-1,1.0,1080,810,1127,-5.4
3017,New-c74a786,0-1,0.0,1080,810,1128,-5.5
3019,New-c74a786,0-1,0.0,1080,810,1129,-5.6
3021,New-c74a786,1-0,1.0,1081,810,1129,-5.5
3020,Base-f462400,1/2-1/2,0.5,1081,811,1129,-5.5
3022,Base-f462400,1-0,0.0,1081,811,1130,-5.6
3023,New-c74a786,1-0,1.0,1082,811,1130,-5.5
3025,New-c74a786,1-0,1.0,1083,811,1130,-5.4
3024,Base-f462400,0-1,1.0,1084,811,1130,-5.3
3028,Base-f462400,1-0,0.0,1084,811,1131,-5.4
3027,New-c74a786,0-1,0.0,1084,811,1132,-5.5
3026,Base-f462400,1/2-1/2,0.5,1084,812,1132,-5.5
3030,Base-f462400,1-0,0.0,1084,812,1133,-5.6
3029,New-c74a786,0-1,0.0,1084,812,1134,-5.7
3031,New-c74a786,1/2-1/2,0.5,1084,813,1134,-5.7
3032,Base-f462400,0-1,1.0,1085,813,1134,-5.6
3033,New-c74a786,0-1,0.0,1085,813,1135,-5.7
3038,Base-f462400,1-0,0.0,1085,813,1136,-5.8
3034,Base-f462400,1/2-1/2,0.5,1085,814,1136,-5.8
3037,New-c74a786,0-1,0.0,1085,814,1137,-6.0
3035,New-c74a786,0-1,0.0,1085,814,1138,-6.1
3036,Base-f462400,1-0,0.0,1085,814,1139,-6.2
3039,New-c74a786,1/2-1/2,0.5,1085,815,1139,-6.2
3040,Base-f462400,0-1,1.0,1086,815,1139,-6.1
3041,New-c74a786,0-1,0.0,1086,815,1140,-6.2
3046,Base-f462400,1/2-1/2,0.5,1086,816,1140,-6.2
3043,New-c74a786,0-1,0.0,1086,816,1141,-6.3
3047,New-c74a786,1-0,1.0,1087,816,1141,-6.2
3044,Base-f462400,1-0,0.0,1087,816,1142,-6.3
3045,New-c74a786,0-1,0.0,1087,816,1143,-6.4
3042,Base-f462400,1-0,0.0,1087,816,1144,-6.5
3048,Base-f462400,1-0,0.0,1087,816,1145,-6.6
3051,New-c74a786,0-1,0.0,1087,816,1146,-6.7
3049,New-c74a786,0-1,0.0,1087,816,1147,-6.8
3050,Base-f462400,0-1,1.0,1088,816,1147,-6.7
3055,New-c74a786,1/2-1/2,0.5,1088,817,1147,-6.7
3052,Base-f462400,1-0,0.0,1088,817,1148,-6.8
3053,New-c74a786,0-1,0.0,1088,817,1149,-6.9
3054,Base-f462400,0-1,1.0,1089,817,1149,-6.8
3056,Base-f462400,1/2-1/2,0.5,1089,818,1149,-6.8
3057,New-c74a786,0-1,0.0,1089,818,1150,-6.9
3059,New-c74a786,1-0,1.0,1090,818,1150,-6.8
3063,New-c74a786,0-1,0.0,1090,818,1151,-6.9
3058,Base-f462400,0-1,1.0,1091,818,1151,-6.8
3060,Base-f462400,0-1,1.0,1092,818,1151,-6.7
3062,Base-f462400,1/2-1/2,0.5,1092,819,1151,-6.7
3061,New-c74a786,1/2-1/2,0.5,1092,820,1151,-6.7
3064,Base-f462400,1-0,0.0,1092,820,1152,-6.8
3066,Base-f462400,0-1,1.0,1093,820,1152,-6.7
3071,New-c74a786,0-1,0.0,1093,820,1153,-6.8
3067,New-c74a786,1/2-1/2,0.5,1093,821,1153,-6.8
3068,Base-f462400,0-1,1.0,1094,821,1153,-6.7
3069,New-c74a786,0-1,0.0,1094,821,1154,-6.8
3070,Base-f462400,1-0,0.0,1094,821,1155,-6.9
3065,New-c74a786,1/2-1/2,0.5,1094,822,1155,-6.9
3073,New-c74a786,0-1,0.0,1094,822,1156,-7.0
3072,Base-f462400,1/2-1/2,0.5,1094,823,1156,-7.0
3076,Base-f462400,1/2-1/2,0.5,1094,824,1156,-7.0
3075,New-c74a786,1/2-1/2,0.5,1094,825,1156,-7.0
3074,Base-f462400,1/2-1/2,0.5,1094,826,1156,-7.0
3077,New-c74a786,0-1,0.0,1094,826,1157,-7.1
3078,Base-f462400,1/2-1/2,0.5,1094,827,1157,-7.1
3079,New-c74a786,0-1,0.0,1094,827,1158,-7.2
3080,Base-f462400,1/2-1/2,0.5,1094,828,1158,-7.2
3083,New-c74a786,1-0,1.0,1095,828,1158,-7.1
3082,Base-f462400,1-0,0.0,1095,828,1159,-7.2
3085,New-c74a786,0-1,0.0,1095,828,1160,-7.3
3084,Base-f462400,1-0,0.0,1095,828,1161,-7.4
3088,Base-f462400,1/2-1/2,0.5,1095,829,1161,-7.4
3089,New-c74a786,1/2-1/2,0.5,1095,830,1161,-7.4
3081,New-c74a786,1/2-1/2,0.5,1095,831,1161,-7.4
3086,Base-f462400,1/2-1/2,0.5,1095,832,1161,-7.4
3087,New-c74a786,0-1,0.0,1095,832,1162,-7.5
3092,Base-f462400,1-0,0.0,1095,832,1163,-7.6
3090,Base-f462400,1/2-1/2,0.5,1095,833,1163,-7.6
3091,New-c74a786,1-0,1.0,1096,833,1163,-7.5
3093,New-c74a786,1-0,1.0,1097,833,1163,-7.4
3097,New-c74a786,1-0,1.0,1098,833,1163,-7.3
3096,Base-f462400,1-0,0.0,1098,833,1164,-7.4
3094,Base-f462400,0-1,1.0,1099,833,1164,-7.3
3098,Base-f462400,1-0,0.0,1099,833,1165,-7.4
3095,New-c74a786,1/2-1/2,0.5,1099,834,1165,-7.4
3100,Base-f462400,0-1,1.0,1100,834,1165,-7.3
3099,New-c74a786,1-0,1.0,1101,834,1165,-7.2
3104,Base-f462400,0-1,1.0,1102,834,1165,-7.1
3103,New-c74a786,0-1,0.0,1102,834,1166,-7.2
3101,New-c74a786,1-0,1.0,1103,834,1166,-7.1
3102,Base-f462400,1-0,0.0,1103,834,1167,-7.2
3107,New-c74a786,1-0,1.0,1104,834,1167,-7.1
3105,New-c74a786,0-1,0.0,1104,834,1168,-7.2
3108,Base-f462400,1-0,0.0,1104,834,1169,-7.3
3106,Base-f462400,0-1,1.0,1105,834,1169,-7.2
3109,New-c74a786,1-0,1.0,1106,834,1169,-7.0
3113,New-c74a786,1-0,1.0,1107,834,1169,-6.9
3112,Base-f462400,1-0,0.0,1107,834,1170,-7.0
3111,New-c74a786,1/2-1/2,0.5,1107,835,1170,-7.0
3110,Base-f462400,1-0,0.0,1107,835,1171,-7.1
3114,Base-f462400,1/2-1/2,0.5,1107,836,1171,-7.1
3115,New-c74a786,1-0,1.0,1108,836,1171,-7.0
3116,Base-f462400,1-0,0.0,1108,836,1172,-7.1
3117,New-c74a786,1/2-1/2,0.5,1108,837,1172,-7.1
3118,Base-f462400,0-1,1.0,1109,837,1172,-7.0
3123,New-c74a786,1/2-1/2,0.5,1109,838,1172,-7.0
3120,Base-f462400,0-1,1.0,1110,838,1172,-6.9
3121,New-c74a786,0-1,0.0,1110,838,1173,-7.0
3119,New-c74a786,1/2-1/2,0.5,1110,839,1173,-7.0
3122,Base-f462400,1-0,0.0,1110,839,1174,-7.1
3126,Base-f462400,0-1,1.0,1111,839,1174,-7.0
3124,Base-f462400,1/2-1/2,0.5,1111,840,1174,-7.0
3125,New-c74a786,1-0,1.0,1112,840,1174,-6.9
3129,New-c74a786,1-0,1.0,1113,840,1174,-6.8
3128,Base-f462400,1-0,0.0,1113,840,1175,-6.9
3127,New-c74a786,1-0,1.0,1114,840,1175,-6.8
3130,Base-f462400,1/2-1/2,0.5,1114,841,1175,-6.8
3131,New-c74a786,1-0,1.0,1115,841,1175,-6.7
3135,New-c74a786,0-1,0.0,1115,841,1176,-6.8
3133,New-c74a786,0-1,0.0,1115,841,1177,-6.9
3132,Base-f462400,0-1,1.0,1116,841,1177,-6.8
3134,Base-f462400,1-0,0.0,1116,841,1178,-6.9
3137,New-c74a786,0-1,0.0,1116,841,1179,-7.0
3136,Base-f462400,1/2-1/2,0.5,1116,842,1179,-7.0
3138,Base-f462400,1-0,0.0,1116,842,1180,-7.1
3139,New-c74a786,0-1,0.0,1116,842,1181,-7.2
3144,Base-f462400,0-1,1.0,1117,842,1181,-7.1
3142,Base-f462400,1/2-1/2,0.5,1117,843,1181,-7.1
3141,New-c74a786,1-0,1.0,1118,843,1181,-7.0
3140,Base-f462400,0-1,1.0,1119,843,1181,-6.9
3143,New-c74a786,0-1,0.0,1119,843,1182,-7.0
3145,New-c74a786,1-0,1.0,1120,843,1182,-6.9
3148,Base-f462400,1-0,0.0,1120,843,1183,-7.0
3147,New-c74a786,1-0,1.0,1121,843,1183,-6.8
3146,Base-f462400,0-1,1.0,1122,843,1183,-6.7
3150,Base-f462400,0-1,1.0,1123,843,1183,-6.6
3154,Base-f462400,1/2-1/2,0.5,1123,844,1183,-6.6
3151,New-c74a786,0-1,0.0,1123,844,1184,-6.7
3149,New-c74a786,0-1,0.0,1123,844,1185,-6.8
3152,Base-f462400,0-1,1.0,1124,844,1185,-6.7
3153,New-c74a786,0-1,0.0,1124,844,1186,-6.8
3155,New-c74a786,0-1,0.0,1124,844,1187,-6.9
3158,Base-f462400,1/2-1/2,0.5,1124,845,1187,-6.9
3156,Base-f462400,0-1,1.0,1125,845,1187,-6.8
3157,New-c74a786,1-0,1.0,1126,845,1187,-6.7
3159,New-c74a786,0-1,0.0,1126,845,1188,-6.8
3161,New-c74a786,1-0,1.0,1127,845,1188,-6.7
3160,Base-f462400,0-1,1.0,1128,845,1188,-6.6
3164,Base-f462400,1/2-1/2,0.5,1128,846,1188,-6.6
3163,New-c74a786,1-0,1.0,1129,846,1188,-6.5
3162,Base-f462400,1/2-1/2,0.5,1129,847,1188,-6.5
3165,New-c74a786,0-1,0.0,1129,847,1189,-6.6
3166,Base-f462400,0-1,1.0,1130,847,1189,-6.5
3167,New-c74a786,1/2-1/2,0.5,1130,848,1189,-6.5
3172,Base-f462400,0-1,1.0,1131,848,1189,-6.4
3168,Base-f462400,1/2-1/2,0.5,1131,849,1189,-6.4
3169,New-c74a786,0-1,0.0,1131,849,1190,-6.5
3175,New-c74a786,0-1,0.0,1131,849,1191,-6.6
3171,New-c74a786,1-0,1.0,1132,849,1191,-6.5
3170,Base-f462400,1-0,0.0,1132,849,1192,-6.6
3173,New-c74a786,0-1,0.0,1132,849,1193,-6.7
3174,Base-f462400,0-1,1.0,1133,849,1193,-6.6
3176,Base-f462400,0-1,1.0,1134,849,1193,-6.5
3179,New-c74a786,0-1,0.0,1134,849,1194,-6.6
3177,New-c74a786,0-1,0.0,1134,849,1195,-6.7
3178,Base-f462400,1-0,0.0,1134,849,1196,-6.8
3180,Base-f462400,0-1,1.0,1135,849,1196,-6.7
3181,New-c74a786,0-1,0.0,1135,849,1197,-6.8
3183,New-c74a786,1-0,1.0,1136,849,1197,-6.7
3182,Base-f462400,0-1,1.0,1137,849,1197,-6.5
3185,New-c74a786,0-1,0.0,1137,849,1198,-6.7
3184,Base-f462400,0-1,1.0,1138,849,1198,-6.5
3186,Base-f462400,0-1,1.0,1139,849,1198,-6.4
3187,New-c74a786,1-0,1.0,1140,849,1198,-6.3
3188,Base-f462400,0-1,1.0,1141,849,1198,-6.2
3189,New-c74a786,1-0,1.0,1142,849,1198,-6.1
3191,New-c74a786,1-0,1.0,1143,849,1198,-6.0
3190,Base-f462400,1-0,0.0,1143,849,1199,-6.1
3193,New-c74a786,0-1,0.0,1143,849,1200,-6.2
3192,Base-f462400,0-1,1.0,1144,849,1200,-6.1
3196,Base-f462400,0-1,1.0,1145,849,1200,-6.0
3197,New-c74a786,1-0,1.0,1146,849,1200,-5.9
3195,New-c74a786,1-0,1.0,1147,849,1200,-5.8
3199,New-c74a786,1/2-1/2,0.5,1147,850,1200,-5.8
3194,Base-f462400,1/2-1/2,0.5,1147,851,1200,-5.8
3198,Base-f462400,0-1,1.0,1148,851,1200,-5.6
3201,New-c74a786,1-0,1.0,1149,851,1200,-5.5
3202,Base-f462400,0-1,1.0,1150,851,1200,-5.4
3203,New-c74a786,1/2-1/2,0.5,1150,852,1200,-5.4
3200,Base-f462400,0-1,1.0,1151,852,1200,-5.3
3205,New-c74a786,0-1,0.0,1151,852,1201,-5.4
3206,Base-f462400,0-1,1.0,1152,852,1201,-5.3
3204,Base-f462400,0-1,1.0,1153,852,1201,-5.2
3207,New-c74a786,1-0,1.0,1154,852,1201,-5.1
3209,New-c74a786,0-1,0.0,1154,852,1202,-5.2
3208,Base-f462400,1-0,0.0,1154,852,1203,-5.3
3214,Base-f462400,1-0,0.0,1154,852,1204,-5.4
3212,Base-f462400,0-1,1.0,1155,852,1204,-5.3
3210,Base-f462400,0-1,1.0,1156,852,1204,-5.2
3211,New-c74a786,1/2-1/2,0.5,1156,853,1204,-5.2
3215,New-c74a786,1-0,1.0,1157,853,1204,-5.1
3213,New-c74a786,1/2-1/2,0.5,1157,854,1204,-5.1
3216,Base-f462400,0-1,1.0,1158,854,1204,-5.0
3222,Base-f462400,1-0,0.0,1158,854,1205,-5.1
3219,New-c74a786,1-0,1.0,1159,854,1205,-5.0
3221,New-c74a786,1-0,1.0,1160,854,1205,-4.9
3217,New-c74a786,0-1,0.0,1160,854,1206,-5.0
3218,Base-f462400,0-1,1.0,1161,854,1206,-4.9
3220,Base-f462400,1-0,0.0,1161,854,1207,-5.0
3223,New-c74a786,1/2-1/2,0.5,1161,855,1207,-5.0
3227,New-c74a786,1/2-1/2,0.5,1161,856,1207,-5.0
3230,Base-f462400,0-1,1.0,1162,856,1207,-4.8
3225,New-c74a786,1-0,1.0,1163,856,1207,-4.7
3224,Base-f462400,1/2-1/2,0.5,1163,857,1207,-4.7
3228,Base-f462400,0-1,1.0,1164,857,1207,-4.6
3231,New-c74a786,0-1,0.0,1164,857,1208,-4.7
3226,Base-f462400,1/2-1/2,0.5,1164,858,1208,-4.7
3229,New-c74a786,1/2-1/2,0.5,1164,859,1208,-4.7
3232,Base-f462400,1-0,0.0,1164,859,1209,-4.8
3233,New-c74a786,0-1,0.0,1164,859,1210,-4.9
3235,New-c74a786,1/2-1/2,0.5,1164,860,1210,-4.9
3236,Base-f462400,0-1,1.0,1165,860,1210,-4.8
3234,Base-f462400,0-1,1.0,1166,860,1210,-4.7
3239,New-c74a786,1-0,1.0,1167,860,1210,-4.6
3238,Base-f462400,0-1,1.0,1168,860,1210,-4.5
3237,New-c74a786,0-1,0.0,1168,860,1211,-4.6
3240,Base-f462400,1/2-1/2,0.5,1168,861,1211,-4.6
3241,New-c74a786,1/2-1/2,0.5,1168,862,1211,-4.6
3242,Base-f462400,1-0,0.0,1168,862,1212,-4.7
3243,New-c74a786,1-0,1.0,1169,862,1212,-4.6
3244,Base-f462400,0-1,1.0,1170,862,1212,-4.5
3246,Base-f462400,1/2-1/2,0.5,1170,863,1212,-4.5
3245,New-c74a786,1-0,1.0,1171,863,1212,-4.4
3247,New-c74a786,1/2-1/2,0.5,1171,864,1212,-4.4
3248,Base-f462400,0-1,1.0,1172,864,1212,-4.3
3249,New-c74a786,1/2-1/2,0.5,1172,865,1212,-4.3
3254,Base-f462400,1/2-1/2,0.5,1172,866,1212,-4.3
3250,Base-f462400,1/2-1/2,0.5,1172,867,1212,-4.3
3252,Base-f462400,0-1,1.0,1173,867,1212,-4.2
3251,New-c74a786,1/2-1/2,0.5,1173,868,1212,-4.2
3253,New-c74a786,0-1,0.0,1173,868,1213,-4.3
3256,Base-f462400,1/2-1/2,0.5,1173,869,1213,-4.3
3257,New-c74a786,1-0,1.0,1174,869,1213,-4.2
3255,New-c74a786,1/2-1/2,0.5,1174,870,1213,-4.2
3258,Base-f462400,1/2-1/2,0.5,1174,871,1213,-4.2
3259,New-c74a786,1-0,1.0,1175,871,1213,-4.1
3260,Base-f462400,1-0,0.0,1175,871,1214,-4.2
3265,New-c74a786,1-0,1.0,1176,871,1214,-4.0
3261,New-c74a786,0-1,0.0,1176,871,1215,-4.2
3264,Base-f462400,0-1,1.0,1177,871,1215,-4.0
3262,Base-f462400,0-1,1.0,1178,871,1215,-3.9
3263,New-c74a786,1/2-1/2,0.5,1178,872,1215,-3.9
3266,Base-f462400,1/2-1/2,0.5,1178,873,1215,-3.9
3267,New-c74a786,0-1,0.0,1178,873,1216,-4.0
3268,Base-f462400,1-0,0.0,1178,873,1217,-4.1
3269,New-c74a786,1-0,1.0,1179,873,1217,-4.0
3273,New-c74a786,1-0,1.0,1180,873,1217,-3.9
3271,New-c74a786,0-1,0.0,1180,873,1218,-4.0
3272,Base-f462400,1/2-1/2,0.5,1180,874,1218,-4.0
3270,Base-f462400,0-1,1.0,1181,874,1218,-3.9
3274,Base-f462400,1-0,0.0,1181,874,1219,-4.0
3275,New-c74a786,1-0,1.0,1182,874,1219,-3.9
3277,New-c74a786,0-1,0.0,1182,874,1220,-4.0
3276,Base-f462400,1-0,0.0,1182,874,1221,-4.1
3280,Base-f462400,1/2-1/2,0.5,1182,875,1221,-4.1
3278,Base-f462400,0-1,1.0,1183,875,1221,-4.0
3279,New-c74a786,1-0,1.0,1184,875,1221,-3.9
3283,New-c74a786,0-1,0.0,1184,875,1222,-4.0
3282,Base-f462400,0-1,1.0,1185,875,1222,-3.9
3281,New-c74a786,1/2-1/2,0.5,1185,876,1222,-3.9
3285,New-c74a786,0-1,0.0,1185,876,1223,-4.0
3284,Base-f462400,1/2-1/2,0.5,1185,877,1223,-4.0
3287,New-c74a786,1-0,1.0,1186,877,1223,-3.9
3286,Base-f462400,0-1,1.0,1187,877,1223,-3.8
3288,Base-f462400,0-1,1.0,1188,877,1223,-3.7
3289,New-c74a786,0-1,0.0,1188,877,1224,-3.8
3290,Base-f462400,1-0,0.0,1188,877,1225,-3.9
3292,Base-f462400,0-1,1.0,1189,877,1225,-3.8
3291,New-c74a786,0-1,0.0,1189,877,1226,-3.9
3295,New-c74a786,0-1,0.0,1189,877,1227,-4.0
3293,New-c74a786,0-1,0.0,1189,877,1228,-4.1
3296,Base-f462400,0-1,1.0,1190,877,1228,-4.0
3294,Base-f462400,1-0,0.0,1190,877,1229,-4.1
3299,New-c74a786,1-0,1.0,1191,877,1229,-4.0
3297,New-c74a786,1-0,1.0,1192,877,1229,-3.9
3298,Base-f462400,1-0,0.0,1192,877,1230,-4.0
3301,New-c74a786,1-0,1.0,1193,877,1230,-3.9
3302,Base-f462400,1-0,0.0,1193,877,1231,-4.0
3303,New-c74a786,0-1,0.0,1193,877,1232,-4.1
3304,Base-f462400,1-0,0.0,1193,877,1233,-4.2
3300,Base-f462400,1-0,0.0,1193,877,1234,-4.3
3305,New-c74a786,1-0,1.0,1194,877,1234,-4.2
3309,New-c74a786,1-0,1.0,1195,877,1234,-4.1
3306,Base-f462400,0-1,1.0,1196,877,1234,-4.0
3307,New-c74a786,1-0,1.0,1197,877,1234,-3.9
3308,Base-f462400,0-1,1.0,1198,877,1234,-3.8
3311,New-c74a786,1/2-1/2,0.5,1198,878,1234,-3.8
3312,Base-f462400,1-0,0.0,1198,878,1235,-3.9
3310,Base-f462400,1/2-1/2,0.5,1198,879,1235,-3.9
3313,New-c74a786,1/2-1/2,0.5,1198,880,1235,-3.9
3317,New-c74a786,1-0,1.0,1199,880,1235,-3.8
3318,Base-f462400,0-1,1.0,1200,880,1235,-3.7
3316,Base-f462400,1-0,0.0,1200,880,1236,-3.8
3314,Base-f462400,0-1,1.0,1201,880,1236,-3.7
3315,New-c74a786,1/2-1/2,0.5,1201,881,1236,-3.7
3320,Base-f462400,1-0,0.0,1201,881,1237,-3.8
3319,New-c74a786,0-1,0.0,1201,881,1238,-3.9
3325,New-c74a786,1-0,1.0,1202,881,1238,-3.8
3323,New-c74a786,0-1,0.0,1202,881,1239,-3.9
3326,Base-f462400,1/2-1/2,0.5,1202,882,1239,-3.9
3322,Base-f462400,1-0,0.0,1202,882,1240,-4.0
3321,New-c74a786,1/2-1/2,0.5,1202,883,1240,-4.0
3324,Base-f462400,1/2-1/2,0.5,1202,884,1240,-4.0
3327,New-c74a786,0-1,0.0,1202,884,1241,-4.1
3328,Base-f462400,1/2-1/2,0.5,1202,885,1241,-4.1
3329,New-c74a786,1/2-1/2,0.5,1202,886,1241,-4.1
3330,Base-f462400,1-0,0.0,1202,886,1242,-4.2
3334,Base-f462400,1-0,0.0,1202,886,1243,-4.3
3331,New-c74a786,0-1,0.0,1202,886,1244,-4.4
3333,New-c74a786,1/2-1/2,0.5,1202,887,1244,-4.4
3332,Base-f462400,0-1,1.0,1203,887,1244,-4.3
3335,New-c74a786,0-1,0.0,1203,887,1245,-4.4
3337,New-c74a786,1-0,1.0,1204,887,1245,-4.3
3338,Base-f462400,0-1,1.0,1205,887,1245,-4.2
3339,New-c74a786,0-1,0.0,1205,887,1246,-4.3
3336,Base-f462400,1/2-1/2,0.5,1205,888,1246,-4.3
3341,New-c74a786,0-1,0.0,1205,888,1247,-4.4
3342,Base-f462400,1/2-1/2,0.5,1205,889,1247,-4.4
3340,Base-f462400,1-0,0.0,1205,889,1248,-4.5
3343,New-c74a786,1-0,1.0,1206,889,1248,-4.4
3344,Base-f462400,1-0,0.0,1206,889,1249,-4.5
3348,Base-f462400,0-1,1.0,1207,889,1249,-4.4
3347,New-c74a786,1-0,1.0,1208,889,1249,-4.3
3346,Base-f462400,1/2-1/2,0.5,1208,890,1249,-4.3
3349,New-c74a786,0-1,0.0,1208,890,1250,-4.4
3350,Base-f462400,1/2-1/2,0.5,1208,891,1250,-4.4
3345,New-c74a786,1/2-1/2,0.5,1208,892,1250,-4.4
3352,Base-f462400,0-1,1.0,1209,892,1250,-4.3
3351,New-c74a786,0-1,0.0,1209,892,1251,-4.4
3356,Base-f462400,1/2-1/2,0.5,1209,893,1251,-4.4
3353,New-c74a786,0-1,0.0,1209,893,1252,-4.5
3355,New-c74a786,1/2-1/2,0.5,1209,894,1252,-4.5
3354,Base-f462400,1-0,0.0,1209,894,1253,-4.6
3357,New-c74a786,1-0,1.0,1210,894,1253,-4.5
3358,Base-f462400,0-1,1.0,1211,894,1253,-4.3
3366,Base-f462400,1/2-1/2,0.5,1211,895,1253,-4.3
3360,Base-f462400,0-1,1.0,1212,895,1253,-4.2
3362,Base-f462400,1-0,0.0,1212,895,1254,-4.3
3361,New-c74a786,1-0,1.0,1213,895,1254,-4.2
3363,New-c74a786,1/2-1/2,0.5,1213,896,1254,-4.2
3359,New-c74a786,0-1,0.0,1213,896,1255,-4.3
3365,New-c74a786,1/2-1/2,0.5,1213,897,1255,-4.3
3364,Base-f462400,1/2-1/2,0.5,1213,898,1255,-4.3
3367,New-c74a786,1-0,1.0,1214,898,1255,-4.2
3368,Base-f462400,0-1,1.0,1215,898,1255,-4.1
3369,New-c74a786,0-1,0.0,1215,898,1256,-4.2
3370,Base-f462400,1-0,0.0,1215,898,1257,-4.3
3373,New-c74a786,1-0,1.0,1216,898,1257,-4.2
3374,Base-f462400,1/2-1/2,0.5,1216,899,1257,-4.2
3372,Base-f462400,1/2-1/2,0.5,1216,900,1257,-4.2
3371,New-c74a786,1/2-1/2,0.5,1216,901,1257,-4.2
3376,Base-f462400,1/2-1/2,0.5,1216,902,1257,-4.2
3381,New-c74a786,1-0,1.0,1217,902,1257,-4.1
3375,New-c74a786,0-1,0.0,1217,902,1258,-4.2
3378,Base-f462400,1-0,0.0,1217,902,1259,-4.3
3377,New-c74a786,1-0,1.0,1218,902,1259,-4.2
3380,Base-f462400,1-0,0.0,1218,902,1260,-4.3
3379,New-c74a786,1-0,1.0,1219,902,1260,-4.2
3382,Base-f462400,0-1,1.0,1220,902,1260,-4.1
3385,New-c74a786,1/2-1/2,0.5,1220,903,1260,-4.1
3387,New-c74a786,1-0,1.0,1221,903,1260,-4.0
3384,Base-f462400,0-1,1.0,1222,903,1260,-3.9
3386,Base-f462400,0-1,1.0,1223,903,1260,-3.8
3388,Base-f462400,1/2-1/2,0.5,1223,904,1260,-3.8
3383,New-c74a786,1/2-1/2,0.5,1223,905,1260,-3.8
3389,New-c74a786,1-0,1.0,1224,905,1260,-3.7
3390,Base-f462400,0-1,1.0,1225,905,1260,-3.6
3392,Base-f462400,1/2-1/2,0.5,1225,906,1260,-3.6
3397,New-c74a786,1/2-1/2,0.5,1225,907,1260,-3.6
3391,New-c74a786,0-1,0.0,1225,907,1261,-3.7
3395,New-c74a786,1/2-1/2,0.5,1225,908,1261,-3.7
3393,New-c74a786,1/2-1/2,0.5,1225,909,1261,-3.7
3394,Base-f462400,1-0,0.0,1225,909,1262,-3.8
3396,Base-f462400,1/2-1/2,0.5,1225,910,1262,-3.8
3399,New-c74a786,1-0,1.0,1226,910,1262,-3.7
3398,Base-f462400,0-1,1.0,1227,910,1262,-3.6
3400,Base-f462400,0-1,1.0,1228,910,1262,-3.5
3402,Base-f462400,1/2-1/2,0.5,1228,911,1262,-3.5
3404,Base-f462400,1-0,0.0,1228,911,1263,-3.6
3406,Base-f462400,0-1,1.0,1229,911,1263,-3.5
3405,New-c74a786,1/2-1/2,0.5,1229,912,1263,-3.5
3401,New-c74a786,1-0,1.0,1230,912,1263,-3.4
3407,New-c74a786,1/2-1/2,0.5,1230,913,1263,-3.4
3403,New-c74a786,1-0,1.0,1231,913,1263,-3.3
3408,Base-f462400,1/2-1/2,0.5,1231,914,1263,-3.3
3411,New-c74a786,1/2-1/2,0.5,1231,915,1263,-3.3
3410,Base-f462400,0-1,1.0,1232,915,1263,-3.2
3409,New-c74a786,0-1,0.0,1232,915,1264,-3.3
3415,New-c74a786,1-0,1.0,1233,915,1264,-3.2
3413,New-c74a786,1-0,1.0,1234,915,1264,-3.1
3414,Base-f462400,0-1,1.0,1235,915,1264,-3.0
3416,Base-f462400,0-1,1.0,1236,915,1264,-2.8
3412,Base-f462400,1-0,0.0,1236,915,1265,-2.9
3417,New-c74a786,0-1,0.0,1236,915,1266,-3.1
3418,Base-f462400,0-1,1.0,1237,915,1266,-2.9
3419,New-c74a786,1/2-1/2,0.5,1237,916,1266,-2.9
3422,Base-f462400,1/2-1/2,0.5,1237,917,1266,-2.9
3420,Base-f462400,1-0,0.0,1237,917,1267,-3.0
3421,New-c74a786,1-0,1.0,1238,917,1267,-2.9
3423,New-c74a786,1-0,1.0,1239,917,1267,-2.8
3425,New-c74a786,1-0,1.0,1240,917,1267,-2.7
3430,Base-f462400,1/2-1/2,0.5,1240,918,1267,-2.7
3426,Base-f462400,0-1,1.0,1241,918,1267,-2.6
3428,Base-f462400,1/2-1/2,0.5,1241,919,1267,-2.6
3424,Base-f462400,1/2-1/2,0.5,1241,920,1267,-2.6
3427,New-c74a786,1/2-1/2,0.5,1241,921,1267,-2.6
3431,New-c74a786,1-0,1.0,1242,921,1267,-2.5
3434,Base-f462400,0-1,1.0,1243,921,1267,-2.4
3433,New-c74a786,1-0,1.0,1244,921,1267,-2.3
3432,Base-f462400,1-0,0.0,1244,921,1268,-2.4
3441,New-c74a786,1/2-1/2,0.5,1244,922,1268,-2.4
3442,Base-f462400,1/2-1/2,0.5,1244,923,1268,-2.4
3439,New-c74a786,1/2-1/2,0.5,1244,924,1268,-2.4
3429,New-c74a786,1/2-1/2,0.5,1244,925,1268,-2.4
3440,Base-f462400,1/2-1/2,0.5,1244,926,1268,-2.4
3436,Base-f462400,1/2-1/2,0.5,1244,927,1268,-2.4
3435,New-c74a786,0-1,0.0,1244,927,1269,-2.5
3437,New-c74a786,0-1,0.0,1244,927,1270,-2.6
3438,Base-f462400,1-0,0.0,1244,927,1271,-2.7
3443,New-c74a786,1-0,1.0,1245,927,1271,-2.6
3446,Base-f462400,0-1,1.0,1246,927,1271,-2.5
3444,Base-f462400,0-1,1.0,1247,927,1271,-2.4
3447,New-c74a786,0-1,0.0,1247,927,1272,-2.5
3450,Base-f462400,1/2-1/2,0.5,1247,928,1272,-2.5
3448,Base-f462400,1-0,0.0,1247,928,1273,-2.6
3449,New-c74a786,1-0,1.0,1248,928,1273,-2.5
3451,New-c74a786,1-0,1.0,1249,928,1273,-2.4
3445,New-c74a786,1-0,1.0,1250,928,1273,-2.3
3452,Base-f462400,0-1,1.0,1251,928,1273,-2.2
3453,New-c74a786,1-0,1.0,1252,928,1273,-2.1
3455,New-c74a786,1/2-1/2,0.5,1252,929,1273,-2.1
3454,Base-f462400,1-0,0.0,1252,929,1274,-2.2
3456,Base-f462400,1/2-1/2,0.5,1252,930,1274,-2.2
3457,New-c74a786,1-0,1.0,1253,930,1274,-2.1
3459,New-c74a786,1-0,1.0,1254,930,1274,-2.0
3458,Base-f462400,1/2-1/2,0.5,1254,931,1274,-2.0
3463,New-c74a786,1/2-1/2,0.5,1254,932,1274,-2.0
3460,Base-f462400,0-1,1.0,1255,932,1274,-1.9
3461,New-c74a786,1/2-1/2,0.5,1255,933,1274,-1.9
3464,Base-f462400,0-1,1.0,1256,933,1274,-1.8
3466,Base-f462400,1-0,0.0,1256,933,1275,-1.9
3462,Base-f462400,1/2-1/2,0.5,1256,934,1275,-1.9
3465,New-c74a786,1-0,1.0,1257,934,1275,-1.8
3467,New-c74a786,0-1,0.0,1257,934,1276,-1.9
3470,Base-f462400,0-1,1.0,1258,934,1276,-1.8
3473,New-c74a786,1/2-1/2,0.5,1258,935,1276,-1.8
3468,Base-f462400,1/2-1/2,0.5,1258,936,1276,-1.8
3471,New-c74a786,1-0,1.0,1259,936,1276,-1.7
3469,New-c74a786,0-1,0.0,1259,936,1277,-1.8
3474,Base-f462400,1-0,0.0,1259,936,1278,-1.9
3472,Base-f462400,1/2-1/2,0.5,1259,937,1278,-1.9
3475,New-c74a786,0-1,0.0,1259,937,1279,-2.0
3476,Base-f462400,1/2-1/2,0.5,1259,938,1279,-2.0
3480,Base-f462400,1-0,0.0,1259,938,1280,-2.1
3477,New-c74a786,0-1,0.0,1259,938,1281,-2.2
3479,New-c74a786,1-0,1.0,1260,938,1281,-2.1
3478,Base-f462400,1/2-1/2,0.5,1260,939,1281,-2.1
3482,Base-f462400,0-1,1.0,1261,939,1281,-2.0
3481,New-c74a786,1-0,1.0,1262,939,1281,-1.9
3483,New-c74a786,1/2-1/2,0.5,1262,940,1281,-1.9
3484,Base-f462400,1/2-1/2,0.5,1262,941,1281,-1.9
3485,New-c74a786,1-0,1.0,1263,941,1281,-1.8
3486,Base-f462400,0-1,1.0,1264,941,1281,-1.7
3490,Base-f462400,0-1,1.0,1265,941,1281,-1.6
3489,New-c74a786,1-0,1.0,1266,941,1281,-1.5
3488,Base-f462400,1-0,0.0,1266,941,1282,-1.6
3487,New-c74a786,1-0,1.0,1267,941,1282,-1.5
3493,New-c74a786,1-0,1.0,1268,941,1282,-1.4
3491,New-c74a786,1-0,1.0,1269,941,1282,-1.3
3492,Base-f462400,1/2-1/2,0.5,1269,942,1282,-1.3
3494,Base-f462400,1-0,0.0,1269,942,1283,-1.4
3496,Base-f462400,0-1,1.0,1270,942,1283,-1.3
3495,New-c74a786,1-0,1.0,1271,942,1283,-1.2
3497,New-c74a786,1-0,1.0,1272,942,1283,-1.1
3500,Base-f462400,0-1,1.0,1273,942,1283,-1.0
3498,Base-f462400,1-0,0.0,1273,942,1284,-1.1
3501,New-c74a786,0-1,0.0,1273,942,1285,-1.2
3499,New-c74a786,0-1,0.0,1273,942,1286,-1.3
3503,New-c74a786,0-1,0.0,1273,942,1287,-1.4
3504,Base-f462400,1-0,0.0,1273,942,1288,-1.5
3506,Base-f462400,0-1,1.0,1274,942,1288,-1.4
3502,Base-f462400,0-1,1.0,1275,942,1288,-1.3
3509,New-c74a786,1-0,1.0,1276,942,1288,-1.2
3507,New-c74a786,1-0,1.0,1277,942,1288,-1.1
3505,New-c74a786,1-0,1.0,1278,942,1288,-1.0
3511,New-c74a786,1-0,1.0,1279,942,1288,-0.9
3508,Base-f462400,1/2-1/2,0.5,1279,943,1288,-0.9
3510,Base-f462400,0-1,1.0,1280,943,1288,-0.8
3512,Base-f462400,1-0,0.0,1280,943,1289,-0.9
3513,New-c74a786,1/2-1/2,0.5,1280,944,1289,-0.9
3514,Base-f462400,0-1,1.0,1281,944,1289,-0.8
3516,Base-f462400,1-0,0.0,1281,944,1290,-0.9
3515,New-c74a786,1/2-1/2,0.5,1281,945,1290,-0.9
3519,New-c74a786,1/2-1/2,0.5,1281,946,1290,-0.9
3517,New-c74a786,0-1,0.0,1281,946,1291,-1.0
3518,Base-f462400,1/2-1/2,0.5,1281,947,1291,-1.0
3520,Base-f462400,1-0,0.0,1281,947,1292,-1.1
3524,Base-f462400,1-0,0.0,1281,947,1293,-1.2
3523,New-c74a786,1-0,1.0,1282,947,1293,-1.1
3522,Base-f462400,1-0,0.0,1282,947,1294,-1.2
3521,New-c74a786,0-1,0.0,1282,947,1295,-1.3
3525,New-c74a786,0-1,0.0,1282,947,1296,-1.4
3526,Base-f462400,1-0,0.0,1282,947,1297,-1.5
3527,New-c74a786,1/2-1/2,0.5,1282,948,1297,-1.5
3531,New-c74a786,1-0,1.0,1283,948,1297,-1.4
3528,Base-f462400,0-1,1.0,1284,948,1297,-1.3
3530,Base-f462400,0-1,1.0,1285,948,1297,-1.2
3529,New-c74a786,1/2-1/2,0.5,1285,949,1297,-1.2
3532,Base-f462400,1/2-1/2,0.5,1285,950,1297,-1.2
3534,Base-f462400,0-1,1.0,1286,950,1297,-1.1
3537,New-c74a786,1/2-1/2,0.5,1286,951,1297,-1.1
3533,New-c74a786,1/2-1/2,0.5,1286,952,1297,-1.1
3535,New-c74a786,1/2-1/2,0.5,1286,953,1297,-1.1
3536,Base-f462400,0-1,1.0,1287,953,1297,-1.0
3540,Base-f462400,1-0,0.0,1287,953,1298,-1.1
3539,New-c74a786,1/2-1/2,0.5,1287,954,1298,-1.1
3538,Base-f462400,0-1,1.0,1288,954,1298,-1.0
3541,New-c74a786,0-1,0.0,1288,954,1299,-1.1
3542,Base-f462400,1-0,0.0,1288,954,1300,-1.2
3544,Base-f462400,0-1,1.0,1289,954,1300,-1.1
3543,New-c74a786,1/2-1/2,0.5,1289,955,1300,-1.1
3545,New-c74a786,0-1,0.0,1289,955,1301,-1.2
3547,New-c74a786,1/2-1/2,0.5,1289,956,1301,-1.2
3548,Base-f462400,1/2-1/2,0.5,1289,957,1301,-1.2
3549,New-c74a786,1/2-1/2,0.5,1289,958,1301,-1.2
3546,Base-f462400,1-0,0.0,1289,958,1302,-1.3
3551,New-c74a786,1-0,1.0,1290,958,1302,-1.2
3550,Base-f462400,1-0,0.0,1290,958,1303,-1.3
3553,New-c74a786,1-0,1.0,1291,958,1303,-1.2
3552,Base-f462400,1-0,0.0,1291,958,1304,-1.3
3554,Base-f462400,1-0,0.0,1291,958,1305,-1.4
3555,New-c74a786,1/2-1/2,0.5,1291,959,1305,-1.4
3560,Base-f462400,1/2-1/2,0.5,1291,960,1305,-1.4
3556,Base-f462400,1/2-1/2,0.5,1291,961,1305,-1.4
3559,New-c74a786,1/2-1/2,0.5,1291,962,1305,-1.4
3558,Base-f462400,0-1,1.0,1292,962,1305,-1.3
3557,New-c74a786,1-0,1.0,1293,962,1305,-1.2
3561,New-c74a786,0-1,0.0,1293,962,1306,-1.3
3563,New-c74a786,0-1,0.0,1293,962,1307,-1.4
3562,Base-f462400,1-0,0.0,1293,962,1308,-1.5
3566,Base-f462400,0-1,1.0,1294,962,1308,-1.4
3564,Base-f462400,1/2-1/2,0.5,1294,963,1308,-1.4
3565,New-c74a786,1-0,1.0,1295,963,1308,-1.3
3568,Base-f462400,0-1,1.0,1296,963,1308,-1.2
3567,New-c74a786,0-1,0.0,1296,963,1309,-1.3
3569,New-c74a786,1-0,1.0,1297,963,1309,-1.2
3572,Base-f462400,1-0,0.0,1297,963,1310,-1.3
3570,Base-f462400,0-1,1.0,1298,963,1310,-1.2
3571,New-c74a786,1/2-1/2,0.5,1298,964,1310,-1.2
3573,New-c74a786,0-1,0.0,1298,964,1311,-1.3
3576,Base-f462400,1-0,0.0,1298,964,1312,-1.4
3575,New-c74a786,1-0,1.0,1299,964,1312,-1.3
3578,Base-f462400,0-1,1.0,1300,964,1312,-1.2
3574,Base-f462400,0-1,1.0,1301,964,1312,-1.1
3577,New-c74a786,1/2-1/2,0.5,1301,965,1312,-1.1
3582,Base-f462400,1-0,0.0,1301,965,1313,-1.2
3579,New-c74a786,1/2-1/2,0.5,1301,966,1313,-1.2
3580,Base-f462400,0-1,1.0,1302,966,1313,-1.1
3581,New-c74a786,1/2-1/2,0.5,1302,967,1313,-1.1
3583,New-c74a786,1/2-1/2,0.5,1302,968,1313,-1.1
3585,New-c74a786,1/2-1/2,0.5,1302,969,1313,-1.1
3584,Base-f462400,1/2-1/2,0.5,1302,970,1313,-1.1
3586,Base-f462400,1/2-1/2,0.5,1302,971,1313,-1.1
3587,New-c74a786,1-0,1.0,1303,971,1313,-1.0
3588,Base-f462400,0-1,1.0,1304,971,1313,-0.9
3590,Base-f462400,0-1,1.0,1305,971,1313,-0.8
3589,New-c74a786,1-0,1.0,1306,971,1313,-0.7
3591,New-c74a786,0-1,0.0,1306,971,1314,-0.8
3592,Base-f462400,1-0,0.0,1306,971,1315,-0.9
3593,New-c74a786,0-1,0.0,1306,971,1316,-1.0
3594,Base-f462400,0-1,1.0,1307,971,1316,-0.9
3595,New-c74a786,0-1,0.0,1307,971,1317,-1.0
3598,Base-f462400,1/2-1/2,0.5,1307,972,1317,-1.0
3596,Base-f462400,1/2-1/2,0.5,1307,973,1317,-1.0
3597,New-c74a786,1-0,1.0,1308,973,1317,-0.9
3600,Base-f462400,0-1,1.0,1309,973,1317,-0.8
3601,New-c74a786,0-1,0.0,1309,973,1318,-0.9
3604,Base-f462400,1-0,0.0,1309,973,1319,-1.0
3602,Base-f462400,1/2-1/2,0.5,1309,974,1319,-1.0
3603,New-c74a786,1-0,1.0,1310,974,1319,-0.9
3605,New-c74a786,1-0,1.0,1311,974,1319,-0.8
3607,New-c74a786,0-1,0.0,1311,974,1320,-0.9
3606,Base-f462400,0-1,1.0,1312,974,1320,-0.8
3599,New-c74a786,1/2-1/2,0.5,1312,975,1320,-0.8
3609,New-c74a786,1-0,1.0,1313,975,1320,-0.7
3610,Base-f462400,0-1,1.0,1314,975,1320,-0.6
3611,New-c74a786,1/2-1/2,0.5,1314,976,1320,-0.6
3608,Base-f462400,0-1,1.0,1315,976,1320,-0.5
3612,Base-f462400,1-0,0.0,1315,976,1321,-0.6
3613,New-c74a786,0-1,0.0,1315,976,1322,-0.7
3615,New-c74a786,0-1,0.0,1315,976,1323,-0.8
3614,Base-f462400,1-0,0.0,1315,976,1324,-0.9
3616,Base-f462400,0-1,1.0,1316,976,1324,-0.8
3617,New-c74a786,0-1,0.0,1316,976,1325,-0.9
3619,New-c74a786,0-1,0.0,1316,976,1326,-1.0
3618,Base-f462400,0-1,1.0,1317,976,1326,-0.9
3620,Base-f462400,1-0,0.0,1317,976,1327,-1.0
3621,New-c74a786,0-1,0.0,1317,976,1328,-1.1
3622,Base-f462400,1/2-1/2,0.5,1317,977,1328,-1.1
3623,New-c74a786,1-0,1.0,1318,977,1328,-1.0
3624,Base-f462400,0-1,1.0,1319,977,1328,-0.9
3625,New-c74a786,1/2-1/2,0.5,1319,978,1328,-0.9
3627,New-c74a786,0-1,0.0,1319,978,1329,-1.0
3626,Base-f462400,0-1,1.0,1320,978,1329,-0.9
3628,Base-f462400,1-0,0.0,1320,978,1330,-1.0
3629,New-c74a786,0-1,0.0,1320,978,1331,-1.1
3631,New-c74a786,0-1,0.0,1320,978,1332,-1.1
3632,Base-f462400,1/2-1/2,0.5,1320,979,1332,-1.1
3630,Base-f462400,0-1,1.0,1321,979,1332,-1.1
3634,Base-f462400,1-0,0.0,1321,979,1333,-1.1
3635,New-c74a786,1/2-1/2,0.5,1321,980,1333,-1.1
3633,New-c74a786,0-1,0.0,1321,980,1334,-1.2
3636,Base-f462400,1-0,0.0,1321,980,1335,-1.3
3637,New-c74a786,0-1,0.0,1321,980,1336,-1.4
3639,New-c74a786,1-0,1.0,1322,980,1336,-1.3
3638,Base-f462400,0-1,1.0,1323,980,1336,-1.2
3640,Base-f462400,1/2-1/2,0.5,1323,981,1336,-1.2
3641,New-c74a786,1-0,1.0,1324,981,1336,-1.1
3642,Base-f462400,0-1,1.0,1325,981,1336,-1.0
3643,New-c74a786,1/2-1/2,0.5,1325,982,1336,-1.0
3645,New-c74a786,1/2-1/2,0.5,1325,983,1336,-1.0
3644,Base-f462400,0-1,1.0,1326,983,1336,-1.0
3650,Base-f462400,1/2-1/2,0.5,1326,984,1336,-1.0
3646,Base-f462400,1/2-1/2,0.5,1326,985,1336,-1.0
3649,New-c74a786,1/2-1/2,0.5,1326,986,1336,-1.0
3647,New-c74a786,1-0,1.0,1327,986,1336,-0.9
3648,Base-f462400,1-0,0.0,1327,986,1337,-1.0
3651,New-c74a786,1/2-1/2,0.5,1327,987,1337,-1.0
3652,Base-f462400,0-1,1.0,1328,987,1337,-0.9
3653,New-c74a786,0-1,0.0,1328,987,1338,-1.0
3654,Base-f462400,0-1,1.0,1329,987,1338,-0.9
3655,New-c74a786,1-0,1.0,1330,987,1338,-0.8
3656,Base-f462400,1-0,0.0,1330,987,1339,-0.9
3659,New-c74a786,1-0,1.0,1331,987,1339,-0.8
3658,Base-f462400,1-0,0.0,1331,987,1340,-0.9
3657,New-c74a786,0-1,0.0,1331,987,1341,-0.9
3660,Base-f462400,0-1,1.0,1332,987,1341,-0.9
3662,Base-f462400,1/2-1/2,0.5,1332,988,1341,-0.9
3664,Base-f462400,1/2-1/2,0.5,1332,989,1341,-0.9
3663,New-c74a786,0-1,0.0,1332,989,1342,-0.9
3667,New-c74a786,1-0,1.0,1333,989,1342,-0.9
3661,New-c74a786,1/2-1/2,0.5,1333,990,1342,-0.9
3665,New-c74a786,1-0,1.0,1334,990,1342,-0.8
3668,Base-f462400,0-1,1.0,1335,990,1342,-0.7
3670,Base-f462400,1-0,0.0,1335,990,1343,-0.8
3666,Base-f462400,1/2-1/2,0.5,1335,991,1343,-0.8
3669,New-c74a786,1-0,1.0,1336,991,1343,-0.7
3676,Base-f462400,1/2-1/2,0.5,1336,992,1343,-0.7
3672,Base-f462400,1/2-1/2,0.5,1336,993,1343,-0.7
3671,New-c74a786,0-1,0.0,1336,993,1344,-0.8
3675,New-c74a786,1/2-1/2,0.5,1336,994,1344,-0.8
3677,New-c74a786,0-1,0.0,1336,994,1345,-0.9
3674,Base-f462400,0-1,1.0,1337,994,1345,-0.8
3678,Base-f462400,0-1,1.0,1338,994,1345,-0.7
3673,New-c74a786,0-1,0.0,1338,994,1346,-0.8
3681,New-c74a786,0-1,0.0,1338,994,1347,-0.8
3679,New-c74a786,1/2-1/2,0.5,1338,995,1347,-0.8
3680,Base-f462400,1-0,0.0,1338,995,1348,-0.9
3682,Base-f462400,1-0,0.0,1338,995,1349,-1.0
3684,Base-f462400,1-0,0.0,1338,995,1350,-1.1
3685,New-c74a786,1-0,1.0,1339,995,1350,-1.0
3686,Base-f462400,0-1,1.0,1340,995,1350,-0.9
3683,New-c74a786,0-1,0.0,1340,995,1351,-1.0
3687,New-c74a786,1-0,1.0,1341,995,1351,-0.9
3689,New-c74a786,1-0,1.0,1342,995,1351,-0.8
3688,Base-f462400,0-1,1.0,1343,995,1351,-0.8
3691,New-c74a786,1-0,1.0,1344,995,1351,-0.7
3693,New-c74a786,0-1,0.0,1344,995,1352,-0.8
3690,Base-f462400,0-1,1.0,1345,995,1352,-0.7
3695,New-c74a786,1-0,1.0,1346,995,1352,-0.6
3692,Base-f462400,1/2-1/2,0.5,1346,996,1352,-0.6
3694,Base-f462400,1-0,0.0,1346,996,1353,-0.7
3696,Base-f462400,1/2-1/2,0.5,1346,997,1353,-0.7
3697,New-c74a786,1-0,1.0,1347,997,1353,-0.6
3698,Base-f462400,1-0,0.0,1347,997,1354,-0.7
3699,New-c74a786,1/2-1/2,0.5,1347,998,1354,-0.7
3701,New-c74a786,1-0,1.0,1348,998,1354,-0.6
3702,Base-f462400,1-0,0.0,1348,998,1355,-0.7
3700,Base-f462400,1-0,0.0,1348,998,1356,-0.8
3703,New-c74a786,0-1,0.0,1348,998,1357,-0.8
3704,Base-f462400,1-0,0.0,1348,998,1358,-0.9
3705,New-c74a786,0-1,0.0,1348,998,1359,-1.0
3706,Base-f462400,1-0,0.0,1348,998,1360,-1.1
3711,New-c74a786,0-1,0.0,1348,998,1361,-1.2
3710,Base-f462400,1/2-1/2,0.5,1348,999,1361,-1.2
3709,New-c74a786,1/2-1/2,0.5,1348,1000,1361,-1.2
3707,New-c74a786,1-0,1.0,1349,1000,1361,-1.1
3712,Base-f462400,1-0,0.0,1349,1000,1362,-1.2
3708,Base-f462400,1/2-1/2,0.5,1349,1001,1362,-1.2
3713,New-c74a786,0-1,0.0,1349,1001,1363,-1.3
3715,New-c74a786,1/2-1/2,0.5,1349,1002,1363,-1.3
3717,New-c74a786,1/2-1/2,0.5,1349,1003,1363,-1.3
3718,Base-f462400,0-1,1.0,1350,1003,1363,-1.2
3714,Base-f462400,0-1,1.0,1351,1003,1363,-1.1
3716,Base-f462400,0-1,1.0,1352,1003,1363,-1.0
3722,Base-f462400,1/2-1/2,0.5,1352,1004,1363,-1.0
3720,Base-f462400,1-0,0.0,1352,1004,1364,-1.1
3719,New-c74a786,0-1,0.0,1352,1004,1365,-1.2
3724,Base-f462400,1/2-1/2,0.5,1352,1005,1365,-1.2
3721,New-c74a786,0-1,0.0,1352,1005,1366,-1.3
3723,New-c74a786,0-1,0.0,1352,1005,1367,-1.4
3727,New-c74a786,1-0,1.0,1353,1005,1367,-1.3
3726,Base-f462400,1-0,0.0,1353,1005,1368,-1.4
3728,Base-f462400,0-1,1.0,1354,1005,1368,-1.3
3725,New-c74a786,1/2-1/2,0.5,1354,1006,1368,-1.3
3730,Base-f462400,1-0,0.0,1354,1006,1369,-1.4
3729,New-c74a786,0-1,0.0,1354,1006,1370,-1.5
3735,New-c74a786,1/2-1/2,0.5,1354,1007,1370,-1.5
3731,New-c74a786,0-1,0.0,1354,1007,1371,-1.6
3732,Base-f462400,0-1,1.0,1355,1007,1371,-1.5
3737,New-c74a786,0-1,0.0,1355,1007,1372,-1.6
3733,New-c74a786,1-0,1.0,1356,1007,1372,-1.5
3734,Base-f462400,0-1,1.0,1357,1007,1372,-1.4
3736,Base-f462400,1-0,0.0,1357,1007,1373,-1.5
3738,Base-f462400,0-1,1.0,1358,1007,1373,-1.4
3742,Base-f462400,0-1,1.0,1359,1007,1373,-1.3
3744,Base-f462400,1-0,0.0,1359,1007,1374,-1.4
3740,Base-f462400,0-1,1.0,1360,1007,1374,-1.3
3739,New-c74a786,1/2-1/2,0.5,1360,1008,1374,-1.3
3741,New-c74a786,1/2-1/2,0.5,1360,1009,1374,-1.3
3743,New-c74a786,1-0,1.0,1361,1009,1374,-1.2
3745,New-c74a786,1-0,1.0,1362,1009,1374,-1.1
3747,New-c74a786,1/2-1/2,0.5,1362,1010,1374,-1.1
3746,Base-f462400,1-0,0.0,1362,1010,1375,-1.2
3748,Base-f462400,1-0,0.0,1362,1010,1376,-1.3
3749,New-c74a786,0-1,0.0,1362,1010,1377,-1.4
3750,Base-f462400,0-1,1.0,1363,1010,1377,-1.3
3753,New-c74a786,1/2-1/2,0.5,1363,1011,1377,-1.3
3751,New-c74a786,0-1,0.0,1363,1011,1378,-1.4
3752,Base-f462400,0-1,1.0,1364,1011,1378,-1.3
3754,Base-f462400,0-1,1.0,1365,1011,1378,-1.2
3755,New-c74a786,0-1,0.0,1365,1011,1379,-1.3
3756,Base-f462400,0-1,1.0,1366,1011,1379,-1.2
3759,New-c74a786,0-1,0.0,1366,1011,1380,-1.3
3760,Base-f462400,0-1,1.0,1367,1011,1380,-1.2
3758,Base-f462400,1-0,0.0,1367,1011,1381,-1.3
3762,Base-f462400,1/2-1/2,0.5,1367,1012,1381,-1.3
3757,New-c74a786,1-0,1.0,1368,1012,1381,-1.2
3761,New-c74a786,1/2-1/2,0.5,1368,1013,1381,-1.2
3763,New-c74a786,0-1,0.0,1368,1013,1382,-1.3
3764,Base-f462400,0-1,1.0,1369,1013,1382,-1.2
3769,New-c74a786,1/2-1/2,0.5,1369,1014,1382,-1.2
3765,New-c74a786,0-1,0.0,1369,1014,1383,-1.3
3767,New-c74a786,1-0,1.0,1370,1014,1383,-1.2
3766,Base-f462400,1/2-1/2,0.5,1370,1015,1383,-1.2
3771,New-c74a786,1/2-1/2,0.5,1370,1016,1383,-1.2
3772,Base-f462400,1-0,0.0,1370,1016,1384,-1.3
3770,Base-f462400,0-1,1.0,1371,1016,1384,-1.2
3768,Base-f462400,1/2-1/2,0.5,1371,1017,1384,-1.2
3773,New-c74a786,0-1,0.0,1371,1017,1385,-1.3
3776,Base-f462400,0-1,1.0,1372,1017,1385,-1.2
3775,New-c74a786,0-1,0.0,1372,1017,1386,-1.3
3777,New-c74a786,1-0,1.0,1373,1017,1386,-1.2
3774,Base-f462400,1-0,0.0,1373,1017,1387,-1.3
3780,Base-f462400,1-0,0.0,1373,1017,1388,-1.4
3779,New-c74a786,1-0,1.0,1374,1017,1388,-1.3
3778,Base-f462400,1-0,0.0,1374,1017,1389,-1.4
3781,New-c74a786,0-1,0.0,1374,1017,1390,-1.5
3782,Base-f462400,1/2-1/2,0.5,1374,1018,1390,-1.5
3784,Base-f462400,1-0,0.0,1374,1018,1391,-1.6
3783,New-c74a786,1/2-1/2,0.5,1374,1019,1391,-1.6
3785,New-c74a786,0-1,0.0,1374,1019,1392,-1.7
3786,Base-f462400,1-0,0.0,1374,1019,1393,-1.7
3787,New-c74a786,0-1,0.0,1374,1019,1394,-1.8
3788,Base-f462400,1/2-1/2,0.5,1374,1020,1394,-1.8
3793,New-c74a786,0-1,0.0,1374,1020,1395,-1.9
3789,New-c74a786,1-0,1.0,1375,1020,1395,-1.8
3790,Base-f462400,1/2-1/2,0.5,1375,1021,1395,-1.8
3791,New-c74a786,1-0,1.0,1376,1021,1395,-1.7
3792,Base-f462400,0-1,1.0,1377,1021,1395,-1.6
3794,Base-f462400,0-1,1.0,1378,1021,1395,-1.6
3796,Base-f462400,1/2-1/2,0.5,1378,1022,1395,-1.6
3797,New-c74a786,0-1,0.0,1378,1022,1396,-1.6
3795,New-c74a786,1-0,1.0,1379,1022,1396,-1.6
3800,Base-f462400,0-1,1.0,1380,1022,1396,-1.5
3799,New-c74a786,0-1,0.0,1380,1022,1397,-1.6
3802,Base-f462400,0-1,1.0,1381,1022,1397,-1.5
3801,New-c74a786,1-0,1.0,1382,1022,1397,-1.4
3798,Base-f462400,0-1,1.0,1383,1022,1397,-1.3
3803,New-c74a786,1-0,1.0,1384,1022,1397,-1.2
3808,Base-f462400,1-0,0.0,1384,1022,1398,-1.3
3807,New-c74a786,0-1,0.0,1384,1022,1399,-1.4
3809,New-c74a786,1-0,1.0,1385,1022,1399,-1.3
3810,Base-f462400,1-0,0.0,1385,1022,1400,-1.4
3804,Base-f462400,1/2-1/2,0.5,1385,1023,1400,-1.4
3805,New-c74a786,1-0,1.0,1386,1023,1400,-1.3
3806,Base-f462400,1/2-1/2,0.5,1386,1024,1400,-1.3
3811,New-c74a786,1-0,1.0,1387,1024,1400,-1.2
3814,Base-f462400,1-0,0.0,1387,1024,1401,-1.3
3816,Base-f462400,1-0,0.0,1387,1024,1402,-1.4
3817,New-c74a786,1/2-1/2,0.5,1387,1025,1402,-1.4
3812,Base-f462400,1-0,0.0,1387,1025,1403,-1.5
3813,New-c74a786,1-0,1.0,1388,1025,1403,-1.4
3815,New-c74a786,0-1,0.0,1388,1025,1404,-1.5
3818,Base-f462400,0-1,1.0,1389,1025,1404,-1.4
3823,New-c74a786,1/2-1/2,0.5,1389,1026,1404,-1.4
3820,Base-f462400,1/2-1/2,0.5,1389,1027,1404,-1.4
3822,Base-f462400,1-0,0.0,1389,1027,1405,-1.5
3824,Base-f462400,0-1,1.0,1390,1027,1405,-1.4
3826,Base-f462400,1/2-1/2,0.5,1390,1028,1405,-1.4
3819,New-c74a786,1/2-1/2,0.5,1390,1029,1405,-1.4
3825,New-c74a786,1/2-1/2,0.5,1390,1030,1405,-1.4
3821,New-c74a786,1-0,1.0,1391,1030,1405,-1.3
3827,New-c74a786,1/2-1/2,0.5,1391,1031,1405,-1.3
3832,Base-f462400,0-1,1.0,1392,1031,1405,-1.2
3833,New-c74a786,0-1,0.0,1392,1031,1406,-1.3
3828,Base-f462400,1-0,0.0,1392,1031,1407,-1.4
3830,Base-f462400,0-1,1.0,1393,1031,1407,-1.3
3829,New-c74a786,1-0,1.0,1394,1031,1407,-1.2
3834,Base-f462400,1/2-1/2,0.5,1394,1032,1407,-1.2
3831,New-c74a786,1/2-1/2,0.5,1394,1033,1407,-1.2
3835,New-c74a786,0-1,0.0,1394,1033,1408,-1.3
3836,Base-f462400,0-1,1.0,1395,1033,1408,-1.2
3838,Base-f462400,1-0,0.0,1395,1033,1409,-1.3
3840,Base-f462400,0-1,1.0,1396,1033,1409,-1.2
3837,New-c74a786,1/2-1/2,0.5,1396,1034,1409,-1.2
3842,Base-f462400,1-0,0.0,1396,1034,1410,-1.3
3839,New-c74a786,1-0,1.0,1397,1034,1410,-1.2
3843,New-c74a786,1/2-1/2,0.5,1397,1035,1410,-1.2
3841,New-c74a786,1/2-1/2,0.5,1397,1036,1410,-1.2
3844,Base-f462400,1-0,0.0,1397,1036,1411,-1.3
3845,New-c74a786,1-0,1.0,1398,1036,1411,-1.2
3850,Base-f462400,0-1,1.0,1399,1036,1411,-1.1
3849,New-c74a786,1-0,1.0,1400,1036,1411,-1.0
3848,Base-f462400,0-1,1.0,1401,1036,1411,-0.9
3847,New-c74a786,0-1,0.0,1401,1036,1412,-1.0
3851,New-c74a786,0-1,0.0,1401,1036,1413,-1.1
3846,Base-f462400,1/2-1/2,0.5,1401,1037,1413,-1.1
3854,Base-f462400,1-0,0.0,1401,1037,1414,-1.2
3852,Base-f462400,1-0,0.0,1401,1037,1415,-1.3
3853,New-c74a786,1-0,1.0,1402,1037,1415,-1.2
3855,New-c74a786,0-1,0.0,1402,1037,1416,-1.3
3856,Base-f462400,1-0,0.0,1402,1037,1417,-1.4
3858,Base-f462400,1/2-1/2,0.5,1402,1038,1417,-1.4
3859,New-c74a786,1/2-1/2,0.5,1402,1039,1417,-1.4
3862,Base-f462400,1/2-1/2,0.5,1402,1040,1417,-1.4
3860,Base-f462400,1-0,0.0,1402,1040,1418,-1.4
3857,New-c74a786,0-1,0.0,1402,1040,1419,-1.5
3861,New-c74a786,1/2-1/2,0.5,1402,1041,1419,-1.5
3863,New-c74a786,1/2-1/2,0.5,1402,1042,1419,-1.5
3867,New-c74a786,0-1,0.0,1402,1042,1420,-1.6
3869,New-c74a786,1-0,1.0,1403,1042,1420,-1.5
3865,New-c74a786,1-0,1.0,1404,1042,1420,-1.4
3868,Base-f462400,1-0,0.0,1404,1042,1421,-1.5
3864,Base-f462400,0-1,1.0,1405,1042,1421,-1.4
3866,Base-f462400,0-1,1.0,1406,1042,1421,-1.3
3870,Base-f462400,0-1,1.0,1407,1042,1421,-1.3
3877,New-c74a786,1-0,1.0,1408,1042,1421,-1.2
3871,New-c74a786,0-1,0.0,1408,1042,1422,-1.3
3872,Base-f462400,0-1,1.0,1409,1042,1422,-1.2
3873,New-c74a786,1/2-1/2,0.5,1409,1043,1422,-1.2
3876,Base-f462400,1/2-1/2,0.5,1409,1044,1422,-1.2
3878,Base-f462400,1/2-1/2,0.5,1409,1045,1422,-1.2
3874,Base-f462400,1/2-1/2,0.5,1409,1046,1422,-1.2
3875,New-c74a786,1-0,1.0,1410,1046,1422,-1.1
3879,New-c74a786,1-0,1.0,1411,1046,1422,-1.0
3880,Base-f462400,0-1,1.0,1412,1046,1422,-0.9
3881,New-c74a786,1-0,1.0,1413,1046,1422,-0.8
3883,New-c74a786,1-0,1.0,1414,1046,1422,-0.7
3886,Base-f462400,1-0,0.0,1414,1046,1423,-0.8
3884,Base-f462400,1-0,0.0,1414,1046,1424,-0.9
3882,Base-f462400,1-0,0.0,1414,1046,1425,-1.0
3885,New-c74a786,0-1,0.0,1414,1046,1426,-1.1
3887,New-c74a786,1-0,1.0,1415,1046,1426,-1.0
3888,Base-f462400,1-0,0.0,1415,1046,1427,-1.1
3891,New-c74a786,0-1,0.0,1415,1046,1428,-1.2
3893,New-c74a786,1-0,1.0,1416,1046,1428,-1.1
3889,New-c74a786,0-1,0.0,1416,1046,1429,-1.2
3890,Base-f462400,0-1,1.0,1417,1046,1429,-1.1
3894,Base-f462400,1-0,0.0,1417,1046,1430,-1.2
3895,New-c74a786,1/2-1/2,0.5,1417,1047,1430,-1.2
3892,Base-f462400,1/2-1/2,0.5,1417,1048,1430,-1.2
3896,Base-f462400,0-1,1.0,1418,1048,1430,-1.1
3898,Base-f462400,1/2-1/2,0.5,1418,1049,1430,-1.1
3899,New-c74a786,1-0,1.0,1419,1049,1430,-1.0
3900,Base-f462400,1-0,0.0,1419,1049,1431,-1.1
3902,Base-f462400,1/2-1/2,0.5,1419,1050,1431,-1.1
3901,New-c74a786,0-1,0.0,1419,1050,1432,-1.2
3897,New-c74a786,1/2-1/2,0.5,1419,1051,1432,-1.2
3906,Base-f462400,1-0,0.0,1419,1051,1433,-1.2
3903,New-c74a786,0-1,0.0,1419,1051,1434,-1.3
3905,New-c74a786,0-1,0.0,1419,1051,1435,-1.4
3907,New-c74a786,1/2-1/2,0.5,1419,1052,1435,-1.4
3904,Base-f462400,1-0,0.0,1419,1052,1436,-1.5
3911,New-c74a786,0-1,0.0,1419,1052,1437,-1.6
3909,New-c74a786,0-1,0.0,1419,1052,1438,-1.7
3908,Base-f462400,1/2-1/2,0.5,1419,1053,1438,-1.7
3910,Base-f462400,1/2-1/2,0.5,1419,1054,1438,-1.7
3912,Base-f462400,1-0,0.0,1419,1054,1439,-1.8
3913,New-c74a786,1-0,1.0,1420,1054,1439,-1.7
3915,New-c74a786,1/2-1/2,0.5,1420,1055,1439,-1.7
3914,Base-f462400,0-1,1.0,1421,1055,1439,-1.6
3917,New-c74a786,0-1,0.0,1421,1055,1440,-1.7
3920,Base-f462400,0-1,1.0,1422,1055,1440,-1.6
3919,New-c74a786,1-0,1.0,1423,1055,1440,-1.5
3916,Base-f462400,0-1,1.0,1424,1055,1440,-1.4
3918,Base-f462400,1/2-1/2,0.5,1424,1056,1440,-1.4
3921,New-c74a786,0-1,0.0,1424,1056,1441,-1.5
3922,Base-f462400,0-1,1.0,1425,1056,1441,-1.4
3923,New-c74a786,0-1,0.0,1425,1056,1442,-1.5
3926,Base-f462400,0-1,1.0,1426,1056,1442,-1.4
3924,Base-f462400,1-0,0.0,1426,1056,1443,-1.5
3925,New-c74a786,0-1,0.0,1426,1056,1444,-1.6
3927,New-c74a786,1-0,1.0,1427,1056,1444,-1.5
3928,Base-f462400,1/2-1/2,0.5,1427,1057,1444,-1.5
3929,New-c74a786,1-0,1.0,1428,1057,1444,-1.4
3930,Base-f462400,1/2-1/2,0.5,1428,1058,1444,-1.4
3931,New-c74a786,1-0,1.0,1429,1058,1444,-1.3
3932,Base-f462400,1-0,0.0,1429,1058,1445,-1.4
3934,Base-f462400,1-0,0.0,1429,1058,1446,-1.5
3935,New-c74a786,1-0,1.0,1430,1058,1446,-1.4
3933,New-c74a786,1/2-1/2,0.5,1430,1059,1446,-1.4
3936,Base-f462400,0-1,1.0,1431,1059,1446,-1.3
3939,New-c74a786,1/2-1/2,0.5,1431,1060,1446,-1.3
3938,Base-f462400,1-0,0.0,1431,1060,1447,-1.4
3937,New-c74a786,1/2-1/2,0.5,1431,1061,1447,-1.4
3941,New-c74a786,1-0,1.0,1432,1061,1447,-1.3
3940,Base-f462400,1/2-1/2,0.5,1432,1062,1447,-1.3
3943,New-c74a786,1/2-1/2,0.5,1432,1063,1447,-1.3
3942,Base-f462400,1-0,0.0,1432,1063,1448,-1.4
3946,Base-f462400,0-1,1.0,1433,1063,1448,-1.3
3944,Base-f462400,1/2-1/2,0.5,1433,1064,1448,-1.3
3945,New-c74a786,1-0,1.0,1434,1064,1448,-1.2
3949,New-c74a786,1-0,1.0,1435,1064,1448,-1.1
3947,New-c74a786,1/2-1/2,0.5,1435,1065,1448,-1.1
3950,Base-f462400,0-1,1.0,1436,1065,1448,-1.1
3948,Base-f462400,0-1,1.0,1437,1065,1448,-1.0
3951,New-c74a786,1-0,1.0,1438,1065,1448,-0.9
3952,Base-f462400,1-0,0.0,1438,1065,1449,-1.0
3954,Base-f462400,1/2-1/2,0.5,1438,1066,1449,-1.0
3953,New-c74a786,0-1,0.0,1438,1066,1450,-1.1
3956,Base-f462400,0-1,1.0,1439,1066,1450,-1.0
3957,New-c74a786,1-0,1.0,1440,1066,1450,-0.9
3955,New-c74a786,1/2-1/2,0.5,1440,1067,1450,-0.9
3958,Base-f462400,1-0,0.0,1440,1067,1451,-1.0
3959,New-c74a786,1/2-1/2,0.5,1440,1068,1451,-1.0
3960,Base-f462400,1-0,0.0,1440,1068,1452,-1.1
3961,New-c74a786,1/2-1/2,0.5,1440,1069,1452,-1.1
3962,Base-f462400,0-1,1.0,1441,1069,1452,-1.0
3967,New-c74a786,1/2-1/2,0.5,1441,1070,1452,-1.0
3964,Base-f462400,0-1,1.0,1442,1070,1452,-0.9
3965,New-c74a786,1-0,1.0,1443,1070,1452,-0.8
3969,New-c74a786,0-1,0.0,1443,1070,1453,-0.9
3963,New-c74a786,1-0,1.0,1444,1070,1453,-0.8
3966,Base-f462400,0-1,1.0,1445,1070,1453,-0.7
3968,Base-f462400,1-0,0.0,1445,1070,1454,-0.8
3973,New-c74a786,1-0,1.0,1446,1070,1454,-0.7
3974,Base-f462400,1-0,0.0,1446,1070,1455,-0.8
3970,Base-f462400,0-1,1.0,1447,1070,1455,-0.7
3972,Base-f462400,0-1,1.0,1448,1070,1455,-0.6
3975,New-c74a786,0-1,0.0,1448,1070,1456,-0.7
3978,Base-f462400,1-0,0.0,1448,1070,1457,-0.8
3976,Base-f462400,1/2-1/2,0.5,1448,1071,1457,-0.8
3971,New-c74a786,1-0,1.0,1449,1071,1457,-0.7
3977,New-c74a786,0-1,0.0,1449,1071,1458,-0.8
3979,New-c74a786,1-0,1.0,1450,1071,1458,-0.7
3980,Base-f462400,0-1,1.0,1451,1071,1458,-0.6
3982,Base-f462400,0-1,1.0,1452,1071,1458,-0.5
3981,New-c74a786,1-0,1.0,1453,1071,1458,-0.4
3984,Base-f462400,0-1,1.0,1454,1071,1458,-0.3
3983,New-c74a786,0-1,0.0,1454,1071,1459,-0.4
3985,New-c74a786,1-0,1.0,1455,1071,1459,-0.3
3986,Base-f462400,0-1,1.0,1456,1071,1459,-0.3
3987,New-c74a786,1-0,1.0,1457,1071,1459,-0.2
3991,New-c74a786,1/2-1/2,0.5,1457,1072,1459,-0.2
3988,Base-f462400,1/2-1/2,0.5,1457,1073,1459,-0.2
3990,Base-f462400,1/2-1/2,0.5,1457,1074,1459,-0.2
3992,Base-f462400,1-0,0.0,1457,1074,1460,-0.3
3989,New-c74a786,0-1,0.0,1457,1074,1461,-0.3
3993,New-c74a786,0-1,0.0,1457,1074,1462,-0.4
3994,Base-f462400,0-1,1.0,1458,1074,1462,-0.3
3995,New-c74a786,0-1,0.0,1458,1074,1463,-0.4
3996,Base-f462400,1-0,0.0,1458,1074,1464,-0.5
3999,New-c74a786,1-0,1.0,1459,1074,1464,-0.4
4000,Base-f462400,1/2-1/2,0.5,1459,1075,1464,-0.4
3997,New-c74a786,1-0,1.0,1460,1075,1464,-0.3
4002,Base-f462400,1/2-1/2,0.5,1460,1076,1464,-0.3
3998,Base-f462400,1-0,0.0,1460,1076,1465,-0.4
4004,Base-f462400,1-0,0.0,1460,1076,1466,-0.5
4003,New-c74a786,1-0,1.0,1461,1076,1466,-0.4
4001,New-c74a786,1/2-1/2,0.5,1461,1077,1466,-0.4
4005,New-c74a786,1-0,1.0,1462,1077,1466,-0.3
4006,Base-f462400,1/2-1/2,0.5,1462,1078,1466,-0.3
4009,New-c74a786,0-1,0.0,1462,1078,1467,-0.4
4010,Base-f462400,0-1,1.0,1463,1078,1467,-0.3
4011,New-c74a786,1/2-1/2,0.5,1463,1079,1467,-0.3
4008,Base-f462400,1/2-1/2,0.5,1463,1080,1467,-0.3
4012,Base-f462400,0-1,1.0,1464,1080,1467,-0.3
4007,New-c74a786,0-1,0.0,1464,1080,1468,-0.3
4013,New-c74a786,1-0,1.0,1465,1080,1468,-0.3
4014,Base-f462400,1/2-1/2,0.5,1465,1081,1468,-0.3
4015,New-c74a786,0-1,0.0,1465,1081,1469,-0.3
4017,New-c74a786,0-1,0.0,1465,1081,1470,-0.4
4022,Base-f462400,0-1,1.0,1466,1081,1470,-0.3
4016,Base-f462400,1-0,0.0,1466,1081,1471,-0.4
4018,Base-f462400,1/2-1/2,0.5,1466,1082,1471,-0.4
4019,New-c74a786,1-0,1.0,1467,1082,1471,-0.3
4021,New-c74a786,0-1,0.0,1467,1082,1472,-0.4
4020,Base-f462400,0-1,1.0,1468,1082,1472,-0.3
4025,New-c74a786,0-1,0.0,1468,1082,1473,-0.4
4029,New-c74a786,1/2-1/2,0.5,1468,1083,1473,-0.4
4023,New-c74a786,0-1,0.0,1468,1083,1474,-0.5
4027,New-c74a786,1-0,1.0,1469,1083,1474,-0.4
4024,Base-f462400,1/2-1/2,0.5,1469,1084,1474,-0.4
4026,Base-f462400,1/2-1/2,0.5,1469,1085,1474,-0.4
4028,Base-f462400,1-0,0.0,1469,1085,1475,-0.5
4030,Base-f462400,1-0,0.0,1469,1085,1476,-0.6
4031,New-c74a786,1-0,1.0,1470,1085,1476,-0.5
4033,New-c74a786,1-0,1.0,1471,1085,1476,-0.4
4034,Base-f462400,1/2-1/2,0.5,1471,1086,1476,-0.4
4032,Base-f462400,1-0,0.0,1471,1086,1477,-0.5
4036,Base-f462400,0-1,1.0,1472,1086,1477,-0.4
4035,New-c74a786,0-1,0.0,1472,1086,1478,-0.5
4037,New-c74a786,0-1,0.0,1472,1086,1479,-0.6
4039,New-c74a786,0-1,0.0,1472,1086,1480,-0.7
4038,Base-f462400,0-1,1.0,1473,1086,1480,-0.6
4044,Base-f462400,0-1,1.0,1474,1086,1480,-0.5
4041,New-c74a786,1/2-1/2,0.5,1474,1087,1480,-0.5
4040,Base-f462400,1-0,0.0,1474,1087,1481,-0.6
4043,New-c74a786,0-1,0.0,1474,1087,1482,-0.7
4042,Base-f462400,1/2-1/2,0.5,1474,1088,1482,-0.7
4048,Base-f462400,1-0,0.0,1474,1088,1483,-0.8
4047,New-c74a786,1-0,1.0,1475,1088,1483,-0.7
4046,Base-f462400,0-1,1.0,1476,1088,1483,-0.6
4045,New-c74a786,1/2-1/2,0.5,1476,1089,1483,-0.6
4052,Base-f462400,1/2-1/2,0.5,1476,1090,1483,-0.6
4049,New-c74a786,1-0,1.0,1477,1090,1483,-0.5
4051,New-c74a786,1-0,1.0,1478,1090,1483,-0.4
4050,Base-f462400,1-0,0.0,1478,1090,1484,-0.5
4056,Base-f462400,1/2-1/2,0.5,1478,1091,1484,-0.5
4053,New-c74a786,0-1,0.0,1478,1091,1485,-0.6
4055,New-c74a786,1/2-1/2,0.5,1478,1092,1485,-0.6
4057,New-c74a786,1-0,1.0,1479,1092,1485,-0.5
4054,Base-f462400,1/2-1/2,0.5,1479,1093,1485,-0.5
4060,Base-f462400,0-1,1.0,1480,1093,1485,-0.4
4058,Base-f462400,1-0,0.0,1480,1093,1486,-0.5
4059,New-c74a786,1/2-1/2,0.5,1480,1094,1486,-0.5
4061,New-c74a786,0-1,0.0,1480,1094,1487,-0.6
4064,Base-f462400,0-1,1.0,1481,1094,1487,-0.5
4062,Base-f462400,0-1,1.0,1482,1094,1487,-0.4
4063,New-c74a786,0-1,0.0,1482,1094,1488,-0.5
4068,Base-f462400,0-1,1.0,1483,1094,1488,-0.4
4065,New-c74a786,1/2-1/2,0.5,1483,1095,1488,-0.4
4067,New-c74a786,1-0,1.0,1484,1095,1488,-0.3
4066,Base-f462400,1-0,0.0,1484,1095,1489,-0.4
4070,Base-f462400,1-0,0.0,1484,1095,1490,-0.5
4069,New-c74a786,0-1,0.0,1484,1095,1491,-0.6
4072,Base-f462400,1-0,0.0,1484,1095,1492,-0.7
4071,New-c74a786,1-0,1.0,1485,1095,1492,-0.6
4075,New-c74a786,1/2-1/2,0.5,1485,1096,1492,-0.6
4073,New-c74a786,1-0,1.0,1486,1096,1492,-0.5
4076,Base-f462400,1-0,0.0,1486,1096,1493,-0.6
4078,Base-f462400,1-0,0.0,1486,1096,1494,-0.7
4074,Base-f462400,0-1,1.0,1487,1096,1494,-0.6
4077,New-c74a786,0-1,0.0,1487,1096,1495,-0.7
4079,New-c74a786,0-1,0.0,1487,1096,1496,-0.8
4082,Base-f462400,1-0,0.0,1487,1096,1497,-0.9
4081,New-c74a786,1-0,1.0,1488,1096,1497,-0.8
4080,Base-f462400,1/2-1/2,0.5,1488,1097,1497,-0.8
4083,New-c74a786,1-0,1.0,1489,1097,1497,-0.7
4084,Base-f462400,0-1,1.0,1490,1097,1497,-0.6
4087,New-c74a786,0-1,0.0,1490,1097,1498,-0.7
4085,New-c74a786,1/2-1/2,0.5,1490,1098,1498,-0.7
4088,Base-f462400,1-0,0.0,1490,1098,1499,-0.8
4086,Base-f462400,1-0,0.0,1490,1098,1500,-0.8
4089,New-c74a786,0-1,0.0,1490,1098,1501,-0.9
4093,New-c74a786,0-1,0.0,1490,1098,1502,-1.0
4090,Base-f462400,1-0,0.0,1490,1098,1503,-1.1
4091,New-c74a786,1-0,1.0,1491,1098,1503,-1.0
4094,Base-f462400,1-0,0.0,1491,1098,1504,-1.1
4092,Base-f462400,1/2-1/2,0.5,1491,1099,1504,-1.1
4095,New-c74a786,0-1,0.0,1491,1099,1505,-1.2
4097,New-c74a786,0-1,0.0,1491,1099,1506,-1.3
4098,Base-f462400,1-0,0.0,1491,1099,1507,-1.4
4100,Base-f462400,1/2-1/2,0.5,1491,1100,1507,-1.4
4099,New-c74a786,1/2-1/2,0.5,1491,1101,1507,-1.4
4096,Base-f462400,1/2-1/2,0.5,1491,1102,1507,-1.4
4103,New-c74a786,1/2-1/2,0.5,1491,1103,1507,-1.4
4101,New-c74a786,0-1,0.0,1491,1103,1508,-1.4
4104,Base-f462400,0-1,1.0,1492,1103,1508,-1.4
4102,Base-f462400,1/2-1/2,0.5,1492,1104,1508,-1.4
4105,New-c74a786,1-0,1.0,1493,1104,1508,-1.3
4107,New-c74a786,1/2-1/2,0.5,1493,1105,1508,-1.3
4106,Base-f462400,0-1,1.0,1494,1105,1508,-1.2
4108,Base-f462400,1-0,0.0,1494,1105,1509,-1.3
4109,New-c74a786,1/2-1/2,0.5,1494,1106,1509,-1.3
4110,Base-f462400,0-1,1.0,1495,1106,1509,-1.2
4111,New-c74a786,0-1,0.0,1495,1106,1510,-1.3
4112,Base-f462400,1-0,0.0,1495,1106,1511,-1.4
4113,New-c74a786,1-0,1.0,1496,1106,1511,-1.3
4115,New-c74a786,0-1,0.0,1496,1106,1512,-1.4
4114,Base-f462400,0-1,1.0,1497,1106,1512,-1.3
4116,Base-f462400,0-1,1.0,1498,1106,1512,-1.2
4117,New-c74a786,1-0,1.0,1499,1106,1512,-1.1
4118,Base-f462400,1-0,0.0,1499,1106,1513,-1.2
4119,New-c74a786,1/2-1/2,0.5,1499,1107,1513,-1.2
4120,Base-f462400,1-0,0.0,1499,1107,1514,-1.3
4121,New-c74a786,1-0,1.0,1500,1107,1514,-1.2
4122,Base-f462400,1-0,0.0,1500,1107,1515,-1.3
4123,New-c74a786,1-0,1.0,1501,1107,1515,-1.2
4128,Base-f462400,0-1,1.0,1502,1107,1515,-1.1
4126,Base-f462400,0-1,1.0,1503,1107,1515,-1.0
4125,New-c74a786,1-0,1.0,1504,1107,1515,-0.9
4124,Base-f462400,0-1,1.0,1505,1107,1515,-0.8
4127,New-c74a786,1-0,1.0,1506,1107,1515,-0.8
4130,Base-f462400,0-1,1.0,1507,1107,1515,-0.7
4129,New-c74a786,1-0,1.0,1508,1107,1515,-0.6
4131,New-c74a786,1/2-1/2,0.5,1508,1108,1515,-0.6
4134,Base-f462400,1-0,0.0,1508,1108,1516,-0.7
4135,New-c74a786,1/2-1/2,0.5,1508,1109,1516,-0.7
4133,New-c74a786,1/2-1/2,0.5,1508,1110,1516,-0.7
4136,Base-f462400,0-1,1.0,1509,1110,1516,-0.6
4132,Base-f462400,0-1,1.0,1510,1110,1516,-0.5
4137,New-c74a786,1/2-1/2,0.5,1510,1111,1516,-0.5
4138,Base-f462400,0-1,1.0,1511,1111,1516,-0.4
4140,Base-f462400,0-1,1.0,1512,1111,1516,-0.3
4141,New-c74a786,1/2-1/2,0.5,1512,1112,1516,-0.3
4139,New-c74a786,1-0,1.0,1513,1112,1516,-0.3
4143,New-c74a786,0-1,0.0,1513,1112,1517,-0.3
4142,Base-f462400,0-1,1.0,1514,1112,1517,-0.3
4144,Base-f462400,1/2-1/2,0.5,1514,1113,1517,-0.3
4145,New-c74a786,1-0,1.0,1515,1113,1517,-0.2
4147,New-c74a786,1-0,1.0,1516,1113,1517,-0.1
4148,Base-f462400,1-0,0.0,1516,1113,1518,-0.2
4149,New-c74a786,1-0,1.0,1517,1113,1518,-0.1
4152,Base-f462400,1-0,0.0,1517,1113,1519,-0.2
4146,Base-f462400,0-1,1.0,1518,1113,1519,-0.1
4151,New-c74a786,1/2-1/2,0.5,1518,1114,1519,-0.1
4150,Base-f462400,1-0,0.0,1518,1114,1520,-0.2
4156,Base-f462400,0-1,1.0,1519,1114,1520,-0.1
4153,New-c74a786,0-1,0.0,1519,1114,1521,-0.2
4154,Base-f462400,1-0,0.0,1519,1114,1522,-0.3
4155,New-c74a786,0-1,0.0,1519,1114,1523,-0.3
4157,New-c74a786,1-0,1.0,1520,1114,1523,-0.3
4160,Base-f462400,1/2-1/2,0.5,1520,1115,1523,-0.3
4165,New-c74a786,1/2-1/2,0.5,1520,1116,1523,-0.3
4158,Base-f462400,0-1,1.0,1521,1116,1523,-0.2
4159,New-c74a786,1-0,1.0,1522,1116,1523,-0.1
4162,Base-f462400,1-0,0.0,1522,1116,1524,-0.2
4161,New-c74a786,1/2-1/2,0.5,1522,1117,1524,-0.2
4163,New-c74a786,1-0,1.0,1523,1117,1524,-0.1
4164,Base-f462400,1-0,0.0,1523,1117,1525,-0.2
4166,Base-f462400,1-0,0.0,1523,1117,1526,-0.3
4167,New-c74a786,1-0,1.0,1524,1117,1526,-0.2
4169,New-c74a786,1/2-1/2,0.5,1524,1118,1526,-0.2
4168,Base-f462400,0-1,1.0,1525,1118,1526,-0.1
4170,Base-f462400,0-1,1.0,1526,1118,1526,-0.0
4171,New-c74a786,1-0,1.0,1527,1118,1526,0.1
4172,Base-f462400,1/2-1/2,0.5,1527,1119,1526,0.1
4174,Base-f462400,1-0,0.0,1527,1119,1527,-0.0
4173,New-c74a786,0-1,0.0,1527,1119,1528,-0.1
4175,New-c74a786,0-1,0.0,1527,1119,1529,-0.2
4177,New-c74a786,1-0,1.0,1528,1119,1529,-0.1
4176,Base-f462400,0-1,1.0,1529,1119,1529,-0.0
4178,Base-f462400,1-0,0.0,1529,1119,1530,-0.1
4179,New-c74a786,0-1,0.0,1529,1119,1531,-0.2
4182,Base-f462400,0-1,1.0,1530,1119,1531,-0.1
4181,New-c74a786,1-0,1.0,1531,1119,1531,-0.0
4184,Base-f462400,1-0,0.0,1531,1119,1532,-0.1
4183,New-c74a786,1-0,1.0,1532,1119,1532,-0.0
4180,Base-f462400,1/2-1/2,0.5,1532,1120,1532,-0.0
4185,New-c74a786,1-0,1.0,1533,1120,1532,0.1
4186,Base-f462400,0-1,1.0,1534,1120,1532,0.2
4187,New-c74a786,1/2-1/2,0.5,1534,1121,1532,0.2
4188,Base-f462400,0-1,1.0,1535,1121,1532,0.2
4191,New-c74a786,1-0,1.0,1536,1121,1532,0.3
4190,Base-f462400,1/2-1/2,0.5,1536,1122,1532,0.3
4189,New-c74a786,0-1,0.0,1536,1122,1533,0.2
4195,New-c74a786,1/2-1/2,0.5,1536,1123,1533,0.2
4193,New-c74a786,1-0,1.0,1537,1123,1533,0.3
4196,Base-f462400,1-0,0.0,1537,1123,1534,0.2
4194,Base-f462400,1-0,0.0,1537,1123,1535,0.2
4192,Base-f462400,0-1,1.0,1538,1123,1535,0.2
4199,New-c74a786,0-1,0.0,1538,1123,1536,0.2
4197,New-c74a786,1-0,1.0,1539,1123,1536,0.2
4198,Base-f462400,1-0,0.0,1539,1123,1537,0.2
4201,New-c74a786,0-1,0.0,1539,1123,1538,0.1
4203,New-c74a786,1-0,1.0,1540,1123,1538,0.2
4200,Base-f462400,1/2-1/2,0.5,1540,1124,1538,0.2
4204,Base-f462400,0-1,1.0,1541,1124,1538,0.2
4202,Base-f462400,1-0,0.0,1541,1124,1539,0.2
4206,Base-f462400,1/2-1/2,0.5,1541,1125,1539,0.2
4210,Base-f462400,1-0,0.0,1541,1125,1540,0.1
4205,New-c74a786,0-1,0.0,1541,1125,1541,-0.0
4207,New-c74a786,1/2-1/2,0.5,1541,1126,1541,-0.0
4208,Base-f462400,0-1,1.0,1542,1126,1541,0.1
4212,Base-f462400,1-0,0.0,1542,1126,1542,-0.0
4209,New-c74a786,1-0,1.0,1543,1126,1542,0.1
4211,New-c74a786,0-1,0.0,1543,1126,1543,-0.0
4213,New-c74a786,0-1,0.0,1543,1126,1544,-0.1
4215,New-c74a786,0-1,0.0,1543,1126,1545,-0.2
4214,Base-f462400,0-1,1.0,1544,1126,1545,-0.1
4217,New-c74a786,1-0,1.0,1545,1126,1545,-0.0
4216,Base-f462400,0-1,1.0,1546,1126,1545,0.1
4220,Base-f462400,1-0,0.0,1546,1126,1546,-0.0
4219,New-c74a786,1-0,1.0,1547,1126,1546,0.1
4218,Base-f462400,0-1,1.0,1548,1126,1546,0.2
4222,Base-f462400,1-0,0.0,1548,1126,1547,0.1
4225,New-c74a786,1-0,1.0,1549,1126,1547,0.2
4221,New-c74a786,1-0,1.0,1550,1126,1547,0.2
4223,New-c74a786,0-1,0.0,1550,1126,1548,0.2
4224,Base-f462400,1-0,0.0,1550,1126,1549,0.1
4226,Base-f462400,1-0,0.0,1550,1126,1550,-0.0
4228,Base-f462400,0-1,1.0,1551,1126,1550,0.1
4227,New-c74a786,1/2-1/2,0.5,1551,1127,1550,0.1
4230,Base-f462400,0-1,1.0,1552,1127,1550,0.2
4232,Base-f462400,1-0,0.0,1552,1127,1551,0.1
4231,New-c74a786,1-0,1.0,1553,1127,1551,0.2
4234,Base-f462400,1-0,0.0,1553,1127,1552,0.1
4229,New-c74a786,0-1,0.0,1553,1127,1553,-0.0
4233,New-c74a786,1/2-1/2,0.5,1553,1128,1553,-0.0
4235,New-c74a786,1/2-1/2,0.5,1553,1129,1553,-0.0
4237,New-c74a786,0-1,0.0,1553,1129,1554,-0.1
4238,Base-f462400,1/2-1/2,0.5,1553,1130,1554,-0.1
4236,Base-f462400,1/2-1/2,0.5,1553,1131,1554,-0.1
4241,New-c74a786,0-1,0.0,1553,1131,1555,-0.2
4242,Base-f462400,1/2-1/2,0.5,1553,1132,1555,-0.2
4239,New-c74a786,0-1,0.0,1553,1132,1556,-0.2
4243,New-c74a786,0-1,0.0,1553,1132,1557,-0.3
4240,Base-f462400,1/2-1/2,0.5,1553,1133,1557,-0.3
4244,Base-f462400,0-1,1.0,1554,1133,1557,-0.2
4249,New-c74a786,0-1,0.0,1554,1133,1558,-0.3
4245,New-c74a786,1/2-1/2,0.5,1554,1134,1558,-0.3
4247,New-c74a786,1-0,1.0,1555,1134,1558,-0.2
4246,Base-f462400,1/2-1/2,0.5,1555,1135,1558,-0.2
4248,Base-f462400,1/2-1/2,0.5,1555,1136,1558,-0.2
4250,Base-f462400,0-1,1.0,1556,1136,1558,-0.2
4251,New-c74a786,1-0,1.0,1557,1136,1558,-0.1
4253,New-c74a786,1-0,1.0,1558,1136,1558,-0.0
4252,Base-f462400,1-0,0.0,1558,1136,1559,-0.1
4256,Base-f462400,1/2-1/2,0.5,1558,1137,1559,-0.1
4254,Base-f462400,0-1,1.0,1559,1137,1559,-0.0
4262,Base-f462400,1/2-1/2,0.5,1559,1138,1559,-0.0
4257,New-c74a786,0-1,0.0,1559,1138,1560,-0.1
4258,Base-f462400,1-0,0.0,1559,1138,1561,-0.2
4255,New-c74a786,0-1,0.0,1559,1138,1562,-0.2
4259,New-c74a786,1/2-1/2,0.5,1559,1139,1562,-0.2
4261,New-c74a786,0-1,0.0,1559,1139,1563,-0.3
4266,Base-f462400,1-0,0.0,1559,1139,1564,-0.4
4264,Base-f462400,1-0,0.0,1559,1139,1565,-0.5
4260,Base-f462400,0-1,1.0,1560,1139,1565,-0.4
4263,New-c74a786,1-0,1.0,1561,1139,1565,-0.3
4265,New-c74a786,0-1,0.0,1561,1139,1566,-0.4
4268,Base-f462400,0-1,1.0,1562,1139,1566,-0.3
4267,New-c74a786,1-0,1.0,1563,1139,1566,-0.2
4272,Base-f462400,1-0,0.0,1563,1139,1567,-0.3
4270,Base-f462400,1/2-1/2,0.5,1563,1140,1567,-0.3
4269,New-c74a786,0-1,0.0,1563,1140,1568,-0.4
4271,New-c74a786,1-0,1.0,1564,1140,1568,-0.3
4273,New-c74a786,1-0,1.0,1565,1140,1568,-0.2
4277,New-c74a786,1/2-1/2,0.5,1565,1141,1568,-0.2
4276,Base-f462400,1/2-1/2,0.5,1565,1142,1568,-0.2
4275,New-c74a786,1-0,1.0,1566,1142,1568,-0.2
4274,Base-f462400,1/2-1/2,0.5,1566,1143,1568,-0.2
4279,New-c74a786,1-0,1.0,1567,1143,1568,-0.1
4278,Base-f462400,0-1,1.0,1568,1143,1568,-0.0
4281,New-c74a786,1-0,1.0,1569,1143,1568,0.1
4282,Base-f462400,1-0,0.0,1569,1143,1569,-0.0
4280,Base-f462400,1-0,0.0,1569,1143,1570,-0.1
4284,Base-f462400,1/2-1/2,0.5,1569,1144,1570,-0.1
4283,New-c74a786,0-1,0.0,1569,1144,1571,-0.2
4285,New-c74a786,0-1,0.0,1569,1144,1572,-0.2
4286,Base-f462400,0-1,1.0,1570,1144,1572,-0.2
4287,New-c74a786,0-1,0.0,1570,1144,1573,-0.2
4288,Base-f462400,1-0,0.0,1570,1144,1574,-0.3
4292,Base-f462400,1-0,0.0,1570,1144,1575,-0.4
4290,Base-f462400,0-1,1.0,1571,1144,1575,-0.3
4291,New-c74a786,0-1,0.0,1571,1144,1576,-0.4
4289,New-c74a786,0-1,0.0,1571,1144,1577,-0.5
4298,Base-f462400,1/2-1/2,0.5,1571,1145,1577,-0.5
4294,Base-f462400,0-1,1.0,1572,1145,1577,-0.4
4295,New-c74a786,0-1,0.0,1572,1145,1578,-0.5
4293,New-c74a786,0-1,0.0,1572,1145,1579,-0.6
4299,New-c74a786,1/2-1/2,0.5,1572,1146,1579,-0.6
4296,Base-f462400,1-0,0.0,1572,1146,1580,-0.6
4297,New-c74a786,1-0,1.0,1573,1146,1580,-0.6
4300,Base-f462400,1/2-1/2,0.5,1573,1147,1580,-0.6
4302,Base-f462400,0-1,1.0,1574,1147,1580,-0.5
4303,New-c74a786,0-1,0.0,1574,1147,1581,-0.6
4304,Base-f462400,0-1,1.0,1575,1147,1581,-0.5
4301,New-c74a786,0-1,0.0,1575,1147,1582,-0.6
4305,New-c74a786,1/2-1/2,0.5,1575,1148,1582,-0.6
4308,Base-f462400,1/2-1/2,0.5,1575,1149,1582,-0.6
4306,Base-f462400,0-1,1.0,1576,1149,1582,-0.5
4310,Base-f462400,1/2-1/2,0.5,1576,1150,1582,-0.5
4307,New-c74a786,1/2-1/2,0.5,1576,1151,1582,-0.5
4309,New-c74a786,0-1,0.0,1576,1151,1583,-0.6
4312,Base-f462400,1-0,0.0,1576,1151,1584,-0.6
4311,New-c74a786,1-0,1.0,1577,1151,1584,-0.6
4317,New-c74a786,0-1,0.0,1577,1151,1585,-0.6
4313,New-c74a786,0-1,0.0,1577,1151,1586,-0.7
4314,Base-f462400,1-0,0.0,1577,1151,1587,-0.8
4315,New-c74a786,1/2-1/2,0.5,1577,1152,1587,-0.8
4319,New-c74a786,0-1,0.0,1577,1152,1588,-0.9
4323,New-c74a786,1/2-1/2,0.5,1577,1153,1588,-0.9
4318,Base-f462400,0-1,1.0,1578,1153,1588,-0.8
4316,Base-f462400,1-0,0.0,1578,1153,1589,-0.9
4321,New-c74a786,0-1,0.0,1578,1153,1590,-1.0
4320,Base-f462400,1/2-1/2,0.5,1578,1154,1590,-1.0
4322,Base-f462400,0-1,1.0,1579,1154,1590,-0.9
4326,Base-f462400,1/2-1/2,0.5,1579,1155,1590,-0.9
4324,Base-f462400,1/2-1/2,0.5,1579,1156,1590,-0.9
4331,New-c74a786,1/2-1/2,0.5,1579,1157,1590,-0.9
4329,New-c74a786,0-1,0.0,1579,1157,1591,-1.0
4325,New-c74a786,1-0,1.0,1580,1157,1591,-0.9
4327,New-c74a786,0-1,0.0,1580,1157,1592,-1.0
4328,Base-f462400,0-1,1.0,1581,1157,1592,-0.9
4330,Base-f462400,1-0,0.0,1581,1157,1593,-1.0
4338,Base-f462400,1/2-1/2,0.5,1581,1158,1593,-1.0
4334,Base-f462400,1/2-1/2,0.5,1581,1159,1593,-1.0
4333,New-c74a786,1-0,1.0,1582,1159,1593,-0.9
4336,Base-f462400,1-0,0.0,1582,1159,1594,-1.0
4332,Base-f462400,1/2-1/2,0.5,1582,1160,1594,-1.0
4335,New-c74a786,0-1,0.0,1582,1160,1595,-1.0
4339,New-c74a786,0-1,0.0,1582,1160,1596,-1.1
4337,New-c74a786,0-1,0.0,1582,1160,1597,-1.2
4342,Base-f462400,1-0,0.0,1582,1160,1598,-1.3
4340,Base-f462400,0-1,1.0,1583,1160,1598,-1.2
4341,New-c74a786,1/2-1/2,0.5,1583,1161,1598,-1.2
4343,New-c74a786,1-0,1.0,1584,1161,1598,-1.1
4344,Base-f462400,1-0,0.0,1584,1161,1599,-1.2
4346,Base-f462400,1/2-1/2,0.5,1584,1162,1599,-1.2
4347,New-c74a786,0-1,0.0,1584,1162,1600,-1.3
4345,New-c74a786,1-0,1.0,1585,1162,1600,-1.2
4348,Base-f462400,1-0,0.0,1585,1162,1601,-1.3
4350,Base-f462400,1/2-1/2,0.5,1585,1163,1601,-1.3
4349,New-c74a786,1/2-1/2,0.5,1585,1164,1601,-1.3
4351,New-c74a786,1-0,1.0,1586,1164,1601,-1.2
4355,New-c74a786,1-0,1.0,1587,1164,1601,-1.1
4352,Base-f462400,0-1,1.0,1588,1164,1601,-1.0
4353,New-c74a786,1-0,1.0,1589,1164,1601,-1.0
4354,Base-f462400,1-0,0.0,1589,1164,1602,-1.0
4356,Base-f462400,1-0,0.0,1589,1164,1603,-1.1
4357,New-c74a786,1-0,1.0,1590,1164,1603,-1.0
4358,Base-f462400,0-1,1.0,1591,1164,1603,-1.0
4359,New-c74a786,1-0,1.0,1592,1164,1603,-0.9
4361,New-c74a786,1/2-1/2,0.5,1592,1165,1603,-0.9
4360,Base-f462400,1/2-1/2,0.5,1592,1166,1603,-0.9
4362,Base-f462400,0-1,1.0,1593,1166,1603,-0.8
4364,Base-f462400,1/2-1/2,0.5,1593,1167,1603,-0.8
4363,New-c74a786,1-0,1.0,1594,1167,1603,-0.7
4365,New-c74a786,0-1,0.0,1594,1167,1604,-0.8
4366,Base-f462400,0-1,1.0,1595,1167,1604,-0.7
4370,Base-f462400,1-0,0.0,1595,1167,1605,-0.8
4368,Base-f462400,0-1,1.0,1596,1167,1605,-0.7
4373,New-c74a786,1-0,1.0,1597,1167,1605,-0.6
4369,New-c74a786,1/2-1/2,0.5,1597,1168,1605,-0.6
4367,New-c74a786,1/2-1/2,0.5,1597,1169,1605,-0.6
4372,Base-f462400,1/2-1/2,0.5,1597,1170,1605,-0.6
4371,New-c74a786,1-0,1.0,1598,1170,1605,-0.6
4380,Base-f462400,1/2-1/2,0.5,1598,1171,1605,-0.6
4375,New-c74a786,1/2-1/2,0.5,1598,1172,1605,-0.6
4374,Base-f462400,0-1,1.0,1599,1172,1605,-0.5
4384,Base-f462400,1/2-1/2,0.5,1599,1173,1605,-0.5
4376,Base-f462400,1-0,0.0,1599,1173,1606,-0.6
4377,New-c74a786,0-1,0.0,1599,1173,1607,-0.6
4378,Base-f462400,1/2-1/2,0.5,1599,1174,1607,-0.6
4382,Base-f462400,1-0,0.0,1599,1174,1608,-0.7
4381,New-c74a786,1-0,1.0,1600,1174,1608,-0.6
4379,New-c74a786,1/2-1/2,0.5,1600,1175,1608,-0.6
4385,New-c74a786,1/2-1/2,0.5,1600,1176,1608,-0.6
4386,Base-f462400,1/2-1/2,0.5,1600,1177,1608,-0.6
4388,Base-f462400,1/2-1/2,0.5,1600,1178,1608,-0.6
4383,New-c74a786,1/2-1/2,0.5,1600,1179,1608,-0.6
4387,New-c74a786,1-0,1.0,1601,1179,1608,-0.6
4389,New-c74a786,1/2-1/2,0.5,1601,1180,1608,-0.6
4390,Base-f462400,0-1,1.0,1602,1180,1608,-0.5
4391,New-c74a786,1-0,1.0,1603,1180,1608,-0.4
4393,New-c74a786,1/2-1/2,0.5,1603,1181,1608,-0.4
4394,Base-f462400,1-0,0.0,1603,1181,1609,-0.5
4398,Base-f462400,1/2-1/2,0.5,1603,1182,1609,-0.5
4392,Base-f462400,0-1,1.0,1604,1182,1609,-0.4
4396,Base-f462400,1-0,0.0,1604,1182,1610,-0.5
4395,New-c74a786,0-1,0.0,1604,1182,1611,-0.6
4397,New-c74a786,1-0,1.0,1605,1182,1611,-0.5
4402,Base-f462400,1-0,0.0,1605,1182,1612,-0.6
4401,New-c74a786,1-0,1.0,1606,1182,1612,-0.5
4403,New-c74a786,1-0,1.0,1607,1182,1612,-0.4
4399,New-c74a786,1-0,1.0,1608,1182,1612,-0.3
4404,Base-f462400,0-1,1.0,1609,1182,1612,-0.2
4400,Base-f462400,1-0,0.0,1609,1182,1613,-0.3
4406,Base-f462400,0-1,1.0,1610,1182,1613,-0.2
4408,Base-f462400,0-1,1.0,1611,1182,1613,-0.2
4405,New-c74a786,0-1,0.0,1611,1182,1614,-0.2
4407,New-c74a786,0-1,0.0,1611,1182,1615,-0.3
4409,New-c74a786,1-0,1.0,1612,1182,1615,-0.2
4412,Base-f462400,1-0,0.0,1612,1182,1616,-0.3
4410,Base-f462400,1-0,0.0,1612,1182,1617,-0.4
4411,New-c74a786,1-0,1.0,1613,1182,1617,-0.3
4415,New-c74a786,1-0,1.0,1614,1182,1617,-0.2
4414,Base-f462400,0-1,1.0,1615,1182,1617,-0.2
4413,New-c74a786,0-1,0.0,1615,1182,1618,-0.2
4418,Base-f462400,1/2-1/2,0.5,1615,1183,1618,-0.2
4417,New-c74a786,1/2-1/2,0.5,1615,1184,1618,-0.2
4416,Base-f462400,1/2-1/2,0.5,1615,1185,1618,-0.2
4420,Base-f462400,0-1,1.0,1616,1185,1618,-0.2
4419,New-c74a786,1/2-1/2,0.5,1616,1186,1618,-0.2
4421,New-c74a786,1-0,1.0,1617,1186,1618,-0.1
4422,Base-f462400,1-0,0.0,1617,1186,1619,-0.2
4423,New-c74a786,1-0,1.0,1618,1186,1619,-0.1
4426,Base-f462400,1-0,0.0,1618,1186,1620,-0.2
4425,New-c74a786,0-1,0.0,1618,1186,1621,-0.2
4427,New-c74a786,1-0,1.0,1619,1186,1621,-0.2
4424,Base-f462400,1-0,0.0,1619,1186,1622,-0.2
4429,New-c74a786,1-0,1.0,1620,1186,1622,-0.2
4430,Base-f462400,0-1,1.0,1621,1186,1622,-0.1
4431,New-c74a786,0-1,0.0,1621,1186,1623,-0.2
4428,Base-f462400,1/2-1/2,0.5,1621,1187,1623,-0.2
4435,New-c74a786,1-0,1.0,1622,1187,1623,-0.1
4432,Base-f462400,1/2-1/2,0.5,1622,1188,1623,-0.1
4433,New-c74a786,1-0,1.0,1623,1188,1623,-0.0
4434,Base-f462400,0-1,1.0,1624,1188,1623,0.1
4436,Base-f462400,1-0,0.0,1624,1188,1624,-0.0
4442,Base-f462400,1-0,0.0,1624,1188,1625,-0.1
4441,New-c74a786,1-0,1.0,1625,1188,1625,-0.0
4438,Base-f462400,1-0,0.0,1625,1188,1626,-0.1
4440,Base-f462400,1-0,0.0,1625,1188,1627,-0.2
4437,New-c74a786,1-0,1.0,1626,1188,1627,-0.1
4439,New-c74a786,1/2-1/2,0.5,1626,1189,1627,-0.1
4444,Base-f462400,0-1,1.0,1627,1189,1627,-0.0
4443,New-c74a786,1-0,1.0,1628,1189,1627,0.1
4447,New-c74a786,0-1,0.0,1628,1189,1628,-0.0
4446,Base-f462400,1/2-1/2,0.5,1628,1190,1628,-0.0
4448,Base-f462400,1/2-1/2,0.5,1628,1191,1628,-0.0
4451,New-c74a786,0-1,0.0,1628,1191,1629,-0.1
4445,New-c74a786,1/2-1/2,0.5,1628,1192,1629,-0.1
4450,Base-f462400,1/2-1/2,0.5,1628,1193,1629,-0.1
4449,New-c74a786,1-0,1.0,1629,1193,1629,-0.0
4453,New-c74a786,1-0,1.0,1630,1193,1629,0.1
4454,Base-f462400,0-1,1.0,1631,1193,1629,0.2
4452,Base-f462400,1/2-1/2,0.5,1631,1194,1629,0.2
4456,Base-f462400,0-1,1.0,1632,1194,1629,0.2
4459,New-c74a786,1-0,1.0,1633,1194,1629,0.3
4455,New-c74a786,1-0,1.0,1634,1194,1629,0.4
4458,Base-f462400,1-0,0.0,1634,1194,1630,0.3
4457,New-c74a786,1-0,1.0,1635,1194,1630,0.4
4461,New-c74a786,1-0,1.0,1636,1194,1630,0.5
4466,Base-f462400,1/2-1/2,0.5,1636,1195,1630,0.5
4460,Base-f462400,0-1,1.0,1637,1195,1630,0.5
4463,New-c74a786,1/2-1/2,0.5,1637,1196,1630,0.5
4462,Base-f462400,1-0,0.0,1637,1196,1631,0.5
4464,Base-f462400,1/2-1/2,0.5,1637,1197,1631,0.5
4465,New-c74a786,0-1,0.0,1637,1197,1632,0.4
4467,New-c74a786,0-1,0.0,1637,1197,1633,0.3
4469,New-c74a786,1/2-1/2,0.5,1637,1198,1633,0.3
4468,Base-f462400,1/2-1/2,0.5,1637,1199,1633,0.3
4471,New-c74a786,1-0,1.0,1638,1199,1633,0.4
4473,New-c74a786,0-1,0.0,1638,1199,1634,0.3
4475,New-c74a786,0-1,0.0,1638,1199,1635,0.2
4470,Base-f462400,1/2-1/2,0.5,1638,1200,1635,0.2
4474,Base-f462400,1-0,0.0,1638,1200,1636,0.2
4472,Base-f462400,1/2-1/2,0.5,1638,1201,1636,0.2
4476,Base-f462400,1-0,0.0,1638,1201,1637,0.1
4478,Base-f462400,1/2-1/2,0.5,1638,1202,1637,0.1
4480,Base-f462400,1/2-1/2,0.5,1638,1203,1637,0.1
4477,New-c74a786,0-1,0.0,1638,1203,1638,-0.0
4479,New-c74a786,1-0,1.0,1639,1203,1638,0.1
4482,Base-f462400,1-0,0.0,1639,1203,1639,-0.0
4481,New-c74a786,1-0,1.0,1640,1203,1639,0.1
4484,Base-f462400,1/2-1/2,0.5,1640,1204,1639,0.1
4483,New-c74a786,1/2-1/2,0.5,1640,1205,1639,0.1
4486,Base-f462400,1/2-1/2,0.5,1640,1206,1639,0.1
4485,New-c74a786,1-0,1.0,1641,1206,1639,0.2
4488,Base-f462400,1/2-1/2,0.5,1641,1207,1639,0.2
4487,New-c74a786,1-0,1.0,1642,1207,1639,0.2
4491,New-c74a786,1-0,1.0,1643,1207,1639,0.3
4494,Base-f462400,1/2-1/2,0.5,1643,1208,1639,0.3
4489,New-c74a786,1/2-1/2,0.5,1643,1209,1639,0.3
4492,Base-f462400,1/2-1/2,0.5,1643,1210,1639,0.3
4496,Base-f462400,1/2-1/2,0.5,1643,1211,1639,0.3
4493,New-c74a786,0-1,0.0,1643,1211,1640,0.2
4498,Base-f462400,1/2-1/2,0.5,1643,1212,1640,0.2
4490,Base-f462400,1/2-1/2,0.5,1643,1213,1640,0.2
4495,New-c74a786,0-1,0.0,1643,1213,1641,0.2
4500,Base-f462400,1/2-1/2,0.5,1643,1214,1641,0.2
4497,New-c74a786,0-1,0.0,1643,1214,1642,0.1
4499,New-c74a786,1/2-1/2,0.5,1643,1215,1642,0.1
4504,Base-f462400,1-0,0.0,1643,1215,1643,-0.0
4503,New-c74a786,0-1,0.0,1643,1215,1644,-0.1
4502,Base-f462400,0-1,1.0,1644,1215,1644,-0.0
4501,New-c74a786,1/2-1/2,0.5,1644,1216,1644,-0.0
4506,Base-f462400,1-0,0.0,1644,1216,1645,-0.1
4508,Base-f462400,1/2-1/2,0.5,1644,1217,1645,-0.1
4505,New-c74a786,1-0,1.0,1645,1217,1645,-0.0
4510,Base-f462400,0-1,1.0,1646,1217,1645,0.1
4511,New-c74a786,0-1,0.0,1646,1217,1646,-0.0
4509,New-c74a786,0-1,0.0,1646,1217,1647,-0.1
4507,New-c74a786,0-1,0.0,1646,1217,1648,-0.2
4516,Base-f462400,1/2-1/2,0.5,1646,1218,1648,-0.2
4512,Base-f462400,1-0,0.0,1646,1218,1649,-0.2
4515,New-c74a786,1/2-1/2,0.5,1646,1219,1649,-0.2
4514,Base-f462400,1/2-1/2,0.5,1646,1220,1649,-0.2
4513,New-c74a786,1/2-1/2,0.5,1646,1221,1649,-0.2
4517,New-c74a786,1-0,1.0,1647,1221,1649,-0.2
4520,Base-f462400,1-0,0.0,1647,1221,1650,-0.2
4522,Base-f462400,1-0,0.0,1647,1221,1651,-0.3
4521,New-c74a786,1/2-1/2,0.5,1647,1222,1651,-0.3
4524,Base-f462400,0-1,1.0,1648,1222,1651,-0.2
4518,Base-f462400,1/2-1/2,0.5,1648,1223,1651,-0.2
4519,New-c74a786,1/2-1/2,0.5,1648,1224,1651,-0.2
4523,New-c74a786,0-1,0.0,1648,1224,1652,-0.3
4525,New-c74a786,0-1,0.0,1648,1224,1653,-0.4
4526,Base-f462400,0-1,1.0,1649,1224,1653,-0.3
4528,Base-f462400,1-0,0.0,1649,1224,1654,-0.4
4527,New-c74a786,1/2-1/2,0.5,1649,1225,1654,-0.4
4531,New-c74a786,1-0,1.0,1650,1225,1654,-0.3
4530,Base-f462400,0-1,1.0,1651,1225,1654,-0.2
4532,Base-f462400,1/2-1/2,0.5,1651,1226,1654,-0.2
4533,New-c74a786,1-0,1.0,1652,1226,1654,-0.2
4529,New-c74a786,1/2-1/2,0.5,1652,1227,1654,-0.2
4534,Base-f462400,0-1,1.0,1653,1227,1654,-0.1
4536,Base-f462400,1/2-1/2,0.5,1653,1228,1654,-0.1
4538,Base-f462400,1/2-1/2,0.5,1653,1229,1654,-0.1
4535,New-c74a786,1/2-1/2,0.5,1653,1230,1654,-0.1
4543,New-c74a786,1-0,1.0,1654,1230,1654,-0.0
4537,New-c74a786,0-1,0.0,1654,1230,1655,-0.1
4539,New-c74a786,1-0,1.0,1655,1230,1655,-0.0
4540,Base-f462400,1-0,0.0,1655,1230,1656,-0.1
4541,New-c74a786,1/2-1/2,0.5,1655,1231,1656,-0.1
4542,Base-f462400,1-0,0.0,1655,1231,1657,-0.2
4544,Base-f462400,1-0,0.0,1655,1231,1658,-0.2
4545,New-c74a786,0-1,0.0,1655,1231,1659,-0.3
4546,Base-f462400,1-0,0.0,1655,1231,1660,-0.4
4547,New-c74a786,1-0,1.0,1656,1231,1660,-0.3
4549,New-c74a786,0-1,0.0,1656,1231,1661,-0.4
4548,Base-f462400,0-1,1.0,1657,1231,1661,-0.3
4551,New-c74a786,1-0,1.0,1658,1231,1661,-0.2
4550,Base-f462400,1/2-1/2,0.5,1658,1232,1661,-0.2
4553,New-c74a786,1-0,1.0,1659,1232,1661,-0.2
4552,Base-f462400,1-0,0.0,1659,1232,1662,-0.2
4554,Base-f462400,1/2-1/2,0.5,1659,1233,1662,-0.2
4555,New-c74a786,1-0,1.0,1660,1233,1662,-0.2
4556,Base-f462400,1-0,0.0,1660,1233,1663,-0.2
4559,New-c74a786,1/2-1/2,0.5,1660,1234,1663,-0.2
4560,Base-f462400,1-0,0.0,1660,1234,1664,-0.3
4557,New-c74a786,0-1,0.0,1660,1234,1665,-0.4
4558,Base-f462400,1/2-1/2,0.5,1660,1235,1665,-0.4
4563,New-c74a786,1/2-1/2,0.5,1660,1236,1665,-0.4
4562,Base-f462400,0-1,1.0,1661,1236,1665,-0.3
4561,New-c74a786,0-1,0.0,1661,1236,1666,-0.4
4564,Base-f462400,1-0,0.0,1661,1236,1667,-0.5
4566,Base-f462400,0-1,1.0,1662,1236,1667,-0.4
4567,New-c74a786,0-1,0.0,1662,1236,1668,-0.5
4569,New-c74a786,1-0,1.0,1663,1236,1668,-0.4
4565,New-c74a786,1/2-1/2,0.5,1663,1237,1668,-0.4
4570,Base-f462400,1-0,0.0,1663,1237,1669,-0.5
4568,Base-f462400,1-0,0.0,1663,1237,1670,-0.5
4571,New-c74a786,1-0,1.0,1664,1237,1670,-0.5
4574,Base-f462400,1/2-1/2,0.5,1664,1238,1670,-0.5
4572,Base-f462400,1-0,0.0,1664,1238,1671,-0.5
4573,New-c74a786,1/2-1/2,0.5,1664,1239,1671,-0.5
4576,Base-f462400,0-1,1.0,1665,1239,1671,-0.5
4579,New-c74a786,1-0,1.0,1666,1239,1671,-0.4
4575,New-c74a786,1/2-1/2,0.5,1666,1240,1671,-0.4
4577,New-c74a786,0-1,0.0,1666,1240,1672,-0.5
4578,Base-f462400,1-0,0.0,1666,1240,1673,-0.5
4580,Base-f462400,0-1,1.0,1667,1240,1673,-0.5
4581,New-c74a786,1-0,1.0,1668,1240,1673,-0.4
4582,Base-f462400,0-1,1.0,1669,1240,1673,-0.3
4584,Base-f462400,1-0,0.0,1669,1240,1674,-0.4
4587,New-c74a786,1/2-1/2,0.5,1669,1241,1674,-0.4
4583,New-c74a786,0-1,0.0,1669,1241,1675,-0.5
4586,Base-f462400,1-0,0.0,1669,1241,1676,-0.5
4585,New-c74a786,1-0,1.0,1670,1241,1676,-0.5
4588,Base-f462400,0-1,1.0,1671,1241,1676,-0.4
4589,New-c74a786,1-0,1.0,1672,1241,1676,-0.3
4592,Base-f462400,1/2-1/2,0.5,1672,1242,1676,-0.3
4593,New-c74a786,1/2-1/2,0.5,1672,1243,1676,-0.3
4590,Base-f462400,0-1,1.0,1673,1243,1676,-0.2
4591,New-c74a786,0-1,0.0,1673,1243,1677,-0.3
4595,New-c74a786,0-1,0.0,1673,1243,1678,-0.4
4594,Base-f462400,1/2-1/2,0.5,1673,1244,1678,-0.4
4598,Base-f462400,0-1,1.0,1674,1244,1678,-0.3
4596,Base-f462400,0-1,1.0,1675,1244,1678,-0.2
4597,New-c74a786,1-0,1.0,1676,1244,1678,-0.2
4601,New-c74a786,1-0,1.0,1677,1244,1678,-0.1
4600,Base-f462400,0-1,1.0,1678,1244,1678,-0.0
4599,New-c74a786,1/2-1/2,0.5,1678,1245,1678,-0.0
4603,New-c74a786,0-1,0.0,1678,1245,1679,-0.1
4602,Base-f462400,1-0,0.0,1678,1245,1680,-0.2
4604,Base-f462400,0-1,1.0,1679,1245,1680,-0.1
4606,Base-f462400,0-1,1.0,1680,1245,1680,-0.0
4605,New-c74a786,1-0,1.0,1681,1245,1680,0.1
4612,Base-f462400,1/2-1/2,0.5,1681,1246,1680,0.1
4608,Base-f462400,0-1,1.0,1682,1246,1680,0.2
4607,New-c74a786,1/2-1/2,0.5,1682,1247,1680,0.2
4613,New-c74a786,1-0,1.0,1683,1247,1680,0.2
4609,New-c74a786,1-0,1.0,1684,1247,1680,0.3
4611,New-c74a786,0-1,0.0,1684,1247,1681,0.2
4610,Base-f462400,1-0,0.0,1684,1247,1682,0.2
4615,New-c74a786,0-1,0.0,1684,1247,1683,0.1
4614,Base-f462400,1/2-1/2,0.5,1684,1248,1683,0.1
4616,Base-f462400,0-1,1.0,1685,1248,1683,0.2
4620,Base-f462400,1-0,0.0,1685,1248,1684,0.1
4617,New-c74a786,0-1,0.0,1685,1248,1685,-0.0
4619,New-c74a786,0-1,0.0,1685,1248,1686,-0.1
4618,Base-f462400,1-0,0.0,1685,1248,1687,-0.2
4621,New-c74a786,1/2-1/2,0.5,1685,1249,1687,-0.2
4622,Base-f462400,1/2-1/2,0.5,1685,1250,1687,-0.2
4623,New-c74a786,1/2-1/2,0.5,1685,1251,1687,-0.2
4625,New-c74a786,0-1,0.0,1685,1251,1688,-0.2
4624,Base-f462400,1/2-1/2,0.5,1685,1252,1688,-0.2
4626,Base-f462400,1-0,0.0,1685,1252,1689,-0.3
4628,Base-f462400,1-0,0.0,1685,1252,1690,-0.4
4629,New-c74a786,0-1,0.0,1685,1252,1691,-0.5
4627,New-c74a786,1-0,1.0,1686,1252,1691,-0.4
4631,New-c74a786,0-1,0.0,1686,1252,1692,-0.5
4632,Base-f462400,1/2-1/2,0.5,1686,1253,1692,-0.5
4630,Base-f462400,0-1,1.0,1687,1253,1692,-0.4
4633,New-c74a786,1/2-1/2,0.5,1687,1254,1692,-0.4
4634,Base-f462400,1-0,0.0,1687,1254,1693,-0.4
4636,Base-f462400,0-1,1.0,1688,1254,1693,-0.4
4635,New-c74a786,0-1,0.0,1688,1254,1694,-0.4
4638,Base-f462400,1-0,0.0,1688,1254,1695,-0.5
4637,New-c74a786,1/2-1/2,0.5,1688,1255,1695,-0.5
4639,New-c74a786,1-0,1.0,1689,1255,1695,-0.4
4641,New-c74a786,1-0,1.0,1690,1255,1695,-0.4
4640,Base-f462400,0-1,1.0,1691,1255,1695,-0.3
4642,Base-f462400,0-1,1.0,1692,1255,1695,-0.2
4643,New-c74a786,1-0,1.0,1693,1255,1695,-0.1
4644,Base-f462400,1/2-1/2,0.5,1693,1256,1695,-0.1
4645,New-c74a786,1/2-1/2,0.5,1693,1257,1695,-0.1
4647,New-c74a786,1/2-1/2,0.5,1693,1258,1695,-0.1
4646,Base-f462400,1/2-1/2,0.5,1693,1259,1695,-0.1
4648,Base-f462400,1/2-1/2,0.5,1693,1260,1695,-0.1
4649,New-c74a786,0-1,0.0,1693,1260,1696,-0.2
4650,Base-f462400,0-1,1.0,1694,1260,1696,-0.1
4651,New-c74a786,1-0,1.0,1695,1260,1696,-0.1
4652,Base-f462400,0-1,1.0,1696,1260,1696,-0.0
4653,New-c74a786,1-0,1.0,1697,1260,1696,0.1
4654,Base-f462400,1/2-1/2,0.5,1697,1261,1696,0.1
4655,New-c74a786,1/2-1/2,0.5,1697,1262,1696,0.1
4662,Base-f462400,1/2-1/2,0.5,1697,1263,1696,0.1
4657,New-c74a786,1-0,1.0,1698,1263,1696,0.1
4656,Base-f462400,1/2-1/2,0.5,1698,1264,1696,0.1
4659,New-c74a786,1/2-1/2,0.5,1698,1265,1696,0.1
4661,New-c74a786,0-1,0.0,1698,1265,1697,0.1
4663,New-c74a786,1/2-1/2,0.5,1698,1266,1697,0.1
4660,Base-f462400,1-0,0.0,1698,1266,1698,-0.0
4658,Base-f462400,1/2-1/2,0.5,1698,1267,1698,-0.0
4665,New-c74a786,1-0,1.0,1699,1267,1698,0.1
4664,Base-f462400,0-1,1.0,1700,1267,1698,0.1
4666,Base-f462400,1-0,0.0,1700,1267,1699,0.1
4670,Base-f462400,0-1,1.0,1701,1267,1699,0.1
4668,Base-f462400,0-1,1.0,1702,1267,1699,0.2
4669,New-c74a786,0-1,0.0,1702,1267,1700,0.1
4667,New-c74a786,1/2-1/2,0.5,1702,1268,1700,0.1
4671,New-c74a786,1/2-1/2,0.5,1702,1269,1700,0.1
4673,New-c74a786,0-1,0.0,1702,1269,1701,0.1
4672,Base-f462400,0-1,1.0,1703,1269,1701,0.1
4677,New-c74a786,0-1,0.0,1703,1269,1702,0.1
4674,Base-f462400,1-0,0.0,1703,1269,1703,-0.0
4676,Base-f462400,0-1,1.0,1704,1269,1703,0.1
4675,New-c74a786,0-1,0.0,1704,1269,1704,-0.0
4678,Base-f462400,0-1,1.0,1705,1269,1704,0.1
4679,New-c74a786,1-0,1.0,1706,1269,1704,0.1
4680,Base-f462400,0-1,1.0,1707,1269,1704,0.2
4682,Base-f462400,1-0,0.0,1707,1269,1705,0.1
4685,New-c74a786,0-1,0.0,1707,1269,1706,0.1
4681,New-c74a786,0-1,0.0,1707,1269,1707,-0.0
4683,New-c74a786,1-0,1.0,1708,1269,1707,0.1
4686,Base-f462400,1/2-1/2,0.5,1708,1270,1707,0.1
4684,Base-f462400,1/2-1/2,0.5,1708,1271,1707,0.1
4687,New-c74a786,0-1,0.0,1708,1271,1708,-0.0
4690,Base-f462400,1-0,0.0,1708,1271,1709,-0.1
4689,New-c74a786,0-1,0.0,1708,1271,1710,-0.1
4688,Base-f462400,1-0,0.0,1708,1271,1711,-0.2
4691,New-c74a786,1-0,1.0,1709,1271,1711,-0.1
4692,Base-f462400,1-0,0.0,1709,1271,1712,-0.2
4693,New-c74a786,1-0,1.0,1710,1271,1712,-0.1
4694,Base-f462400,0-1,1.0,1711,1271,1712,-0.1
4695,New-c74a786,1-0,1.0,1712,1271,1712,-0.0
4698,Base-f462400,1-0,0.0,1712,1271,1713,-0.1
4697,New-c74a786,0-1,0.0,1712,1271,1714,-0.1
4696,Base-f462400,1/2-1/2,0.5,1712,1272,1714,-0.1
4700,Base-f462400,0-1,1.0,1713,1272,1714,-0.1
4699,New-c74a786,1-0,1.0,1714,1272,1714,-0.0
4701,New-c74a786,0-1,0.0,1714,1272,1715,-0.1
4704,Base-f462400,1-0,0.0,1714,1272,1716,-0.1
4702,Base-f462400,1/2-1/2,0.5,1714,1273,1716,-0.1
4703,New-c74a786,0-1,0.0,1714,1273,1717,-0.2
4706,Base-f462400,1-0,0.0,1714,1273,1718,-0.3
4705,New-c74a786,1-0,1.0,1715,1273,1718,-0.2
4707,New-c74a786,1-0,1.0,1716,1273,1718,-0.1
4708,Base-f462400,0-1,1.0,1717,1273,1718,-0.1
4709,New-c74a786,1/2-1/2,0.5,1717,1274,1718,-0.1
4710,Base-f462400,1-0,0.0,1717,1274,1719,-0.1
4711,New-c74a786,0-1,0.0,1717,1274,1720,-0.2
4713,New-c74a786,1/2-1/2,0.5,1717,1275,1720,-0.2
4712,Base-f462400,1-0,0.0,1717,1275,1721,-0.3
4715,New-c74a786,1-0,1.0,1718,1275,1721,-0.2
4716,Base-f462400,0-1,1.0,1719,1275,1721,-0.1
4719,New-c74a786,0-1,0.0,1719,1275,1722,-0.2
4714,Base-f462400,1-0,0.0,1719,1275,1723,-0.3
4718,Base-f462400,1-0,0.0,1719,1275,1724,-0.4
4720,Base-f462400,1/2-1/2,0.5,1719,1276,1724,-0.4
4717,New-c74a786,1-0,1.0,1720,1276,1724,-0.3
4721,New-c74a786,1-0,1.0,1721,1276,1724,-0.2
4722,Base-f462400,0-1,1.0,1722,1276,1724,-0.1
4724,Base-f462400,1-0,0.0,1722,1276,1725,-0.2
4727,New-c74a786,1/2-1/2,0.5,1722,1277,1725,-0.2
4723,New-c74a786,1/2-1/2,0.5,1722,1278,1725,-0.2
4725,New-c74a786,1/2-1/2,0.5,1722,1279,1725,-0.2
4726,Base-f462400,1/2-1/2,0.5,1722,1280,1725,-0.2
4729,New-c74a786,1-0,1.0,1723,1280,1725,-0.1
4728,Base-f462400,1-0,0.0,1723,1280,1726,-0.2
4730,Base-f462400,0-1,1.0,1724,1280,1726,-0.1
4731,New-c74a786,1-0,1.0,1725,1280,1726,-0.1
4733,New-c74a786,0-1,0.0,1725,1280,1727,-0.1
4735,New-c74a786,1/2-1/2,0.5,1725,1281,1727,-0.1
4734,Base-f462400,1-0,0.0,1725,1281,1728,-0.2
4732,Base-f462400,1-0,0.0,1725,1281,1729,-0.3
4736,Base-f462400,0-1,1.0,1726,1281,1729,-0.2
4737,New-c74a786,1-0,1.0,1727,1281,1729,-0.1
4740,Base-f462400,1-0,0.0,1727,1281,1730,-0.2
4738,Base-f462400,1/2-1/2,0.5,1727,1282,1730,-0.2
4739,New-c74a786,0-1,0.0,1727,1282,1731,-0.3
4741,New-c74a786,1-0,1.0,1728,1282,1731,-0.2
4742,Base-f462400,0-1,1.0,1729,1282,1731,-0.1
4743,New-c74a786,1/2-1/2,0.5,1729,1283,1731,-0.1
4744,Base-f462400,0-1,1.0,1730,1283,1731,-0.1
4745,New-c74a786,0-1,0.0,1730,1283,1732,-0.1
4746,Base-f462400,0-1,1.0,1731,1283,1732,-0.1
4748,Base-f462400,1/2-1/2,0.5,1731,1284,1732,-0.1
4747,New-c74a786,1/2-1/2,0.5,1731,1285,1732,-0.1
4750,Base-f462400,1-0,0.0,1731,1285,1733,-0.1
4749,New-c74a786,0-1,0.0,1731,1285,1734,-0.2
4752,Base-f462400,1-0,0.0,1731,1285,1735,-0.3
4751,New-c74a786,0-1,0.0,1731,1285,1736,-0.4
4755,New-c74a786,0-1,0.0,1731,1285,1737,-0.4
4753,New-c74a786,1/2-1/2,0.5,1731,1286,1737,-0.4
4756,Base-f462400,0-1,1.0,1732,1286,1737,-0.4
4758,Base-f462400,0-1,1.0,1733,1286,1737,-0.3
4754,Base-f462400,1/2-1/2,0.5,1733,1287,1737,-0.3
4759,New-c74a786,0-1,0.0,1733,1287,1738,-0.4
4760,Base-f462400,1/2-1/2,0.5,1733,1288,1738,-0.4
4757,New-c74a786,1/2-1/2,0.5,1733,1289,1738,-0.4
4763,New-c74a786,1/2-1/2,0.5,1733,1290,1738,-0.4
4761,New-c74a786,1-0,1.0,1734,1290,1738,-0.3
4765,New-c74a786,1/2-1/2,0.5,1734,1291,1738,-0.3
4762,Base-f462400,1-0,0.0,1734,1291,1739,-0.4
4764,Base-f462400,1-0,0.0,1734,1291,1740,-0.4
4767,New-c74a786,1/2-1/2,0.5,1734,1292,1740,-0.4
4766,Base-f462400,0-1,1.0,1735,1292,1740,-0.4
4773,New-c74a786,1/2-1/2,0.5,1735,1293,1740,-0.4
4768,Base-f462400,1-0,0.0,1735,1293,1741,-0.4
4772,Base-f462400,1/2-1/2,0.5,1735,1294,1741,-0.4
4770,Base-f462400,1/2-1/2,0.5,1735,1295,1741,-0.4
4771,New-c74a786,1-0,1.0,1736,1295,1741,-0.4
4769,New-c74a786,1/2-1/2,0.5,1736,1296,1741,-0.4
4776,Base-f462400,1/2-1/2,0.5,1736,1297,1741,-0.4
4774,Base-f462400,1/2-1/2,0.5,1736,1298,1741,-0.4
4777,New-c74a786,1-0,1.0,1737,1298,1741,-0.3
4775,New-c74a786,1/2-1/2,0.5,1737,1299,1741,-0.3
4781,New-c74a786,1/2-1/2,0.5,1737,1300,1741,-0.3
4778,Base-f462400,1-0,0.0,1737,1300,1742,-0.4
4779,New-c74a786,0-1,0.0,1737,1300,1743,-0.4
4780,Base-f462400,0-1,1.0,1738,1300,1743,-0.4
4783,New-c74a786,1/2-1/2,0.5,1738,1301,1743,-0.4
4782,Base-f462400,0-1,1.0,1739,1301,1743,-0.3
4785,New-c74a786,0-1,0.0,1739,1301,1744,-0.4
4787,New-c74a786,1-0,1.0,1740,1301,1744,-0.3
4789,New-c74a786,0-1,0.0,1740,1301,1745,-0.4
4786,Base-f462400,1/2-1/2,0.5,1740,1302,1745,-0.4
4791,New-c74a786,1/2-1/2,0.5,1740,1303,1745,-0.4
4784,Base-f462400,0-1,1.0,1741,1303,1745,-0.3
4788,Base-f462400,1/2-1/2,0.5,1741,1304,1745,-0.3
4790,Base-f462400,0-1,1.0,1742,1304,1745,-0.2
4793,New-c74a786,1/2-1/2,0.5,1742,1305,1745,-0.2
4792,Base-f462400,1/2-1/2,0.5,1742,1306,1745,-0.2
4794,Base-f462400,1-0,0.0,1742,1306,1746,-0.3
4795,New-c74a786,0-1,0.0,1742,1306,1747,-0.4
4800,Base-f462400,1/2-1/2,0.5,1742,1307,1747,-0.4
4796,Base-f462400,0-1,1.0,1743,1307,1747,-0.3
4798,Base-f462400,0-1,1.0,1744,1307,1747,-0.2
4797,New-c74a786,1/2-1/2,0.5,1744,1308,1747,-0.2
4799,New-c74a786,0-1,0.0,1744,1308,1748,-0.3
4802,Base-f462400,1-0,0.0,1744,1308,1749,-0.4
4801,New-c74a786,1/2-1/2,0.5,1744,1309,1749,-0.4
4805,New-c74a786,1/2-1/2,0.5,1744,1310,1749,-0.4
4803,New-c74a786,0-1,0.0,1744,1310,1750,-0.4
4804,Base-f462400,1-0,0.0,1744,1310,1751,-0.5
4811,New-c74a786,1/2-1/2,0.5,1744,1311,1751,-0.5
4806,Base-f462400,0-1,1.0,1745,1311,1751,-0.4
4808,Base-f462400,1-0,0.0,1745,1311,1752,-0.5
4807,New-c74a786,1/2-1/2,0.5,1745,1312,1752,-0.5
4810,Base-f462400,0-1,1.0,1746,1312,1752,-0.4
4809,New-c74a786,0-1,0.0,1746,1312,1753,-0.5
4815,New-c74a786,1-0,1.0,1747,1312,1753,-0.4
4814,Base-f462400,1/2-1/2,0.5,1747,1313,1753,-0.4
4812,Base-f462400,1/2-1/2,0.5,1747,1314,1753,-0.4
4817,New-c74a786,1/2-1/2,0.5,1747,1315,1753,-0.4
4813,New-c74a786,1/2-1/2,0.5,1747,1316,1753,-0.4
4816,Base-f462400,0-1,1.0,1748,1316,1753,-0.4
4818,Base-f462400,1-0,0.0,1748,1316,1754,-0.4
4819,New-c74a786,1-0,1.0,1749,1316,1754,-0.4
4821,New-c74a786,1-0,1.0,1750,1316,1754,-0.3
4820,Base-f462400,1/2-1/2,0.5,1750,1317,1754,-0.3
4822,Base-f462400,1-0,0.0,1750,1317,1755,-0.4
4827,New-c74a786,1/2-1/2,0.5,1750,1318,1755,-0.4
4824,Base-f462400,1-0,0.0,1750,1318,1756,-0.4
4823,New-c74a786,0-1,0.0,1750,1318,1757,-0.5
4826,Base-f462400,0-1,1.0,1751,1318,1757,-0.4
4825,New-c74a786,1/2-1/2,0.5,1751,1319,1757,-0.4
4828,Base-f462400,1-0,0.0,1751,1319,1758,-0.5
4831,New-c74a786,0-1,0.0,1751,1319,1759,-0.6
4830,Base-f462400,1-0,0.0,1751,1319,1760,-0.6
4829,New-c74a786,0-1,0.0,1751,1319,1761,-0.7
4833,New-c74a786,1/2-1/2,0.5,1751,1320,1761,-0.7
4832,Base-f462400,1/2-1/2,0.5,1751,1321,1761,-0.7
4834,Base-f462400,1/2-1/2,0.5,1751,1322,1761,-0.7
4835,New-c74a786,1-0,1.0,1752,1322,1761,-0.6
4839,New-c74a786,1-0,1.0,1753,1322,1761,-0.6
4836,Base-f462400,1-0,0.0,1753,1322,1762,-0.6
4840,Base-f462400,1/2-1/2,0.5,1753,1323,1762,-0.6
4841,New-c74a786,1-0,1.0,1754,1323,1762,-0.6
4838,Base-f462400,0-1,1.0,1755,1323,1762,-0.5
4837,New-c74a786,0-1,0.0,1755,1323,1763,-0.6
4842,Base-f462400,0-1,1.0,1756,1323,1763,-0.5
4843,New-c74a786,1-0,1.0,1757,1323,1763,-0.4
4844,Base-f462400,1-0,0.0,1757,1323,1764,-0.5
4848,Base-f462400,1-0,0.0,1757,1323,1765,-0.6
4847,New-c74a786,1-0,1.0,1758,1323,1765,-0.5
4845,New-c74a786,0-1,0.0,1758,1323,1766,-0.6
4846,Base-f462400,1/2-1/2,0.5,1758,1324,1766,-0.6
4849,New-c74a786,0-1,0.0,1758,1324,1767,-0.6
4851,New-c74a786,1/2-1/2,0.5,1758,1325,1767,-0.6
4850,Base-f462400,1/2-1/2,0.5,1758,1326,1767,-0.6
4855,New-c74a786,1-0,1.0,1759,1326,1767,-0.6
4852,Base-f462400,1/2-1/2,0.5,1759,1327,1767,-0.6
4853,New-c74a786,0-1,0.0,1759,1327,1768,-0.6
4856,Base-f462400,1-0,0.0,1759,1327,1769,-0.7
4857,New-c74a786,1-0,1.0,1760,1327,1769,-0.6
4854,Base-f462400,1/2-1/2,0.5,1760,1328,1769,-0.6
4860,Base-f462400,1-0,0.0,1760,1328,1770,-0.7
4858,Base-f462400,0-1,1.0,1761,1328,1770,-0.6
4861,New-c74a786,1/2-1/2,0.5,1761,1329,1770,-0.6
4859,New-c74a786,1-0,1.0,1762,1329,1770,-0.6
4864,Base-f462400,1-0,0.0,1762,1329,1771,-0.6
4862,Base-f462400,0-1,1.0,1763,1329,1771,-0.6
4866,Base-f462400,0-1,1.0,1764,1329,1771,-0.5
4865,New-c74a786,0-1,0.0,1764,1329,1772,-0.6
4870,Base-f462400,1/2-1/2,0.5,1764,1330,1772,-0.6
4863,New-c74a786,1/2-1/2,0.5,1764,1331,1772,-0.6
4867,New-c74a786,1/2-1/2,0.5,1764,1332,1772,-0.6
4868,Base-f462400,0-1,1.0,1765,1332,1772,-0.5
4869,New-c74a786,1-0,1.0,1766,1332,1772,-0.4
4871,New-c74a786,1-0,1.0,1767,1332,1772,-0.4
4873,New-c74a786,0-1,0.0,1767,1332,1773,-0.4
4880,Base-f462400,0-1,1.0,1768,1332,1773,-0.4
4872,Base-f462400,0-1,1.0,1769,1332,1773,-0.3
4874,Base-f462400,0-1,1.0,1770,1332,1773,-0.2
4876,Base-f462400,1/2-1/2,0.5,1770,1333,1773,-0.2
4877,New-c74a786,1/2-1/2,0.5,1770,1334,1773,-0.2
4875,New-c74a786,0-1,0.0,1770,1334,1774,-0.3
4878,Base-f462400,1/2-1/2,0.5,1770,1335,1774,-0.3
4879,New-c74a786,0-1,0.0,1770,1335,1775,-0.4
4885,New-c74a786,1/2-1/2,0.5,1770,1336,1775,-0.4
4881,New-c74a786,0-1,0.0,1770,1336,1776,-0.4
4882,Base-f462400,1/2-1/2,0.5,1770,1337,1776,-0.4
4883,New-c74a786,1-0,1.0,1771,1337,1776,-0.4
4884,Base-f462400,0-1,1.0,1772,1337,1776,-0.3
4886,Base-f462400,1-0,0.0,1772,1337,1777,-0.4
4887,New-c74a786,1-0,1.0,1773,1337,1777,-0.3
4889,New-c74a786,0-1,0.0,1773,1337,1778,-0.4
4888,Base-f462400,0-1,1.0,1774,1337,1778,-0.3
4892,Base-f462400,1-0,0.0,1774,1337,1779,-0.4
4893,New-c74a786,0-1,0.0,1774,1337,1780,-0.4
4890,Base-f462400,0-1,1.0,1775,1337,1780,-0.4
4891,New-c74a786,1/2-1/2,0.5,1775,1338,1780,-0.4
4894,Base-f462400,1/2-1/2,0.5,1775,1339,1780,-0.4
4895,New-c74a786,1/2-1/2,0.5,1775,1340,1780,-0.4
4897,New-c74a786,0-1,0.0,1775,1340,1781,-0.4
4899,New-c74a786,0-1,0.0,1775,1340,1782,-0.5
4896,Base-f462400,0-1,1.0,1776,1340,1782,-0.4
4898,Base-f462400,0-1,1.0,1777,1340,1782,-0.4
4901,New-c74a786,1-0,1.0,1778,1340,1782,-0.3
4902,Base-f462400,1-0,0.0,1778,1340,1783,-0.4
4900,Base-f462400,1/2-1/2,0.5,1778,1341,1783,-0.4
4904,Base-f462400,1/2-1/2,0.5,1778,1342,1783,-0.4
4905,New-c74a786,0-1,0.0,1778,1342,1784,-0.4
4903,New-c74a786,1/2-1/2,0.5,1778,1343,1784,-0.4
4909,New-c74a786,1-0,1.0,1779,1343,1784,-0.4
4906,Base-f462400,0-1,1.0,1780,1343,1784,-0.3
4908,Base-f462400,0-1,1.0,1781,1343,1784,-0.2
4910,Base-f462400,1/2-1/2,0.5,1781,1344,1784,-0.2
4911,New-c74a786,1-0,1.0,1782,1344,1784,-0.1
4912,Base-f462400,1-0,0.0,1782,1344,1785,-0.2
4913,New-c74a786,0-1,0.0,1782,1344,1786,-0.3
4914,Base-f462400,1/2-1/2,0.5,1782,1345,1786,-0.3
4907,New-c74a786,1/2-1/2,0.5,1782,1346,1786,-0.3
4915,New-c74a786,1-0,1.0,1783,1346,1786,-0.2
4918,Base-f462400,1-0,0.0,1783,1346,1787,-0.3
4917,New-c74a786,1/2-1/2,0.5,1783,1347,1787,-0.3
4916,Base-f462400,1/2-1/2,0.5,1783,1348,1787,-0.3
4921,New-c74a786,1-0,1.0,1784,1348,1787,-0.2
4920,Base-f462400,1-0,0.0,1784,1348,1788,-0.3
4919,New-c74a786,1-0,1.0,1785,1348,1788,-0.2
4922,Base-f462400,1-0,0.0,1785,1348,1789,-0.3
4925,New-c74a786,1-0,1.0,1786,1348,1789,-0.2
4928,Base-f462400,1/2-1/2,0.5,1786,1349,1789,-0.2
4924,Base-f462400,1-0,0.0,1786,1349,1790,-0.3
4926,Base-f462400,0-1,1.0,1787,1349,1790,-0.2
4923,New-c74a786,1-0,1.0,1788,1349,1790,-0.1
4929,New-c74a786,1/2-1/2,0.5,1788,1350,1790,-0.1
4927,New-c74a786,1-0,1.0,1789,1350,1790,-0.1
4931,New-c74a786,1/2-1/2,0.5,1789,1351,1790,-0.1
4930,Base-f462400,0-1,1.0,1790,1351,1790,-0.0
4932,Base-f462400,1-0,0.0,1790,1351,1791,-0.1
4934,Base-f462400,1/2-1/2,0.5,1790,1352,1791,-0.1
4933,New-c74a786,1-0,1.0,1791,1352,1791,-0.0
4939,New-c74a786,1-0,1.0,1792,1352,1791,0.1
4938,Base-f462400,1/2-1/2,0.5,1792,1353,1791,0.1
4935,New-c74a786,0-1,0.0,1792,1353,1792,-0.0
4936,Base-f462400,0-1,1.0,1793,1353,1792,0.1
4944,Base-f462400,1-0,0.0,1793,1353,1793,-0.0
4937,New-c74a786,0-1,0.0,1793,1353,1794,-0.1
4940,Base-f462400,1-0,0.0,1793,1353,1795,-0.1
4941,New-c74a786,1-0,1.0,1794,1353,1795,-0.1
4942,Base-f462400,0-1,1.0,1795,1353,1795,-0.0
4943,New-c74a786,1-0,1.0,1796,1353,1795,0.1
4947,New-c74a786,0-1,0.0,1796,1353,1796,-0.0
4946,Base-f462400,1/2-1/2,0.5,1796,1354,1796,-0.0
4950,Base-f462400,1/2-1/2,0.5,1796,1355,1796,-0.0
4945,New-c74a786,1-0,1.0,1797,1355,1796,0.1
4948,Base-f462400,1-0,0.0,1797,1355,1797,-0.0
4951,New-c74a786,1/2-1/2,0.5,1797,1356,1797,-0.0
4949,New-c74a786,1/2-1/2,0.5,1797,1357,1797,-0.0
4952,Base-f462400,1-0,0.0,1797,1357,1798,-0.1
4958,Base-f462400,1/2-1/2,0.5,1797,1358,1798,-0.1
4953,New-c74a786,0-1,0.0,1797,1358,1799,-0.1
4956,Base-f462400,1-0,0.0,1797,1358,1800,-0.2
4954,Base-f462400,0-1,1.0,1798,1358,1800,-0.1
4959,New-c74a786,1/2-1/2,0.5,1798,1359,1800,-0.1
4957,New-c74a786,1/2-1/2,0.5,1798,1360,1800,-0.1
4955,New-c74a786,1-0,1.0,1799,1360,1800,-0.1
4961,New-c74a786,1/2-1/2,0.5,1799,1361,1800,-0.1
4960,Base-f462400,1-0,0.0,1799,1361,1801,-0.1
4965,New-c74a786,0-1,0.0,1799,1361,1802,-0.2
4962,Base-f462400,1-0,0.0,1799,1361,1803,-0.3
4964,Base-f462400,0-1,1.0,1800,1361,1803,-0.2
4963,New-c74a786,1-0,1.0,1801,1361,1803,-0.1
4969,New-c74a786,1/2-1/2,0.5,1801,1362,1803,-0.1
4967,New-c74a786,1/2-1/2,0.5,1801,1363,1803,-0.1
4966,Base-f462400,1-0,0.0,1801,1363,1804,-0.2
4968,Base-f462400,1-0,0.0,1801,1363,1805,-0.3
4970,Base-f462400,1-0,0.0,1801,1363,1806,-0.3
4974,Base-f462400,1/2-1/2,0.5,1801,1364,1806,-0.3
4971,New-c74a786,0-1,0.0,1801,1364,1807,-0.4
4972,Base-f462400,1-0,0.0,1801,1364,1808,-0.5
4976,Base-f462400,0-1,1.0,1802,1364,1808,-0.4
4975,New-c74a786,1-0,1.0,1803,1364,1808,-0.3
4973,New-c74a786,1-0,1.0,1804,1364,1808,-0.3
4977,New-c74a786,1/2-1/2,0.5,1804,1365,1808,-0.3
4978,Base-f462400,1-0,0.0,1804,1365,1809,-0.3
4981,New-c74a786,0-1,0.0,1804,1365,1810,-0.4
4980,Base-f462400,1/2-1/2,0.5,1804,1366,1810,-0.4
4979,New-c74a786,0-1,0.0,1804,1366,1811,-0.5
4982,Base-f462400,1-0,0.0,1804,1366,1812,-0.6
4983,New-c74a786,1/2-1/2,0.5,1804,1367,1812,-0.6
4985,New-c74a786,0-1,0.0,1804,1367,1813,-0.6
4984,Base-f462400,0-1,1.0,1805,1367,1813,-0.6
4988,Base-f462400,1/2-1/2,0.5,1805,1368,1813,-0.6
4986,Base-f462400,0-1,1.0,1806,1368,1813,-0.5
4987,New-c74a786,1-0,1.0,1807,1368,1813,-0.4
4989,New-c74a786,1/2-1/2,0.5,1807,1369,1813,-0.4
4990,Base-f462400,0-1,1.0,1808,1369,1813,-0.3
4995,New-c74a786,0-1,0.0,1808,1369,1814,-0.4
4991,New-c74a786,1-0,1.0,1809,1369,1814,-0.3
4993,New-c74a786,0-1,0.0,1809,1369,1815,-0.4
4992,Base-f462400,1-0,0.0,1809,1369,1816,-0.5
4994,Base-f462400,0-1,1.0,1810,1369,1816,-0.4
4996,Base-f462400,0-1,1.0,1811,1369,1816,-0.3
4997,New-c74a786,0-1,0.0,1811,1369,1817,-0.4
4998,Base-f462400,0-1,1.0,1812,1369,1817,-0.3
4999,New-c74a786,1-0,1.0,1813,1369,1817,-0.3
5003,New-c74a786,1-0,1.0,1814,1369,1817,-0.2
5002,Base-f462400,0-1,1.0,1815,1369,1817,-0.1
5001,New-c74a786,0-1,0.0,1815,1369,1818,-0.2
5000,Base-f462400,1-0,0.0,1815,1369,1819,-0.3
5005,New-c74a786,0-1,0.0,1815,1369,1820,-0.3
5004,Base-f462400,1/2-1/2,0.5,1815,1370,1820,-0.3
5006,Base-f462400,1-0,0.0,1815,1370,1821,-0.4
5010,Base-f462400,0-1,1.0,1816,1370,1821,-0.3
5007,New-c74a786,1-0,1.0,1817,1370,1821,-0.3
5008,Base-f462400,1-0,0.0,1817,1370,1822,-0.3
5011,New-c74a786,1-0,1.0,1818,1370,1822,-0.3
5009,New-c74a786,1/2-1/2,0.5,1818,1371,1822,-0.3
5014,Base-f462400,1-0,0.0,1818,1371,1823,-0.3
5013,New-c74a786,0-1,0.0,1818,1371,1824,-0.4
5012,Base-f462400,1/2-1/2,0.5,1818,1372,1824,-0.4
5016,Base-f462400,0-1,1.0,1819,1372,1824,-0.3
5017,New-c74a786,1-0,1.0,1820,1372,1824,-0.3
5018,Base-f462400,0-1,1.0,1821,1372,1824,-0.2
5015,New-c74a786,1/2-1/2,0.5,1821,1373,1824,-0.2
5019,New-c74a786,0-1,0.0,1821,1373,1825,-0.3
5021,New-c74a786,0-1,0.0,1821,1373,1826,-0.3
5022,Base-f462400,0-1,1.0,1822,1373,1826,-0.3
5020,Base-f462400,1/2-1/2,0.5,1822,1374,1826,-0.3
5024,Base-f462400,1/2-1/2,0.5,1822,1375,1826,-0.3
5023,New-c74a786,0-1,0.0,1822,1375,1827,-0.3
5026,Base-f462400,0-1,1.0,1823,1375,1827,-0.3
5028,Base-f462400,1-0,0.0,1823,1375,1828,-0.3
5027,New-c74a786,0-1,0.0,1823,1375,1829,-0.4
5025,New-c74a786,1/2-1/2,0.5,1823,1376,1829,-0.4
5030,Base-f462400,1-0,0.0,1823,1376,1830,-0.5
5029,New-c74a786,1/2-1/2,0.5,1823,1377,1830,-0.5
5031,New-c74a786,1-0,1.0,1824,1377,1830,-0.4
5034,Base-f462400,0-1,1.0,1825,1377,1830,-0.3
5032,Base-f462400,0-1,1.0,1826,1377,1830,-0.3
5033,New-c74a786,1-0,1.0,1827,1377,1830,-0.2
5036,Base-f462400,0-1,1.0,1828,1377,1830,-0.1
5035,New-c74a786,1/2-1/2,0.5,1828,1378,1830,-0.1
5039,New-c74a786,0-1,0.0,1828,1378,1831,-0.2
5038,Base-f462400,1/2-1/2,0.5,1828,1379,1831,-0.2
5037,New-c74a786,0-1,0.0,1828,1379,1832,-0.3
5040,Base-f462400,1-0,0.0,1828,1379,1833,-0.3
5041,New-c74a786,1-0,1.0,1829,1379,1833,-0.3
5042,Base-f462400,1-0,0.0,1829,1379,1834,-0.3
5048,Base-f462400,1-0,0.0,1829,1379,1835,-0.4
5045,New-c74a786,0-1,0.0,1829,1379,1836,-0.5
5049,New-c74a786,1-0,1.0,1830,1379,1836,-0.4
5046,Base-f462400,0-1,1.0,1831,1379,1836,-0.3
5043,New-c74a786,1-0,1.0,1832,1379,1836,-0.3
5044,Base-f462400,0-1,1.0,1833,1379,1836,-0.2
5047,New-c74a786,0-1,0.0,1833,1379,1837,-0.3
5050,Base-f462400,1/2-1/2,0.5,1833,1380,1837,-0.3
5054,Base-f462400,1/2-1/2,0.5,1833,1381,1837,-0.3
5055,New-c74a786,1-0,1.0,1834,1381,1837,-0.2
5056,Base-f462400,1-0,0.0,1834,1381,1838,-0.3
5051,New-c74a786,1/2-1/2,0.5,1834,1382,1838,-0.3
5053,New-c74a786,0-1,0.0,1834,1382,1839,-0.3
5061,New-c74a786,1/2-1/2,0.5,1834,1383,1839,-0.3
5057,New-c74a786,1-0,1.0,1835,1383,1839,-0.3
5058,Base-f462400,0-1,1.0,1836,1383,1839,-0.2
5059,New-c74a786,1/2-1/2,0.5,1836,1384,1839,-0.2
5052,Base-f462400,1/2-1/2,0.5,1836,1385,1839,-0.2
5060,Base-f462400,0-1,1.0,1837,1385,1839,-0.1
5062,Base-f462400,0-1,1.0,1838,1385,1839,-0.1
5065,New-c74a786,0-1,0.0,1838,1385,1840,-0.1
5063,New-c74a786,1-0,1.0,1839,1385,1840,-0.1
5066,Base-f462400,0-1,1.0,1840,1385,1840,-0.0
5064,Base-f462400,1-0,0.0,1840,1385,1841,-0.1
5067,New-c74a786,0-1,0.0,1840,1385,1842,-0.1
5068,Base-f462400,1-0,0.0,1840,1385,1843,-0.2
5071,New-c74a786,1-0,1.0,1841,1385,1843,-0.1
5073,New-c74a786,0-1,0.0,1841,1385,1844,-0.2
5070,Base-f462400,1/2-1/2,0.5,1841,1386,1844,-0.2
5074,Base-f462400,1-0,0.0,1841,1386,1845,-0.3
5072,Base-f462400,1-0,0.0,1841,1386,1846,-0.3
5069,New-c74a786,1/2-1/2,0.5,1841,1387,1846,-0.3
5075,New-c74a786,1-0,1.0,1842,1387,1846,-0.3
5076,Base-f462400,1-0,0.0,1842,1387,1847,-0.3
5078,Base-f462400,1-0,0.0,1842,1387,1848,-0.4
5077,New-c74a786,1-0,1.0,1843,1387,1848,-0.3
5083,New-c74a786,1/2-1/2,0.5,1843,1388,1848,-0.3
5079,New-c74a786,1-0,1.0,1844,1388,1848,-0.3
5080,Base-f462400,1/2-1/2,0.5,1844,1389,1848,-0.3
5082,Base-f462400,1-0,0.0,1844,1389,1849,-0.3
5081,New-c74a786,0-1,0.0,1844,1389,1850,-0.4
5085,New-c74a786,1-0,1.0,1845,1389,1850,-0.3
5086,Base-f462400,1-0,0.0,1845,1389,1851,-0.4
5084,Base-f462400,0-1,1.0,1846,1389,1851,-0.3
5088,Base-f462400,1-0,0.0,1846,1389,1852,-0.4
5087,New-c74a786,0-1,0.0,1846,1389,1853,-0.5
5089,New-c74a786,1-0,1.0,1847,1389,1853,-0.4
5091,New-c74a786,0-1,0.0,1847,1389,1854,-0.5
5092,Base-f462400,1/2-1/2,0.5,1847,1390,1854,-0.5
5093,New-c74a786,1-0,1.0,1848,1390,1854,-0.4
5090,Base-f462400,1-0,0.0,1848,1390,1855,-0.5
5095,New-c74a786,1/2-1/2,0.5,1848,1391,1855,-0.5
5094,Base-f462400,0-1,1.0,1849,1391,1855,-0.4
5097,New-c74a786,1-0,1.0,1850,1391,1855,-0.3
5099,New-c74a786,1/2-1/2,0.5,1850,1392,1855,-0.3
5100,Base-f462400,0-1,1.0,1851,1392,1855,-0.3
5096,Base-f462400,1/2-1/2,0.5,1851,1393,1855,-0.3
5098,Base-f462400,1/2-1/2,0.5,1851,1394,1855,-0.3
5101,New-c74a786,0-1,0.0,1851,1394,1856,-0.3
5103,New-c74a786,1-0,1.0,1852,1394,1856,-0.3
5106,Base-f462400,1-0,0.0,1852,1394,1857,-0.3
5104,Base-f462400,1/2-1/2,0.5,1852,1395,1857,-0.3
5102,Base-f462400,0-1,1.0,1853,1395,1857,-0.3
5105,New-c74a786,1-0,1.0,1854,1395,1857,-0.2
5109,New-c74a786,1/2-1/2,0.5,1854,1396,1857,-0.2
5108,Base-f462400,0-1,1.0,1855,1396,1857,-0.1
5107,New-c74a786,0-1,0.0,1855,1396,1858,-0.2
5111,New-c74a786,0-1,0.0,1855,1396,1859,-0.3
5113,New-c74a786,1-0,1.0,1856,1396,1859,-0.2
5112,Base-f462400,1-0,0.0,1856,1396,1860,-0.3
5110,Base-f462400,1/2-1/2,0.5,1856,1397,1860,-0.3
5115,New-c74a786,0-1,0.0,1856,1397,1861,-0.3
5116,Base-f462400,1-0,0.0,1856,1397,1862,-0.4
5114,Base-f462400,1/2-1/2,0.5,1856,1398,1862,-0.4
5117,New-c74a786,1-0,1.0,1857,1398,1862,-0.3
5122,Base-f462400,1/2-1/2,0.5,1857,1399,1862,-0.3
5119,New-c74a786,0-1,0.0,1857,1399,1863,-0.4
5121,New-c74a786,1-0,1.0,1858,1399,1863,-0.3
5120,Base-f462400,1-0,0.0,1858,1399,1864,-0.4
5123,New-c74a786,1/2-1/2,0.5,1858,1400,1864,-0.4
5118,Base-f462400,1/2-1/2,0.5,1858,1401,1864,-0.4
5125,New-c74a786,1-0,1.0,1859,1401,1864,-0.3
5124,Base-f462400,1/2-1/2,0.5,1859,1402,1864,-0.3
5128,Base-f462400,1/2-1/2,0.5,1859,1403,1864,-0.3
5129,New-c74a786,1-0,1.0,1860,1403,1864,-0.3
5126,Base-f462400,1/2-1/2,0.5,1860,1404,1864,-0.3
5127,New-c74a786,0-1,0.0,1860,1404,1865,-0.3
5131,New-c74a786,1-0,1.0,1861,1404,1865,-0.3
5130,Base-f462400,1-0,0.0,1861,1404,1866,-0.3
5132,Base-f462400,0-1,1.0,1862,1404,1866,-0.3
5134,Base-f462400,1-0,0.0,1862,1404,1867,-0.3
5133,New-c74a786,0-1,0.0,1862,1404,1868,-0.4
5135,New-c74a786,1-0,1.0,1863,1404,1868,-0.3
5136,Base-f462400,1-0,0.0,1863,1404,1869,-0.4
5137,New-c74a786,1-0,1.0,1864,1404,1869,-0.3
5138,Base-f462400,0-1,1.0,1865,1404,1869,-0.3
5139,New-c74a786,1-0,1.0,1866,1404,1869,-0.2
5142,Base-f462400,0-1,1.0,1867,1404,1869,-0.1
5141,New-c74a786,1-0,1.0,1868,1404,1869,-0.1
5140,Base-f462400,1-0,0.0,1868,1404,1870,-0.1
5143,New-c74a786,0-1,0.0,1868,1404,1871,-0.2
5145,New-c74a786,1/2-1/2,0.5,1868,1405,1871,-0.2
5144,Base-f462400,1/2-1/2,0.5,1868,1406,1871,-0.2
5147,New-c74a786,1/2-1/2,0.5,1868,1407,1871,-0.2
5146,Base-f462400,1/2-1/2,0.5,1868,1408,1871,-0.2
5148,Base-f462400,0-1,1.0,1869,1408,1871,-0.1
5151,New-c74a786,1-0,1.0,1870,1408,1871,-0.1
5149,New-c74a786,1-0,1.0,1871,1408,1871,-0.0
5152,Base-f462400,1-0,0.0,1871,1408,1872,-0.1
5154,Base-f462400,1/2-1/2,0.5,1871,1409,1872,-0.1
5150,Base-f462400,0-1,1.0,1872,1409,1872,-0.0
5153,New-c74a786,1-0,1.0,1873,1409,1872,0.1
5157,New-c74a786,1/2-1/2,0.5,1873,1410,1872,0.1
5158,Base-f462400,1-0,0.0,1873,1410,1873,-0.0
5155,New-c74a786,1/2-1/2,0.5,1873,1411,1873,-0.0
5156,Base-f462400,1/2-1/2,0.5,1873,1412,1873,-0.0
5162,Base-f462400,1/2-1/2,0.5,1873,1413,1873,-0.0
5161,New-c74a786,1-0,1.0,1874,1413,1873,0.1
5160,Base-f462400,0-1,1.0,1875,1413,1873,0.1
5159,New-c74a786,1/2-1/2,0.5,1875,1414,1873,0.1
5164,Base-f462400,1-0,0.0,1875,1414,1874,0.1
5163,New-c74a786,1-0,1.0,1876,1414,1874,0.1
5165,New-c74a786,0-1,0.0,1876,1414,1875,0.1
5166,Base-f462400,0-1,1.0,1877,1414,1875,0.1
5169,New-c74a786,1-0,1.0,1878,1414,1875,0.2
5167,New-c74a786,0-1,0.0,1878,1414,1876,0.1
5168,Base-f462400,1-0,0.0,1878,1414,1877,0.1
5171,New-c74a786,1-0,1.0,1879,1414,1877,0.1
5172,Base-f462400,0-1,1.0,1880,1414,1877,0.2
5170,Base-f462400,1/2-1/2,0.5,1880,1415,1877,0.2
5174,Base-f462400,0-1,1.0,1881,1415,1877,0.3
5173,New-c74a786,1-0,1.0,1882,1415,1877,0.3
5176,Base-f462400,1-0,0.0,1882,1415,1878,0.3
5177,New-c74a786,1-0,1.0,1883,1415,1878,0.3
5175,New-c74a786,1-0,1.0,1884,1415,1878,0.4
5180,Base-f462400,0-1,1.0,1885,1415,1878,0.5
5178,Base-f462400,0-1,1.0,1886,1415,1878,0.5
5179,New-c74a786,1-0,1.0,1887,1415,1878,0.6
5181,New-c74a786,1/2-1/2,0.5,1887,1416,1878,0.6
5182,Base-f462400,1/2-1/2,0.5,1887,1417,1878,0.6
5184,Base-f462400,1-0,0.0,1887,1417,1879,0.5
5183,New-c74a786,0-1,0.0,1887,1417,1880,0.5
5185,New-c74a786,0-1,0.0,1887,1417,1881,0.4
5186,Base-f462400,1-0,0.0,1887,1417,1882,0.3
5188,Base-f462400,0-1,1.0,1888,1417,1882,0.4
5187,New-c74a786,0-1,0.0,1888,1417,1883,0.3
5191,New-c74a786,1-0,1.0,1889,1417,1883,0.4
5194,Base-f462400,0-1,1.0,1890,1417,1883,0.5
5189,New-c74a786,1-0,1.0,1891,1417,1883,0.5
5190,Base-f462400,1-0,0.0,1891,1417,1884,0.5
5196,Base-f462400,0-1,1.0,1892,1417,1884,0.5
5192,Base-f462400,1/2-1/2,0.5,1892,1418,1884,0.5
5193,New-c74a786,0-1,0.0,1892,1418,1885,0.5
5199,New-c74a786,1-0,1.0,1893,1418,1885,0.5
5197,New-c74a786,1/2-1/2,0.5,1893,1419,1885,0.5
5195,New-c74a786,1/2-1/2,0.5,1893,1420,1885,0.5
5198,Base-f462400,0-1,1.0,1894,1420,1885,0.6
5202,Base-f462400,1-0,0.0,1894,1420,1886,0.5
5201,New-c74a786,1-0,1.0,1895,1420,1886,0.6
5200,Base-f462400,1-0,0.0,1895,1420,1887,0.5
5205,New-c74a786,1/2-1/2,0.5,1895,1421,1887,0.5
5207,New-c74a786,1-0,1.0,1896,1421,1887,0.6
5206,Base-f462400,1-0,0.0,1896,1421,1888,0.5
5203,New-c74a786,1-0,1.0,1897,1421,1888,0.6
5204,Base-f462400,0-1,1.0,1898,1421,1888,0.7
5209,New-c74a786,1-0,1.0,1899,1421,1888,0.7
5210,Base-f462400,1-0,0.0,1899,1421,1889,0.7
5208,Base-f462400,0-1,1.0,1900,1421,1889,0.7
5213,New-c74a786,1-0,1.0,1901,1421,1889,0.8
5212,Base-f462400,1/2-1/2,0.5,1901,1422,1889,0.8
5214,Base-f462400,1/2-1/2,0.5,1901,1423,1889,0.8
5211,New-c74a786,0-1,0.0,1901,1423,1890,0.7
5215,New-c74a786,1/2-1/2,0.5,1901,1424,1890,0.7
5219,New-c74a786,0-1,0.0,1901,1424,1891,0.7
5217,New-c74a786,0-1,0.0,1901,1424,1892,0.6
5220,Base-f462400,1/2-1/2,0.5,1901,1425,1892,0.6
5218,Base-f462400,1-0,0.0,1901,1425,1893,0.5
5216,Base-f462400,1/2-1/2,0.5,1901,1426,1893,0.5
5221,New-c74a786,0-1,0.0,1901,1426,1894,0.5
5223,New-c74a786,1/2-1/2,0.5,1901,1427,1894,0.5
5222,Base-f462400,1/2-1/2,0.5,1901,1428,1894,0.5
5225,New-c74a786,1/2-1/2,0.5,1901,1429,1894,0.5
5229,New-c74a786,1/2-1/2,0.5,1901,1430,1894,0.5
5224,Base-f462400,0-1,1.0,1902,1430,1894,0.5
5227,New-c74a786,1-0,1.0,1903,1430,1894,0.6
5228,Base-f462400,0-1,1.0,1904,1430,1894,0.7
5226,Base-f462400,1-0,0.0,1904,1430,1895,0.6
5230,Base-f462400,1-0,0.0,1904,1430,1896,0.5
5232,Base-f462400,0-1,1.0,1905,1430,1896,0.6
5231,New-c74a786,0-1,0.0,1905,1430,1897,0.5
5233,New-c74a786,0-1,0.0,1905,1430,1898,0.5
5235,New-c74a786,1/2-1/2,0.5,1905,1431,1898,0.5
5236,Base-f462400,0-1,1.0,1906,1431,1898,0.5
5237,New-c74a786,1/2-1/2,0.5,1906,1432,1898,0.5
5234,Base-f462400,0-1,1.0,1907,1432,1898,0.6
5240,Base-f462400,0-1,1.0,1908,1432,1898,0.7
5238,Base-f462400,1-0,0.0,1908,1432,1899,0.6
5239,New-c74a786,1-0,1.0,1909,1432,1899,0.7
5241,New-c74a786,1-0,1.0,1910,1432,1899,0.7
5244,Base-f462400,1/2-1/2,0.5,1910,1433,1899,0.7
5242,Base-f462400,0-1,1.0,1911,1433,1899,0.8
5246,Base-f462400,1/2-1/2,0.5,1911,1434,1899,0.8
5243,New-c74a786,1-0,1.0,1912,1434,1899,0.9
5245,New-c74a786,1/2-1/2,0.5,1912,1435,1899,0.9
5252,Base-f462400,1-0,0.0,1912,1435,1900,0.8
5251,New-c74a786,1/2-1/2,0.5,1912,1436,1900,0.8
5249,New-c74a786,1-0,1.0,1913,1436,1900,0.9
5247,New-c74a786,1/2-1/2,0.5,1913,1437,1900,0.9
5250,Base-f462400,0-1,1.0,1914,1437,1900,0.9
5248,Base-f462400,1/2-1/2,0.5,1914,1438,1900,0.9
5253,New-c74a786,1-0,1.0,1915,1438,1900,1.0
5255,New-c74a786,1-0,1.0,1916,1438,1900,1.1
5257,New-c74a786,1/2-1/2,0.5,1916,1439,1900,1.1
5259,New-c74a786,0-1,0.0,1916,1439,1901,1.0
5258,Base-f462400,1/2-1/2,0.5,1916,1440,1901,1.0
5256,Base-f462400,1/2-1/2,0.5,1916,1441,1901,1.0
5254,Base-f462400,1/2-1/2,0.5,1916,1442,1901,1.0
5261,New-c74a786,0-1,0.0,1916,1442,1902,0.9
5260,Base-f462400,0-1,1.0,1917,1442,1902,1.0
5262,Base-f462400,1-0,0.0,1917,1442,1903,0.9
5263,New-c74a786,1-0,1.0,1918,1442,1903,1.0
5264,Base-f462400,0-1,1.0,1919,1442,1903,1.1
5267,New-c74a786,1-0,1.0,1920,1442,1903,1.1
5265,New-c74a786,1/2-1/2,0.5,1920,1443,1903,1.1
5270,Base-f462400,1-0,0.0,1920,1443,1904,1.1
5268,Base-f462400,1/2-1/2,0.5,1920,1444,1904,1.1
5269,New-c74a786,1-0,1.0,1921,1444,1904,1.1
5271,New-c74a786,1-0,1.0,1922,1444,1904,1.2
5274,Base-f462400,0-1,1.0,1923,1444,1904,1.3
5266,Base-f462400,1/2-1/2,0.5,1923,1445,1904,1.3
5273,New-c74a786,0-1,0.0,1923,1445,1905,1.2
5272,Base-f462400,1/2-1/2,0.5,1923,1446,1905,1.2
5275,New-c74a786,1/2-1/2,0.5,1923,1447,1905,1.2
5276,Base-f462400,0-1,1.0,1924,1447,1905,1.3
5277,New-c74a786,0-1,0.0,1924,1447,1906,1.2
5280,Base-f462400,1-0,0.0,1924,1447,1907,1.1
5278,Base-f462400,1/2-1/2,0.5,1924,1448,1907,1.1
5281,New-c74a786,1/2-1/2,0.5,1924,1449,1907,1.1
5279,New-c74a786,0-1,0.0,1924,1449,1908,1.1
5285,New-c74a786,1/2-1/2,0.5,1924,1450,1908,1.1
5284,Base-f462400,1/2-1/2,0.5,1924,1451,1908,1.1
5282,Base-f462400,0-1,1.0,1925,1451,1908,1.1
5283,New-c74a786,1-0,1.0,1926,1451,1908,1.2
5286,Base-f462400,0-1,1.0,1927,1451,1908,1.2
5287,New-c74a786,1/2-1/2,0.5,1927,1452,1908,1.2
5288,Base-f462400,1-0,0.0,1927,1452,1909,1.2
5289,New-c74a786,0-1,0.0,1927,1452,1910,1.1
5291,New-c74a786,0-1,0.0,1927,1452,1911,1.1
5290,Base-f462400,1-0,0.0,1927,1452,1912,1.0
5292,Base-f462400,0-1,1.0,1928,1452,1912,1.1
5293,New-c74a786,1-0,1.0,1929,1452,1912,1.1
5296,Base-f462400,1-0,0.0,1929,1452,1913,1.1
5294,Base-f462400,1/2-1/2,0.5,1929,1453,1913,1.0
5297,New-c74a786,1-0,1.0,1930,1453,1913,1.1
5295,New-c74a786,1/2-1/2,0.5,1930,1454,1913,1.1
5300,Base-f462400,1/2-1/2,0.5,1930,1455,1913,1.1
5298,Base-f462400,0-1,1.0,1931,1455,1913,1.2
5299,New-c74a786,0-1,0.0,1931,1455,1914,1.1
5301,New-c74a786,0-1,0.0,1931,1455,1915,1.0
5302,Base-f462400,0-1,1.0,1932,1455,1915,1.1
5304,Base-f462400,1-0,0.0,1932,1455,1916,1.0
5305,New-c74a786,1/2-1/2,0.5,1932,1456,1916,1.0
5303,New-c74a786,1/2-1/2,0.5,1932,1457,1916,1.0
5307,New-c74a786,0-1,0.0,1932,1457,1917,1.0
5306,Base-f462400,1-0,0.0,1932,1457,1918,0.9
5308,Base-f462400,0-1,1.0,1933,1457,1918,1.0
5310,Base-f462400,1-0,0.0,1933,1457,1919,0.9
5309,New-c74a786,0-1,0.0,1933,1457,1920,0.9
5311,New-c74a786,1/2-1/2,0.5,1933,1458,1920,0.9
5315,New-c74a786,0-1,0.0,1933,1458,1921,0.8
5312,Base-f462400,1/2-1/2,0.5,1933,1459,1921,0.8
5314,Base-f462400,0-1,1.0,1934,1459,1921,0.8
5316,Base-f462400,1/2-1/2,0.5,1934,1460,1921,0.8
5317,New-c74a786,0-1,0.0,1934,1460,1922,0.8
5313,New-c74a786,1/2-1/2,0.5,1934,1461,1922,0.8
5320,Base-f462400,1/2-1/2,0.5,1934,1462,1922,0.8
5319,New-c74a786,1/2-1/2,0.5,1934,1463,1922,0.8
5318,Base-f462400,1/2-1/2,0.5,1934,1464,1922,0.8
5326,Base-f462400,1/2-1/2,0.5,1934,1465,1922,0.8
5321,New-c74a786,1-0,1.0,1935,1465,1922,0.8
5323,New-c74a786,0-1,0.0,1935,1465,1923,0.8
5322,Base-f462400,1-0,0.0,1935,1465,1924,0.7
5324,Base-f462400,0-1,1.0,1936,1465,1924,0.8
5327,New-c74a786,0-1,0.0,1936,1465,1925,0.7
5325,New-c74a786,0-1,0.0,1936,1465,1926,0.7
5328,Base-f462400,1/2-1/2,0.5,1936,1466,1926,0.7
5329,New-c74a786,0-1,0.0,1936,1466,1927,0.6
5330,Base-f462400,1-0,0.0,1936,1466,1928,0.5
5331,New-c74a786,0-1,0.0,1936,1466,1929,0.5
5332,Base-f462400,1/2-1/2,0.5,1936,1467,1929,0.5
5337,New-c74a786,1-0,1.0,1937,1467,1929,0.5
5334,Base-f462400,0-1,1.0,1938,1467,1929,0.6
5335,New-c74a786,1-0,1.0,1939,1467,1929,0.7
5333,New-c74a786,1/2-1/2,0.5,1939,1468,1929,0.7
5336,Base-f462400,1-0,0.0,1939,1468,1930,0.6
5338,Base-f462400,1/2-1/2,0.5,1939,1469,1930,0.6
5339,New-c74a786,1/2-1/2,0.5,1939,1470,1930,0.6
5343,New-c74a786,1-0,1.0,1940,1470,1930,0.7
5340,Base-f462400,1-0,0.0,1940,1470,1931,0.6
5342,Base-f462400,1-0,0.0,1940,1470,1932,0.5
5344,Base-f462400,1-0,0.0,1940,1470,1933,0.5
5341,New-c74a786,1/2-1/2,0.5,1940,1471,1933,0.5
5345,New-c74a786,1-0,1.0,1941,1471,1933,0.5
5347,New-c74a786,0-1,0.0,1941,1471,1934,0.5
5346,Base-f462400,1-0,0.0,1941,1471,1935,0.4
5350,Base-f462400,1-0,0.0,1941,1471,1936,0.3
5349,New-c74a786,0-1,0.0,1941,1471,1937,0.3
5348,Base-f462400,1/2-1/2,0.5,1941,1472,1937,0.3
5352,Base-f462400,1/2-1/2,0.5,1941,1473,1937,0.3
5351,New-c74a786,0-1,0.0,1941,1473,1938,0.2
5353,New-c74a786,1-0,1.0,1942,1473,1938,0.3
5356,Base-f462400,0-1,1.0,1943,1473,1938,0.3
5357,New-c74a786,1-0,1.0,1944,1473,1938,0.4
5355,New-c74a786,1-0,1.0,1945,1473,1938,0.5
5359,New-c74a786,1-0,1.0,1946,1473,1938,0.5
5354,Base-f462400,0-1,1.0,1947,1473,1938,0.6
5360,Base-f462400,1-0,0.0,1947,1473,1939,0.5
5358,Base-f462400,1/2-1/2,0.5,1947,1474,1939,0.5
5362,Base-f462400,1-0,0.0,1947,1474,1940,0.5
5363,New-c74a786,1-0,1.0,1948,1474,1940,0.5
5361,New-c74a786,1/2-1/2,0.5,1948,1475,1940,0.5
5364,Base-f462400,1-0,0.0,1948,1475,1941,0.5
5367,New-c74a786,1/2-1/2,0.5,1948,1476,1941,0.5
5366,Base-f462400,1-0,0.0,1948,1476,1942,0.4
5365,New-c74a786,1/2-1/2,0.5,1948,1477,1942,0.4
5368,Base-f462400,1/2-1/2,0.5,1948,1478,1942,0.4
5371,New-c74a786,1/2-1/2,0.5,1948,1479,1942,0.4
5373,New-c74a786,0-1,0.0,1948,1479,1943,0.3
5375,New-c74a786,0-1,0.0,1948,1479,1944,0.3
5370,Base-f462400,1-0,0.0,1948,1479,1945,0.2
5374,Base-f462400,1-0,0.0,1948,1479,1946,0.1
5369,New-c74a786,0-1,0.0,1948,1479,1947,0.1
5372,Base-f462400,0-1,1.0,1949,1479,1947,0.1
5376,Base-f462400,0-1,1.0,1950,1479,1947,0.2
5378,Base-f462400,1/2-1/2,0.5,1950,1480,1947,0.2
5381,New-c74a786,1-0,1.0,1951,1480,1947,0.3
5379,New-c74a786,1-0,1.0,1952,1480,1947,0.3
5377,New-c74a786,1-0,1.0,1953,1480,1947,0.4
5380,Base-f462400,1-0,0.0,1953,1480,1948,0.3
5382,Base-f462400,1/2-1/2,0.5,1953,1481,1948,0.3
5384,Base-f462400,0-1,1.0,1954,1481,1948,0.4
5383,New-c74a786,1-0,1.0,1955,1481,1948,0.5
5387,New-c74a786,1-0,1.0,1956,1481,1948,0.5
5388,Base-f462400,1-0,0.0,1956,1481,1949,0.5
5385,New-c74a786,0-1,0.0,1956,1481,1950,0.4
5389,New-c74a786,0-1,0.0,1956,1481,1951,0.3
5386,Base-f462400,1-0,0.0,1956,1481,1952,0.3
5390,Base-f462400,1/2-1/2,0.5,1956,1482,1952,0.3
5391,New-c74a786,0-1,0.0,1956,1482,1953,0.2
5392,Base-f462400,1-0,0.0,1956,1482,1954,0.1
5395,New-c74a786,1/2-1/2,0.5,1956,1483,1954,0.1
5394,Base-f462400,1/2-1/2,0.5,1956,1484,1954,0.1
5393,New-c74a786,1-0,1.0,1957,1484,1954,0.2
5396,Base-f462400,0-1,1.0,1958,1484,1954,0.3
5397,New-c74a786,1-0,1.0,1959,1484,1954,0.3
5399,New-c74a786,1-0,1.0,1960,1484,1954,0.4
5400,Base-f462400,1/2-1/2,0.5,1960,1485,1954,0.4
5398,Base-f462400,1-0,0.0,1960,1485,1955,0.3
5404,Base-f462400,1-0,0.0,1960,1485,1956,0.3
5403,New-c74a786,1-0,1.0,1961,1485,1956,0.3
5401,New-c74a786,0-1,0.0,1961,1485,1957,0.3
5402,Base-f462400,1-0,0.0,1961,1485,1958,0.2
5405,New-c74a786,1/2-1/2,0.5,1961,1486,1958,0.2
5408,Base-f462400,1/2-1/2,0.5,1961,1487,1958,0.2
5406,Base-f462400,0-1,1.0,1962,1487,1958,0.3
5407,New-c74a786,0-1,0.0,1962,1487,1959,0.2
5409,New-c74a786,1/2-1/2,0.5,1962,1488,1959,0.2
5411,New-c74a786,0-1,0.0,1962,1488,1960,0.1
5412,Base-f462400,1/2-1/2,0.5,1962,1489,1960,0.1
5410,Base-f462400,1-0,0.0,1962,1489,1961,0.1
5413,New-c74a786,0-1,0.0,1962,1489,1962,-0.0
5415,New-c74a786,1-0,1.0,1963,1489,1962,0.1
5414,Base-f462400,1-0,0.0,1963,1489,1963,-0.0
5416,Base-f462400,0-1,1.0,1964,1489,1963,0.1
5417,New-c74a786,0-1,0.0,1964,1489,1964,-0.0
5418,Base-f462400,0-1,1.0,1965,1489,1964,0.1
5420,Base-f462400,1-0,0.0,1965,1489,1965,-0.0
5419,New-c74a786,1/2-1/2,0.5,1965,1490,1965,-0.0
5421,New-c74a786,0-1,0.0,1965,1490,1966,-0.1
5422,Base-f462400,0-1,1.0,1966,1490,1966,-0.0
5425,New-c74a786,1-0,1.0,1967,1490,1966,0.1
5423,New-c74a786,1/2-1/2,0.5,1967,1491,1966,0.1
5424,Base-f462400,1-0,0.0,1967,1491,1967,-0.0
5426,Base-f462400,0-1,1.0,1968,1491,1967,0.1
5431,New-c74a786,1-0,1.0,1969,1491,1967,0.1
5427,New-c74a786,0-1,0.0,1969,1491,1968,0.1
5428,Base-f462400,1-0,0.0,1969,1491,1969,-0.0
5430,Base-f462400,0-1,1.0,1970,1491,1969,0.1
5432,Base-f462400,1/2-1/2,0.5,1970,1492,1969,0.1
5433,New-c74a786,1-0,1.0,1971,1492,1969,0.1
5436,Base-f462400,1/2-1/2,0.5,1971,1493,1969,0.1
5429,New-c74a786,1/2-1/2,0.5,1971,1494,1969,0.1
5435,New-c74a786,1/2-1/2,0.5,1971,1495,1969,0.1
5434,Base-f462400,0-1,1.0,1972,1495,1969,0.2
5438,Base-f462400,1-0,0.0,1972,1495,1970,0.1
5441,New-c74a786,0-1,0.0,1972,1495,1971,0.1
5440,Base-f462400,1/2-1/2,0.5,1972,1496,1971,0.1
5437,New-c74a786,1/2-1/2,0.5,1972,1497,1971,0.1
5439,New-c74a786,0-1,0.0,1972,1497,1972,-0.0
5443,New-c74a786,0-1,0.0,1972,1497,1973,-0.1
5442,Base-f462400,1/2-1/2,0.5,1972,1498,1973,-0.1
5444,Base-f462400,1/2-1/2,0.5,1972,1499,1973,-0.1
5445,New-c74a786,1/2-1/2,0.5,1972,1500,1973,-0.1
5447,New-c74a786,0-1,0.0,1972,1500,1974,-0.1
5449,New-c74a786,1/2-1/2,0.5,1972,1501,1974,-0.1
5446,Base-f462400,1/2-1/2,0.5,1972,1502,1974,-0.1
5450,Base-f462400,1-0,0.0,1972,1502,1975,-0.2
5448,Base-f462400,1-0,0.0,1972,1502,1976,-0.3
5451,New-c74a786,0-1,0.0,1972,1502,1977,-0.3
5452,Base-f462400,1-0,0.0,1972,1502,1978,-0.4
5453,New-c74a786,1/2-1/2,0.5,1972,1503,1978,-0.4
5455,New-c74a786,1/2-1/2,0.5,1972,1504,1978,-0.4
5454,Base-f462400,0-1,1.0,1973,1504,1978,-0.3
5456,Base-f462400,1-0,0.0,1973,1504,1979,-0.4
5457,New-c74a786,1-0,1.0,1974,1504,1979,-0.3
5458,Base-f462400,1-0,0.0,1974,1504,1980,-0.4
5459,New-c74a786,1/2-1/2,0.5,1974,1505,1980,-0.4
5463,New-c74a786,1/2-1/2,0.5,1974,1506,1980,-0.4
5461,New-c74a786,1-0,1.0,1975,1506,1980,-0.3
5460,Base-f462400,1/2-1/2,0.5,1975,1507,1980,-0.3
5465,New-c74a786,1-0,1.0,1976,1507,1980,-0.3
5462,Base-f462400,0-1,1.0,1977,1507,1980,-0.2
5464,Base-f462400,1-0,0.0,1977,1507,1981,-0.3
5466,Base-f462400,0-1,1.0,1978,1507,1981,-0.2
5467,New-c74a786,1-0,1.0,1979,1507,1981,-0.1
5468,Base-f462400,1-0,0.0,1979,1507,1982,-0.2
5469,New-c74a786,1-0,1.0,1980,1507,1982,-0.1
5470,Base-f462400,1-0,0.0,1980,1507,1983,-0.2
5471,New-c74a786,1-0,1.0,1981,1507,1983,-0.1
5473,New-c74a786,1/2-1/2,0.5,1981,1508,1983,-0.1
5472,Base-f462400,1-0,0.0,1981,1508,1984,-0.2
5474,Base-f462400,1/2-1/2,0.5,1981,1509,1984,-0.2
5475,New-c74a786,1/2-1/2,0.5,1981,1510,1984,-0.2
5478,Base-f462400,0-1,1.0,1982,1510,1984,-0.1
5477,New-c74a786,1/2-1/2,0.5,1982,1511,1984,-0.1
5476,Base-f462400,1-0,0.0,1982,1511,1985,-0.2
5479,New-c74a786,0-1,0.0,1982,1511,1986,-0.3
5481,New-c74a786,1-0,1.0,1983,1511,1986,-0.2
5482,Base-f462400,1-0,0.0,1983,1511,1987,-0.3
5480,Base-f462400,1/2-1/2,0.5,1983,1512,1987,-0.3
5483,New-c74a786,1-0,1.0,1984,1512,1987,-0.2
5485,New-c74a786,1-0,1.0,1985,1512,1987,-0.1
5484,Base-f462400,1-0,0.0,1985,1512,1988,-0.2
5490,Base-f462400,1-0,0.0,1985,1512,1989,-0.3
5487,New-c74a786,1-0,1.0,1986,1512,1989,-0.2
5486,Base-f462400,1-0,0.0,1986,1512,1990,-0.3
5492,Base-f462400,1/2-1/2,0.5,1986,1513,1990,-0.3
5488,Base-f462400,1/2-1/2,0.5,1986,1514,1990,-0.3
5489,New-c74a786,0-1,0.0,1986,1514,1991,-0.3
5491,New-c74a786,0-1,0.0,1986,1514,1992,-0.4
5493,New-c74a786,0-1,0.0,1986,1514,1993,-0.4
5496,Base-f462400,0-1,1.0,1987,1514,1993,-0.4
5494,Base-f462400,1-0,0.0,1987,1514,1994,-0.4
5495,New-c74a786,1/2-1/2,0.5,1987,1515,1994,-0.4
5497,New-c74a786,0-1,0.0,1987,1515,1995,-0.5
5498,Base-f462400,1/2-1/2,0.5,1987,1516,1995,-0.5
5499,New-c74a786,0-1,0.0,1987,1516,1996,-0.6
5501,New-c74a786,1-0,1.0,1988,1516,1996,-0.5
5502,Base-f462400,1-0,0.0,1988,1516,1997,-0.6
5503,New-c74a786,0-1,0.0,1988,1516,1998,-0.6
5504,Base-f462400,0-1,1.0,1989,1516,1998,-0.6
5500,Base-f462400,1/2-1/2,0.5,1989,1517,1998,-0.6
5505,New-c74a786,1-0,1.0,1990,1517,1998,-0.5
5507,New-c74a786,1-0,1.0,1991,1517,1998,-0.4
5506,Base-f462400,1/2-1/2,0.5,1991,1518,1998,-0.4
5509,New-c74a786,1-0,1.0,1992,1518,1998,-0.4
5508,Base-f462400,0-1,1.0,1993,1518,1998,-0.3
5511,New-c74a786,0-1,0.0,1993,1518,1999,-0.4
5510,Base-f462400,0-1,1.0,1994,1518,1999,-0.3
5512,Base-f462400,1/2-1/2,0.5,1994,1519,1999,-0.3
5513,New-c74a786,1-0,1.0,1995,1519,1999,-0.3
5514,Base-f462400,1/2-1/2,0.5,1995,1520,1999,-0.3
5515,New-c74a786,1-0,1.0,1996,1520,1999,-0.2
5519,New-c74a786,0-1,0.0,1996,1520,2000,-0.3
5517,New-c74a786,1-0,1.0,1997,1520,2000,-0.2
5518,Base-f462400,1/2-1/2,0.5,1997,1521,2000,-0.2
5516,Base-f462400,0-1,1.0,1998,1521,2000,-0.1
5520,Base-f462400,1/2-1/2,0.5,1998,1522,2000,-0.1
5521,New-c74a786,1/2-1/2,0.5,1998,1523,2000,-0.1
5522,Base-f462400,1/2-1/2,0.5,1998,1524,2000,-0.1
5523,New-c74a786,1-0,1.0,1999,1524,2000,-0.1
5527,New-c74a786,0-1,0.0,1999,1524,2001,-0.1
5525,New-c74a786,1-0,1.0,2000,1524,2001,-0.1
5524,Base-f462400,0-1,1.0,2001,1524,2001,-0.0
5528,Base-f462400,0-1,1.0,2002,1524,2001,0.1
5526,Base-f462400,0-1,1.0,2003,1524,2001,0.1
5530,Base-f462400,1-0,0.0,2003,1524,2002,0.1
5529,New-c74a786,1-0,1.0,2004,1524,2002,0.1
5532,Base-f462400,0-1,1.0,2005,1524,2002,0.2
5531,New-c74a786,0-1,0.0,2005,1524,2003,0.1
5533,New-c74a786,0-1,0.0,2005,1524,2004,0.1
5534,Base-f462400,0-1,1.0,2006,1524,2004,0.1
5538,Base-f462400,0-1,1.0,2007,1524,2004,0.2
5536,Base-f462400,0-1,1.0,2008,1524,2004,0.3
5537,New-c74a786,1-0,1.0,2009,1524,2004,0.3
5535,New-c74a786,0-1,0.0,2009,1524,2005,0.3
5539,New-c74a786,1-0,1.0,2010,1524,2005,0.3
5543,New-c74a786,1/2-1/2,0.5,2010,1525,2005,0.3
5540,Base-f462400,1/2-1/2,0.5,2010,1526,2005,0.3
5542,Base-f462400,1-0,0.0,2010,1526,2006,0.3
5541,New-c74a786,0-1,0.0,2010,1526,2007,0.2
5545,New-c74a786,1-0,1.0,2011,1526,2007,0.3
5544,Base-f462400,1-0,0.0,2011,1526,2008,0.2
5549,New-c74a786,1/2-1/2,0.5,2011,1527,2008,0.2
5546,Base-f462400,0-1,1.0,2012,1527,2008,0.3
5547,New-c74a786,1/2-1/2,0.5,2012,1528,2008,0.3
5551,New-c74a786,1-0,1.0,2013,1528,2008,0.3
5548,Base-f462400,1-0,0.0,2013,1528,2009,0.3
5550,Base-f462400,1-0,0.0,2013,1528,2010,0.2
5557,New-c74a786,1/2-1/2,0.5,2013,1529,2010,0.2
5555,New-c74a786,1/2-1/2,0.5,2013,1530,2010,0.2
5553,New-c74a786,0-1,0.0,2013,1530,2011,0.1
5558,Base-f462400,0-1,1.0,2014,1530,2011,0.2
5552,Base-f462400,0-1,1.0,2015,1530,2011,0.3
5556,Base-f462400,1/2-1/2,0.5,2015,1531,2011,0.3
5554,Base-f462400,1/2-1/2,0.5,2015,1532,2011,0.3
5559,New-c74a786,0-1,0.0,2015,1532,2012,0.2
5564,Base-f462400,1-0,0.0,2015,1532,2013,0.1
5562,Base-f462400,1/2-1/2,0.5,2015,1533,2013,0.1
5560,Base-f462400,1-0,0.0,2015,1533,2014,0.1
5563,New-c74a786,0-1,0.0,2015,1533,2015,-0.0
5565,New-c74a786,1/2-1/2,0.5,2015,1534,2015,-0.0
5561,New-c74a786,1/2-1/2,0.5,2015,1535,2015,-0.0
5566,Base-f462400,0-1,1.0,2016,1535,2015,0.1
5567,New-c74a786,1-0,1.0,2017,1535,2015,0.1
5568,Base-f462400,1/2-1/2,0.5,2017,1536,2015,0.1
5570,Base-f462400,0-1,1.0,2018,1536,2015,0.2
5573,New-c74a786,1-0,1.0,2019,1536,2015,0.2
5574,Base-f462400,0-1,1.0,2020,1536,2015,0.3
5571,New-c74a786,1/2-1/2,0.5,2020,1537,2015,0.3
5572,Base-f462400,0-1,1.0,2021,1537,2015,0.4
5569,New-c74a786,1/2-1/2,0.5,2021,1538,2015,0.4
5575,New-c74a786,1/2-1/2,0.5,2021,1539,2015,0.4
5576,Base-f462400,1-0,0.0,2021,1539,2016,0.3
5579,New-c74a786,1/2-1/2,0.5,2021,1540,2016,0.3
5578,Base-f462400,1-0,0.0,2021,1540,2017,0.2
5577,New-c74a786,1-0,1.0,2022,1540,2017,0.3
5580,Base-f462400,0-1,1.0,2023,1540,2017,0.4
5582,Base-f462400,0-1,1.0,2024,1540,2017,0.4
5581,New-c74a786,1/2-1/2,0.5,2024,1541,2017,0.4
5583,New-c74a786,0-1,0.0,2024,1541,2018,0.4
5585,New-c74a786,0-1,0.0,2024,1541,2019,0.3
5584,Base-f462400,0-1,1.0,2025,1541,2019,0.4
5586,Base-f462400,0-1,1.0,2026,1541,2019,0.4
5588,Base-f462400,1-0,0.0,2026,1541,2020,0.4
5587,New-c74a786,0-1,0.0,2026,1541,2021,0.3
5589,New-c74a786,1/2-1/2,0.5,2026,1542,2021,0.3
5590,Base-f462400,1-0,0.0,2026,1542,2022,0.2
5591,New-c74a786,0-1,0.0,2026,1542,2023,0.2
5595,New-c74a786,1/2-1/2,0.5,2026,1543,2023,0.2
5597,New-c74a786,0-1,0.0,2026,1543,2024,0.1
5593,New-c74a786,1-0,1.0,2027,1543,2024,0.2
5594,Base-f462400,1-0,0.0,2027,1543,2025,0.1
5599,New-c74a786,0-1,0.0,2027,1543,2026,0.1
5592,Base-f462400,1/2-1/2,0.5,2027,1544,2026,0.1
5596,Base-f462400,1-0,0.0,2027,1544,2027,-0.0
5598,Base-f462400,0-1,1.0,2028,1544,2027,0.1
5602,Base-f462400,1-0,0.0,2028,1544,2028,-0.0
5604,Base-f462400,1/2-1/2,0.5,2028,1545,2028,-0.0
5601,New-c74a786,1-0,1.0,2029,1545,2028,0.1
5606,Base-f462400,0-1,1.0,2030,1545,2028,0.1
5603,New-c74a786,1/2-1/2,0.5,2030,1546,2028,0.1
5605,New-c74a786,1-0,1.0,2031,1546,2028,0.2
5600,Base-f462400,1-0,0.0,2031,1546,2029,0.1
5607,New-c74a786,1-0,1.0,2032,1546,2029,0.2
5612,Base-f462400,1/2-1/2,0.5,2032,1547,2029,0.2
5609,New-c74a786,0-1,0.0,2032,1547,2030,0.1
5611,New-c74a786,1-0,1.0,2033,1547,2030,0.2
5613,New-c74a786,0-1,0.0,2033,1547,2031,0.1
5608,Base-f462400,1/2-1/2,0.5,2033,1548,2031,0.1
5614,Base-f462400,1/2-1/2,0.5,2033,1549,2031,0.1
5615,New-c74a786,0-1,0.0,2033,1549,2032,0.1
5610,Base-f462400,1/2-1/2,0.5,2033,1550,2032,0.1
5617,New-c74a786,1/2-1/2,0.5,2033,1551,2032,0.1
5616,Base-f462400,1-0,0.0,2033,1551,2033,-0.0
5618,Base-f462400,1/2-1/2,0.5,2033,1552,2033,-0.0
5620,Base-f462400,0-1,1.0,2034,1552,2033,0.1
5619,New-c74a786,1-0,1.0,2035,1552,2033,0.1
5622,Base-f462400,0-1,1.0,2036,1552,2033,0.2
5623,New-c74a786,1-0,1.0,2037,1552,2033,0.2
5624,Base-f462400,0-1,1.0,2038,1552,2033,0.3
5621,New-c74a786,1-0,1.0,2039,1552,2033,0.4
5625,New-c74a786,0-1,0.0,2039,1552,2034,0.3
5626,Base-f462400,1-0,0.0,2039,1552,2035,0.2
5629,New-c74a786,1/2-1/2,0.5,2039,1553,2035,0.2
5628,Base-f462400,1-0,0.0,2039,1553,2036,0.2
5627,New-c74a786,1/2-1/2,0.5,2039,1554,2036,0.2
5631,New-c74a786,1-0,1.0,2040,1554,2036,0.2
5632,Base-f462400,1/2-1/2,0.5,2040,1555,2036,0.2
5630,Base-f462400,1-0,0.0,2040,1555,2037,0.2
5633,New-c74a786,0-1,0.0,2040,1555,2038,0.1
5636,Base-f462400,1-0,0.0,2040,1555,2039,0.1
5637,New-c74a786,0-1,0.0,2040,1555,2040,-0.0
5635,New-c74a786,1-0,1.0,2041,1555,2040,0.1
5634,Base-f462400,1/2-1/2,0.5,2041,1556,2040,0.1
5638,Base-f462400,1/2-1/2,0.5,2041,1557,2040,0.1
5639,New-c74a786,1-0,1.0,2042,1557,2040,0.1
5643,New-c74a786,1/2-1/2,0.5,2042,1558,2040,0.1
5640,Base-f462400,1-0,0.0,2042,1558,2041,0.1
5641,New-c74a786,1-0,1.0,2043,1558,2041,0.1
5645,New-c74a786,1/2-1/2,0.5,2043,1559,2041,0.1
5642,Base-f462400,1-0,0.0,2043,1559,2042,0.1
5646,Base-f462400,1-0,0.0,2043,1559,2043,-0.0
5644,Base-f462400,1-0,0.0,2043,1559,2044,-0.1
5648,Base-f462400,1-0,0.0,2043,1559,2045,-0.1
5651,New-c74a786,1/2-1/2,0.5,2043,1560,2045,-0.1
5647,New-c74a786,0-1,0.0,2043,1560,2046,-0.2
5650,Base-f462400,1-0,0.0,2043,1560,2047,-0.2
5649,New-c74a786,1/2-1/2,0.5,2043,1561,2047,-0.2
5654,Base-f462400,1-0,0.0,2043,1561,2048,-0.3
5653,New-c74a786,1/2-1/2,0.5,2043,1562,2048,-0.3
5652,Base-f462400,0-1,1.0,2044,1562,2048,-0.2
5659,New-c74a786,1-0,1.0,2045,1562,2048,-0.2
5655,New-c74a786,1-0,1.0,2046,1562,2048,-0.1
5658,Base-f462400,1-0,0.0,2046,1562,2049,-0.2
5657,New-c74a786,0-1,0.0,2046,1562,2050,-0.2
5661,New-c74a786,0-1,0.0,2046,1562,2051,-0.3
5662,Base-f462400,1-0,0.0,2046,1562,2052,-0.4
5656,Base-f462400,1/2-1/2,0.5,2046,1563,2052,-0.4
5660,Base-f462400,1-0,0.0,2046,1563,2053,-0.4
5664,Base-f462400,0-1,1.0,2047,1563,2053,-0.4
5667,New-c74a786,1-0,1.0,2048,1563,2053,-0.3
5669,New-c74a786,1-0,1.0,2049,1563,2053,-0.2
5663,New-c74a786,0-1,0.0,2049,1563,2054,-0.3
5666,Base-f462400,1-0,0.0,2049,1563,2055,-0.4
5665,New-c74a786,1-0,1.0,2050,1563,2055,-0.3
5670,Base-f462400,1-0,0.0,2050,1563,2056,-0.4
5668,Base-f462400,0-1,1.0,2051,1563,2056,-0.3
5672,Base-f462400,1/2-1/2,0.5,2051,1564,2056,-0.3
5674,Base-f462400,1/2-1/2,0.5,2051,1565,2056,-0.3
5673,New-c74a786,1-0,1.0,2052,1565,2056,-0.2
5671,New-c74a786,1/2-1/2,0.5,2052,1566,2056,-0.2
5676,Base-f462400,1-0,0.0,2052,1566,2057,-0.3
5677,New-c74a786,1/2-1/2,0.5,2052,1567,2057,-0.3
5675,New-c74a786,1/2-1/2,0.5,2052,1568,2057,-0.3
5678,Base-f462400,1-0,0.0,2052,1568,2058,-0.4
5679,New-c74a786,1-0,1.0,2053,1568,2058,-0.3
5682,Base-f462400,0-1,1.0,2054,1568,2058,-0.2
5680,Base-f462400,1/2-1/2,0.5,2054,1569,2058,-0.2
5683,New-c74a786,1-0,1.0,2055,1569,2058,-0.2
5681,New-c74a786,1/2-1/2,0.5,2055,1570,2058,-0.2
5685,New-c74a786,1/2-1/2,0.5,2055,1571,2058,-0.2
5688,Base-f462400,0-1,1.0,2056,1571,2058,-0.1
5686,Base-f462400,1-0,0.0,2056,1571,2059,-0.2
5684,Base-f462400,1/2-1/2,0.5,2056,1572,2059,-0.2
5687,New-c74a786,1-0,1.0,2057,1572,2059,-0.1
5689,New-c74a786,1/2-1/2,0.5,2057,1573,2059,-0.1
5690,Base-f462400,0-1,1.0,2058,1573,2059,-0.1
5694,Base-f462400,1-0,0.0,2058,1573,2060,-0.1
5691,New-c74a786,1-0,1.0,2059,1573,2060,-0.1
5695,New-c74a786,0-1,0.0,2059,1573,2061,-0.1
5692,Base-f462400,0-1,1.0,2060,1573,2061,-0.1
5693,New-c74a786,0-1,0.0,2060,1573,2062,-0.1
5696,Base-f462400,1/2-1/2,0.5,2060,1574,2062,-0.1
5697,New-c74a786,1-0,1.0,2061,1574,2062,-0.1
5701,New-c74a786,0-1,0.0,2061,1574,2063,-0.1
5698,Base-f462400,1-0,0.0,2061,1574,2064,-0.2
5700,Base-f462400,1-0,0.0,2061,1574,2065,-0.2
5703,New-c74a786,0-1,0.0,2061,1574,2066,-0.3
5704,Base-f462400,1/2-1/2,0.5,2061,1575,2066,-0.3
5699,New-c74a786,1-0,1.0,2062,1575,2066,-0.2
5702,Base-f462400,1/2-1/2,0.5,2062,1576,2066,-0.2
5705,New-c74a786,1-0,1.0,2063,1576,2066,-0.2
5710,Base-f462400,1/2-1/2,0.5,2063,1577,2066,-0.2
5706,Base-f462400,0-1,1.0,2064,1577,2066,-0.1
5708,Base-f462400,1/2-1/2,0.5,2064,1578,2066,-0.1
5709,New-c74a786,1-0,1.0,2065,1578,2066,-0.1
5711,New-c74a786,1-0,1.0,2066,1578,2066,-0.0
5713,New-c74a786,1-0,1.0,2067,1578,2066,0.1
5712,Base-f462400,1/2-1/2,0.5,2067,1579,2066,0.1
5707,New-c74a786,0-1,0.0,2067,1579,2067,-0.0
5714,Base-f462400,0-1,1.0,2068,1579,2067,0.1
5720,Base-f462400,1/2-1/2,0.5,2068,1580,2067,0.1
5716,Base-f462400,1-0,0.0,2068,1580,2068,-0.0
5719,New-c74a786,0-1,0.0,2068,1580,2069,-0.1
5718,Base-f462400,0-1,1.0,2069,1580,2069,-0.0
5715,New-c74a786,0-1,0.0,2069,1580,2070,-0.1
5717,New-c74a786,0-1,0.0,2069,1580,2071,-0.1
5721,New-c74a786,0-1,0.0,2069,1580,2072,-0.2
5722,Base-f462400,1-0,0.0,2069,1580,2073,-0.2
5724,Base-f462400,1/2-1/2,0.5,2069,1581,2073,-0.2
5723,New-c74a786,0-1,0.0,2069,1581,2074,-0.3
5726,Base-f462400,0-1,1.0,2070,1581,2074,-0.2
5728,Base-f462400,0-1,1.0,2071,1581,2074,-0.2
5729,New-c74a786,0-1,0.0,2071,1581,2075,-0.2
5727,New-c74a786,1/2-1/2,0.5,2071,1582,2075,-0.2
5725,New-c74a786,1/2-1/2,0.5,2071,1583,2075,-0.2
5730,Base-f462400,1-0,0.0,2071,1583,2076,-0.3
5732,Base-f462400,1/2-1/2,0.5,2071,1584,2076,-0.3
5734,Base-f462400,1/2-1/2,0.5,2071,1585,2076,-0.3
5731,New-c74a786,1/2-1/2,0.5,2071,1586,2076,-0.3
5733,New-c74a786,1/2-1/2,0.5,2071,1587,2076,-0.3
5736,Base-f462400,1-0,0.0,2071,1587,2077,-0.4
5738,Base-f462400,1/2-1/2,0.5,2071,1588,2077,-0.4
5737,New-c74a786,1-0,1.0,2072,1588,2077,-0.3
5735,New-c74a786,1/2-1/2,0.5,2072,1589,2077,-0.3
5741,New-c74a786,0-1,0.0,2072,1589,2078,-0.4
5743,New-c74a786,1/2-1/2,0.5,2072,1590,2078,-0.4
5740,Base-f462400,0-1,1.0,2073,1590,2078,-0.3
5739,New-c74a786,1/2-1/2,0.5,2073,1591,2078,-0.3
5742,Base-f462400,1/2-1/2,0.5,2073,1592,2078,-0.3
5745,New-c74a786,1-0,1.0,2074,1592,2078,-0.2
5744,Base-f462400,0-1,1.0,2075,1592,2078,-0.2
5746,Base-f462400,1/2-1/2,0.5,2075,1593,2078,-0.2
5751,New-c74a786,1/2-1/2,0.5,2075,1594,2078,-0.2
5749,New-c74a786,0-1,0.0,2075,1594,2079,-0.2
5750,Base-f462400,1-0,0.0,2075,1594,2080,-0.3
5747,New-c74a786,1/2-1/2,0.5,2075,1595,2080,-0.3
5748,Base-f462400,1/2-1/2,0.5,2075,1596,2080,-0.3
5753,New-c74a786,1-0,1.0,2076,1596,2080,-0.2
5752,Base-f462400,1/2-1/2,0.5,2076,1597,2080,-0.2
5754,Base-f462400,1/2-1/2,0.5,2076,1598,2080,-0.2
5755,New-c74a786,1-0,1.0,2077,1598,2080,-0.2
5759,New-c74a786,1/2-1/2,0.5,2077,1599,2080,-0.2
5756,Base-f462400,1-0,0.0,2077,1599,2081,-0.2
5758,Base-f462400,0-1,1.0,2078,1599,2081,-0.2
5757,New-c74a786,1/2-1/2,0.5,2078,1600,2081,-0.2
5761,New-c74a786,1-0,1.0,2079,1600,2081,-0.1
5762,Base-f462400,1-0,0.0,2079,1600,2082,-0.2
5760,Base-f462400,1-0,0.0,2079,1600,2083,-0.2
5765,New-c74a786,1/2-1/2,0.5,2079,1601,2083,-0.2
5763,New-c74a786,1-0,1.0,2080,1601,2083,-0.2
5764,Base-f462400,1-0,0.0,2080,1601,2084,-0.2
5766,Base-f462400,0-1,1.0,2081,1601,2084,-0.2
5770,Base-f462400,1-0,0.0,2081,1601,2085,-0.2
5769,New-c74a786,0-1,0.0,2081,1601,2086,-0.3
5767,New-c74a786,1-0,1.0,2082,1601,2086,-0.2
5768,Base-f462400,0-1,1.0,2083,1601,2086,-0.2
5771,New-c74a786,1/2-1/2,0.5,2083,1602,2086,-0.2
5772,Base-f462400,1/2-1/2,0.5,2083,1603,2086,-0.2
5777,New-c74a786,1/2-1/2,0.5,2083,1604,2086,-0.2
5774,Base-f462400,0-1,1.0,2084,1604,2086,-0.1
5773,New-c74a786,0-1,0.0,2084,1604,2087,-0.2
5776,Base-f462400,1-0,0.0,2084,1604,2088,-0.2
5779,New-c74a786,1/2-1/2,0.5,2084,1605,2088,-0.2
5775,New-c74a786,1/2-1/2,0.5,2084,1606,2088,-0.2
5778,Base-f462400,1-0,0.0,2084,1606,2089,-0.3
5782,Base-f462400,0-1,1.0,2085,1606,2089,-0.2
5781,New-c74a786,1/2-1/2,0.5,2085,1607,2089,-0.2
5784,Base-f462400,1/2-1/2,0.5,2085,1608,2089,-0.2
5783,New-c74a786,1-0,1.0,2086,1608,2089,-0.2
5780,Base-f462400,1/2-1/2,0.5,2086,1609,2089,-0.2
5786,Base-f462400,1-0,0.0,2086,1609,2090,-0.2
5785,New-c74a786,1-0,1.0,2087,1609,2090,-0.2
5787,New-c74a786,0-1,0.0,2087,1609,2091,-0.2
5789,New-c74a786,1/2-1/2,0.5,2087,1610,2091,-0.2
5788,Base-f462400,0-1,1.0,2088,1610,2091,-0.2
5794,Base-f462400,1/2-1/2,0.5,2088,1611,2091,-0.2
5790,Base-f462400,0-1,1.0,2089,1611,2091,-0.1
5791,New-c74a786,0-1,0.0,2089,1611,2092,-0.2
5792,Base-f462400,1-0,0.0,2089,1611,2093,-0.2
5795,New-c74a786,1-0,1.0,2090,1611,2093,-0.2
5793,New-c74a786,1/2-1/2,0.5,2090,1612,2093,-0.2
5800,Base-f462400,1-0,0.0,2090,1612,2094,-0.2
5796,Base-f462400,1-0,0.0,2090,1612,2095,-0.3
5797,New-c74a786,1-0,1.0,2091,1612,2095,-0.2
5799,New-c74a786,1-0,1.0,2092,1612,2095,-0.2
5798,Base-f462400,1/2-1/2,0.5,2092,1613,2095,-0.2
5803,New-c74a786,1/2-1/2,0.5,2092,1614,2095,-0.2
5802,Base-f462400,1-0,0.0,2092,1614,2096,-0.2
5801,New-c74a786,1/2-1/2,0.5,2092,1615,2096,-0.2
5806,Base-f462400,0-1,1.0,2093,1615,2096,-0.2
5804,Base-f462400,0-1,1.0,2094,1615,2096,-0.1
5805,New-c74a786,0-1,0.0,2094,1615,2097,-0.2
5808,Base-f462400,1-0,0.0,2094,1615,2098,-0.2
5809,New-c74a786,1/2-1/2,0.5,2094,1616,2098,-0.2
5807,New-c74a786,1/2-1/2,0.5,2094,1617,2098,-0.2
5811,New-c74a786,1/2-1/2,0.5,2094,1618,2098,-0.2
5812,Base-f462400,1-0,0.0,2094,1618,2099,-0.3
5810,Base-f462400,1-0,0.0,2094,1618,2100,-0.4
5814,Base-f462400,0-1,1.0,2095,1618,2100,-0.3
5818,Base-f462400,0-1,1.0,2096,1618,2100,-0.2
5820,Base-f462400,1-0,0.0,2096,1618,2101,-0.3
5813,New-c74a786,1/2-1/2,0.5,2096,1619,2101,-0.3
5816,Base-f462400,1-0,0.0,2096,1619,2102,-0.4
5817,New-c74a786,1-0,1.0,2097,1619,2102,-0.3
5815,New-c74a786,0-1,0.0,2097,1619,2103,-0.4
5819,New-c74a786,0-1,0.0,2097,1619,2104,-0.4
5824,Base-f462400,1/2-1/2,0.5,2097,1620,2104,-0.4
5822,Base-f462400,0-1,1.0,2098,1620,2104,-0.4
5823,New-c74a786,0-1,0.0,2098,1620,2105,-0.4
5825,New-c74a786,0-1,0.0,2098,1620,2106,-0.5
5821,New-c74a786,1-0,1.0,2099,1620,2106,-0.4
5827,New-c74a786,0-1,0.0,2099,1620,2107,-0.5
5826,Base-f462400,1/2-1/2,0.5,2099,1621,2107,-0.5
5829,New-c74a786,1/2-1/2,0.5,2099,1622,2107,-0.5
5832,Base-f462400,1/2-1/2,0.5,2099,1623,2107,-0.5
5828,Base-f462400,0-1,1.0,2100,1623,2107,-0.4
5833,New-c74a786,1-0,1.0,2101,1623,2107,-0.4
5834,Base-f462400,1-0,0.0,2101,1623,2108,-0.4
5830,Base-f462400,0-1,1.0,2102,1623,2108,-0.4
5835,New-c74a786,1-0,1.0,2103,1623,2108,-0.3
5831,New-c74a786,1/2-1/2,0.5,2103,1624,2108,-0.3
5838,Base-f462400,0-1,1.0,2104,1624,2108,-0.2
5836,Base-f462400,0-1,1.0,2105,1624,2108,-0.2
5837,New-c74a786,1-0,1.0,2106,1624,2108,-0.1
5841,New-c74a786,1/2-1/2,0.5,2106,1625,2108,-0.1
5843,New-c74a786,1/2-1/2,0.5,2106,1626,2108,-0.1
5839,New-c74a786,1-0,1.0,2107,1626,2108,-0.1
5840,Base-f462400,1-0,0.0,2107,1626,2109,-0.1
5842,Base-f462400,0-1,1.0,2108,1626,2109,-0.1
5844,Base-f462400,0-1,1.0,2109,1626,2109,-0.0
5847,New-c74a786,0-1,0.0,2109,1626,2110,-0.1
5845,New-c74a786,1-0,1.0,2110,1626,2110,-0.0
5846,Base-f462400,0-1,1.0,2111,1626,2110,0.1
5851,New-c74a786,1-0,1.0,2112,1626,2110,0.1
5849,New-c74a786,1/2-1/2,0.5,2112,1627,2110,0.1
5848,Base-f462400,0-1,1.0,2113,1627,2110,0.2
5850,Base-f462400,0-1,1.0,2114,1627,2110,0.2
5852,Base-f462400,0-1,1.0,2115,1627,2110,0.3
5855,New-c74a786,1/2-1/2,0.5,2115,1628,2110,0.3
5853,New-c74a786,1-0,1.0,2116,1628,2110,0.4
5854,Base-f462400,0-1,1.0,2117,1628,2110,0.4
5856,Base-f462400,0-1,1.0,2118,1628,2110,0.5
5858,Base-f462400,1-0,0.0,2118,1628,2111,0.4
5857,New-c74a786,1/2-1/2,0.5,2118,1629,2111,0.4
5859,New-c74a786,1-0,1.0,2119,1629,2111,0.5
5860,Base-f462400,1-0,0.0,2119,1629,2112,0.4
5864,Base-f462400,1/2-1/2,0.5,2119,1630,2112,0.4
5862,Base-f462400,0-1,1.0,2120,1630,2112,0.5
5861,New-c74a786,0-1,0.0,2120,1630,2113,0.4
5863,New-c74a786,1-0,1.0,2121,1630,2113,0.5
5865,New-c74a786,1-0,1.0,2122,1630,2113,0.5
5868,Base-f462400,1/2-1/2,0.5,2122,1631,2113,0.5
5866,Base-f462400,1/2-1/2,0.5,2122,1632,2113,0.5
5867,New-c74a786,1/2-1/2,0.5,2122,1633,2113,0.5
5870,Base-f462400,0-1,1.0,2123,1633,2113,0.6
5871,New-c74a786,1-0,1.0,2124,1633,2113,0.7
5872,Base-f462400,1/2-1/2,0.5,2124,1634,2113,0.7
5874,Base-f462400,1/2-1/2,0.5,2124,1635,2113,0.7
5869,New-c74a786,0-1,0.0,2124,1635,2114,0.6
5873,New-c74a786,0-1,0.0,2124,1635,2115,0.5
5876,Base-f462400,1-0,0.0,2124,1635,2116,0.5
5875,New-c74a786,1/2-1/2,0.5,2124,1636,2116,0.5
5879,New-c74a786,1-0,1.0,2125,1636,2116,0.5
5878,Base-f462400,1/2-1/2,0.5,2125,1637,2116,0.5
5880,Base-f462400,0-1,1.0,2126,1637,2116,0.6
5881,New-c74a786,1-0,1.0,2127,1637,2116,0.6
5877,New-c74a786,1/2-1/2,0.5,2127,1638,2116,0.6
5884,Base-f462400,1-0,0.0,2127,1638,2117,0.6
5883,New-c74a786,0-1,0.0,2127,1638,2118,0.5
5882,Base-f462400,1/2-1/2,0.5,2127,1639,2118,0.5
5885,New-c74a786,0-1,0.0,2127,1639,2119,0.5
5889,New-c74a786,1/2-1/2,0.5,2127,1640,2119,0.5
5886,Base-f462400,1/2-1/2,0.5,2127,1641,2119,0.5
5888,Base-f462400,0-1,1.0,2128,1641,2119,0.5
5887,New-c74a786,1-0,1.0,2129,1641,2119,0.6
5890,Base-f462400,0-1,1.0,2130,1641,2119,0.6
5891,New-c74a786,1-0,1.0,2131,1641,2119,0.7
5892,Base-f462400,1-0,0.0,2131,1641,2120,0.6
5897,New-c74a786,1/2-1/2,0.5,2131,1642,2120,0.6
5893,New-c74a786,1-0,1.0,2132,1642,2120,0.7
5895,New-c74a786,0-1,0.0,2132,1642,2121,0.6
5896,Base-f462400,1-0,0.0,2132,1642,2122,0.6
5894,Base-f462400,1-0,0.0,2132,1642,2123,0.5
5898,Base-f462400,1-0,0.0,2132,1642,2124,0.5
5900,Base-f462400,1/2-1/2,0.5,2132,1643,2124,0.5
5899,New-c74a786,1-0,1.0,2133,1643,2124,0.5
5901,New-c74a786,0-1,0.0,2133,1643,2125,0.5
5902,Base-f462400,0-1,1.0,2134,1643,2125,0.5
5906,Base-f462400,0-1,1.0,2135,1643,2125,0.6
5903,New-c74a786,1-0,1.0,2136,1643,2125,0.6
5904,Base-f462400,1/2-1/2,0.5,2136,1644,2125,0.6
5908,Base-f462400,1/2-1/2,0.5,2136,1645,2125,0.6
5905,New-c74a786,1-0,1.0,2137,1645,2125,0.7
5907,New-c74a786,1-0,1.0,2138,1645,2125,0.8
5910,Base-f462400,0-1,1.0,2139,1645,2125,0.8
5909,New-c74a786,1-0,1.0,2140,1645,2125,0.9
5911,New-c74a786,1-0,1.0,2141,1645,2125,0.9
5914,Base-f462400,1-0,0.0,2141,1645,2126,0.9
5916,Base-f462400,1-0,0.0,2141,1645,2127,0.8
5915,New-c74a786,1-0,1.0,2142,1645,2127,0.9
5912,Base-f462400,0-1,1.0,2143,1645,2127,0.9
5913,New-c74a786,1-0,1.0,2144,1645,2127,1.0
5917,New-c74a786,1-0,1.0,2145,1645,2127,1.1
5918,Base-f462400,0-1,1.0,2146,1645,2127,1.1
5919,New-c74a786,1-0,1.0,2147,1645,2127,1.2
5920,Base-f462400,0-1,1.0,2148,1645,2127,1.2
5921,New-c74a786,0-1,0.0,2148,1645,2128,1.2
5924,Base-f462400,0-1,1.0,2149,1645,2128,1.2
5922,Base-f462400,1-0,0.0,2149,1645,2129,1.2
5923,New-c74a786,1-0,1.0,2150,1645,2129,1.2
5926,Base-f462400,1-0,0.0,2150,1645,2130,1.2
5925,New-c74a786,1-0,1.0,2151,1645,2130,1.2
5927,New-c74a786,0-1,0.0,2151,1645,2131,1.2
5928,Base-f462400,1-0,0.0,2151,1645,2132,1.1
5931,New-c74a786,0-1,0.0,2151,1645,2133,1.1
5929,New-c74a786,1-0,1.0,2152,1645,2133,1.1
5933,New-c74a786,1-0,1.0,2153,1645,2133,1.2
5930,Base-f462400,0-1,1.0,2154,1645,2133,1.2
5932,Base-f462400,0-1,1.0,2155,1645,2133,1.3
5936,Base-f462400,1/2-1/2,0.5,2155,1646,2133,1.3
5934,Base-f462400,1/2-1/2,0.5,2155,1647,2133,1.3
5939,New-c74a786,1-0,1.0,2156,1647,2133,1.3
5935,New-c74a786,1-0,1.0,2157,1647,2133,1.4
5937,New-c74a786,1-0,1.0,2158,1647,2133,1.5
5938,Base-f462400,1-0,0.0,2158,1647,2134,1.4
5940,Base-f462400,0-1,1.0,2159,1647,2134,1.5
5941,New-c74a786,1-0,1.0,2160,1647,2134,1.5
5943,New-c74a786,1/2-1/2,0.5,2160,1648,2134,1.5
5942,Base-f462400,1-0,0.0,2160,1648,2135,1.5
5947,New-c74a786,0-1,0.0,2160,1648,2136,1.4
5946,Base-f462400,1-0,0.0,2160,1648,2137,1.3
5949,New-c74a786,1-0,1.0,2161,1648,2137,1.4
5944,Base-f462400,1/2-1/2,0.5,2161,1649,2137,1.4
5950,Base-f462400,1-0,0.0,2161,1649,2138,1.3
5948,Base-f462400,1/2-1/2,0.5,2161,1650,2138,1.3
5945,New-c74a786,1/2-1/2,0.5,2161,1651,2138,1.3
5952,Base-f462400,1-0,0.0,2161,1651,2139,1.3
5951,New-c74a786,1-0,1.0,2162,1651,2139,1.3
5953,New-c74a786,1/2-1/2,0.5,2162,1652,2139,1.3
5957,New-c74a786,1/2-1/2,0.5,2162,1653,2139,1.3
5955,New-c74a786,0-1,0.0,2162,1653,2140,1.3
5962,Base-f462400,1/2-1/2,0.5,2162,1654,2140,1.3
5954,Base-f462400,1-0,0.0,2162,1654,2141,1.2
5956,Base-f462400,0-1,1.0,2163,1654,2141,1.3
5958,Base-f462400,1-0,0.0,2163,1654,2142,1.2
5959,New-c74a786,0-1,0.0,2163,1654,2143,1.2
5960,Base-f462400,1-0,0.0,2163,1654,2144,1.1
5961,New-c74a786,0-1,0.0,2163,1654,2145,1.0
5965,New-c74a786,1/2-1/2,0.5,2163,1655,2145,1.0
5964,Base-f462400,1-0,0.0,2163,1655,2146,1.0
5963,New-c74a786,1-0,1.0,2164,1655,2146,1.0
5966,Base-f462400,0-1,1.0,2165,1655,2146,1.1
5968,Base-f462400,0-1,1.0,2166,1655,2146,1.2
5969,New-c74a786,0-1,0.0,2166,1655,2147,1.1
5967,New-c74a786,1/2-1/2,0.5,2166,1656,2147,1.1
5971,New-c74a786,0-1,0.0,2166,1656,2148,1.0
5970,Base-f462400,1-0,0.0,2166,1656,2149,1.0
5973,New-c74a786,1-0,1.0,2167,1656,2149,1.0
5972,Base-f462400,1/2-1/2,0.5,2167,1657,2149,1.0
5974,Base-f462400,1-0,0.0,2167,1657,2150,1.0
5976,Base-f462400,1-0,0.0,2167,1657,2151,0.9
5975,New-c74a786,1-0,1.0,2168,1657,2151,1.0
5977,New-c74a786,0-1,0.0,2168,1657,2152,0.9
5978,Base-f462400,1-0,0.0,2168,1657,2153,0.9
5980,Base-f462400,1-0,0.0,2168,1657,2154,0.8
5981,New-c74a786,1-0,1.0,2169,1657,2154,0.9
5979,New-c74a786,1/2-1/2,0.5,2169,1658,2154,0.9
5984,Base-f462400,1-0,0.0,2169,1658,2155,0.8
5982,Base-f462400,0-1,1.0,2170,1658,2155,0.9
5983,New-c74a786,0-1,0.0,2170,1658,2156,0.8
5985,New-c74a786,1-0,1.0,2171,1658,2156,0.9
5986,Base-f462400,1-0,0.0,2171,1658,2157,0.8
5987,New-c74a786,0-1,0.0,2171,1658,2158,0.8
5989,New-c74a786,1/2-1/2,0.5,2171,1659,2158,0.8
5988,Base-f462400,1/2-1/2,0.5,2171,1660,2158,0.8
5992,Base-f462400,1/2-1/2,0.5,2171,1661,2158,0.8
5991,New-c74a786,0-1,0.0,2171,1661,2159,0.7
5994,Base-f462400,0-1,1.0,2172,1661,2159,0.8
5990,Base-f462400,0-1,1.0,2173,1661,2159,0.8
5995,New-c74a786,0-1,0.0,2173,1661,2160,0.8
5998,Base-f462400,1/2-1/2,0.5,2173,1662,2160,0.8
5996,Base-f462400,0-1,1.0,2174,1662,2160,0.8
5993,New-c74a786,1-0,1.0,2175,1662,2160,0.9
5997,New-c74a786,0-1,0.0,2175,1662,2161,0.8
6001,New-c74a786,1-0,1.0,2176,1662,2161,0.9
5999,New-c74a786,1-0,1.0,2177,1662,2161,0.9
6004,Base-f462400,1/2-1/2,0.5,2177,1663,2161,0.9
6000,Base-f462400,1/2-1/2,0.5,2177,1664,2161,0.9
6003,New-c74a786,0-1,0.0,2177,1664,2162,0.9
6002,Base-f462400,1-0,0.0,2177,1664,2163,0.8
6005,New-c74a786,0-1,0.0,2177,1664,2164,0.8
6006,Base-f462400,1-0,0.0,2177,1664,2165,0.7
6008,Base-f462400,1-0,0.0,2177,1664,2166,0.6
6011,New-c74a786,1/2-1/2,0.5,2177,1665,2166,0.6
6014,Base-f462400,1/2-1/2,0.5,2177,1666,2166,0.6
6010,Base-f462400,1-0,0.0,2177,1666,2167,0.6
6009,New-c74a786,0-1,0.0,2177,1666,2168,0.5
6007,New-c74a786,0-1,0.0,2177,1666,2169,0.5
6012,Base-f462400,1/2-1/2,0.5,2177,1667,2169,0.5
6013,New-c74a786,1-0,1.0,2178,1667,2169,0.5
6016,Base-f462400,1/2-1/2,0.5,2178,1668,2169,0.5
6018,Base-f462400,1/2-1/2,0.5,2178,1669,2169,0.5
6017,New-c74a786,1-0,1.0,2179,1669,2169,0.6
6015,New-c74a786,1-0,1.0,2180,1669,2169,0.6
6019,New-c74a786,0-1,0.0,2180,1669,2170,0.6
6020,Base-f462400,1/2-1/2,0.5,2180,1670,2170,0.6
6021,New-c74a786,0-1,0.0,2180,1670,2171,0.5
6022,Base-f462400,1/2-1/2,0.5,2180,1671,2171,0.5
6023,New-c74a786,0-1,0.0,2180,1671,2172,0.5
6024,Base-f462400,0-1,1.0,2181,1671,2172,0.5
6025,New-c74a786,1-0,1.0,2182,1671,2172,0.6
6026,Base-f462400,1-0,0.0,2182,1671,2173,0.5
6030,Base-f462400,1-0,0.0,2182,1671,2174,0.5
6029,New-c74a786,0-1,0.0,2182,1671,2175,0.4
6027,New-c74a786,1-0,1.0,2183,1671,2175,0.5
6028,Base-f462400,0-1,1.0,2184,1671,2175,0.5
6031,New-c74a786,1-0,1.0,2185,1671,2175,0.6
6034,Base-f462400,1-0,0.0,2185,1671,2176,0.5
6033,New-c74a786,1-0,1.0,2186,1671,2176,0.6
6035,New-c74a786,1-0,1.0,2187,1671,2176,0.6
6038,Base-f462400,1-0,0.0,2187,1671,2177,0.6
6032,Base-f462400,0-1,1.0,2188,1671,2177,0.6
6036,Base-f462400,1/2-1/2,0.5,2188,1672,2177,0.6
6037,New-c74a786,1-0,1.0,2189,1672,2177,0.7
6045,New-c74a786,0-1,0.0,2189,1672,2178,0.6
6039,New-c74a786,1/2-1/2,0.5,2189,1673,2178,0.6
6044,Base-f462400,1-0,0.0,2189,1673,2179,0.6
6041,New-c74a786,1-0,1.0,2190,1673,2179,0.6
6043,New-c74a786,1/2-1/2,0.5,2190,1674,2179,0.6
6042,Base-f462400,1-0,0.0,2190,1674,2180,0.6
6046,Base-f462400,1/2-1/2,0.5,2190,1675,2180,0.6
6040,Base-f462400,0-1,1.0,2191,1675,2180,0.6
6049,New-c74a786,1-0,1.0,2192,1675,2180,0.7
6047,New-c74a786,1-0,1.0,2193,1675,2180,0.7
6051,New-c74a786,0-1,0.0,2193,1675,2181,0.7
6048,Base-f462400,1-0,0.0,2193,1675,2182,0.6
6050,Base-f462400,1-0,0.0,2193,1675,2183,0.6
6052,Base-f462400,0-1,1.0,2194,1675,2183,0.6
6053,New-c74a786,0-1,0.0,2194,1675,2184,0.6
6055,New-c74a786,1/2-1/2,0.5,2194,1676,2184,0.6
6054,Base-f462400,0-1,1.0,2195,1676,2184,0.6
6056,Base-f462400,1-0,0.0,2195,1676,2185,0.6
6061,New-c74a786,1-0,1.0,2196,1676,2185,0.6
6059,New-c74a786,0-1,0.0,2196,1676,2186,0.6
6058,Base-f462400,0-1,1.0,2197,1676,2186,0.6
6060,Base-f462400,0-1,1.0,2198,1676,2186,0.7
6057,New-c74a786,1/2-1/2,0.5,2198,1677,2186,0.7
6062,Base-f462400,0-1,1.0,2199,1677,2186,0.7
6063,New-c74a786,1-0,1.0,2200,1677,2186,0.8
6064,Base-f462400,1-0,0.0,2200,1677,2187,0.7
6065,New-c74a786,1/2-1/2,0.5,2200,1678,2187,0.7
6067,New-c74a786,1-0,1.0,2201,1678,2187,0.8
6068,Base-f462400,0-1,1.0,2202,1678,2187,0.9
6066,Base-f462400,1/2-1/2,0.5,2202,1679,2187,0.9
6069,New-c74a786,1-0,1.0,2203,1679,2187,0.9
6071,New-c74a786,0-1,0.0,2203,1679,2188,0.9
6072,Base-f462400,1-0,0.0,2203,1679,2189,0.8
6073,New-c74a786,0-1,0.0,2203,1679,2190,0.7
6070,Base-f462400,1/2-1/2,0.5,2203,1680,2190,0.7
6074,Base-f462400,1-0,0.0,2203,1680,2191,0.7
6076,Base-f462400,0-1,1.0,2204,1680,2191,0.7
6080,Base-f462400,1/2-1/2,0.5,2204,1681,2191,0.7
6077,New-c74a786,1/2-1/2,0.5,2204,1682,2191,0.7
6075,New-c74a786,0-1,0.0,2204,1682,2192,0.7
6079,New-c74a786,0-1,0.0,2204,1682,2193,0.6
6084,Base-f462400,1-0,0.0,2204,1682,2194,0.6
6083,New-c74a786,1/2-1/2,0.5,2204,1683,2194,0.6
6081,New-c74a786,1/2-1/2,0.5,2204,1684,2194,0.6
6082,Base-f462400,0-1,1.0,2205,1684,2194,0.6
6078,Base-f462400,1/2-1/2,0.5,2205,1685,2194,0.6
6085,New-c74a786,1-0,1.0,2206,1685,2194,0.7
6086,Base-f462400,0-1,1.0,2207,1685,2194,0.7
6090,Base-f462400,1/2-1/2,0.5,2207,1686,2194,0.7
6087,New-c74a786,1-0,1.0,2208,1686,2194,0.8
6088,Base-f462400,0-1,1.0,2209,1686,2194,0.9
6092,Base-f462400,1-0,0.0,2209,1686,2195,0.8
6091,New-c74a786,1-0,1.0,2210,1686,2195,0.9
6089,New-c74a786,1/2-1/2,0.5,2210,1687,2195,0.9
6093,New-c74a786,0-1,0.0,2210,1687,2196,0.8
6095,New-c74a786,1-0,1.0,2211,1687,2196,0.9
6094,Base-f462400,0-1,1.0,2212,1687,2196,0.9
6099,New-c74a786,1/2-1/2,0.5,2212,1688,2196,0.9
6096,Base-f462400,1/2-1/2,0.5,2212,1689,2196,0.9
6097,New-c74a786,0-1,0.0,2212,1689,2197,0.9
6098,Base-f462400,0-1,1.0,2213,1689,2197,0.9
6102,Base-f462400,1-0,0.0,2213,1689,2198,0.9
6100,Base-f462400,1-0,0.0,2213,1689,2199,0.8
6101,New-c74a786,0-1,0.0,2213,1689,2200,0.7
6104,Base-f462400,0-1,1.0,2214,1689,2200,0.8
6105,New-c74a786,1-0,1.0,2215,1689,2200,0.9
6103,New-c74a786,1-0,1.0,2216,1689,2200,0.9
6107,New-c74a786,0-1,0.0,2216,1689,2201,0.9
6106,Base-f462400,1/2-1/2,0.5,2216,1690,2201,0.9
6108,Base-f462400,0-1,1.0,2217,1690,2201,0.9
6113,New-c74a786,0-1,0.0,2217,1690,2202,0.9
6109,New-c74a786,1/2-1/2,0.5,2217,1691,2202,0.9
6112,Base-f462400,0-1,1.0,2218,1691,2202,0.9
6111,New-c74a786,1/2-1/2,0.5,2218,1692,2202,0.9
6110,Base-f462400,0-1,1.0,2219,1692,2202,1.0
6115,New-c74a786,1-0,1.0,2220,1692,2202,1.0
6114,Base-f462400,1/2-1/2,0.5,2220,1693,2202,1.0
6116,Base-f462400,1/2-1/2,0.5,2220,1694,2202,1.0
6120,Base-f462400,1/2-1/2,0.5,2220,1695,2202,1.0
6118,Base-f462400,0-1,1.0,2221,1695,2202,1.1
6117,New-c74a786,1-0,1.0,2222,1695,2202,1.1
6119,New-c74a786,1/2-1/2,0.5,2222,1696,2202,1.1
6121,New-c74a786,1/2-1/2,0.5,2222,1697,2202,1.1
6122,Base-f462400,1/2-1/2,0.5,2222,1698,2202,1.1
6123,New-c74a786,1-0,1.0,2223,1698,2202,1.2
6124,Base-f462400,0-1,1.0,2224,1698,2202,1.2
6125,New-c74a786,0-1,0.0,2224,1698,2203,1.2
6127,New-c74a786,0-1,0.0,2224,1698,2204,1.1
6126,Base-f462400,0-1,1.0,2225,1698,2204,1.2
6128,Base-f462400,0-1,1.0,2226,1698,2204,1.2
6130,Base-f462400,0-1,1.0,2227,1698,2204,1.3
6129,New-c74a786,1-0,1.0,2228,1698,2204,1.4
6132,Base-f462400,0-1,1.0,2229,1698,2204,1.4
6133,New-c74a786,1/2-1/2,0.5,2229,1699,2204,1.4
6135,New-c74a786,1-0,1.0,2230,1699,2204,1.5
6134,Base-f462400,1/2-1/2,0.5,2230,1700,2204,1.5
6136,Base-f462400,1-0,0.0,2230,1700,2205,1.4
6131,New-c74a786,1-0,1.0,2231,1700,2205,1.5
6137,New-c74a786,0-1,0.0,2231,1700,2206,1.4
6138,Base-f462400,1/2-1/2,0.5,2231,1701,2206,1.4
6143,New-c74a786,1-0,1.0,2232,1701,2206,1.5
6144,Base-f462400,1/2-1/2,0.5,2232,1702,2206,1.5
6139,New-c74a786,1/2-1/2,0.5,2232,1703,2206,1.5
6140,Base-f462400,1-0,0.0,2232,1703,2207,1.4
6141,New-c74a786,1/2-1/2,0.5,2232,1704,2207,1.4
6142,Base-f462400,1-0,0.0,2232,1704,2208,1.4
6146,Base-f462400,0-1,1.0,2233,1704,2208,1.4
6150,Base-f462400,1/2-1/2,0.5,2233,1705,2208,1.4
6145,New-c74a786,0-1,0.0,2233,1705,2209,1.4
6149,New-c74a786,0-1,0.0,2233,1705,2210,1.3
6147,New-c74a786,1-0,1.0,2234,1705,2210,1.4
6154,Base-f462400,0-1,1.0,2235,1705,2210,1.4
6151,New-c74a786,1/2-1/2,0.5,2235,1706,2210,1.4
6152,Base-f462400,1-0,0.0,2235,1706,2211,1.4
6148,Base-f462400,0-1,1.0,2236,1706,2211,1.4
6153,New-c74a786,0-1,0.0,2236,1706,2212,1.4
6156,Base-f462400,1-0,0.0,2236,1706,2213,1.3
6155,New-c74a786,0-1,0.0,2236,1706,2214,1.2
6157,New-c74a786,1/2-1/2,0.5,2236,1707,2214,1.2
6158,Base-f462400,0-1,1.0,2237,1707,2214,1.3
6159,New-c74a786,0-1,0.0,2237,1707,2215,1.2
6160,Base-f462400,0-1,1.0,2238,1707,2215,1.3
6161,New-c74a786,0-1,0.0,2238,1707,2216,1.2
6162,Base-f462400,0-1,1.0,2239,1707,2216,1.3
6164,Base-f462400,1-0,0.0,2239,1707,2217,1.2
6163,New-c74a786,1-0,1.0,2240,1707,2217,1.3
6165,New-c74a786,0-1,0.0,2240,1707,2218,1.2
6166,Base-f462400,1-0,0.0,2240,1707,2219,1.2
6169,New-c74a786,0-1,0.0,2240,1707,2220,1.1
6168,Base-f462400,1-0,0.0,2240,1707,2221,1.1
6172,Base-f462400,1/2-1/2,0.5,2240,1708,2221,1.1
6170,Base-f462400,0-1,1.0,2241,1708,2221,1.1
6173,New-c74a786,1/2-1/2,0.5,2241,1709,2221,1.1
6171,New-c74a786,1-0,1.0,2242,1709,2221,1.2
6174,Base-f462400,1-0,0.0,2242,1709,2222,1.1
6167,New-c74a786,1-0,1.0,2243,1709,2222,1.2
6177,New-c74a786,1-0,1.0,2244,1709,2222,1.2
6175,New-c74a786,1-0,1.0,2245,1709,2222,1.3
6176,Base-f462400,0-1,1.0,2246,1709,2222,1.3
6178,Base-f462400,1-0,0.0,2246,1709,2223,1.3
6180,Base-f462400,1/2-1/2,0.5,2246,1710,2223,1.3
6179,New-c74a786,1/2-1/2,0.5,2246,1711,2223,1.3
6182,Base-f462400,0-1,1.0,2247,1711,2223,1.3
6181,New-c74a786,1-0,1.0,2248,1711,2223,1.4
6183,New-c74a786,1/2-1/2,0.5,2248,1712,2223,1.4
6184,Base-f462400,1-0,0.0,2248,1712,2224,1.3
6190,Base-f462400,0-1,1.0,2249,1712,2224,1.4
6186,Base-f462400,0-1,1.0,2250,1712,2224,1.5
6185,New-c74a786,0-1,0.0,2250,1712,2225,1.4
6189,New-c74a786,1-0,1.0,2251,1712,2225,1.5
6191,New-c74a786,0-1,0.0,2251,1712,2226,1.4
6193,New-c74a786,1/2-1/2,0.5,2251,1713,2226,1.4
6187,New-c74a786,1/2-1/2,0.5,2251,1714,2226,1.4
6188,Base-f462400,1/2-1/2,0.5,2251,1715,2226,1.4
6194,Base-f462400,1-0,0.0,2251,1715,2227,1.3
6192,Base-f462400,0-1,1.0,2252,1715,2227,1.4
6197,New-c74a786,0-1,0.0,2252,1715,2228,1.3
6196,Base-f462400,0-1,1.0,2253,1715,2228,1.4
6195,New-c74a786,0-1,0.0,2253,1715,2229,1.3
6199,New-c74a786,1/2-1/2,0.5,2253,1716,2229,1.3
6198,Base-f462400,1/2-1/2,0.5,2253,1717,2229,1.3
6200,Base-f462400,1-0,0.0,2253,1717,2230,1.3
6201,New-c74a786,1-0,1.0,2254,1717,2230,1.3
6203,New-c74a786,1/2-1/2,0.5,2254,1718,2230,1.3
6202,Base-f462400,0-1,1.0,2255,1718,2230,1.4
6205,New-c74a786,1-0,1.0,2256,1718,2230,1.5
6204,Base-f462400,0-1,1.0,2257,1718,2230,1.5
6208,Base-f462400,1/2-1/2,0.5,2257,1719,2230,1.5
6206,Base-f462400,0-1,1.0,2258,1719,2230,1.6
6207,New-c74a786,0-1,0.0,2258,1719,2231,1.5
6209,New-c74a786,1/2-1/2,0.5,2258,1720,2231,1.5
6210,Base-f462400,0-1,1.0,2259,1720,2231,1.6
6211,New-c74a786,0-1,0.0,2259,1720,2232,1.5
6215,New-c74a786,1-0,1.0,2260,1720,2232,1.6
6213,New-c74a786,0-1,0.0,2260,1720,2233,1.5
6214,Base-f462400,0-1,1.0,2261,1720,2233,1.6
6216,Base-f462400,1-0,0.0,2261,1720,2234,1.5
6217,New-c74a786,0-1,0.0,2261,1720,2235,1.5
6212,Base-f462400,1/2-1/2,0.5,2261,1721,2235,1.5
6219,New-c74a786,1-0,1.0,2262,1721,2235,1.5
6218,Base-f462400,1/2-1/2,0.5,2262,1722,2235,1.5
6222,Base-f462400,1-0,0.0,2262,1722,2236,1.5
6220,Base-f462400,0-1,1.0,2263,1722,2236,1.5
6223,New-c74a786,0-1,0.0,2263,1722,2237,1.5
6221,New-c74a786,1/2-1/2,0.5,2263,1723,2237,1.5
6224,Base-f462400,0-1,1.0,2264,1723,2237,1.5
6225,New-c74a786,0-1,0.0,2264,1723,2238,1.5
6226,Base-f462400,1/2-1/2,0.5,2264,1724,2238,1.5
6228,Base-f462400,0-1,1.0,2265,1724,2238,1.5
6227,New-c74a786,0-1,0.0,2265,1724,2239,1.5
6232,Base-f462400,0-1,1.0,2266,1724,2239,1.5
6231,New-c74a786,0-1,0.0,2266,1724,2240,1.4
6230,Base-f462400,1/2-1/2,0.5,2266,1725,2240,1.4
6234,Base-f462400,1-0,0.0,2266,1725,2241,1.4
6229,New-c74a786,0-1,0.0,2266,1725,2242,1.3
6233,New-c74a786,1/2-1/2,0.5,2266,1726,2242,1.3
6235,New-c74a786,0-1,0.0,2266,1726,2243,1.3
6237,New-c74a786,1-0,1.0,2267,1726,2243,1.3
6236,Base-f462400,1/2-1/2,0.5,2267,1727,2243,1.3
6238,Base-f462400,1-0,0.0,2267,1727,2244,1.3
6239,New-c74a786,1-0,1.0,2268,1727,2244,1.3
6241,New-c74a786,1-0,1.0,2269,1727,2244,1.4
6240,Base-f462400,0-1,1.0,2270,1727,2244,1.4
6242,Base-f462400,1/2-1/2,0.5,2270,1728,2244,1.4
6243,New-c74a786,1-0,1.0,2271,1728,2244,1.5
6244,Base-f462400,1-0,0.0,2271,1728,2245,1.4
6245,New-c74a786,1-0,1.0,2272,1728,2245,1.5
6247,New-c74a786,1/2-1/2,0.5,2272,1729,2245,1.5
6246,Base-f462400,0-1,1.0,2273,1729,2245,1.6
6250,Base-f462400,1/2-1/2,0.5,2273,1730,2245,1.6
6248,Base-f462400,0-1,1.0,2274,1730,2245,1.6
6251,New-c74a786,0-1,0.0,2274,1730,2246,1.6
6249,New-c74a786,0-1,0.0,2274,1730,2247,1.5
6252,Base-f462400,0-1,1.0,2275,1730,2247,1.6
6256,Base-f462400,0-1,1.0,2276,1730,2247,1.6
6253,New-c74a786,1/2-1/2,0.5,2276,1731,2247,1.6
6254,Base-f462400,1-0,0.0,2276,1731,2248,1.6
6255,New-c74a786,1-0,1.0,2277,1731,2248,1.6
6257,New-c74a786,1-0,1.0,2278,1731,2248,1.7
6260,Base-f462400,1/2-1/2,0.5,2278,1732,2248,1.7
6259,New-c74a786,0-1,0.0,2278,1732,2249,1.6
6258,Base-f462400,0-1,1.0,2279,1732,2249,1.7
6263,New-c74a786,1-0,1.0,2280,1732,2249,1.7
6261,New-c74a786,0-1,0.0,2280,1732,2250,1.7
6262,Base-f462400,0-1,1.0,2281,1732,2250,1.7
6264,Base-f462400,1/2-1/2,0.5,2281,1733,2250,1.7
6265,New-c74a786,0-1,0.0,2281,1733,2251,1.7
6267,New-c74a786,0-1,0.0,2281,1733,2252,1.6
6266,Base-f462400,0-1,1.0,2282,1733,2252,1.7
6268,Base-f462400,1-0,0.0,2282,1733,2253,1.6
6272,Base-f462400,0-1,1.0,2283,1733,2253,1.7
6269,New-c74a786,1-0,1.0,2284,1733,2253,1.7
6270,Base-f462400,1-0,0.0,2284,1733,2254,1.7
6271,New-c74a786,1-0,1.0,2285,1733,2254,1.7
6273,New-c74a786,1/2-1/2,0.5,2285,1734,2254,1.7
6276,Base-f462400,1-0,0.0,2285,1734,2255,1.7
6274,Base-f462400,1-0,0.0,2285,1734,2256,1.6
6277,New-c74a786,0-1,0.0,2285,1734,2257,1.6
6275,New-c74a786,0-1,0.0,2285,1734,2258,1.5
6285,New-c74a786,0-1,0.0,2285,1734,2259,1.4
6286,Base-f462400,0-1,1.0,2286,1734,2259,1.5
6278,Base-f462400,1-0,0.0,2286,1734,2260,1.4
6279,New-c74a786,1-0,1.0,2287,1734,2260,1.5
6280,Base-f462400,1/2-1/2,0.5,2287,1735,2260,1.5
6281,New-c74a786,1-0,1.0,2288,1735,2260,1.5
6282,Base-f462400,1-0,0.0,2288,1735,2261,1.5
6283,New-c74a786,1/2-1/2,0.5,2288,1736,2261,1.5
6284,Base-f462400,1/2-1/2,0.5,2288,1737,2261,1.5
6287,New-c74a786,1/2-1/2,0.5,2288,1738,2261,1.5
6289,New-c74a786,1/2-1/2,0.5,2288,1739,2261,1.5
6288,Base-f462400,1-0,0.0,2288,1739,2262,1.4
6291,New-c74a786,0-1,0.0,2288,1739,2263,1.4
6296,Base-f462400,1-0,0.0,2288,1739,2264,1.3
6290,Base-f462400,1-0,0.0,2288,1739,2265,1.3
6294,Base-f462400,1-0,0.0,2288,1739,2266,1.2
6292,Base-f462400,0-1,1.0,2289,1739,2266,1.3
6293,New-c74a786,1-0,1.0,2290,1739,2266,1.3
6295,New-c74a786,1/2-1/2,0.5,2290,1740,2266,1.3
6297,New-c74a786,1/2-1/2,0.5,2290,1741,2266,1.3
6298,Base-f462400,1/2-1/2,0.5,2290,1742,2266,1.3
6299,New-c74a786,1/2-1/2,0.5,2290,1743,2266,1.3
6301,New-c74a786,1-0,1.0,2291,1743,2266,1.4
6300,Base-f462400,0-1,1.0,2292,1743,2266,1.4
6303,New-c74a786,0-1,0.0,2292,1743,2267,1.4
6307,New-c74a786,1/2-1/2,0.5,2292,1744,2267,1.4
6306,Base-f462400,1/2-1/2,0.5,2292,1745,2267,1.4
6302,Base-f462400,0-1,1.0,2293,1745,2267,1.4
6304,Base-f462400,1-0,0.0,2293,1745,2268,1.4
6310,Base-f462400,0-1,1.0,2294,1745,2268,1.4
6308,Base-f462400,0-1,1.0,2295,1745,2268,1.5
6305,New-c74a786,0-1,0.0,2295,1745,2269,1.4
6311,New-c74a786,1-0,1.0,2296,1745,2269,1.5
6313,New-c74a786,0-1,0.0,2296,1745,2270,1.4
6312,Base-f462400,1-0,0.0,2296,1745,2271,1.4
6309,New-c74a786,0-1,0.0,2296,1745,2272,1.3
6314,Base-f462400,1/2-1/2,0.5,2296,1746,2272,1.3
6316,Base-f462400,0-1,1.0,2297,1746,2272,1.4
6315,New-c74a786,0-1,0.0,2297,1746,2273,1.3
6317,New-c74a786,0-1,0.0,2297,1746,2274,1.3
6319,New-c74a786,0-1,0.0,2297,1746,2275,1.2
6318,Base-f462400,1-0,0.0,2297,1746,2276,1.2
6322,Base-f462400,1-0,0.0,2297,1746,2277,1.1
6320,Base-f462400,0-1,1.0,2298,1746,2277,1.2
6321,New-c74a786,1/2-1/2,0.5,2298,1747,2277,1.2
6324,Base-f462400,0-1,1.0,2299,1747,2277,1.2
6323,New-c74a786,0-1,0.0,2299,1747,2278,1.2
6326,Base-f462400,1-0,0.0,2299,1747,2279,1.1
6327,New-c74a786,1/2-1/2,0.5,2299,1748,2279,1.1
6325,New-c74a786,1/2-1/2,0.5,2299,1749,2279,1.1
6328,Base-f462400,1-0,0.0,2299,1749,2280,1.0
6330,Base-f462400,0-1,1.0,2300,1749,2280,1.1
6333,New-c74a786,1/2-1/2,0.5,2300,1750,2280,1.1
6335,New-c74a786,0-1,0.0,2300,1750,2281,1.0
6332,Base-f462400,0-1,1.0,2301,1750,2281,1.1
6329,New-c74a786,1-0,1.0,2302,1750,2281,1.2
6336,Base-f462400,1-0,0.0,2302,1750,2282,1.1
6334,Base-f462400,1/2-1/2,0.5,2302,1751,2282,1.1
6331,New-c74a786,0-1,0.0,2302,1751,2283,1.0
6337,New-c74a786,1-0,1.0,2303,1751,2283,1.1
6340,Base-f462400,1/2-1/2,0.5,2303,1752,2283,1.1
6343,New-c74a786,0-1,0.0,2303,1752,2284,1.0
6339,New-c74a786,0-1,0.0,2303,1752,2285,1.0
6338,Base-f462400,1-0,0.0,2303,1752,2286,0.9
6341,New-c74a786,0-1,0.0,2303,1752,2287,0.9
6342,Base-f462400,1-0,0.0,2303,1752,2288,0.8
6344,Base-f462400,1/2-1/2,0.5,2303,1753,2288,0.8
6346,Base-f462400,1/2-1/2,0.5,2303,1754,2288,0.8
6345,New-c74a786,1-0,1.0,2304,1754,2288,0.9
6347,New-c74a786,1-0,1.0,2305,1754,2288,0.9
6348,Base-f462400,0-1,1.0,2306,1754,2288,1.0
6349,New-c74a786,1/2-1/2,0.5,2306,1755,2288,1.0
6351,New-c74a786,1-0,1.0,2307,1755,2288,1.0
6350,Base-f462400,0-1,1.0,2308,1755,2288,1.1
6352,Base-f462400,0-1,1.0,2309,1755,2288,1.1
6354,Base-f462400,0-1,1.0,2310,1755,2288,1.2
6353,New-c74a786,0-1,0.0,2310,1755,2289,1.1
6358,Base-f462400,1/2-1/2,0.5,2310,1756,2289,1.1
6359,New-c74a786,1/2-1/2,0.5,2310,1757,2289,1.1
6355,New-c74a786,0-1,0.0,2310,1757,2290,1.1
6356,Base-f462400,0-1,1.0,2311,1757,2290,1.1
6357,New-c74a786,0-1,0.0,2311,1757,2291,1.1
6360,Base-f462400,1/2-1/2,0.5,2311,1758,2291,1.1
6363,New-c74a786,1-0,1.0,2312,1758,2291,1.1
6361,New-c74a786,1-0,1.0,2313,1758,2291,1.2
6366,Base-f462400,1/2-1/2,0.5,2313,1759,2291,1.2
6364,Base-f462400,1/2-1/2,0.5,2313,1760,2291,1.2
6365,New-c74a786,0-1,0.0,2313,1760,2292,1.1
6362,Base-f462400,0-1,1.0,2314,1760,2292,1.2
6367,New-c74a786,0-1,0.0,2314,1760,2293,1.1
6368,Base-f462400,1-0,0.0,2314,1760,2294,1.1
6370,Base-f462400,1-0,0.0,2314,1760,2295,1.0
6373,New-c74a786,1/2-1/2,0.5,2314,1761,2295,1.0
6369,New-c74a786,0-1,0.0,2314,1761,2296,1.0
6371,New-c74a786,1-0,1.0,2315,1761,2296,1.0
6372,Base-f462400,0-1,1.0,2316,1761,2296,1.1
6374,Base-f462400,1-0,0.0,2316,1761,2297,1.0
6375,New-c74a786,1-0,1.0,2317,1761,2297,1.1
6379,New-c74a786,1-0,1.0,2318,1761,2297,1.1
6376,Base-f462400,1/2-1/2,0.5,2318,1762,2297,1.1
6377,New-c74a786,1-0,1.0,2319,1762,2297,1.2
6381,New-c74a786,1-0,1.0,2320,1762,2297,1.3
6378,Base-f462400,1/2-1/2,0.5,2320,1763,2297,1.3
6380,Base-f462400,1-0,0.0,2320,1763,2298,1.2
6382,Base-f462400,1/2-1/2,0.5,2320,1764,2298,1.2
6383,New-c74a786,0-1,0.0,2320,1764,2299,1.1
6385,New-c74a786,1/2-1/2,0.5,2320,1765,2299,1.1
6387,New-c74a786,1-0,1.0,2321,1765,2299,1.2
6388,Base-f462400,1/2-1/2,0.5,2321,1766,2299,1.2
6384,Base-f462400,0-1,1.0,2322,1766,2299,1.3
6389,New-c74a786,0-1,0.0,2322,1766,2300,1.2
6386,Base-f462400,1-0,0.0,2322,1766,2301,1.1
6390,Base-f462400,1/2-1/2,0.5,2322,1767,2301,1.1
6392,Base-f462400,0-1,1.0,2323,1767,2301,1.2
6391,New-c74a786,0-1,0.0,2323,1767,2302,1.1
6395,New-c74a786,0-1,0.0,2323,1767,2303,1.1
6393,New-c74a786,0-1,0.0,2323,1767,2304,1.0
6398,Base-f462400,1/2-1/2,0.5,2323,1768,2304,1.0
6399,New-c74a786,1-0,1.0,2324,1768,2304,1.1
6396,Base-f462400,1-0,0.0,2324,1768,2305,1.0
6397,New-c74a786,0-1,0.0,2324,1768,2306,1.0
6394,Base-f462400,1/2-1/2,0.5,2324,1769,2306,1.0
6400,Base-f462400,1/2-1/2,0.5,2324,1770,2306,1.0
6404,Base-f462400,1/2-1/2,0.5,2324,1771,2306,1.0
6401,New-c74a786,0-1,0.0,2324,1771,2307,0.9
6402,Base-f462400,0-1,1.0,2325,1771,2307,1.0
6403,New-c74a786,0-1,0.0,2325,1771,2308,0.9
6407,New-c74a786,1/2-1/2,0.5,2325,1772,2308,0.9
6405,New-c74a786,1-0,1.0,2326,1772,2308,1.0
6406,Base-f462400,1/2-1/2,0.5,2326,1773,2308,1.0
6409,New-c74a786,1-0,1.0,2327,1773,2308,1.0
6415,New-c74a786,1/2-1/2,0.5,2327,1774,2308,1.0
6413,New-c74a786,1-0,1.0,2328,1774,2308,1.1
6408,Base-f462400,0-1,1.0,2329,1774,2308,1.1
6410,Base-f462400,1-0,0.0,2329,1774,2309,1.1
6412,Base-f462400,0-1,1.0,2330,1774,2309,1.1
6414,Base-f462400,0-1,1.0,2331,1774,2309,1.2
6417,New-c74a786,0-1,0.0,2331,1774,2310,1.1
6411,New-c74a786,1-0,1.0,2332,1774,2310,1.2
6419,New-c74a786,1-0,1.0,2333,1774,2310,1.2
6416,Base-f462400,1-0,0.0,2333,1774,2311,1.2
6418,Base-f462400,1/2-1/2,0.5,2333,1775,2311,1.2
6420,Base-f462400,1-0,0.0,2333,1775,2312,1.1
6421,New-c74a786,0-1,0.0,2333,1775,2313,1.1
6423,New-c74a786,1-0,1.0,2334,1775,2313,1.1
6424,Base-f462400,1-0,0.0,2334,1775,2314,1.1
6422,Base-f462400,0-1,1.0,2335,1775,2314,1.1
6425,New-c74a786,0-1,0.0,2335,1775,2315,1.1
6426,Base-f462400,1-0,0.0,2335,1775,2316,1.0
6428,Base-f462400,1/2-1/2,0.5,2335,1776,2316,1.0
6427,New-c74a786,1-0,1.0,2336,1776,2316,1.1
6431,New-c74a786,1/2-1/2,0.5,2336,1777,2316,1.1
6430,Base-f462400,0-1,1.0,2337,1777,2316,1.1
6429,New-c74a786,0-1,0.0,2337,1777,2317,1.1
6432,Base-f462400,1-0,0.0,2337,1777,2318,1.0
6433,New-c74a786,0-1,0.0,2337,1777,2319,1.0
6434,Base-f462400,1/2-1/2,0.5,2337,1778,2319,1.0
6435,New-c74a786,1/2-1/2,0.5,2337,1779,2319,1.0
6437,New-c74a786,0-1,0.0,2337,1779,2320,0.9
6438,Base-f462400,1-0,0.0,2337,1779,2321,0.9
6436,Base-f462400,1/2-1/2,0.5,2337,1780,2321,0.9
6441,New-c74a786,1/2-1/2,0.5,2337,1781,2321,0.9
6439,New-c74a786,1/2-1/2,0.5,2337,1782,2321,0.9
6440,Base-f462400,1/2-1/2,0.5,2337,1783,2321,0.9
6442,Base-f462400,1-0,0.0,2337,1783,2322,0.8
6446,Base-f462400,1/2-1/2,0.5,2337,1784,2322,0.8
6443,New-c74a786,1-0,1.0,2338,1784,2322,0.9
6444,Base-f462400,1/2-1/2,0.5,2338,1785,2322,0.9
6447,New-c74a786,0-1,0.0,2338,1785,2323,0.8
6445,New-c74a786,1/2-1/2,0.5,2338,1786,2323,0.8
6448,Base-f462400,0-1,1.0,2339,1786,2323,0.9
6451,New-c74a786,1-0,1.0,2340,1786,2323,0.9
6452,Base-f462400,1-0,0.0,2340,1786,2324,0.9
6450,Base-f462400,0-1,1.0,2341,1786,2324,0.9
6449,New-c74a786,0-1,0.0,2341,1786,2325,0.9
6453,New-c74a786,1/2-1/2,0.5,2341,1787,2325,0.9
6454,Base-f462400,1-0,0.0,2341,1787,2326,0.8
6456,Base-f462400,1-0,0.0,2341,1787,2327,0.8
6455,New-c74a786,1-0,1.0,2342,1787,2327,0.8
6458,Base-f462400,1-0,0.0,2342,1787,2328,0.8
6462,Base-f462400,1/2-1/2,0.5,2342,1788,2328,0.8
6459,New-c74a786,1-0,1.0,2343,1788,2328,0.8
6460,Base-f462400,0-1,1.0,2344,1788,2328,0.9
6457,New-c74a786,1/2-1/2,0.5,2344,1789,2328,0.9
6465,New-c74a786,1-0,1.0,2345,1789,2328,0.9
6461,New-c74a786,1/2-1/2,0.5,2345,1790,2328,0.9
6463,New-c74a786,1-0,1.0,2346,1790,2328,1.0
6467,New-c74a786,1-0,1.0,2347,1790,2328,1.0
6464,Base-f462400,1/2-1/2,0.5,2347,1791,2328,1.0
6471,New-c74a786,1-0,1.0,2348,1791,2328,1.1
6466,Base-f462400,1-0,0.0,2348,1791,2329,1.0
6469,New-c74a786,0-1,0.0,2348,1791,2330,1.0
6468,Base-f462400,0-1,1.0,2349,1791,2330,1.0
6472,Base-f462400,1/2-1/2,0.5,2349,1792,2330,1.0
6470,Base-f462400,1/2-1/2,0.5,2349,1793,2330,1.0
6473,New-c74a786,1-0,1.0,2350,1793,2330,1.1
6475,New-c74a786,0-1,0.0,2350,1793,2331,1.0
6476,Base-f462400,0-1,1.0,2351,1793,2331,1.1
6477,New-c74a786,1-0,1.0,2352,1793,2331,1.1
6474,Base-f462400,0-1,1.0,2353,1793,2331,1.2
6480,Base-f462400,0-1,1.0,2354,1793,2331,1.2
6478,Base-f462400,0-1,1.0,2355,1793,2331,1.3
6479,New-c74a786,1-0,1.0,2356,1793,2331,1.3
6481,New-c74a786,1-0,1.0,2357,1793,2331,1.4
6487,New-c74a786,1/2-1/2,0.5,2357,1794,2331,1.4
6489,New-c74a786,1/2-1/2,0.5,2357,1795,2331,1.4
6484,Base-f462400,0-1,1.0,2358,1795,2331,1.4
6482,Base-f462400,1/2-1/2,0.5,2358,1796,2331,1.4
6483,New-c74a786,1/2-1/2,0.5,2358,1797,2331,1.4
6486,Base-f462400,1-0,0.0,2358,1797,2332,1.4
6488,Base-f462400,1/2-1/2,0.5,2358,1798,2332,1.4
6485,New-c74a786,1-0,1.0,2359,1798,2332,1.4
6490,Base-f462400,0-1,1.0,2360,1798,2332,1.5
6492,Base-f462400,0-1,1.0,2361,1798,2332,1.6
6497,New-c74a786,1/2-1/2,0.5,2361,1799,2332,1.6
6491,New-c74a786,0-1,0.0,2361,1799,2333,1.5
6493,New-c74a786,1-0,1.0,2362,1799,2333,1.6
6494,Base-f462400,0-1,1.0,2363,1799,2333,1.6
6495,New-c74a786,1/2-1/2,0.5,2363,1800,2333,1.6
6496,Base-f462400,1-0,0.0,2363,1800,2334,1.6
6499,New-c74a786,1-0,1.0,2364,1800,2334,1.6
6498,Base-f462400,1-0,0.0,2364,1800,2335,1.6
6501,New-c74a786,0-1,0.0,2364,1800,2336,1.5
6503,New-c74a786,1/2-1/2,0.5,2364,1801,2336,1.5
6500,Base-f462400,1/2-1/2,0.5,2364,1802,2336,1.5
6502,Base-f462400,0-1,1.0,2365,1802,2336,1.5
6504,Base-f462400,0-1,1.0,2366,1802,2336,1.6
6505,New-c74a786,1-0,1.0,2367,1802,2336,1.7
6510,Base-f462400,0-1,1.0,2368,1802,2336,1.7
6509,New-c74a786,0-1,0.0,2368,1802,2337,1.7
6508,Base-f462400,0-1,1.0,2369,1802,2337,1.7
6507,New-c74a786,1/2-1/2,0.5,2369,1803,2337,1.7
6506,Base-f462400,1/2-1/2,0.5,2369,1804,2337,1.7
6512,Base-f462400,1/2-1/2,0.5,2369,1805,2337,1.7
6514,Base-f462400,1-0,0.0,2369,1805,2338,1.7
6511,New-c74a786,1/2-1/2,0.5,2369,1806,2338,1.7
6516,Base-f462400,1/2-1/2,0.5,2369,1807,2338,1.7
6513,New-c74a786,1/2-1/2,0.5,2369,1808,2338,1.7
6515,New-c74a786,1-0,1.0,2370,1808,2338,1.7
6518,Base-f462400,0-1,1.0,2371,1808,2338,1.8
6517,New-c74a786,1-0,1.0,2372,1808,2338,1.8
6520,Base-f462400,1-0,0.0,2372,1808,2339,1.8
6521,New-c74a786,1-0,1.0,2373,1808,2339,1.8
6523,New-c74a786,0-1,0.0,2373,1808,2340,1.8
6519,New-c74a786,0-1,0.0,2373,1808,2341,1.7
6522,Base-f462400,0-1,1.0,2374,1808,2341,1.8
6525,New-c74a786,1/2-1/2,0.5,2374,1809,2341,1.8
6527,New-c74a786,1/2-1/2,0.5,2374,1810,2341,1.8
6526,Base-f462400,1/2-1/2,0.5,2374,1811,2341,1.8
6524,Base-f462400,1/2-1/2,0.5,2374,1812,2341,1.8
6528,Base-f462400,1/2-1/2,0.5,2374,1813,2341,1.8
6529,New-c74a786,0-1,0.0,2374,1813,2342,1.7
6530,Base-f462400,1-0,0.0,2374,1813,2343,1.6
6531,New-c74a786,0-1,0.0,2374,1813,2344,1.6
6535,New-c74a786,1/2-1/2,0.5,2374,1814,2344,1.6
6533,New-c74a786,1/2-1/2,0.5,2374,1815,2344,1.6
6532,Base-f462400,0-1,1.0,2375,1815,2344,1.6
6534,Base-f462400,1-0,0.0,2375,1815,2345,1.6
6537,New-c74a786,1/2-1/2,0.5,2375,1816,2345,1.6
6539,New-c74a786,1-0,1.0,2376,1816,2345,1.6
6538,Base-f462400,1/2-1/2,0.5,2376,1817,2345,1.6
6536,Base-f462400,1/2-1/2,0.5,2376,1818,2345,1.6
6540,Base-f462400,0-1,1.0,2377,1818,2345,1.7
6541,New-c74a786,1-0,1.0,2378,1818,2345,1.8
6546,Base-f462400,1-0,0.0,2378,1818,2346,1.7
6545,New-c74a786,0-1,0.0,2378,1818,2347,1.6
6544,Base-f462400,1/2-1/2,0.5,2378,1819,2347,1.6
6542,Base-f462400,1/2-1/2,0.5,2378,1820,2347,1.6
6543,New-c74a786,1/2-1/2,0.5,2378,1821,2347,1.6
6547,New-c74a786,1/2-1/2,0.5,2378,1822,2347,1.6
6549,New-c74a786,1-0,1.0,2379,1822,2347,1.7
6548,Base-f462400,1/2-1/2,0.5,2379,1823,2347,1.7
6552,Base-f462400,1/2-1/2,0.5,2379,1824,2347,1.7
6550,Base-f462400,1-0,0.0,2379,1824,2348,1.6
6553,New-c74a786,1-0,1.0,2380,1824,2348,1.7
6551,New-c74a786,1-0,1.0,2381,1824,2348,1.7
6556,Base-f462400,0-1,1.0,2382,1824,2348,1.8
6554,Base-f462400,0-1,1.0,2383,1824,2348,1.9
6557,New-c74a786,0-1,0.0,2383,1824,2349,1.8
6555,New-c74a786,1/2-1/2,0.5,2383,1825,2349,1.8
6560,Base-f462400,0-1,1.0,2384,1825,2349,1.9
6558,Base-f462400,1-0,0.0,2384,1825,2350,1.8
6559,New-c74a786,1-0,1.0,2385,1825,2350,1.9
6562,Base-f462400,1/2-1/2,0.5,2385,1826,2350,1.9
6561,New-c74a786,1/2-1/2,0.5,2385,1827,2350,1.9
6565,New-c74a786,0-1,0.0,2385,1827,2351,1.8
6563,New-c74a786,1-0,1.0,2386,1827,2351,1.9
6568,Base-f462400,0-1,1.0,2387,1827,2351,1.9
6564,Base-f462400,1/2-1/2,0.5,2387,1828,2351,1.9
6574,Base-f462400,1/2-1/2,0.5,2387,1829,2351,1.9
6566,Base-f462400,0-1,1.0,2388,1829,2351,2.0
6570,Base-f462400,1-0,0.0,2388,1829,2352,1.9
6567,New-c74a786,1/2-1/2,0.5,2388,1830,2352,1.9
6569,New-c74a786,0-1,0.0,2388,1830,2353,1.9
6572,Base-f462400,1/2-1/2,0.5,2388,1831,2353,1.9
6573,New-c74a786,1/2-1/2,0.5,2388,1832,2353,1.9
6571,New-c74a786,1/2-1/2,0.5,2388,1833,2353,1.8
6575,New-c74a786,0-1,0.0,2388,1833,2354,1.8
6579,New-c74a786,1-0,1.0,2389,1833,2354,1.8
6577,New-c74a786,1-0,1.0,2390,1833,2354,1.9
6578,Base-f462400,0-1,1.0,2391,1833,2354,2.0
6576,Base-f462400,1-0,0.0,2391,1833,2355,1.9
6580,Base-f462400,1-0,0.0,2391,1833,2356,1.8
6581,New-c74a786,0-1,0.0,2391,1833,2357,1.8
6582,Base-f462400,1-0,0.0,2391,1833,2358,1.7
6583,New-c74a786,1-0,1.0,2392,1833,2358,1.8
6584,Base-f462400,1-0,0.0,2392,1833,2359,1.7
6585,New-c74a786,1/2-1/2,0.5,2392,1834,2359,1.7
6589,New-c74a786,0-1,0.0,2392,1834,2360,1.7
6587,New-c74a786,1-0,1.0,2393,1834,2360,1.7
6588,Base-f462400,1-0,0.0,2393,1834,2361,1.7
6586,Base-f462400,1/2-1/2,0.5,2393,1835,2361,1.7
6591,New-c74a786,1/2-1/2,0.5,2393,1836,2361,1.7
6590,Base-f462400,1-0,0.0,2393,1836,2362,1.6
6593,New-c74a786,1/2-1/2,0.5,2393,1837,2362,1.6
6592,Base-f462400,1-0,0.0,2393,1837,2363,1.6
6596,Base-f462400,1-0,0.0,2393,1837,2364,1.5
6595,New-c74a786,0-1,0.0,2393,1837,2365,1.5
6600,Base-f462400,0-1,1.0,2394,1837,2365,1.5
6598,Base-f462400,0-1,1.0,2395,1837,2365,1.6
6597,New-c74a786,1-0,1.0,2396,1837,2365,1.6
6599,New-c74a786,1/2-1/2,0.5,2396,1838,2365,1.6
6594,Base-f462400,1/2-1/2,0.5,2396,1839,2365,1.6
6603,New-c74a786,1/2-1/2,0.5,2396,1840,2365,1.6
6601,New-c74a786,0-1,0.0,2396,1840,2366,1.6
6602,Base-f462400,1-0,0.0,2396,1840,2367,1.5
6606,Base-f462400,1-0,0.0,2396,1840,2368,1.5
6607,New-c74a786,1/2-1/2,0.5,2396,1841,2368,1.5
6604,Base-f462400,0-1,1.0,2397,1841,2368,1.5
6605,New-c74a786,1-0,1.0,2398,1841,2368,1.6
6611,New-c74a786,0-1,0.0,2398,1841,2369,1.5
6609,New-c74a786,0-1,0.0,2398,1841,2370,1.5
6610,Base-f462400,0-1,1.0,2399,1841,2370,1.5
6608,Base-f462400,1-0,0.0,2399,1841,2371,1.5
6612,Base-f462400,1/2-1/2,0.5,2399,1842,2371,1.5
6614,Base-f462400,1-0,0.0,2399,1842,2372,1.4
6615,New-c74a786,0-1,0.0,2399,1842,2373,1.4
6613,New-c74a786,0-1,0.0,2399,1842,2374,1.3
6616,Base-f462400,1-0,0.0,2399,1842,2375,1.3
6617,New-c74a786,0-1,0.0,2399,1842,2376,1.2
6618,Base-f462400,1/2-1/2,0.5,2399,1843,2376,1.2
6620,Base-f462400,0-1,1.0,2400,1843,2376,1.3
6622,Base-f462400,0-1,1.0,2401,1843,2376,1.3
6619,New-c74a786,1-0,1.0,2402,1843,2376,1.4
6623,New-c74a786,1-0,1.0,2403,1843,2376,1.4
6621,New-c74a786,1-0,1.0,2404,1843,2376,1.5
6624,Base-f462400,1-0,0.0,2404,1843,2377,1.4
6625,New-c74a786,0-1,0.0,2404,1843,2378,1.4
6627,New-c74a786,1-0,1.0,2405,1843,2378,1.4
6626,Base-f462400,1-0,0.0,2405,1843,2379,1.4
6630,Base-f462400,1-0,0.0,2405,1843,2380,1.3
6628,Base-f462400,1-0,0.0,2405,1843,2381,1.3
6631,New-c74a786,1/2-1/2,0.5,2405,1844,2381,1.3
6629,New-c74a786,1-0,1.0,2406,1844,2381,1.3
6633,New-c74a786,1-0,1.0,2407,1844,2381,1.4
6635,New-c74a786,1-0,1.0,2408,1844,2381,1.4
6632,Base-f462400,1-0,0.0,2408,1844,2382,1.4
6634,Base-f462400,0-1,1.0,2409,1844,2382,1.4
6636,Base-f462400,1-0,0.0,2409,1844,2383,1.4
6637,New-c74a786,1-0,1.0,2410,1844,2383,1.4
6638,Base-f462400,0-1,1.0,2411,1844,2383,1.5
6644,Base-f462400,0-1,1.0,2412,1844,2383,1.5
6639,New-c74a786,1-0,1.0,2413,1844,2383,1.6
6641,New-c74a786,1/2-1/2,0.5,2413,1845,2383,1.6
6640,Base-f462400,1/2-1/2,0.5,2413,1846,2383,1.6
6643,New-c74a786,0-1,0.0,2413,1846,2384,1.5
6642,Base-f462400,0-1,1.0,2414,1846,2384,1.6
6645,New-c74a786,1/2-1/2,0.5,2414,1847,2384,1.6
6646,Base-f462400,1/2-1/2,0.5,2414,1848,2384,1.6
6647,New-c74a786,0-1,0.0,2414,1848,2385,1.5
6655,New-c74a786,0-1,0.0,2414,1848,2386,1.5
6651,New-c74a786,1-0,1.0,2415,1848,2386,1.5
6648,Base-f462400,0-1,1.0,2416,1848,2386,1.6
6649,New-c74a786,1-0,1.0,2417,1848,2386,1.6
6653,New-c74a786,1/2-1/2,0.5,2417,1849,2386,1.6
6652,Base-f462400,0-1,1.0,2418,1849,2386,1.7
6654,Base-f462400,0-1,1.0,2419,1849,2386,1.7
6650,Base-f462400,1/2-1/2,0.5,2419,1850,2386,1.7
6656,Base-f462400,0-1,1.0,2420,1850,2386,1.8
6657,New-c74a786,1-0,1.0,2421,1850,2386,1.8
6658,Base-f462400,1-0,0.0,2421,1850,2387,1.8
6659,New-c74a786,1/2-1/2,0.5,2421,1851,2387,1.8
6660,Base-f462400,1/2-1/2,0.5,2421,1852,2387,1.8
6661,New-c74a786,1-0,1.0,2422,1852,2387,1.8
6662,Base-f462400,1-0,0.0,2422,1852,2388,1.8
6663,New-c74a786,0-1,0.0,2422,1852,2389,1.7
6664,Base-f462400,0-1,1.0,2423,1852,2389,1.8
6665,New-c74a786,0-1,0.0,2423,1852,2390,1.7
6666,Base-f462400,0-1,1.0,2424,1852,2390,1.8
6667,New-c74a786,0-1,0.0,2424,1852,2391,1.7
6669,New-c74a786,1-0,1.0,2425,1852,2391,1.8
6668,Base-f462400,0-1,1.0,2426,1852,2391,1.8
6670,Base-f462400,1/2-1/2,0.5,2426,1853,2391,1.8
6671,New-c74a786,0-1,0.0,2426,1853,2392,1.8
6672,Base-f462400,1-0,0.0,2426,1853,2393,1.7
6673,New-c74a786,0-1,0.0,2426,1853,2394,1.7
6678,Base-f462400,1/2-1/2,0.5,2426,1854,2394,1.7
6675,New-c74a786,0-1,0.0,2426,1854,2395,1.6
6674,Base-f462400,0-1,1.0,2427,1854,2395,1.7
6677,New-c74a786,0-1,0.0,2427,1854,2396,1.6
6676,Base-f462400,1-0,0.0,2427,1854,2397,1.6
6680,Base-f462400,1-0,0.0,2427,1854,2398,1.5
6679,New-c74a786,0-1,0.0,2427,1854,2399,1.5
6681,New-c74a786,0-1,0.0,2427,1854,2400,1.4
6682,Base-f462400,0-1,1.0,2428,1854,2400,1.5
6684,Base-f462400,1-0,0.0,2428,1854,2401,1.4
6683,New-c74a786,1-0,1.0,2429,1854,2401,1.5
6685,New-c74a786,1-0,1.0,2430,1854,2401,1.5
6686,Base-f462400,1-0,0.0,2430,1854,2402,1.5
6687,New-c74a786,1-0,1.0,2431,1854,2402,1.5
6688,Base-f462400,0-1,1.0,2432,1854,2402,1.6
6690,Base-f462400,1-0,0.0,2432,1854,2403,1.5
6689,New-c74a786,0-1,0.0,2432,1854,2404,1.5
6694,Base-f462400,1/2-1/2,0.5,2432,1855,2404,1.5
6692,Base-f462400,1-0,0.0,2432,1855,2405,1.4
6693,New-c74a786,1/2-1/2,0.5,2432,1856,2405,1.4
6695,New-c74a786,0-1,0.0,2432,1856,2406,1.3
6691,New-c74a786,1/2-1/2,0.5,2432,1857,2406,1.3
6696,Base-f462400,0-1,1.0,2433,1857,2406,1.4
6698,Base-f462400,1/2-1/2,0.5,2433,1858,2406,1.4
6697,New-c74a786,1-0,1.0,2434,1858,2406,1.5
6699,New-c74a786,1-0,1.0,2435,1858,2406,1.5
6705,New-c74a786,1-0,1.0,2436,1858,2406,1.6
6701,New-c74a786,1-0,1.0,2437,1858,2406,1.6
6702,Base-f462400,1-0,0.0,2437,1858,2407,1.6
6703,New-c74a786,1/2-1/2,0.5,2437,1859,2407,1.6
6704,Base-f462400,0-1,1.0,2438,1859,2407,1.6
6708,Base-f462400,1/2-1/2,0.5,2438,1860,2407,1.6
6700,Base-f462400,1-0,0.0,2438,1860,2408,1.6
6706,Base-f462400,0-1,1.0,2439,1860,2408,1.6
6707,New-c74a786,1/2-1/2,0.5,2439,1861,2408,1.6
6709,New-c74a786,0-1,0.0,2439,1861,2409,1.6
6715,New-c74a786,1-0,1.0,2440,1861,2409,1.6
6714,Base-f462400,1-0,0.0,2440,1861,2410,1.6
6713,New-c74a786,1-0,1.0,2441,1861,2410,1.6
6710,Base-f462400,0-1,1.0,2442,1861,2410,1.7
6716,Base-f462400,1-0,0.0,2442,1861,2411,1.6
6711,New-c74a786,1/2-1/2,0.5,2442,1862,2411,1.6
6712,Base-f462400,0-1,1.0,2443,1862,2411,1.7
6720,Base-f462400,1/2-1/2,0.5,2443,1863,2411,1.7
6718,Base-f462400,1-0,0.0,2443,1863,2412,1.6
6717,New-c74a786,0-1,0.0,2443,1863,2413,1.6
6724,Base-f462400,1-0,0.0,2443,1863,2414,1.5
6721,New-c74a786,1-0,1.0,2444,1863,2414,1.6
6722,Base-f462400,1/2-1/2,0.5,2444,1864,2414,1.6
6723,New-c74a786,1-0,1.0,2445,1864,2414,1.6
6719,New-c74a786,1-0,1.0,2446,1864,2414,1.7
6727,New-c74a786,1/2-1/2,0.5,2446,1865,2414,1.7
6728,Base-f462400,1-0,0.0,2446,1865,2415,1.6
6726,Base-f462400,1-0,0.0,2446,1865,2416,1.5
6725,New-c74a786,1/2-1/2,0.5,2446,1866,2416,1.5
6730,Base-f462400,0-1,1.0,2447,1866,2416,1.6
6729,New-c74a786,0-1,0.0,2447,1866,2417,1.5
6732,Base-f462400,0-1,1.0,2448,1866,2417,1.6
6735,New-c74a786,0-1,0.0,2448,1866,2418,1.5
6731,New-c74a786,1/2-1/2,0.5,2448,1867,2418,1.5
6733,New-c74a786,1/2-1/2,0.5,2448,1868,2418,1.5
6738,Base-f462400,0-1,1.0,2449,1868,2418,1.6
6736,Base-f462400,0-1,1.0,2450,1868,2418,1.7
6734,Base-f462400,1/2-1/2,0.5,2450,1869,2418,1.7
6737,New-c74a786,0-1,0.0,2450,1869,2419,1.6
6739,New-c74a786,1/2-1/2,0.5,2450,1870,2419,1.6
6741,New-c74a786,0-1,0.0,2450,1870,2420,1.5
6742,Base-f462400,1/2-1/2,0.5,2450,1871,2420,1.5
6743,New-c74a786,1-0,1.0,2451,1871,2420,1.6
6744,Base-f462400,0-1,1.0,2452,1871,2420,1.6
6746,Base-f462400,1-0,0.0,2452,1871,2421,1.6
6740,Base-f462400,1/2-1/2,0.5,2452,1872,2421,1.6
6745,New-c74a786,1-0,1.0,2453,1872,2421,1.6
6747,New-c74a786,0-1,0.0,2453,1872,2422,1.6
6751,New-c74a786,0-1,0.0,2453,1872,2423,1.5
6749,New-c74a786,1-0,1.0,2454,1872,2423,1.6
6750,Base-f462400,0-1,1.0,2455,1872,2423,1.6
6748,Base-f462400,1-0,0.0,2455,1872,2424,1.6
6752,Base-f462400,1/2-1/2,0.5,2455,1873,2424,1.6
6754,Base-f462400,1/2-1/2,0.5,2455,1874,2424,1.6
6753,New-c74a786,0-1,0.0,2455,1874,2425,1.5
6756,Base-f462400,1-0,0.0,2455,1874,2426,1.5
6757,New-c74a786,0-1,0.0,2455,1874,2427,1.4
6758,Base-f462400,1-0,0.0,2455,1874,2428,1.4
6755,New-c74a786,0-1,0.0,2455,1874,2429,1.3
6760,Base-f462400,1/2-1/2,0.5,2455,1875,2429,1.3
6761,New-c74a786,0-1,0.0,2455,1875,2430,1.3
6759,New-c74a786,1/2-1/2,0.5,2455,1876,2430,1.3
6764,Base-f462400,1-0,0.0,2455,1876,2431,1.2
6763,New-c74a786,1/2-1/2,0.5,2455,1877,2431,1.2
6765,New-c74a786,0-1,0.0,2455,1877,2432,1.2
6762,Base-f462400,1/2-1/2,0.5,2455,1878,2432,1.2
6766,Base-f462400,1/2-1/2,0.5,2455,1879,2432,1.2
6769,New-c74a786,1/2-1/2,0.5,2455,1880,2432,1.2
6768,Base-f462400,1-0,0.0,2455,1880,2433,1.1
6767,New-c74a786,1-0,1.0,2456,1880,2433,1.2
6772,Base-f462400,1/2-1/2,0.5,2456,1881,2433,1.2
6771,New-c74a786,0-1,0.0,2456,1881,2434,1.1
6770,Base-f462400,0-1,1.0,2457,1881,2434,1.2
6774,Base-f462400,1/2-1/2,0.5,2457,1882,2434,1.2
6773,New-c74a786,1/2-1/2,0.5,2457,1883,2434,1.2
6775,New-c74a786,1-0,1.0,2458,1883,2434,1.2
6776,Base-f462400,0-1,1.0,2459,1883,2434,1.3
6777,New-c74a786,1-0,1.0,2460,1883,2434,1.3
6780,Base-f462400,0-1,1.0,2461,1883,2434,1.4
6778,Base-f462400,0-1,1.0,2462,1883,2434,1.4
6782,Base-f462400,1-0,0.0,2462,1883,2435,1.4
6779,New-c74a786,0-1,0.0,2462,1883,2436,1.3
6781,New-c74a786,1-0,1.0,2463,1883,2436,1.4
6783,New-c74a786,1/2-1/2,0.5,2463,1884,2436,1.4
6784,Base-f462400,1/2-1/2,0.5,2463,1885,2436,1.4
6785,New-c74a786,1/2-1/2,0.5,2463,1886,2436,1.4
6786,Base-f462400,0-1,1.0,2464,1886,2436,1.4
6787,New-c74a786,1/2-1/2,0.5,2464,1887,2436,1.4
6790,Base-f462400,1/2-1/2,0.5,2464,1888,2436,1.4
6789,New-c74a786,1-0,1.0,2465,1888,2436,1.5
6788,Base-f462400,0-1,1.0,2466,1888,2436,1.5
6791,New-c74a786,1/2-1/2,0.5,2466,1889,2436,1.5
6792,Base-f462400,1-0,0.0,2466,1889,2437,1.5
6793,New-c74a786,1-0,1.0,2467,1889,2437,1.5
6794,Base-f462400,1-0,0.0,2467,1889,2438,1.5
6795,New-c74a786,1-0,1.0,2468,1889,2438,1.5
6796,Base-f462400,1/2-1/2,0.5,2468,1890,2438,1.5
6798,Base-f462400,0-1,1.0,2469,1890,2438,1.6
6797,New-c74a786,1/2-1/2,0.5,2469,1891,2438,1.6
6799,New-c74a786,0-1,0.0,2469,1891,2439,1.5
6802,Base-f462400,1-0,0.0,2469,1891,2440,1.5
6801,New-c74a786,0-1,0.0,2469,1891,2441,1.4
6800,Base-f462400,1-0,0.0,2469,1891,2442,1.4
6803,New-c74a786,1-0,1.0,2470,1891,2442,1.4
6804,Base-f462400,1/2-1/2,0.5,2470,1892,2442,1.4
6806,Base-f462400,1-0,0.0,2470,1892,2443,1.4
6809,New-c74a786,1-0,1.0,2471,1892,2443,1.4
6805,New-c74a786,0-1,0.0,2471,1892,2444,1.4
6807,New-c74a786,1-0,1.0,2472,1892,2444,1.4
6808,Base-f462400,1/2-1/2,0.5,2472,1893,2444,1.4
6813,New-c74a786,1-0,1.0,2473,1893,2444,1.5
6811,New-c74a786,1-0,1.0,2474,1893,2444,1.5
6810,Base-f462400,1/2-1/2,0.5,2474,1894,2444,1.5
6812,Base-f462400,1/2-1/2,0.5,2474,1895,2444,1.5
6814,Base-f462400,1/2-1/2,0.5,2474,1896,2444,1.5
6816,Base-f462400,0-1,1.0,2475,1896,2444,1.6
6815,New-c74a786,1/2-1/2,0.5,2475,1897,2444,1.6
6817,New-c74a786,0-1,0.0,2475,1897,2445,1.5
6821,New-c74a786,1/2-1/2,0.5,2475,1898,2445,1.5
6820,Base-f462400,1-0,0.0,2475,1898,2446,1.5
6818,Base-f462400,1-0,0.0,2475,1898,2447,1.4
6819,New-c74a786,1/2-1/2,0.5,2475,1899,2447,1.4
6822,Base-f462400,1/2-1/2,0.5,2475,1900,2447,1.4
6826,Base-f462400,1/2-1/2,0.5,2475,1901,2447,1.4
6823,New-c74a786,0-1,0.0,2475,1901,2448,1.4
6824,Base-f462400,1-0,0.0,2475,1901,2449,1.3
6827,New-c74a786,1/2-1/2,0.5,2475,1902,2449,1.3
6829,New-c74a786,1/2-1/2,0.5,2475,1903,2449,1.3
6825,New-c74a786,0-1,0.0,2475,1903,2450,1.3
6828,Base-f462400,1/2-1/2,0.5,2475,1904,2450,1.3
6830,Base-f462400,1/2-1/2,0.5,2475,1905,2450,1.3
6836,Base-f462400,1-0,0.0,2475,1905,2451,1.2
6832,Base-f462400,0-1,1.0,2476,1905,2451,1.3
6831,New-c74a786,1-0,1.0,2477,1905,2451,1.3
6835,New-c74a786,0-1,0.0,2477,1905,2452,1.3
6833,New-c74a786,1-0,1.0,2478,1905,2452,1.3
6834,Base-f462400,1-0,0.0,2478,1905,2453,1.3
6837,New-c74a786,1-0,1.0,2479,1905,2453,1.3
6838,Base-f462400,0-1,1.0,2480,1905,2453,1.4
6841,New-c74a786,0-1,0.0,2480,1905,2454,1.3
6839,New-c74a786,1/2-1/2,0.5,2480,1906,2454,1.3
6840,Base-f462400,1-0,0.0,2480,1906,2455,1.3
6842,Base-f462400,0-1,1.0,2481,1906,2455,1.3
6843,New-c74a786,1-0,1.0,2482,1906,2455,1.4
6844,Base-f462400,1-0,0.0,2482,1906,2456,1.3
6845,New-c74a786,0-1,0.0,2482,1906,2457,1.3
6847,New-c74a786,0-1,0.0,2482,1906,2458,1.2
6848,Base-f462400,1-0,0.0,2482,1906,2459,1.2
6849,New-c74a786,1/2-1/2,0.5,2482,1907,2459,1.2
6850,Base-f462400,1-0,0.0,2482,1907,2460,1.1
6851,New-c74a786,0-1,0.0,2482,1907,2461,1.1
6846,Base-f462400,1/2-1/2,0.5,2482,1908,2461,1.1
6852,Base-f462400,0-1,1.0,2483,1908,2461,1.1
6853,New-c74a786,1-0,1.0,2484,1908,2461,1.2
6854,Base-f462400,1-0,0.0,2484,1908,2462,1.1
6855,New-c74a786,1-0,1.0,2485,1908,2462,1.2
6856,Base-f462400,0-1,1.0,2486,1908,2462,1.2
6857,New-c74a786,1/2-1/2,0.5,2486,1909,2462,1.2
6863,New-c74a786,1/2-1/2,0.5,2486,1910,2462,1.2
6858,Base-f462400,0-1,1.0,2487,1910,2462,1.3
6861,New-c74a786,0-1,0.0,2487,1910,2463,1.2
6864,Base-f462400,0-1,1.0,2488,1910,2463,1.3
6860,Base-f462400,1-0,0.0,2488,1910,2464,1.2
6859,New-c74a786,0-1,0.0,2488,1910,2465,1.2
6862,Base-f462400,0-1,1.0,2489,1910,2465,1.2
6865,New-c74a786,0-1,0.0,2489,1910,2466,1.2
6866,Base-f462400,1-0,0.0,2489,1910,2467,1.1
6870,Base-f462400,1-0,0.0,2489,1910,2468,1.1
6867,New-c74a786,1-0,1.0,2490,1910,2468,1.1
6869,New-c74a786,1-0,1.0,2491,1910,2468,1.2
6872,Base-f462400,0-1,1.0,2492,1910,2468,1.2
6868,Base-f462400,0-1,1.0,2493,1910,2468,1.3
6871,New-c74a786,1-0,1.0,2494,1910,2468,1.3
6875,New-c74a786,1-0,1.0,2495,1910,2468,1.4
6879,New-c74a786,1-0,1.0,2496,1910,2468,1.4
6873,New-c74a786,1-0,1.0,2497,1910,2468,1.5
6874,Base-f462400,0-1,1.0,2498,1910,2468,1.5
6876,Base-f462400,1-0,0.0,2498,1910,2469,1.5
6877,New-c74a786,1/2-1/2,0.5,2498,1911,2469,1.5
6880,Base-f462400,1-0,0.0,2498,1911,2470,1.4
6878,Base-f462400,1-0,0.0,2498,1911,2471,1.4
6882,Base-f462400,1/2-1/2,0.5,2498,1912,2471,1.4
6881,New-c74a786,1-0,1.0,2499,1912,2471,1.4
6883,New-c74a786,0-1,0.0,2499,1912,2472,1.4
6884,Base-f462400,1-0,0.0,2499,1912,2473,1.3
6886,Base-f462400,1-0,0.0,2499,1912,2474,1.3
6885,New-c74a786,1/2-1/2,0.5,2499,1913,2474,1.3
6888,Base-f462400,0-1,1.0,2500,1913,2474,1.3
6887,New-c74a786,0-1,0.0,2500,1913,2475,1.3
6889,New-c74a786,0-1,0.0,2500,1913,2476,1.2
6890,Base-f462400,1-0,0.0,2500,1913,2477,1.2
6891,New-c74a786,1-0,1.0,2501,1913,2477,1.2
6892,Base-f462400,0-1,1.0,2502,1913,2477,1.3
6893,New-c74a786,1/2-1/2,0.5,2502,1914,2477,1.3
6894,Base-f462400,1-0,0.0,2502,1914,2478,1.2
6898,Base-f462400,1/2-1/2,0.5,2502,1915,2478,1.2
6897,New-c74a786,1/2-1/2,0.5,2502,1916,2478,1.2
6895,New-c74a786,1-0,1.0,2503,1916,2478,1.3
6896,Base-f462400,1-0,0.0,2503,1916,2479,1.2
6899,New-c74a786,1-0,1.0,2504,1916,2479,1.3
6902,Base-f462400,1-0,0.0,2504,1916,2480,1.2
6901,New-c74a786,1/2-1/2,0.5,2504,1917,2480,1.2
6900,Base-f462400,0-1,1.0,2505,1917,2480,1.3
6903,New-c74a786,1/2-1/2,0.5,2505,1918,2480,1.3
6904,Base-f462400,0-1,1.0,2506,1918,2480,1.3
6905,New-c74a786,1-0,1.0,2507,1918,2480,1.4
6908,Base-f462400,0-1,1.0,2508,1918,2480,1.4
6906,Base-f462400,1/2-1/2,0.5,2508,1919,2480,1.4
6907,New-c74a786,0-1,0.0,2508,1919,2481,1.4
6909,New-c74a786,1-0,1.0,2509,1919,2481,1.4
6912,Base-f462400,1/2-1/2,0.5,2509,1920,2481,1.4
6910,Base-f462400,1-0,0.0,2509,1920,2482,1.4
6913,New-c74a786,0-1,0.0,2509,1920,2483,1.3
6911,New-c74a786,1/2-1/2,0.5,2509,1921,2483,1.3
6915,New-c74a786,1-0,1.0,2510,1921,2483,1.4
6914,Base-f462400,1-0,0.0,2510,1921,2484,1.3
6919,New-c74a786,1-0,1.0,2511,1921,2484,1.4
6920,Base-f462400,1-0,0.0,2511,1921,2485,1.3
6916,Base-f462400,1-0,0.0,2511,1921,2486,1.3
6918,Base-f462400,1/2-1/2,0.5,2511,1922,2486,1.3
6921,New-c74a786,1/2-1/2,0.5,2511,1923,2486,1.3
6917,New-c74a786,1/2-1/2,0.5,2511,1924,2486,1.3
6923,New-c74a786,0-1,0.0,2511,1924,2487,1.2
6924,Base-f462400,1-0,0.0,2511,1924,2488,1.2
6925,New-c74a786,1-0,1.0,2512,1924,2488,1.2
6922,Base-f462400,1/2-1/2,0.5,2512,1925,2488,1.2
6926,Base-f462400,0-1,1.0,2513,1925,2488,1.3
6928,Base-f462400,0-1,1.0,2514,1925,2488,1.3
6927,New-c74a786,0-1,0.0,2514,1925,2489,1.3
6929,New-c74a786,1-0,1.0,2515,1925,2489,1.3
6930,Base-f462400,1/2-1/2,0.5,2515,1926,2489,1.3
6932,Base-f462400,1-0,0.0,2515,1926,2490,1.3
6931,New-c74a786,0-1,0.0,2515,1926,2491,1.2
6933,New-c74a786,1-0,1.0,2516,1926,2491,1.3
6934,Base-f462400,0-1,1.0,2517,1926,2491,1.3
6937,New-c74a786,1/2-1/2,0.5,2517,1927,2491,1.3
6935,New-c74a786,1/2-1/2,0.5,2517,1928,2491,1.3
6936,Base-f462400,0-1,1.0,2518,1928,2491,1.4
6938,Base-f462400,0-1,1.0,2519,1928,2491,1.4
6939,New-c74a786,1-0,1.0,2520,1928,2491,1.5
6940,Base-f462400,1-0,0.0,2520,1928,2492,1.4
6941,New-c74a786,0-1,0.0,2520,1928,2493,1.4
6944,Base-f462400,0-1,1.0,2521,1928,2493,1.4
6942,Base-f462400,0-1,1.0,2522,1928,2493,1.5
6943,New-c74a786,1-0,1.0,2523,1928,2493,1.5
6945,New-c74a786,1-0,1.0,2524,1928,2493,1.6
6947,New-c74a786,1-0,1.0,2525,1928,2493,1.6
6953,New-c74a786,1/2-1/2,0.5,2525,1929,2493,1.6
6949,New-c74a786,0-1,0.0,2525,1929,2494,1.6
6946,Base-f462400,1/2-1/2,0.5,2525,1930,2494,1.5
6948,Base-f462400,1-0,0.0,2525,1930,2495,1.5
6951,New-c74a786,1/2-1/2,0.5,2525,1931,2495,1.5
6952,Base-f462400,1-0,0.0,2525,1931,2496,1.4
6950,Base-f462400,0-1,1.0,2526,1931,2496,1.5
6954,Base-f462400,1-0,0.0,2526,1931,2497,1.4
6956,Base-f462400,0-1,1.0,2527,1931,2497,1.5
6955,New-c74a786,1/2-1/2,0.5,2527,1932,2497,1.5
6958,Base-f462400,0-1,1.0,2528,1932,2497,1.5
6957,New-c74a786,1-0,1.0,2529,1932,2497,1.6
6960,Base-f462400,0-1,1.0,2530,1932,2497,1.6
6959,New-c74a786,1/2-1/2,0.5,2530,1933,2497,1.6
6961,New-c74a786,1/2-1/2,0.5,2530,1934,2497,1.6
6963,New-c74a786,0-1,0.0,2530,1934,2498,1.6
6964,Base-f462400,1-0,0.0,2530,1934,2499,1.5
6962,Base-f462400,1-0,0.0,2530,1934,2500,1.5
6968,Base-f462400,0-1,1.0,2531,1934,2500,1.5
6965,New-c74a786,1/2-1/2,0.5,2531,1935,2500,1.5
6967,New-c74a786,1/2-1/2,0.5,2531,1936,2500,1.5
6970,Base-f462400,0-1,1.0,2532,1936,2500,1.6
6969,New-c74a786,1/2-1/2,0.5,2532,1937,2500,1.6
6966,Base-f462400,1/2-1/2,0.5,2532,1938,2500,1.6
6971,New-c74a786,1-0,1.0,2533,1938,2500,1.6
6976,Base-f462400,1-0,0.0,2533,1938,2501,1.6
6972,Base-f462400,0-1,1.0,2534,1938,2501,1.6
6974,Base-f462400,1/2-1/2,0.5,2534,1939,2501,1.6
6975,New-c74a786,1-0,1.0,2535,1939,2501,1.7
6973,New-c74a786,1-0,1.0,2536,1939,2501,1.7
6977,New-c74a786,1-0,1.0,2537,1939,2501,1.8
6978,Base-f462400,0-1,1.0,2538,1939,2501,1.8
6979,New-c74a786,0-1,0.0,2538,1939,2502,1.8
6982,Base-f462400,1/2-1/2,0.5,2538,1940,2502,1.8
6981,New-c74a786,0-1,0.0,2538,1940,2503,1.7
6980,Base-f462400,1-0,0.0,2538,1940,2504,1.7
6984,Base-f462400,0-1,1.0,2539,1940,2504,1.7
6983,New-c74a786,1-0,1.0,2540,1940,2504,1.8
6986,Base-f462400,1-0,0.0,2540,1940,2505,1.7
6988,Base-f462400,1-0,0.0,2540,1940,2506,1.7
6987,New-c74a786,1-0,1.0,2541,1940,2506,1.7
6990,Base-f462400,1-0,0.0,2541,1940,2507,1.7
6991,New-c74a786,0-1,0.0,2541,1940,2508,1.6
6985,New-c74a786,1/2-1/2,0.5,2541,1941,2508,1.6
6989,New-c74a786,1-0,1.0,2542,1941,2508,1.7
6992,Base-f462400,1/2-1/2,0.5,2542,1942,2508,1.7
6993,New-c74a786,0-1,0.0,2542,1942,2509,1.6
6995,New-c74a786,1/2-1/2,0.5,2542,1943,2509,1.6
6994,Base-f462400,1/2-1/2,0.5,2542,1944,2509,1.6
6998,Base-f462400,0-1,1.0,2543,1944,2509,1.7
6999,New-c74a786,1-0,1.0,2544,1944,2509,1.7
6996,Base-f462400,0-1,1.0,2545,1944,2509,1.8
6997,New-c74a786,1/2-1/2,0.5,2545,1945,2509,1.8
7002,Base-f462400,1-0,0.0,2545,1945,2510,1.7
7000,Base-f462400,0-1,1.0,2546,1945,2510,1.8
7001,New-c74a786,1-0,1.0,2547,1945,2510,1.8
7008,Base-f462400,1/2-1/2,0.5,2547,1946,2510,1.8
7005,New-c74a786,0-1,0.0,2547,1946,2511,1.8
7003,New-c74a786,1-0,1.0,2548,1946,2511,1.8
7006,Base-f462400,1-0,0.0,2548,1946,2512,1.8
7004,Base-f462400,1/2-1/2,0.5,2548,1947,2512,1.8
7010,Base-f462400,1-0,0.0,2548,1947,2513,1.7
7007,New-c74a786,1/2-1/2,0.5,2548,1948,2513,1.7
7009,New-c74a786,1-0,1.0,2549,1948,2513,1.8
7012,Base-f462400,1/2-1/2,0.5,2549,1949,2513,1.8
7011,New-c74a786,1-0,1.0,2550,1949,2513,1.8
7014,Base-f462400,1-0,0.0,2550,1949,2514,1.8
7013,New-c74a786,0-1,0.0,2550,1949,2515,1.7
7016,Base-f462400,1/2-1/2,0.5,2550,1950,2515,1.7
7017,New-c74a786,1/2-1/2,0.5,2550,1951,2515,1.7
7018,Base-f462400,0-1,1.0,2551,1951,2515,1.8
7015,New-c74a786,1/2-1/2,0.5,2551,1952,2515,1.8
7021,New-c74a786,1-0,1.0,2552,1952,2515,1.8
7020,Base-f462400,0-1,1.0,2553,1952,2515,1.9
7019,New-c74a786,0-1,0.0,2553,1952,2516,1.8
7022,Base-f462400,1-0,0.0,2553,1952,2517,1.8
7023,New-c74a786,1/2-1/2,0.5,2553,1953,2517,1.8
7026,Base-f462400,0-1,1.0,2554,1953,2517,1.8
7024,Base-f462400,1-0,0.0,2554,1953,2518,1.8
7025,New-c74a786,1/2-1/2,0.5,2554,1954,2518,1.8
7027,New-c74a786,1-0,1.0,2555,1954,2518,1.8
7030,Base-f462400,1-0,0.0,2555,1954,2519,1.8
7028,Base-f462400,1-0,0.0,2555,1954,2520,1.7
7031,New-c74a786,1-0,1.0,2556,1954,2520,1.8
7029,New-c74a786,0-1,0.0,2556,1954,2521,1.7
7032,Base-f462400,0-1,1.0,2557,1954,2521,1.8
7033,New-c74a786,0-1,0.0,2557,1954,2522,1.7
7034,Base-f462400,1-0,0.0,2557,1954,2523,1.7
7036,Base-f462400,1/2-1/2,0.5,2557,1955,2523,1.7
7035,New-c74a786,0-1,0.0,2557,1955,2524,1.6
7039,New-c74a786,1/2-1/2,0.5,2557,1956,2524,1.6
7037,New-c74a786,1/2-1/2,0.5,2557,1957,2524,1.6
7041,New-c74a786,0-1,0.0,2557,1957,2525,1.6
7042,Base-f462400,0-1,1.0,2558,1957,2525,1.6
7038,Base-f462400,1-0,0.0,2558,1957,2526,1.6
7040,Base-f462400,0-1,1.0,2559,1957,2526,1.6
7044,Base-f462400,1-0,0.0,2559,1957,2527,1.6
7043,New-c74a786,0-1,0.0,2559,1957,2528,1.5
7045,New-c74a786,0-1,0.0,2559,1957,2529,1.5
7046,Base-f462400,1/2-1/2,0.5,2559,1958,2529,1.5
7050,Base-f462400,1-0,0.0,2559,1958,2530,1.4
7047,New-c74a786,1-0,1.0,2560,1958,2530,1.5
7048,Base-f462400,1-0,0.0,2560,1958,2531,1.4
7052,Base-f462400,1-0,0.0,2560,1958,2532,1.4
7055,New-c74a786,0-1,0.0,2560,1958,2533,1.3
7053,New-c74a786,1-0,1.0,2561,1958,2533,1.4
7057,New-c74a786,0-1,0.0,2561,1958,2534,1.3
7054,Base-f462400,1-0,0.0,2561,1958,2535,1.3
7056,Base-f462400,0-1,1.0,2562,1958,2535,1.3
7049,New-c74a786,1-0,1.0,2563,1958,2535,1.4
7051,New-c74a786,0-1,0.0,2563,1958,2536,1.3
7058,Base-f462400,0-1,1.0,2564,1958,2536,1.4
7062,Base-f462400,0-1,1.0,2565,1958,2536,1.4
7061,New-c74a786,0-1,0.0,2565,1958,2537,1.4
7065,New-c74a786,1/2-1/2,0.5,2565,1959,2537,1.4
7059,New-c74a786,0-1,0.0,2565,1959,2538,1.3
7064,Base-f462400,0-1,1.0,2566,1959,2538,1.4
7063,New-c74a786,1-0,1.0,2567,1959,2538,1.4
7060,Base-f462400,1-0,0.0,2567,1959,2539,1.4
7067,New-c74a786,1/2-1/2,0.5,2567,1960,2539,1.4
7066,Base-f462400,1-0,0.0,2567,1960,2540,1.3
7070,Base-f462400,0-1,1.0,2568,1960,2540,1.4
7071,New-c74a786,1-0,1.0,2569,1960,2540,1.4
7068,Base-f462400,0-1,1.0,2570,1960,2540,1.5
7072,Base-f462400,1-0,0.0,2570,1960,2541,1.4
7069,New-c74a786,1-0,1.0,2571,1960,2541,1.5
7073,New-c74a786,0-1,0.0,2571,1960,2542,1.4
7076,Base-f462400,1-0,0.0,2571,1960,2543,1.4
7078,Base-f462400,0-1,1.0,2572,1960,2543,1.4
7077,New-c74a786,1-0,1.0,2573,1960,2543,1.5
7075,New-c74a786,0-1,0.0,2573,1960,2544,1.4
7074,Base-f462400,1-0,0.0,2573,1960,2545,1.4
7079,New-c74a786,1-0,1.0,2574,1960,2545,1.4
7080,Base-f462400,1-0,0.0,2574,1960,2546,1.4
7081,New-c74a786,1-0,1.0,2575,1960,2546,1.4
7082,Base-f462400,0-1,1.0,2576,1960,2546,1.5
7089,New-c74a786,1-0,1.0,2577,1960,2546,1.5
7088,Base-f462400,1-0,0.0,2577,1960,2547,1.5
7085,New-c74a786,1-0,1.0,2578,1960,2547,1.5
7083,New-c74a786,1-0,1.0,2579,1960,2547,1.6
7087,New-c74a786,0-1,0.0,2579,1960,2548,1.5
7086,Base-f462400,0-1,1.0,2580,1960,2548,1.6
7084,Base-f462400,0-1,1.0,2581,1960,2548,1.6
7094,Base-f462400,0-1,1.0,2582,1960,2548,1.7
7096,Base-f462400,1-0,0.0,2582,1960,2549,1.6
7092,Base-f462400,0-1,1.0,2583,1960,2549,1.7
7095,New-c74a786,1-0,1.0,2584,1960,2549,1.7
7091,New-c74a786,1-0,1.0,2585,1960,2549,1.8
7097,New-c74a786,0-1,0.0,2585,1960,2550,1.7
7090,Base-f462400,0-1,1.0,2586,1960,2550,1.8
7093,New-c74a786,1-0,1.0,2587,1960,2550,1.8
7101,New-c74a786,0-1,0.0,2587,1960,2551,1.8
7105,New-c74a786,0-1,0.0,2587,1960,2552,1.7
7103,New-c74a786,0-1,0.0,2587,1960,2553,1.7
7098,Base-f462400,0-1,1.0,2588,1960,2553,1.7
7100,Base-f462400,0-1,1.0,2589,1960,2553,1.8
7099,New-c74a786,1-0,1.0,2590,1960,2553,1.8
7102,Base-f462400,0-1,1.0,2591,1960,2553,1.9
7104,Base-f462400,1-0,0.0,2591,1960,2554,1.8
7111,New-c74a786,1-0,1.0,2592,1960,2554,1.9
7112,Base-f462400,1-0,0.0,2592,1960,2555,1.8
7107,New-c74a786,0-1,0.0,2592,1960,2556,1.8
7110,Base-f462400,0-1,1.0,2593,1960,2556,1.8
7106,Base-f462400,1-0,0.0,2593,1960,2557,1.8
7113,New-c74a786,0-1,0.0,2593,1960,2558,1.7
7109,New-c74a786,0-1,0.0,2593,1960,2559,1.7
7108,Base-f462400,0-1,1.0,2594,1960,2559,1.7
7121,New-c74a786,1/2-1/2,0.5,2594,1961,2559,1.7
7118,Base-f462400,1-0,0.0,2594,1961,2560,1.7
7120,Base-f462400,1/2-1/2,0.5,2594,1962,2560,1.7
7117,New-c74a786,1-0,1.0,2595,1962,2560,1.7
7116,Base-f462400,0-1,1.0,2596,1962,2560,1.8
7119,New-c74a786,1-0,1.0,2597,1962,2560,1.8
7114,Base-f462400,0-1,1.0,2598,1962,2560,1.9
7115,New-c74a786,1-0,1.0,2599,1962,2560,1.9
7123,New-c74a786,0-1,0.0,2599,1962,2561,1.9
7122,Base-f462400,0-1,1.0,2600,1962,2561,1.9
7124,Base-f462400,1-0,0.0,2600,1962,2562,1.9
7126,Base-f462400,0-1,1.0,2601,1962,2562,1.9
7128,Base-f462400,1-0,0.0,2601,1962,2563,1.9
7129,New-c74a786,1/2-1/2,0.5,2601,1963,2563,1.9
7125,New-c74a786,1-0,1.0,2602,1963,2563,1.9
7127,New-c74a786,0-1,0.0,2602,1963,2564,1.9
7130,Base-f462400,1/2-1/2,0.5,2602,1964,2564,1.9
7137,New-c74a786,0-1,0.0,2602,1964,2565,1.8
7138,Base-f462400,0-1,1.0,2603,1964,2565,1.9
7132,Base-f462400,0-1,1.0,2604,1964,2565,1.9
7135,New-c74a786,0-1,0.0,2604,1964,2566,1.9
7136,Base-f462400,1-0,0.0,2604,1964,2567,1.8
7133,New-c74a786,0-1,0.0,2604,1964,2568,1.8
7134,Base-f462400,0-1,1.0,2605,1964,2568,1.8
7131,New-c74a786,0-1,0.0,2605,1964,2569,1.8
7139,New-c74a786,1/2-1/2,0.5,2605,1965,2569,1.8
7142,Base-f462400,1-0,0.0,2605,1965,2570,1.7
7141,New-c74a786,0-1,0.0,2605,1965,2571,1.7
7148,Base-f462400,1-0,0.0,2605,1965,2572,1.6
7146,Base-f462400,0-1,1.0,2606,1965,2572,1.7
7140,Base-f462400,0-1,1.0,2607,1965,2572,1.7
7143,New-c74a786,1-0,1.0,2608,1965,2572,1.8
7149,New-c74a786,0-1,0.0,2608,1965,2573,1.7
7147,New-c74a786,0-1,0.0,2608,1965,2574,1.7
7144,Base-f462400,0-1,1.0,2609,1965,2574,1.7
7145,New-c74a786,0-1,0.0,2609,1965,2575,1.7
7153,New-c74a786,1-0,1.0,2610,1965,2575,1.7
7152,Base-f462400,1/2-1/2,0.5,2610,1966,2575,1.7
7151,New-c74a786,0-1,0.0,2610,1966,2576,1.7
7156,Base-f462400,1/2-1/2,0.5,2610,1967,2576,1.7
7157,New-c74a786,0-1,0.0,2610,1967,2577,1.6
7154,Base-f462400,1-0,0.0,2610,1967,2578,1.6
7155,New-c74a786,0-1,0.0,2610,1967,2579,1.5
7150,Base-f462400,1/2-1/2,0.5,2610,1968,2579,1.5
7158,Base-f462400,0-1,1.0,2611,1968,2579,1.6
7159,New-c74a786,1-0,1.0,2612,1968,2579,1.6
7160,Base-f462400,0-1,1.0,2613,1968,2579,1.6
7162,Base-f462400,0-1,1.0,2614,1968,2579,1.7
7164,Base-f462400,0-1,1.0,2615,1968,2579,1.7
7163,New-c74a786,0-1,0.0,2615,1968,2580,1.7
7161,New-c74a786,1/2-1/2,0.5,2615,1969,2580,1.7
7166,Base-f462400,0-1,1.0,2616,1969,2580,1.7
7167,New-c74a786,1/2-1/2,0.5,2616,1970,2580,1.7
7165,New-c74a786,1-0,1.0,2617,1970,2580,1.8
7169,New-c74a786,1/2-1/2,0.5,2617,1971,2580,1.8
7168,Base-f462400,0-1,1.0,2618,1971,2580,1.8
7170,Base-f462400,1-0,0.0,2618,1971,2581,1.8
7171,New-c74a786,0-1,0.0,2618,1971,2582,1.7
7173,New-c74a786,0-1,0.0,2618,1971,2583,1.7
7174,Base-f462400,0-1,1.0,2619,1971,2583,1.7
7177,New-c74a786,1-0,1.0,2620,1971,2583,1.8
7176,Base-f462400,0-1,1.0,2621,1971,2583,1.8
7180,Base-f462400,1/2-1/2,0.5,2621,1972,2583,1.8
7178,Base-f462400,1-0,0.0,2621,1972,2584,1.8
7172,Base-f462400,1/2-1/2,0.5,2621,1973,2584,1.8
7175,New-c74a786,1/2-1/2,0.5,2621,1974,2584,1.8
7179,New-c74a786,1/2-1/2,0.5,2621,1975,2584,1.8
7181,New-c74a786,1/2-1/2,0.5,2621,1976,2584,1.8
7182,Base-f462400,1-0,0.0,2621,1976,2585,1.7
7184,Base-f462400,0-1,1.0,2622,1976,2585,1.8
7185,New-c74a786,1-0,1.0,2623,1976,2585,1.8
7187,New-c74a786,1-0,1.0,2624,1976,2585,1.9
7186,Base-f462400,0-1,1.0,2625,1976,2585,1.9
7183,New-c74a786,1/2-1/2,0.5,2625,1977,2585,1.9
7188,Base-f462400,1/2-1/2,0.5,2625,1978,2585,1.9
7189,New-c74a786,0-1,0.0,2625,1978,2586,1.9
7194,Base-f462400,1-0,0.0,2625,1978,2587,1.8
7190,Base-f462400,0-1,1.0,2626,1978,2587,1.9
7193,New-c74a786,0-1,0.0,2626,1978,2588,1.8
7192,Base-f462400,1-0,0.0,2626,1978,2589,1.8
7195,New-c74a786,1-0,1.0,2627,1978,2589,1.8
7191,New-c74a786,1/2-1/2,0.5,2627,1979,2589,1.8
7197,New-c74a786,0-1,0.0,2627,1979,2590,1.8
7196,Base-f462400,1-0,0.0,2627,1979,2591,1.7
7198,Base-f462400,0-1,1.0,2628,1979,2591,1.8
7200,Base-f462400,1-0,0.0,2628,1979,2592,1.7
7199,New-c74a786,0-1,0.0,2628,1979,2593,1.7
7201,New-c74a786,1-0,1.0,2629,1979,2593,1.7
7204,Base-f462400,1/2-1/2,0.5,2629,1980,2593,1.7
7202,Base-f462400,0-1,1.0,2630,1980,2593,1.8
7205,New-c74a786,1/2-1/2,0.5,2630,1981,2593,1.8
7203,New-c74a786,0-1,0.0,2630,1981,2594,1.7
7206,Base-f462400,0-1,1.0,2631,1981,2594,1.8
7207,New-c74a786,1-0,1.0,2632,1981,2594,1.8
7210,Base-f462400,1/2-1/2,0.5,2632,1982,2594,1.8
7209,New-c74a786,1/2-1/2,0.5,2632,1983,2594,1.8
7211,New-c74a786,1-0,1.0,2633,1983,2594,1.9
7213,New-c74a786,1/2-1/2,0.5,2633,1984,2594,1.9
7208,Base-f462400,1/2-1/2,0.5,2633,1985,2594,1.9
7217,New-c74a786,1/2-1/2,0.5,2633,1986,2594,1.9
7212,Base-f462400,1-0,0.0,2633,1986,2595,1.8
7214,Base-f462400,1-0,0.0,2633,1986,2596,1.8
7215,New-c74a786,1-0,1.0,2634,1986,2596,1.8
7216,Base-f462400,1-0,0.0,2634,1986,2597,1.8
7219,New-c74a786,0-1,0.0,2634,1986,2598,1.7
7218,Base-f462400,1-0,0.0,2634,1986,2599,1.7
7220,Base-f462400,1-0,0.0,2634,1986,2600,1.6
7223,New-c74a786,1-0,1.0,2635,1986,2600,1.7
7221,New-c74a786,1-0,1.0,2636,1986,2600,1.7
7225,New-c74a786,0-1,0.0,2636,1986,2601,1.7
7222,Base-f462400,1-0,0.0,2636,1986,2602,1.6
7224,Base-f462400,1-0,0.0,2636,1986,2603,1.6
7228,Base-f462400,0-1,1.0,2637,1986,2603,1.6
7232,Base-f462400,0-1,1.0,2638,1986,2603,1.7
7226,Base-f462400,1/2-1/2,0.5,2638,1987,2603,1.7
7227,New-c74a786,1-0,1.0,2639,1987,2603,1.7
7231,New-c74a786,0-1,0.0,2639,1987,2604,1.7
7229,New-c74a786,0-1,0.0,2639,1987,2605,1.6
7230,Base-f462400,0-1,1.0,2640,1987,2605,1.7
7233,New-c74a786,1-0,1.0,2641,1987,2605,1.7
7235,New-c74a786,1/2-1/2,0.5,2641,1988,2605,1.7
7234,Base-f462400,1-0,0.0,2641,1988,2606,1.7
7236,Base-f462400,1-0,0.0,2641,1988,2607,1.6
7241,New-c74a786,1/2-1/2,0.5,2641,1989,2607,1.6
7237,New-c74a786,0-1,0.0,2641,1989,2608,1.6
7240,Base-f462400,0-1,1.0,2642,1989,2608,1.6
7242,Base-f462400,1-0,0.0,2642,1989,2609,1.6
7238,Base-f462400,1-0,0.0,2642,1989,2610,1.5
7239,New-c74a786,0-1,0.0,2642,1989,2611,1.5
7243,New-c74a786,1-0,1.0,2643,1989,2611,1.5
7244,Base-f462400,0-1,1.0,2644,1989,2611,1.6
7245,New-c74a786,1/2-1/2,0.5,2644,1990,2611,1.6
7246,Base-f462400,1/2-1/2,0.5,2644,1991,2611,1.6
7249,New-c74a786,1-0,1.0,2645,1991,2611,1.6
7248,Base-f462400,1-0,0.0,2645,1991,2612,1.6
7247,New-c74a786,1-0,1.0,2646,1991,2612,1.6
7252,Base-f462400,1-0,0.0,2646,1991,2613,1.6
7250,Base-f462400,0-1,1.0,2647,1991,2613,1.6
7253,New-c74a786,0-1,0.0,2647,1991,2614,1.6
7251,New-c74a786,1-0,1.0,2648,1991,2614,1.6
7255,New-c74a786,1/2-1/2,0.5,2648,1992,2614,1.6
7256,Base-f462400,1/2-1/2,0.5,2648,1993,2614,1.6
7258,Base-f462400,1-0,0.0,2648,1993,2615,1.6
7257,New-c74a786,1-0,1.0,2649,1993,2615,1.6
7254,Base-f462400,1/2-1/2,0.5,2649,1994,2615,1.6
7261,New-c74a786,1-0,1.0,2650,1994,2615,1.7
7259,New-c74a786,0-1,0.0,2650,1994,2616,1.6
7260,Base-f462400,1-0,0.0,2650,1994,2617,1.6
7265,New-c74a786,0-1,0.0,2650,1994,2618,1.5
7262,Base-f462400,0-1,1.0,2651,1994,2618,1.6
7266,Base-f462400,1-0,0.0,2651,1994,2619,1.5
7264,Base-f462400,0-1,1.0,2652,1994,2619,1.6
7263,New-c74a786,0-1,0.0,2652,1994,2620,1.5
7267,New-c74a786,1-0,1.0,2653,1994,2620,1.6
7268,Base-f462400,1-0,0.0,2653,1994,2621,1.5
7273,New-c74a786,1-0,1.0,2654,1994,2621,1.6
7270,Base-f462400,1/2-1/2,0.5,2654,1995,2621,1.6
7276,Base-f462400,1/2-1/2,0.5,2654,1996,2621,1.6
7269,New-c74a786,1-0,1.0,2655,1996,2621,1.6
7274,Base-f462400,1/2-1/2,0.5,2655,1997,2621,1.6
7275,New-c74a786,0-1,0.0,2655,1997,2622,1.6
7272,Base-f462400,1-0,0.0,2655,1997,2623,1.5
7271,New-c74a786,1-0,1.0,2656,1997,2623,1.6
7277,New-c74a786,1-0,1.0,2657,1997,2623,1.6
7279,New-c74a786,1/2-1/2,0.5,2657,1998,2623,1.6
7281,New-c74a786,1-0,1.0,2658,1998,2623,1.7
7278,Base-f462400,1-0,0.0,2658,1998,2624,1.6
7284,Base-f462400,1-0,0.0,2658,1998,2625,1.6
7280,Base-f462400,1/2-1/2,0.5,2658,1999,2625,1.6
7283,New-c74a786,0-1,0.0,2658,1999,2626,1.5
7282,Base-f462400,0-1,1.0,2659,1999,2626,1.6
7288,Base-f462400,1/2-1/2,0.5,2659,2000,2626,1.6
7285,New-c74a786,1-0,1.0,2660,2000,2626,1.6
7286,Base-f462400,0-1,1.0,2661,2000,2626,1.7
7289,New-c74a786,1/2-1/2,0.5,2661,2001,2626,1.7
7290,Base-f462400,1-0,0.0,2661,2001,2627,1.6
7292,Base-f462400,1/2-1/2,0.5,2661,2002,2627,1.6
7291,New-c74a786,1-0,1.0,2662,2002,2627,1.7
7293,New-c74a786,1-0,1.0,2663,2002,2627,1.7
7287,New-c74a786,1/2-1/2,0.5,2663,2003,2627,1.7
7295,New-c74a786,1-0,1.0,2664,2003,2627,1.8
7300,Base-f462400,0-1,1.0,2665,2003,2627,1.8
7294,Base-f462400,1/2-1/2,0.5,2665,2004,2627,1.8
7297,New-c74a786,1-0,1.0,2666,2004,2627,1.9
7296,Base-f462400,0-1,1.0,2667,2004,2627,1.9
7298,Base-f462400,1-0,0.0,2667,2004,2628,1.9
7299,New-c74a786,1-0,1.0,2668,2004,2628,1.9
7302,Base-f462400,0-1,1.0,2669,2004,2628,2.0
7301,New-c74a786,1/2-1/2,0.5,2669,2005,2628,2.0
7303,New-c74a786,1-0,1.0,2670,2005,2628,2.0
7304,Base-f462400,1-0,0.0,2670,2005,2629,2.0
7307,New-c74a786,0-1,0.0,2670,2005,2630,1.9
7305,New-c74a786,0-1,0.0,2670,2005,2631,1.9
7306,Base-f462400,0-1,1.0,2671,2005,2631,1.9
7308,Base-f462400,0-1,1.0,2672,2005,2631,1.9
7310,Base-f462400,1/2-1/2,0.5,2672,2006,2631,1.9
7309,New-c74a786,1-0,1.0,2673,2006,2631,2.0
7312,Base-f462400,0-1,1.0,2674,2006,2631,2.0
7311,New-c74a786,1/2-1/2,0.5,2674,2007,2631,2.0
7313,New-c74a786,1-0,1.0,2675,2007,2631,2.1
7315,New-c74a786,0-1,0.0,2675,2007,2632,2.0
7316,Base-f462400,0-1,1.0,2676,2007,2632,2.1
7314,Base-f462400,1-0,0.0,2676,2007,2633,2.0
7321,New-c74a786,1/2-1/2,0.5,2676,2008,2633,2.0
7317,New-c74a786,1/2-1/2,0.5,2676,2009,2633,2.0
7318,Base-f462400,1/2-1/2,0.5,2676,2010,2633,2.0
7322,Base-f462400,1/2-1/2,0.5,2676,2011,2633,2.0
7319,New-c74a786,1-0,1.0,2677,2011,2633,2.1
7327,New-c74a786,1-0,1.0,2678,2011,2633,2.1
7324,Base-f462400,1-0,0.0,2678,2011,2634,2.1
7323,New-c74a786,1/2-1/2,0.5,2678,2012,2634,2.1
7325,New-c74a786,0-1,0.0,2678,2012,2635,2.0
7320,Base-f462400,1/2-1/2,0.5,2678,2013,2635,2.0
7326,Base-f462400,1/2-1/2,0.5,2678,2014,2635,2.0
7329,New-c74a786,0-1,0.0,2678,2014,2636,2.0
7332,Base-f462400,1-0,0.0,2678,2014,2637,1.9
7328,Base-f462400,1-0,0.0,2678,2014,2638,1.9
7331,New-c74a786,1/2-1/2,0.5,2678,2015,2638,1.9
7330,Base-f462400,1/2-1/2,0.5,2678,2016,2638,1.9
7334,Base-f462400,1/2-1/2,0.5,2678,2017,2638,1.9
7333,New-c74a786,1/2-1/2,0.5,2678,2018,2638,1.9
7335,New-c74a786,1-0,1.0,2679,2018,2638,1.9
7336,Base-f462400,1-0,0.0,2679,2018,2639,1.9
7341,New-c74a786,1-0,1.0,2680,2018,2639,1.9
7340,Base-f462400,1-0,0.0,2680,2018,2640,1.9
7339,New-c74a786,1-0,1.0,2681,2018,2640,1.9
7338,Base-f462400,1-0,0.0,2681,2018,2641,1.9
7337,New-c74a786,0-1,0.0,2681,2018,2642,1.8
7343,New-c74a786,1/2-1/2,0.5,2681,2019,2642,1.8
7342,Base-f462400,0-1,1.0,2682,2019,2642,1.9
7349,New-c74a786,1/2-1/2,0.5,2682,2020,2642,1.9
7345,New-c74a786,1-0,1.0,2683,2020,2642,1.9
7347,New-c74a786,0-1,0.0,2683,2020,2643,1.9
7350,Base-f462400,1-0,0.0,2683,2020,2644,1.8
7344,Base-f462400,1-0,0.0,2683,2020,2645,1.8
7348,Base-f462400,1/2-1/2,0.5,2683,2021,2645,1.8
7346,Base-f462400,1-0,0.0,2683,2021,2646,1.7
7351,New-c74a786,1-0,1.0,2684,2021,2646,1.8
7357,New-c74a786,1/2-1/2,0.5,2684,2022,2646,1.8
7352,Base-f462400,0-1,1.0,2685,2022,2646,1.8
7356,Base-f462400,1-0,0.0,2685,2022,2647,1.8
7353,New-c74a786,0-1,0.0,2685,2022,2648,1.7
7355,New-c74a786,0-1,0.0,2685,2022,2649,1.7
7354,Base-f462400,0-1,1.0,2686,2022,2649,1.7
7358,Base-f462400,0-1,1.0,2687,2022,2649,1.8
7361,New-c74a786,0-1,0.0,2687,2022,2650,1.7
7363,New-c74a786,0-1,0.0,2687,2022,2651,1.7
7360,Base-f462400,1-0,0.0,2687,2022,2652,1.7
7359,New-c74a786,1/2-1/2,0.5,2687,2023,2652,1.7
7364,Base-f462400,1-0,0.0,2687,2023,2653,1.6
7362,Base-f462400,1/2-1/2,0.5,2687,2024,2653,1.6
7365,New-c74a786,1/2-1/2,0.5,2687,2025,2653,1.6
7366,Base-f462400,1/2-1/2,0.5,2687,2026,2653,1.6
7367,New-c74a786,1-0,1.0,2688,2026,2653,1.7
7368,Base-f462400,1-0,0.0,2688,2026,2654,1.6
7370,Base-f462400,1-0,0.0,2688,2026,2655,1.6
7369,New-c74a786,1-0,1.0,2689,2026,2655,1.6
7372,Base-f462400,0-1,1.0,2690,2026,2655,1.6
7373,New-c74a786,0-1,0.0,2690,2026,2656,1.6
7371,New-c74a786,0-1,0.0,2690,2026,2657,1.6
7374,Base-f462400,0-1,1.0,2691,2026,2657,1.6
7375,New-c74a786,0-1,0.0,2691,2026,2658,1.6
7376,Base-f462400,0-1,1.0,2692,2026,2658,1.6
7377,New-c74a786,1-0,1.0,2693,2026,2658,1.6
7379,New-c74a786,1/2-1/2,0.5,2693,2027,2658,1.6
7378,Base-f462400,0-1,1.0,2694,2027,2658,1.7
7381,New-c74a786,0-1,0.0,2694,2027,2659,1.6
7383,New-c74a786,0-1,0.0,2694,2027,2660,1.6
7380,Base-f462400,1-0,0.0,2694,2027,2661,1.6
7382,Base-f462400,0-1,1.0,2695,2027,2661,1.6
7384,Base-f462400,0-1,1.0,2696,2027,2661,1.6
7385,New-c74a786,0-1,0.0,2696,2027,2662,1.6
7386,Base-f462400,1/2-1/2,0.5,2696,2028,2662,1.6
7387,New-c74a786,0-1,0.0,2696,2028,2663,1.6
7388,Base-f462400,1-0,0.0,2696,2028,2664,1.5
7390,Base-f462400,1/2-1/2,0.5,2696,2029,2664,1.5
7391,New-c74a786,1/2-1/2,0.5,2696,2030,2664,1.5
7392,Base-f462400,1-0,0.0,2696,2030,2665,1.5
7389,New-c74a786,1/2-1/2,0.5,2696,2031,2665,1.5
7393,New-c74a786,0-1,0.0,2696,2031,2666,1.4
7396,Base-f462400,1-0,0.0,2696,2031,2667,1.4
7395,New-c74a786,1-0,1.0,2697,2031,2667,1.4
7399,New-c74a786,1-0,1.0,2698,2031,2667,1.5
7398,Base-f462400,1/2-1/2,0.5,2698,2032,2667,1.5
7394,Base-f462400,1/2-1/2,0.5,2698,2033,2667,1.5
7400,Base-f462400,0-1,1.0,2699,2033,2667,1.5
7397,New-c74a786,1-0,1.0,2700,2033,2667,1.5
7401,New-c74a786,1-0,1.0,2701,2033,2667,1.6
7406,Base-f462400,0-1,1.0,2702,2033,2667,1.6
7403,New-c74a786,1-0,1.0,2703,2033,2667,1.7
7404,Base-f462400,0-1,1.0,2704,2033,2667,1.7
7402,Base-f462400,1/2-1/2,0.5,2704,2034,2667,1.7
7408,Base-f462400,0-1,1.0,2705,2034,2667,1.8
7407,New-c74a786,1-0,1.0,2706,2034,2667,1.8
7405,New-c74a786,1-0,1.0,2707,2034,2667,1.9
7411,New-c74a786,1/2-1/2,0.5,2707,2035,2667,1.9
7409,New-c74a786,0-1,0.0,2707,2035,2668,1.8
7410,Base-f462400,0-1,1.0,2708,2035,2668,1.9
7415,New-c74a786,0-1,0.0,2708,2035,2669,1.8
7414,Base-f462400,1-0,0.0,2708,2035,2670,1.8
7413,New-c74a786,0-1,0.0,2708,2035,2671,1.7
7416,Base-f462400,0-1,1.0,2709,2035,2671,1.8
7412,Base-f462400,1/2-1/2,0.5,2709,2036,2671,1.8
7422,Base-f462400,1/2-1/2,0.5,2709,2037,2671,1.8
7417,New-c74a786,0-1,0.0,2709,2037,2672,1.7
7420,Base-f462400,1/2-1/2,0.5,2709,2038,2672,1.7
7419,New-c74a786,0-1,0.0,2709,2038,2673,1.7
7421,New-c74a786,0-1,0.0,2709,2038,2674,1.6
7418,Base-f462400,1/2-1/2,0.5,2709,2039,2674,1.6
7424,Base-f462400,1-0,0.0,2709,2039,2675,1.6
7425,New-c74a786,0-1,0.0,2709,2039,2676,1.5
7423,New-c74a786,0-1,0.0,2709,2039,2677,1.5
7426,Base-f462400,1/2-1/2,0.5,2709,2040,2677,1.5
7427,New-c74a786,0-1,0.0,2709,2040,2678,1.5
7428,Base-f462400,1-0,0.0,2709,2040,2679,1.4
7434,Base-f462400,1/2-1/2,0.5,2709,2041,2679,1.4
7430,Base-f462400,1/2-1/2,0.5,2709,2042,2679,1.4
7429,New-c74a786,1/2-1/2,0.5,2709,2043,2679,1.4
7432,Base-f462400,0-1,1.0,2710,2043,2679,1.4
7431,New-c74a786,0-1,0.0,2710,2043,2680,1.4
7433,New-c74a786,0-1,0.0,2710,2043,2681,1.4
7435,New-c74a786,0-1,0.0,2710,2043,2682,1.3
7436,Base-f462400,1-0,0.0,2710,2043,2683,1.3
7437,New-c74a786,1-0,1.0,2711,2043,2683,1.3
7438,Base-f462400,0-1,1.0,2712,2043,2683,1.4
7440,Base-f462400,1-0,0.0,2712,2043,2684,1.3
7439,New-c74a786,1-0,1.0,2713,2043,2684,1.4
7442,Base-f462400,0-1,1.0,2714,2043,2684,1.4
7441,New-c74a786,1/2-1/2,0.5,2714,2044,2684,1.4
7443,New-c74a786,0-1,0.0,2714,2044,2685,1.4
7445,New-c74a786,0-1,0.0,2714,2044,2686,1.3
7444,Base-f462400,0-1,1.0,2715,2044,2686,1.4
7447,New-c74a786,0-1,0.0,2715,2044,2687,1.3
7446,Base-f462400,0-1,1.0,2716,2044,2687,1.4
7448,Base-f462400,1/2-1/2,0.5,2716,2045,2687,1.4
7451,New-c74a786,0-1,0.0,2716,2045,2688,1.3
7449,New-c74a786,1-0,1.0,2717,2045,2688,1.4
7450,Base-f462400,1-0,0.0,2717,2045,2689,1.3
7456,Base-f462400,1/2-1/2,0.5,2717,2046,2689,1.3
7452,Base-f462400,0-1,1.0,2718,2046,2689,1.4
7453,New-c74a786,0-1,0.0,2718,2046,2690,1.3
7455,New-c74a786,1/2-1/2,0.5,2718,2047,2690,1.3
7454,Base-f462400,1-0,0.0,2718,2047,2691,1.3
7457,New-c74a786,0-1,0.0,2718,2047,2692,1.2
7459,New-c74a786,1/2-1/2,0.5,2718,2048,2692,1.2
7460,Base-f462400,1/2-1/2,0.5,2718,2049,2692,1.2
7458,Base-f462400,0-1,1.0,2719,2049,2692,1.3
7461,New-c74a786,0-1,0.0,2719,2049,2693,1.2
7462,Base-f462400,1-0,0.0,2719,2049,2694,1.2
7463,New-c74a786,1-0,1.0,2720,2049,2694,1.2
7464,Base-f462400,1-0,0.0,2720,2049,2695,1.2
7469,New-c74a786,0-1,0.0,2720,2049,2696,1.1
7465,New-c74a786,1/2-1/2,0.5,2720,2050,2696,1.1
7466,Base-f462400,0-1,1.0,2721,2050,2696,1.2
7467,New-c74a786,1/2-1/2,0.5,2721,2051,2696,1.2
7470,Base-f462400,1-0,0.0,2721,2051,2697,1.1
7468,Base-f462400,1/2-1/2,0.5,2721,2052,2697,1.1
7471,New-c74a786,0-1,0.0,2721,2052,2698,1.1
7472,Base-f462400,1-0,0.0,2721,2052,2699,1.0
7475,New-c74a786,1-0,1.0,2722,2052,2699,1.1
7473,New-c74a786,0-1,0.0,2722,2052,2700,1.0
7474,Base-f462400,0-1,1.0,2723,2052,2700,1.1
7476,Base-f462400,1/2-1/2,0.5,2723,2053,2700,1.1
7478,Base-f462400,1-0,0.0,2723,2053,2701,1.0
7479,New-c74a786,1/2-1/2,0.5,2723,2054,2701,1.0
7477,New-c74a786,0-1,0.0,2723,2054,2702,1.0
7482,Base-f462400,0-1,1.0,2724,2054,2702,1.0
7484,Base-f462400,1-0,0.0,2724,2054,2703,1.0
7483,New-c74a786,1-0,1.0,2725,2054,2703,1.0
7480,Base-f462400,1-0,0.0,2725,2054,2704,1.0
7485,New-c74a786,0-1,0.0,2725,2054,2705,0.9
7481,New-c74a786,1-0,1.0,2726,2054,2705,1.0
7487,New-c74a786,1-0,1.0,2727,2054,2705,1.0
7486,Base-f462400,0-1,1.0,2728,2054,2705,1.1
7488,Base-f462400,1-0,0.0,2728,2054,2706,1.0
7491,New-c74a786,1-0,1.0,2729,2054,2706,1.1
7489,New-c74a786,1/2-1/2,0.5,2729,2055,2706,1.1
7492,Base-f462400,0-1,1.0,2730,2055,2706,1.1
7493,New-c74a786,1-0,1.0,2731,2055,2706,1.2
7490,Base-f462400,1/2-1/2,0.5,2731,2056,2706,1.2
7494,Base-f462400,0-1,1.0,2732,2056,2706,1.2
7499,New-c74a786,1/2-1/2,0.5,2732,2057,2706,1.2
7495,New-c74a786,0-1,0.0,2732,2057,2707,1.2
7496,Base-f462400,0-1,1.0,2733,2057,2707,1.2
7498,Base-f462400,0-1,1.0,2734,2057,2707,1.3
7502,Base-f462400,0-1,1.0,2735,2057,2707,1.3
7501,New-c74a786,1-0,1.0,2736,2057,2707,1.3
7497,New-c74a786,1/2-1/2,0.5,2736,2058,2707,1.3
7504,Base-f462400,0-1,1.0,2737,2058,2707,1.4
7505,New-c74a786,0-1,0.0,2737,2058,2708,1.3
7500,Base-f462400,0-1,1.0,2738,2058,2708,1.4
7503,New-c74a786,1-0,1.0,2739,2058,2708,1.4
7508,Base-f462400,1-0,0.0,2739,2058,2709,1.4
7506,Base-f462400,0-1,1.0,2740,2058,2709,1.4
7507,New-c74a786,1/2-1/2,0.5,2740,2059,2709,1.4
7510,Base-f462400,0-1,1.0,2741,2059,2709,1.5
7509,New-c74a786,1-0,1.0,2742,2059,2709,1.5
7512,Base-f462400,0-1,1.0,2743,2059,2709,1.6
7511,New-c74a786,1-0,1.0,2744,2059,2709,1.6
7513,New-c74a786,1-0,1.0,2745,2059,2709,1.7
7514,Base-f462400,1-0,0.0,2745,2059,2710,1.6
7515,New-c74a786,1-0,1.0,2746,2059,2710,1.7
7518,Base-f462400,0-1,1.0,2747,2059,2710,1.7
7517,New-c74a786,0-1,0.0,2747,2059,2711,1.7
7516,Base-f462400,1/2-1/2,0.5,2747,2060,2711,1.7
7521,New-c74a786,1/2-1/2,0.5,2747,2061,2711,1.7
7520,Base-f462400,0-1,1.0,2748,2061,2711,1.7
7522,Base-f462400,1/2-1/2,0.5,2748,2062,2711,1.7
7524,Base-f462400,1-0,0.0,2748,2062,2712,1.7
7519,New-c74a786,0-1,0.0,2748,2062,2713,1.6
7525,New-c74a786,1-0,1.0,2749,2062,2713,1.7
7523,New-c74a786,0-1,0.0,2749,2062,2714,1.6
7527,New-c74a786,1/2-1/2,0.5,2749,2063,2714,1.6
7529,New-c74a786,1/2-1/2,0.5,2749,2064,2714,1.6
7528,Base-f462400,0-1,1.0,2750,2064,2714,1.7
7526,Base-f462400,0-1,1.0,2751,2064,2714,1.7
7530,Base-f462400,1/2-1/2,0.5,2751,2065,2714,1.7
7533,New-c74a786,0-1,0.0,2751,2065,2715,1.7
7531,New-c74a786,1-0,1.0,2752,2065,2715,1.7
7532,Base-f462400,0-1,1.0,2753,2065,2715,1.8
7534,Base-f462400,1/2-1/2,0.5,2753,2066,2715,1.8
7535,New-c74a786,1-0,1.0,2754,2066,2715,1.8
7538,Base-f462400,1/2-1/2,0.5,2754,2067,2715,1.8
7537,New-c74a786,0-1,0.0,2754,2067,2716,1.8
7536,Base-f462400,0-1,1.0,2755,2067,2716,1.8
7540,Base-f462400,0-1,1.0,2756,2067,2716,1.8
7541,New-c74a786,1-0,1.0,2757,2067,2716,1.9
7542,Base-f462400,1/2-1/2,0.5,2757,2068,2716,1.9
7539,New-c74a786,0-1,0.0,2757,2068,2717,1.8
7543,New-c74a786,1-0,1.0,2758,2068,2717,1.9
7544,Base-f462400,1-0,0.0,2758,2068,2718,1.8
7550,Base-f462400,0-1,1.0,2759,2068,2718,1.9
7548,Base-f462400,1/2-1/2,0.5,2759,2069,2718,1.9
7546,Base-f462400,1/2-1/2,0.5,2759,2070,2718,1.9
7545,New-c74a786,0-1,0.0,2759,2070,2719,1.8
7547,New-c74a786,1/2-1/2,0.5,2759,2071,2719,1.8
7549,New-c74a786,1/2-1/2,0.5,2759,2072,2719,1.8
7551,New-c74a786,1/2-1/2,0.5,2759,2073,2719,1.8
7552,Base-f462400,0-1,1.0,2760,2073,2719,1.9
7554,Base-f462400,1/2-1/2,0.5,2760,2074,2719,1.9
7556,Base-f462400,1/2-1/2,0.5,2760,2075,2719,1.9
7557,New-c74a786,1-0,1.0,2761,2075,2719,1.9
7559,New-c74a786,0-1,0.0,2761,2075,2720,1.9
7553,New-c74a786,1/2-1/2,0.5,2761,2076,2720,1.9
7555,New-c74a786,1-0,1.0,2762,2076,2720,1.9
7558,Base-f462400,1/2-1/2,0.5,2762,2077,2720,1.9
7561,New-c74a786,0-1,0.0,2762,2077,2721,1.9
7560,Base-f462400,1/2-1/2,0.5,2762,2078,2721,1.9
7563,New-c74a786,0-1,0.0,2762,2078,2722,1.8
7562,Base-f462400,0-1,1.0,2763,2078,2722,1.9
7565,New-c74a786,1-0,1.0,2764,2078,2722,1.9
7566,Base-f462400,0-1,1.0,2765,2078,2722,2.0
7569,New-c74a786,0-1,0.0,2765,2078,2723,1.9
7564,Base-f462400,1/2-1/2,0.5,2765,2079,2723,1.9
7568,Base-f462400,1-0,0.0,2765,2079,2724,1.9
7570,Base-f462400,0-1,1.0,2766,2079,2724,1.9
7571,New-c74a786,0-1,0.0,2766,2079,2725,1.9
7567,New-c74a786,1/2-1/2,0.5,2766,2080,2725,1.9
7572,Base-f462400,0-1,1.0,2767,2080,2725,1.9
7573,New-c74a786,1-0,1.0,2768,2080,2725,2.0
7575,New-c74a786,1/2-1/2,0.5,2768,2081,2725,2.0
7576,Base-f462400,1-0,0.0,2768,2081,2726,1.9
7574,Base-f462400,1-0,0.0,2768,2081,2727,1.9
7577,New-c74a786,0-1,0.0,2768,2081,2728,1.8
7580,Base-f462400,0-1,1.0,2769,2081,2728,1.9
7581,New-c74a786,1-0,1.0,2770,2081,2728,1.9
7578,Base-f462400,1-0,0.0,2770,2081,2729,1.9
7582,Base-f462400,0-1,1.0,2771,2081,2729,1.9
7579,New-c74a786,0-1,0.0,2771,2081,2730,1.9
7584,Base-f462400,0-1,1.0,2772,2081,2730,1.9
7583,New-c74a786,1/2-1/2,0.5,2772,2082,2730,1.9
7589,New-c74a786,0-1,0.0,2772,2082,2731,1.9
7585,New-c74a786,1-0,1.0,2773,2082,2731,1.9
7587,New-c74a786,0-1,0.0,2773,2082,2732,1.9
7586,Base-f462400,0-1,1.0,2774,2082,2732,1.9
7588,Base-f462400,1-0,0.0,2774,2082,2733,1.9
7590,Base-f462400,1-0,0.0,2774,2082,2734,1.8
7591,New-c74a786,1-0,1.0,2775,2082,2734,1.9
7595,New-c74a786,0-1,0.0,2775,2082,2735,1.8
7592,Base-f462400,1-0,0.0,2775,2082,2736,1.8
7594,Base-f462400,1-0,0.0,2775,2082,2737,1.7
7593,New-c74a786,1/2-1/2,0.5,2775,2083,2737,1.7
7596,Base-f462400,0-1,1.0,2776,2083,2737,1.8
7597,New-c74a786,1/2-1/2,0.5,2776,2084,2737,1.8
7598,Base-f462400,0-1,1.0,2777,2084,2737,1.8
7601,New-c74a786,1-0,1.0,2778,2084,2737,1.9
7599,New-c74a786,1-0,1.0,2779,2084,2737,1.9
7602,Base-f462400,1/2-1/2,0.5,2779,2085,2737,1.9
7600,Base-f462400,0-1,1.0,2780,2085,2737,2.0
7603,New-c74a786,1-0,1.0,2781,2085,2737,2.0
7604,Base-f462400,1-0,0.0,2781,2085,2738,2.0
7605,New-c74a786,1/2-1/2,0.5,2781,2086,2738,2.0
7611,New-c74a786,1/2-1/2,0.5,2781,2087,2738,2.0
7607,New-c74a786,1-0,1.0,2782,2087,2738,2.0
7606,Base-f462400,1-0,0.0,2782,2087,2739,2.0
7608,Base-f462400,1-0,0.0,2782,2087,2740,1.9
7609,New-c74a786,1/2-1/2,0.5,2782,2088,2740,1.9
7610,Base-f462400,1-0,0.0,2782,2088,2741,1.9
7613,New-c74a786,1/2-1/2,0.5,2782,2089,2741,1.9
7617,New-c74a786,0-1,0.0,2782,2089,2742,1.8
7612,Base-f462400,1-0,0.0,2782,2089,2743,1.8
7614,Base-f462400,1/2-1/2,0.5,2782,2090,2743,1.8
7616,Base-f462400,1-0,0.0,2782,2090,2744,1.7
7618,Base-f462400,1/2-1/2,0.5,2782,2091,2744,1.7
7619,New-c74a786,0-1,0.0,2782,2091,2745,1.7
7615,New-c74a786,1/2-1/2,0.5,2782,2092,2745,1.7
7622,Base-f462400,0-1,1.0,2783,2092,2745,1.7
7620,Base-f462400,0-1,1.0,2784,2092,2745,1.8
7621,New-c74a786,0-1,0.0,2784,2092,2746,1.7
7624,Base-f462400,1-0,0.0,2784,2092,2747,1.7
7623,New-c74a786,1-0,1.0,2785,2092,2747,1.7
7625,New-c74a786,1/2-1/2,0.5,2785,2093,2747,1.7
7626,Base-f462400,1-0,0.0,2785,2093,2748,1.7
7628,Base-f462400,1-0,0.0,2785,2093,2749,1.6
7627,New-c74a786,0-1,0.0,2785,2093,2750,1.6
7629,New-c74a786,1-0,1.0,2786,2093,2750,1.6
7630,Base-f462400,1-0,0.0,2786,2093,2751,1.6
7631,New-c74a786,1-0,1.0,2787,2093,2751,1.6
7633,New-c74a786,0-1,0.0,2787,2093,2752,1.6
7636,Base-f462400,1/2-1/2,0.5,2787,2094,2752,1.6
7635,New-c74a786,1/2-1/2,0.5,2787,2095,2752,1.6
7634,Base-f462400,0-1,1.0,2788,2095,2752,1.6
7632,Base-f462400,1/2-1/2,0.5,2788,2096,2752,1.6
7637,New-c74a786,1/2-1/2,0.5,2788,2097,2752,1.6
7638,Base-f462400,0-1,1.0,2789,2097,2752,1.7
7639,New-c74a786,1-0,1.0,2790,2097,2752,1.7
7641,New-c74a786,1-0,1.0,2791,2097,2752,1.8
7640,Base-f462400,1/2-1/2,0.5,2791,2098,2752,1.8
7642,Base-f462400,1/2-1/2,0.5,2791,2099,2752,1.8
7643,New-c74a786,1/2-1/2,0.5,2791,2100,2752,1.8
7644,Base-f462400,1/2-1/2,0.5,2791,2101,2752,1.8
7646,Base-f462400,1-0,0.0,2791,2101,2753,1.7
7645,New-c74a786,1-0,1.0,2792,2101,2753,1.8
7647,New-c74a786,0-1,0.0,2792,2101,2754,1.7
7649,New-c74a786,1-0,1.0,2793,2101,2754,1.8
7648,Base-f462400,1/2-1/2,0.5,2793,2102,2754,1.8
7650,Base-f462400,1-0,0.0,2793,2102,2755,1.7
7651,New-c74a786,0-1,0.0,2793,2102,2756,1.7
7656,Base-f462400,1-0,0.0,2793,2102,2757,1.6
7654,Base-f462400,1-0,0.0,2793,2102,2758,1.6
7655,New-c74a786,1/2-1/2,0.5,2793,2103,2758,1.6
7653,New-c74a786,1-0,1.0,2794,2103,2758,1.6
7652,Base-f462400,1-0,0.0,2794,2103,2759,1.6
7657,New-c74a786,1-0,1.0,2795,2103,2759,1.6
7658,Base-f462400,1/2-1/2,0.5,2795,2104,2759,1.6
7661,New-c74a786,1-0,1.0,2796,2104,2759,1.7
7662,Base-f462400,1-0,0.0,2796,2104,2760,1.6
7659,New-c74a786,1-0,1.0,2797,2104,2760,1.7
7663,New-c74a786,1/2-1/2,0.5,2797,2105,2760,1.7
7664,Base-f462400,1/2-1/2,0.5,2797,2106,2760,1.7
7660,Base-f462400,1-0,0.0,2797,2106,2761,1.6
7666,Base-f462400,1-0,0.0,2797,2106,2762,1.6
7665,New-c74a786,1-0,1.0,2798,2106,2762,1.6
7667,New-c74a786,1-0,1.0,2799,2106,2762,1.7
7669,New-c74a786,1-0,1.0,2800,2106,2762,1.7
7668,Base-f462400,1/2-1/2,0.5,2800,2107,2762,1.7
7671,New-c74a786,0-1,0.0,2800,2107,2763,1.7
7670,Base-f462400,1/2-1/2,0.5,2800,2108,2763,1.7
7672,Base-f462400,0-1,1.0,2801,2108,2763,1.7
7674,Base-f462400,1/2-1/2,0.5,2801,2109,2763,1.7
7675,New-c74a786,1/2-1/2,0.5,2801,2110,2763,1.7
7673,New-c74a786,0-1,0.0,2801,2110,2764,1.7
7677,New-c74a786,0-1,0.0,2801,2110,2765,1.6
7678,Base-f462400,1-0,0.0,2801,2110,2766,1.6
7676,Base-f462400,1/2-1/2,0.5,2801,2111,2766,1.6
7680,Base-f462400,0-1,1.0,2802,2111,2766,1.6
7681,New-c74a786,0-1,0.0,2802,2111,2767,1.6
7679,New-c74a786,1/2-1/2,0.5,2802,2112,2767,1.6
7682,Base-f462400,1-0,0.0,2802,2112,2768,1.5
7688,Base-f462400,1-0,0.0,2802,2112,2769,1.5
7683,New-c74a786,1-0,1.0,2803,2112,2769,1.5
7686,Base-f462400,1-0,0.0,2803,2112,2770,1.5
7684,Base-f462400,1-0,0.0,2803,2112,2771,1.4
7687,New-c74a786,0-1,0.0,2803,2112,2772,1.4
7685,New-c74a786,1-0,1.0,2804,2112,2772,1.4
7694,Base-f462400,1/2-1/2,0.5,2804,2113,2772,1.4
7689,New-c74a786,1-0,1.0,2805,2113,2772,1.5
7695,New-c74a786,1-0,1.0,2806,2113,2772,1.5
7693,New-c74a786,0-1,0.0,2806,2113,2773,1.5
7692,Base-f462400,1/2-1/2,0.5,2806,2114,2773,1.5
7696,Base-f462400,0-1,1.0,2807,2114,2773,1.5
7690,Base-f462400,0-1,1.0,2808,2114,2773,1.6
7691,New-c74a786,1/2-1/2,0.5,2808,2115,2773,1.6
7697,New-c74a786,1-0,1.0,2809,2115,2773,1.6
7698,Base-f462400,1/2-1/2,0.5,2809,2116,2773,1.6
7700,Base-f462400,0-1,1.0,2810,2116,2773,1.7
7699,New-c74a786,0-1,0.0,2810,2116,2774,1.6
7704,Base-f462400,0-1,1.0,2811,2116,2774,1.7
7702,Base-f462400,0-1,1.0,2812,2116,2774,1.7
7701,New-c74a786,0-1,0.0,2812,2116,2775,1.7
7705,New-c74a786,1-0,1.0,2813,2116,2775,1.7
7706,Base-f462400,1-0,0.0,2813,2116,2776,1.7
7707,New-c74a786,1-0,1.0,2814,2116,2776,1.7
7703,New-c74a786,1/2-1/2,0.5,2814,2117,2776,1.7
7713,New-c74a786,1/2-1/2,0.5,2814,2118,2776,1.7
7708,Base-f462400,0-1,1.0,2815,2118,2776,1.8
7710,Base-f462400,1/2-1/2,0.5,2815,2119,2776,1.8
7711,New-c74a786,1/2-1/2,0.5,2815,2120,2776,1.8
7712,Base-f462400,1-0,0.0,2815,2120,2777,1.7
7714,Base-f462400,0-1,1.0,2816,2120,2777,1.8
7709,New-c74a786,1-0,1.0,2817,2120,2777,1.8
7715,New-c74a786,0-1,0.0,2817,2120,2778,1.8
7718,Base-f462400,0-1,1.0,2818,2120,2778,1.8
7717,New-c74a786,1-0,1.0,2819,2120,2778,1.8
7719,New-c74a786,0-1,0.0,2819,2120,2779,1.8
7716,Base-f462400,1-0,0.0,2819,2120,2780,1.8
7720,Base-f462400,0-1,1.0,2820,2120,2780,1.8
7723,New-c74a786,1/2-1/2,0.5,2820,2121,2780,1.8
7721,New-c74a786,1-0,1.0,2821,2121,2780,1.8
7725,New-c74a786,1/2-1/2,0.5,2821,2122,2780,1.8
7722,Base-f462400,1/2-1/2,0.5,2821,2123,2780,1.8
7724,Base-f462400,1-0,0.0,2821,2123,2781,1.8
7726,Base-f462400,0-1,1.0,2822,2123,2781,1.8
7730,Base-f462400,1-0,0.0,2822,2123,2782,1.8
7731,New-c74a786,0-1,0.0,2822,2123,2783,1.8
7729,New-c74a786,1-0,1.0,2823,2123,2783,1.8
7728,Base-f462400,1-0,0.0,2823,2123,2784,1.8
7733,New-c74a786,1/2-1/2,0.5,2823,2124,2784,1.8
7732,Base-f462400,0-1,1.0,2824,2124,2784,1.8
7734,Base-f462400,1-0,0.0,2824,2124,2785,1.8
7727,New-c74a786,1/2-1/2,0.5,2824,2125,2785,1.8
7740,Base-f462400,0-1,1.0,2825,2125,2785,1.8
7738,Base-f462400,1-0,0.0,2825,2125,2786,1.8
7735,New-c74a786,1-0,1.0,2826,2125,2786,1.8
7739,New-c74a786,0-1,0.0,2826,2125,2787,1.8
7736,Base-f462400,0-1,1.0,2827,2125,2787,1.8
7743,New-c74a786,1/2-1/2,0.5,2827,2126,2787,1.8
7737,New-c74a786,1-0,1.0,2828,2126,2787,1.8
7744,Base-f462400,0-1,1.0,2829,2126,2787,1.9
7742,Base-f462400,0-1,1.0,2830,2126,2787,1.9
7741,New-c74a786,0-1,0.0,2830,2126,2788,1.9
7747,New-c74a786,1/2-1/2,0.5,2830,2127,2788,1.9
7745,New-c74a786,1-0,1.0,2831,2127,2788,1.9
7746,Base-f462400,0-1,1.0,2832,2127,2788,2.0
7749,New-c74a786,0-1,0.0,2832,2127,2789,1.9
7750,Base-f462400,0-1,1.0,2833,2127,2789,2.0
7754,Base-f462400,1-0,0.0,2833,2127,2790,1.9
7748,Base-f462400,1-0,0.0,2833,2127,2791,1.9
7751,New-c74a786,1/2-1/2,0.5,2833,2128,2791,1.9
7753,New-c74a786,0-1,0.0,2833,2128,2792,1.8
7752,Base-f462400,1-0,0.0,2833,2128,2793,1.8
7755,New-c74a786,1/2-1/2,0.5,2833,2129,2793,1.8
7757,New-c74a786,1-0,1.0,2834,2129,2793,1.8
7756,Base-f462400,1-0,0.0,2834,2129,2794,1.8
7759,New-c74a786,0-1,0.0,2834,2129,2795,1.7
7758,Base-f462400,1-0,0.0,2834,2129,2796,1.7
7760,Base-f462400,1/2-1/2,0.5,2834,2130,2796,1.7
7761,New-c74a786,0-1,0.0,2834,2130,2797,1.7
7762,Base-f462400,1/2-1/2,0.5,2834,2131,2797,1.7
7763,New-c74a786,0-1,0.0,2834,2131,2798,1.6
7764,Base-f462400,0-1,1.0,2835,2131,2798,1.7
7767,New-c74a786,0-1,0.0,2835,2131,2799,1.6
7765,New-c74a786,0-1,0.0,2835,2131,2800,1.6
7766,Base-f462400,1-0,0.0,2835,2131,2801,1.5
7768,Base-f462400,1-0,0.0,2835,2131,2802,1.5
7769,New-c74a786,0-1,0.0,2835,2131,2803,1.4
7770,Base-f462400,0-1,1.0,2836,2131,2803,1.5
7771,New-c74a786,0-1,0.0,2836,2131,2804,1.4
7773,New-c74a786,1-0,1.0,2837,2131,2804,1.5
7774,Base-f462400,1-0,0.0,2837,2131,2805,1.4
7772,Base-f462400,1/2-1/2,0.5,2837,2132,2805,1.4
7775,New-c74a786,0-1,0.0,2837,2132,2806,1.4
7776,Base-f462400,1-0,0.0,2837,2132,2807,1.3
7779,New-c74a786,0-1,0.0,2837,2132,2808,1.3
7780,Base-f462400,1-0,0.0,2837,2132,2809,1.3
7778,Base-f462400,1-0,0.0,2837,2132,2810,1.2
7782,Base-f462400,1/2-1/2,0.5,2837,2133,2810,1.2
7777,New-c74a786,1/2-1/2,0.5,2837,2134,2810,1.2
7783,New-c74a786,1-0,1.0,2838,2134,2810,1.3
7781,New-c74a786,0-1,0.0,2838,2134,2811,1.2
7784,Base-f462400,0-1,1.0,2839,2134,2811,1.2
7786,Base-f462400,1-0,0.0,2839,2134,2812,1.2
7787,New-c74a786,1-0,1.0,2840,2134,2812,1.2
7789,New-c74a786,0-1,0.0,2840,2134,2813,1.2
7785,New-c74a786,1/2-1/2,0.5,2840,2135,2813,1.2
7788,Base-f462400,1/2-1/2,0.5,2840,2136,2813,1.2
7790,Base-f462400,0-1,1.0,2841,2136,2813,1.2
7794,Base-f462400,1-0,0.0,2841,2136,2814,1.2
7791,New-c74a786,1-0,1.0,2842,2136,2814,1.2
7793,New-c74a786,1-0,1.0,2843,2136,2814,1.3
7792,Base-f462400,0-1,1.0,2844,2136,2814,1.3
7795,New-c74a786,1-0,1.0,2845,2136,2814,1.4
7797,New-c74a786,1-0,1.0,2846,2136,2814,1.4
7799,New-c74a786,0-1,0.0,2846,2136,2815,1.4
7796,Base-f462400,0-1,1.0,2847,2136,2815,1.4
7798,Base-f462400,1-0,0.0,2847,2136,2816,1.4
7800,Base-f462400,0-1,1.0,2848,2136,2816,1.4
7802,Base-f462400,1-0,0.0,2848,2136,2817,1.4
7801,New-c74a786,1-0,1.0,2849,2136,2817,1.4
7804,Base-f462400,0-1,1.0,2850,2136,2817,1.5
7803,New-c74a786,0-1,0.0,2850,2136,2818,1.4
7807,New-c74a786,1/2-1/2,0.5,2850,2137,2818,1.4
7806,Base-f462400,1-0,0.0,2850,2137,2819,1.4
7805,New-c74a786,1/2-1/2,0.5,2850,2138,2819,1.4
7808,Base-f462400,1/2-1/2,0.5,2850,2139,2819,1.4
7809,New-c74a786,1/2-1/2,0.5,2850,2140,2819,1.4
7810,Base-f462400,0-1,1.0,2851,2140,2819,1.4
7812,Base-f462400,0-1,1.0,2852,2140,2819,1.5
7814,Base-f462400,0-1,1.0,2853,2140,2819,1.5
7815,New-c74a786,0-1,0.0,2853,2140,2820,1.5
7813,New-c74a786,0-1,0.0,2853,2140,2821,1.4
7816,Base-f462400,0-1,1.0,2854,2140,2821,1.5
7811,New-c74a786,1/2-1/2,0.5,2854,2141,2821,1.5
7817,New-c74a786,0-1,0.0,2854,2141,2822,1.4
7818,Base-f462400,0-1,1.0,2855,2141,2822,1.5
7819,New-c74a786,1-0,1.0,2856,2141,2822,1.5
7822,Base-f462400,0-1,1.0,2857,2141,2822,1.6
7824,Base-f462400,1-0,0.0,2857,2141,2823,1.5
7821,New-c74a786,0-1,0.0,2857,2141,2824,1.5
7825,New-c74a786,1-0,1.0,2858,2141,2824,1.5
7823,New-c74a786,1-0,1.0,2859,2141,2824,1.6
7820,Base-f462400,1-0,0.0,2859,2141,2825,1.5
7826,Base-f462400,1/2-1/2,0.5,2859,2142,2825,1.5
7829,New-c74a786,0-1,0.0,2859,2142,2826,1.5
7831,New-c74a786,0-1,0.0,2859,2142,2827,1.4
7832,Base-f462400,1-0,0.0,2859,2142,2828,1.4
7828,Base-f462400,1-0,0.0,2859,2142,2829,1.3
7827,New-c74a786,0-1,0.0,2859,2142,2830,1.3
7833,New-c74a786,0-1,0.0,2859,2142,2831,1.2
7830,Base-f462400,1/2-1/2,0.5,2859,2143,2831,1.2
7834,Base-f462400,1-0,0.0,2859,2143,2832,1.2
7836,Base-f462400,1-0,0.0,2859,2143,2833,1.2
7837,New-c74a786,0-1,0.0,2859,2143,2834,1.1
7838,Base-f462400,1-0,0.0,2859,2143,2835,1.1
7835,New-c74a786,0-1,0.0,2859,2143,2836,1.0
7840,Base-f462400,1-0,0.0,2859,2143,2837,1.0
7839,New-c74a786,0-1,0.0,2859,2143,2838,0.9
7841,New-c74a786,0-1,0.0,2859,2143,2839,0.9
7844,Base-f462400,1-0,0.0,2859,2143,2840,0.8
7842,Base-f462400,1-0,0.0,2859,2143,2841,0.8
7845,New-c74a786,1-0,1.0,2860,2143,2841,0.8
7847,New-c74a786,0-1,0.0,2860,2143,2842,0.8
7843,New-c74a786,0-1,0.0,2860,2143,2843,0.8
7848,Base-f462400,0-1,1.0,2861,2143,2843,0.8
7846,Base-f462400,1-0,0.0,2861,2143,2844,0.8
7850,Base-f462400,1-0,0.0,2861,2143,2845,0.7
7849,New-c74a786,0-1,0.0,2861,2143,2846,0.7
7853,New-c74a786,1/2-1/2,0.5,2861,2144,2846,0.7
7851,New-c74a786,0-1,0.0,2861,2144,2847,0.6
7855,New-c74a786,1/2-1/2,0.5,2861,2145,2847,0.6
7852,Base-f462400,1/2-1/2,0.5,2861,2146,2847,0.6
7854,Base-f462400,1/2-1/2,0.5,2861,2147,2847,0.6
7856,Base-f462400,1/2-1/2,0.5,2861,2148,2847,0.6
7857,New-c74a786,1-0,1.0,2862,2148,2847,0.7
7861,New-c74a786,1-0,1.0,2863,2148,2847,0.7
7859,New-c74a786,0-1,0.0,2863,2148,2848,0.7
7858,Base-f462400,1/2-1/2,0.5,2863,2149,2848,0.7
7860,Base-f462400,0-1,1.0,2864,2149,2848,0.7
7862,Base-f462400,0-1,1.0,2865,2149,2848,0.8
7863,New-c74a786,0-1,0.0,2865,2149,2849,0.7
7864,Base-f462400,1/2-1/2,0.5,2865,2150,2849,0.7
7865,New-c74a786,0-1,0.0,2865,2150,2850,0.7
7867,New-c74a786,1-0,1.0,2866,2150,2850,0.7
7869,New-c74a786,1-0,1.0,2867,2150,2850,0.8
7868,Base-f462400,0-1,1.0,2868,2150,2850,0.8
7866,Base-f462400,1-0,0.0,2868,2150,2851,0.8
7870,Base-f462400,1/2-1/2,0.5,2868,2151,2851,0.8
7875,New-c74a786,1-0,1.0,2869,2151,2851,0.8
7873,New-c74a786,1-0,1.0,2870,2151,2851,0.8
7872,Base-f462400,1/2-1/2,0.5,2870,2152,2851,0.8
7871,New-c74a786,1/2-1/2,0.5,2870,2153,2851,0.8
7876,Base-f462400,0-1,1.0,2871,2153,2851,0.9
7877,New-c74a786,1/2-1/2,0.5,2871,2154,2851,0.9
7874,Base-f462400,1-0,0.0,2871,2154,2852,0.8
7878,Base-f462400,0-1,1.0,2872,2154,2852,0.9
7879,New-c74a786,1/2-1/2,0.5,2872,2155,2852,0.9
7885,New-c74a786,1/2-1/2,0.5,2872,2156,2852,0.9
7882,Base-f462400,0-1,1.0,2873,2156,2852,0.9
7881,New-c74a786,1-0,1.0,2874,2156,2852,1.0
7883,New-c74a786,1-0,1.0,2875,2156,2852,1.0
7884,Base-f462400,1-0,0.0,2875,2156,2853,1.0
7880,Base-f462400,1-0,0.0,2875,2156,2854,0.9
7886,Base-f462400,0-1,1.0,2876,2156,2854,1.0
7893,New-c74a786,1/2-1/2,0.5,2876,2157,2854,1.0
7887,New-c74a786,0-1,0.0,2876,2157,2855,0.9
7888,Base-f462400,0-1,1.0,2877,2157,2855,1.0
7892,Base-f462400,1/2-1/2,0.5,2877,2158,2855,1.0
7889,New-c74a786,1-0,1.0,2878,2158,2855,1.0
7891,New-c74a786,0-1,0.0,2878,2158,2856,1.0
7894,Base-f462400,1-0,0.0,2878,2158,2857,0.9
7890,Base-f462400,1-0,0.0,2878,2158,2858,0.9
7902,Base-f462400,1/2-1/2,0.5,2878,2159,2858,0.9
7898,Base-f462400,1/2-1/2,0.5,2878,2160,2858,0.9
7895,New-c74a786,1-0,1.0,2879,2160,2858,0.9
7897,New-c74a786,1-0,1.0,2880,2160,2858,1.0
7900,Base-f462400,1-0,0.0,2880,2160,2859,0.9
7896,Base-f462400,0-1,1.0,2881,2160,2859,1.0
7903,New-c74a786,1-0,1.0,2882,2160,2859,1.0
7901,New-c74a786,0-1,0.0,2882,2160,2860,1.0
7899,New-c74a786,1/2-1/2,0.5,2882,2161,2860,1.0
7904,Base-f462400,0-1,1.0,2883,2161,2860,1.0
7905,New-c74a786,1/2-1/2,0.5,2883,2162,2860,1.0
7906,Base-f462400,0-1,1.0,2884,2162,2860,1.1
7907,New-c74a786,1-0,1.0,2885,2162,2860,1.1
7909,New-c74a786,1-0,1.0,2886,2162,2860,1.1
7908,Base-f462400,1/2-1/2,0.5,2886,2163,2860,1.1
7913,New-c74a786,1/2-1/2,0.5,2886,2164,2860,1.1
7914,Base-f462400,0-1,1.0,2887,2164,2860,1.2
7910,Base-f462400,0-1,1.0,2888,2164,2860,1.2
7912,Base-f462400,1-0,0.0,2888,2164,2861,1.2
7911,New-c74a786,1/2-1/2,0.5,2888,2165,2861,1.2
7915,New-c74a786,0-1,0.0,2888,2165,2862,1.1
7916,Base-f462400,1-0,0.0,2888,2165,2863,1.1
7917,New-c74a786,1/2-1/2,0.5,2888,2166,2863,1.1
7918,Base-f462400,1-0,0.0,2888,2166,2864,1.1
7921,New-c74a786,1-0,1.0,2889,2166,2864,1.1
7919,New-c74a786,1-0,1.0,2890,2166,2864,1.1
7920,Base-f462400,1-0,0.0,2890,2166,2865,1.1
7922,Base-f462400,1-0,0.0,2890,2166,2866,1.1
7923,New-c74a786,0-1,0.0,2890,2166,2867,1.0
7924,Base-f462400,1-0,0.0,2890,2166,2868,1.0
7926,Base-f462400,0-1,1.0,2891,2166,2868,1.0
7925,New-c74a786,0-1,0.0,2891,2166,2869,1.0
7927,New-c74a786,0-1,0.0,2891,2166,2870,0.9
7928,Base-f462400,1/2-1/2,0.5,2891,2167,2870,0.9
7932,Base-f462400,1/2-1/2,0.5,2891,2168,2870,0.9
7929,New-c74a786,1-0,1.0,2892,2168,2870,1.0
7931,New-c74a786,1/2-1/2,0.5,2892,2169,2870,1.0
7930,Base-f462400,1-0,0.0,2892,2169,2871,0.9
7935,New-c74a786,1/2-1/2,0.5,2892,2170,2871,0.9
7934,Base-f462400,1-0,0.0,2892,2170,2872,0.9
7938,Base-f462400,1-0,0.0,2892,2170,2873,0.8
7937,New-c74a786,0-1,0.0,2892,2170,2874,0.8
7939,New-c74a786,0-1,0.0,2892,2170,2875,0.7
7936,Base-f462400,1-0,0.0,2892,2170,2876,0.7
7933,New-c74a786,0-1,0.0,2892,2170,2877,0.7
7940,Base-f462400,1-0,0.0,2892,2170,2878,0.6
7946,Base-f462400,1/2-1/2,0.5,2892,2171,2878,0.6
7942,Base-f462400,0-1,1.0,2893,2171,2878,0.7
7941,New-c74a786,1/2-1/2,0.5,2893,2172,2878,0.7
7944,Base-f462400,1/2-1/2,0.5,2893,2173,2878,0.7
7943,New-c74a786,0-1,0.0,2893,2173,2879,0.6
7945,New-c74a786,1-0,1.0,2894,2173,2879,0.7
7948,Base-f462400,1-0,0.0,2894,2173,2880,0.6
7947,New-c74a786,1-0,1.0,2895,2173,2880,0.7
7952,Base-f462400,0-1,1.0,2896,2173,2880,0.7
7951,New-c74a786,0-1,0.0,2896,2173,2881,0.7
7949,New-c74a786,0-1,0.0,2896,2173,2882,0.6
7953,New-c74a786,1/2-1/2,0.5,2896,2174,2882,0.6
7950,Base-f462400,1/2-1/2,0.5,2896,2175,2882,0.6
7954,Base-f462400,1/2-1/2,0.5,2896,2176,2882,0.6
7959,New-c74a786,0-1,0.0,2896,2176,2883,0.6
7957,New-c74a786,1-0,1.0,2897,2176,2883,0.6
7956,Base-f462400,1-0,0.0,2897,2176,2884,0.6
7955,New-c74a786,1/2-1/2,0.5,2897,2177,2884,0.6
7958,Base-f462400,1-0,0.0,2897,2177,2885,0.5
7961,New-c74a786,0-1,0.0,2897,2177,2886,0.5
7962,Base-f462400,1-0,0.0,2897,2177,2887,0.4
7960,Base-f462400,1/2-1/2,0.5,2897,2178,2887,0.4
7963,New-c74a786,1-0,1.0,2898,2178,2887,0.5
7968,Base-f462400,1/2-1/2,0.5,2898,2179,2887,0.5
7965,New-c74a786,1-0,1.0,2899,2179,2887,0.5
7964,Base-f462400,0-1,1.0,2900,2179,2887,0.6
7966,Base-f462400,1-0,0.0,2900,2179,2888,0.5
7967,New-c74a786,1-0,1.0,2901,2179,2888,0.6
7969,New-c74a786,1/2-1/2,0.5,2901,2180,2888,0.6
7971,New-c74a786,1-0,1.0,2902,2180,2888,0.6
7974,Base-f462400,1-0,0.0,2902,2180,2889,0.6
7970,Base-f462400,1-0,0.0,2902,2180,2890,0.5
7975,New-c74a786,1-0,1.0,2903,2180,2890,0.6
7977,New-c74a786,0-1,0.0,2903,2180,2891,0.5
7972,Base-f462400,0-1,1.0,2904,2180,2891,0.6
7976,Base-f462400,1-0,0.0,2904,2180,2892,0.5
7978,Base-f462400,1-0,0.0,2904,2180,2893,0.5
7980,Base-f462400,1/2-1/2,0.5,2904,2181,2893,0.5
7973,New-c74a786,1/2-1/2,0.5,2904,2182,2893,0.5
7979,New-c74a786,0-1,0.0,2904,2182,2894,0.4
7983,New-c74a786,1/2-1/2,0.5,2904,2183,2894,0.4
7981,New-c74a786,1/2-1/2,0.5,2904,2184,2894,0.4
7984,Base-f462400,1/2-1/2,0.5,2904,2185,2894,0.4
7985,New-c74a786,1/2-1/2,0.5,2904,2186,2894,0.4
7982,Base-f462400,1/2-1/2,0.5,2904,2187,2894,0.4
7987,New-c74a786,1-0,1.0,2905,2187,2894,0.5
7989,New-c74a786,1-0,1.0,2906,2187,2894,0.5
7986,Base-f462400,1/2-1/2,0.5,2906,2188,2894,0.5
7988,Base-f462400,1/2-1/2,0.5,2906,2189,2894,0.5
7990,Base-f462400,1/2-1/2,0.5,2906,2190,2894,0.5
7991,New-c74a786,1-0,1.0,2907,2190,2894,0.6
7992,Base-f462400,1-0,0.0,2907,2190,2895,0.5
7993,New-c74a786,1-0,1.0,2908,2190,2895,0.6
7997,New-c74a786,1/2-1/2,0.5,2908,2191,2895,0.6
7995,New-c74a786,1/2-1/2,0.5,2908,2192,2895,0.6
8001,New-c74a786,1/2-1/2,0.5,2908,2193,2895,0.6
7996,Base-f462400,1-0,0.0,2908,2193,2896,0.5
7994,Base-f462400,1/2-1/2,0.5,2908,2194,2896,0.5
7998,Base-f462400,1/2-1/2,0.5,2908,2195,2896,0.5
7999,New-c74a786,1-0,1.0,2909,2195,2896,0.6
8003,New-c74a786,0-1,0.0,2909,2195,2897,0.5
8000,Base-f462400,1-0,0.0,2909,2195,2898,0.5
8006,Base-f462400,1-0,0.0,2909,2195,2899,0.4
8005,New-c74a786,0-1,0.0,2909,2195,2900,0.4
8004,Base-f462400,1/2-1/2,0.5,2909,2196,2900,0.4
8007,New-c74a786,1-0,1.0,2910,2196,2900,0.4
8002,Base-f462400,1/2-1/2,0.5,2910,2197,2900,0.4
8009,New-c74a786,0-1,0.0,2910,2197,2901,0.4
8013,New-c74a786,0-1,0.0,2910,2197,2902,0.3
8008,Base-f462400,0-1,1.0,2911,2197,2902,0.4
8012,Base-f462400,0-1,1.0,2912,2197,2902,0.4
8011,New-c74a786,0-1,0.0,2912,2197,2903,0.4
8010,Base-f462400,1-0,0.0,2912,2197,2904,0.3
8014,Base-f462400,1/2-1/2,0.5,2912,2198,2904,0.3
8015,New-c74a786,1-0,1.0,2913,2198,2904,0.4
8017,New-c74a786,1-0,1.0,2914,2198,2904,0.4
8016,Base-f462400,0-1,1.0,2915,2198,2904,0.5
8020,Base-f462400,1-0,0.0,2915,2198,2905,0.4
8018,Base-f462400,1-0,0.0,2915,2198,2906,0.4
8021,New-c74a786,1/2-1/2,0.5,2915,2199,2906,0.4
8019,New-c74a786,1/2-1/2,0.5,2915,2200,2906,0.4
8023,New-c74a786,0-1,0.0,2915,2200,2907,0.3
8022,Base-f462400,1/2-1/2,0.5,2915,2201,2907,0.3
8024,Base-f462400,0-1,1.0,2916,2201,2907,0.4
8026,Base-f462400,1-0,0.0,2916,2201,2908,0.3
8025,New-c74a786,1-0,1.0,2917,2201,2908,0.4
8027,New-c74a786,0-1,0.0,2917,2201,2909,0.3
8029,New-c74a786,1-0,1.0,2918,2201,2909,0.4
8028,Base-f462400,1/2-1/2,0.5,2918,2202,2909,0.4
8031,New-c74a786,1/2-1/2,0.5,2918,2203,2909,0.4
8035,New-c74a786,1-0,1.0,2919,2203,2909,0.4
8030,Base-f462400,1-0,0.0,2919,2203,2910,0.4
8032,Base-f462400,0-1,1.0,2920,2203,2910,0.4
8033,New-c74a786,1/2-1/2,0.5,2920,2204,2910,0.4
8036,Base-f462400,1-0,0.0,2920,2204,2911,0.4
8037,New-c74a786,1-0,1.0,2921,2204,2911,0.4
8034,Base-f462400,1/2-1/2,0.5,2921,2205,2911,0.4
8040,Base-f462400,0-1,1.0,2922,2205,2911,0.5
8038,Base-f462400,0-1,1.0,2923,2205,2911,0.5
8039,New-c74a786,1/2-1/2,0.5,2923,2206,2911,0.5
8042,Base-f462400,1-0,0.0,2923,2206,2912,0.5
8043,New-c74a786,1-0,1.0,2924,2206,2912,0.5
8041,New-c74a786,1/2-1/2,0.5,2924,2207,2912,0.5
8044,Base-f462400,0-1,1.0,2925,2207,2912,0.6
8045,New-c74a786,1/2-1/2,0.5,2925,2208,2912,0.6
8047,New-c74a786,1-0,1.0,2926,2208,2912,0.6
8046,Base-f462400,0-1,1.0,2927,2208,2912,0.6
8048,Base-f462400,1/2-1/2,0.5,2927,2209,2912,0.6
8050,Base-f462400,1-0,0.0,2927,2209,2913,0.6
8055,New-c74a786,1/2-1/2,0.5,2927,2210,2913,0.6
8049,New-c74a786,0-1,0.0,2927,2210,2914,0.6
8051,New-c74a786,1-0,1.0,2928,2210,2914,0.6
8052,Base-f462400,1-0,0.0,2928,2210,2915,0.6
8053,New-c74a786,1-0,1.0,2929,2210,2915,0.6
8054,Base-f462400,1-0,0.0,2929,2210,2916,0.6
8056,Base-f462400,1-0,0.0,2929,2210,2917,0.5
8057,New-c74a786,1-0,1.0,2930,2210,2917,0.6
8059,New-c74a786,1-0,1.0,2931,2210,2917,0.6
8058,Base-f462400,0-1,1.0,2932,2210,2917,0.6
8060,Base-f462400,0-1,1.0,2933,2210,2917,0.7
8062,Base-f462400,0-1,1.0,2934,2210,2917,0.7
8061,New-c74a786,0-1,0.0,2934,2210,2918,0.7
8063,New-c74a786,1/2-1/2,0.5,2934,2211,2918,0.7
8064,Base-f462400,1-0,0.0,2934,2211,2919,0.6
8065,New-c74a786,1-0,1.0,2935,2211,2919,0.7
8067,New-c74a786,1-0,1.0,2936,2211,2919,0.7
8066,Base-f462400,1/2-1/2,0.5,2936,2212,2919,0.7
8068,Base-f462400,1-0,0.0,2936,2212,2920,0.7
8070,Base-f462400,0-1,1.0,2937,2212,2920,0.7
8071,New-c74a786,1-0,1.0,2938,2212,2920,0.8
8069,New-c74a786,0-1,0.0,2938,2212,2921,0.7
8072,Base-f462400,0-1,1.0,2939,2212,2921,0.8
8073,New-c74a786,1/2-1/2,0.5,2939,2213,2921,0.8
8077,New-c74a786,1/2-1/2,0.5,2939,2214,2921,0.8
8074,Base-f462400,0-1,1.0,2940,2214,2921,0.8
8075,New-c74a786,1-0,1.0,2941,2214,2921,0.9
8076,Base-f462400,1-0,0.0,2941,2214,2922,0.8
8081,New-c74a786,1/2-1/2,0.5,2941,2215,2922,0.8
8083,New-c74a786,1/2-1/2,0.5,2941,2216,2922,0.8
8078,Base-f462400,1-0,0.0,2941,2216,2923,0.8
8079,New-c74a786,0-1,0.0,2941,2216,2924,0.7
8080,Base-f462400,0-1,1.0,2942,2216,2924,0.8
8085,New-c74a786,1-0,1.0,2943,2216,2924,0.8
8084,Base-f462400,1/2-1/2,0.5,2943,2217,2924,0.8
8082,Base-f462400,0-1,1.0,2944,2217,2924,0.9
8088,Base-f462400,1-0,0.0,2944,2217,2925,0.8
8086,Base-f462400,0-1,1.0,2945,2217,2925,0.9
8087,New-c74a786,1-0,1.0,2946,2217,2925,0.9
8090,Base-f462400,1-0,0.0,2946,2217,2926,0.9
8089,New-c74a786,0-1,0.0,2946,2217,2927,0.8
8093,New-c74a786,1-0,1.0,2947,2217,2927,0.9
8094,Base-f462400,1-0,0.0,2947,2217,2928,0.8
8092,Base-f462400,1-0,0.0,2947,2217,2929,0.8
8091,New-c74a786,1/2-1/2,0.5,2947,2218,2929,0.8
8096,Base-f462400,1-0,0.0,2947,2218,2930,0.7
8098,Base-f462400,0-1,1.0,2948,2218,2930,0.8
8097,New-c74a786,0-1,0.0,2948,2218,2931,0.7
8102,Base-f462400,1-0,0.0,2948,2218,2932,0.7
8103,New-c74a786,0-1,0.0,2948,2218,2933,0.6
8095,New-c74a786,1-0,1.0,2949,2218,2933,0.7
8104,Base-f462400,1-0,0.0,2949,2218,2934,0.6
8100,Base-f462400,0-1,1.0,2950,2218,2934,0.7
8101,New-c74a786,0-1,0.0,2950,2218,2935,0.6
8099,New-c74a786,1/2-1/2,0.5,2950,2219,2935,0.6
8105,New-c74a786,1-0,1.0,2951,2219,2935,0.7
8107,New-c74a786,1-0,1.0,2952,2219,2935,0.7
8111,New-c74a786,0-1,0.0,2952,2219,2936,0.7
8110,Base-f462400,1-0,0.0,2952,2219,2937,0.6
8109,New-c74a786,1-0,1.0,2953,2219,2937,0.7
8112,Base-f462400,0-1,1.0,2954,2219,2937,0.7
8106,Base-f462400,0-1,1.0,2955,2219,2937,0.8
8108,Base-f462400,1-0,0.0,2955,2219,2938,0.7
8113,New-c74a786,0-1,0.0,2955,2219,2939,0.7
8116,Base-f462400,0-1,1.0,2956,2219,2939,0.7
8115,New-c74a786,0-1,0.0,2956,2219,2940,0.7
8114,Base-f462400,1-0,0.0,2956,2219,2941,0.6
8117,New-c74a786,1-0,1.0,2957,2219,2941,0.7
8118,Base-f462400,0-1,1.0,2958,2219,2941,0.7
8119,New-c74a786,0-1,0.0,2958,2219,2942,0.7
8120,Base-f462400,0-1,1.0,2959,2219,2942,0.7
8122,Base-f462400,1-0,0.0,2959,2219,2943,0.7
8121,New-c74a786,0-1,0.0,2959,2219,2944,0.6
8127,New-c74a786,0-1,0.0,2959,2219,2945,0.6
8125,New-c74a786,0-1,0.0,2959,2219,2946,0.6
8124,Base-f462400,0-1,1.0,2960,2219,2946,0.6
8128,Base-f462400,0-1,1.0,2961,2219,2946,0.6
8123,New-c74a786,1-0,1.0,2962,2219,2946,0.7
8126,Base-f462400,0-1,1.0,2963,2219,2946,0.7
8135,New-c74a786,1-0,1.0,2964,2219,2946,0.8
8132,Base-f462400,0-1,1.0,2965,2219,2946,0.8
8133,New-c74a786,0-1,0.0,2965,2219,2947,0.8
8131,New-c74a786,1-0,1.0,2966,2219,2947,0.8
8129,New-c74a786,0-1,0.0,2966,2219,2948,0.8
8134,Base-f462400,0-1,1.0,2967,2219,2948,0.8
8136,Base-f462400,0-1,1.0,2968,2219,2948,0.9
8130,Base-f462400,1-0,0.0,2968,2219,2949,0.8
8144,Base-f462400,1-0,0.0,2968,2219,2950,0.8
8137,New-c74a786,1-0,1.0,2969,2219,2950,0.8
8140,Base-f462400,0-1,1.0,2970,2219,2950,0.9
8141,New-c74a786,1-0,1.0,2971,2219,2950,0.9
8138,Base-f462400,1-0,0.0,2971,2219,2951,0.9
8143,New-c74a786,1-0,1.0,2972,2219,2951,0.9
8139,New-c74a786,0-1,0.0,2972,2219,2952,0.9
8142,Base-f462400,1-0,0.0,2972,2219,2953,0.8
8145,New-c74a786,1-0,1.0,2973,2219,2953,0.9
8147,New-c74a786,1-0,1.0,2974,2219,2953,0.9
8150,Base-f462400,0-1,1.0,2975,2219,2953,0.9
8146,Base-f462400,1-0,0.0,2975,2219,2954,0.9
8151,New-c74a786,0-1,0.0,2975,2219,2955,0.9
8148,Base-f462400,0-1,1.0,2976,2219,2955,0.9
8149,New-c74a786,0-1,0.0,2976,2219,2956,0.9
8152,Base-f462400,1-0,0.0,2976,2219,2957,0.8
8158,Base-f462400,1-0,0.0,2976,2219,2958,0.8
8159,New-c74a786,1-0,1.0,2977,2219,2958,0.8
8154,Base-f462400,1-0,0.0,2977,2219,2959,0.8
8157,New-c74a786,1-0,1.0,2978,2219,2959,0.8
8155,New-c74a786,0-1,0.0,2978,2219,2960,0.8
8156,Base-f462400,0-1,1.0,2979,2219,2960,0.8
8160,Base-f462400,1-0,0.0,2979,2219,2961,0.8
8161,New-c74a786,1-0,1.0,2980,2219,2961,0.8
8165,New-c74a786,1-0,1.0,2981,2219,2961,0.9
8164,Base-f462400,0-1,1.0,2982,2219,2961,0.9
8153,New-c74a786,1-0,1.0,2983,2219,2961,0.9
8163,New-c74a786,0-1,0.0,2983,2219,2962,0.9
8166,Base-f462400,0-1,1.0,2984,2219,2962,0.9
8162,Base-f462400,1-0,0.0,2984,2219,2963,0.9
8167,New-c74a786,1-0,1.0,2985,2219,2963,0.9
8173,New-c74a786,1-0,1.0,2986,2219,2963,1.0
8172,Base-f462400,0-1,1.0,2987,2219,2963,1.0
8170,Base-f462400,1-0,0.0,2987,2219,2964,1.0
8175,New-c74a786,1-0,1.0,2988,2219,2964,1.0
8168,Base-f462400,0-1,1.0,2989,2219,2964,1.1
8169,New-c74a786,1-0,1.0,2990,2219,2964,1.1
8171,New-c74a786,1-0,1.0,2991,2219,2964,1.1
8174,Base-f462400,1-0,0.0,2991,2219,2965,1.1
8181,New-c74a786,0-1,0.0,2991,2219,2966,1.1
8180,Base-f462400,1-0,0.0,2991,2219,2967,1.0
8179,New-c74a786,0-1,0.0,2991,2219,2968,1.0
8183,New-c74a786,0-1,0.0,2991,2219,2969,0.9
8177,New-c74a786,1-0,1.0,2992,2219,2969,1.0
8182,Base-f462400,0-1,1.0,2993,2219,2969,1.0
8178,Base-f462400,1-0,0.0,2993,2219,2970,1.0
8176,Base-f462400,0-1,1.0,2994,2219,2970,1.0
8185,New-c74a786,0-1,0.0,2994,2219,2971,1.0
8186,Base-f462400,1-0,0.0,2994,2219,2972,0.9
8190,Base-f462400,1-0,0.0,2994,2219,2973,0.9
8189,New-c74a786,1-0,1.0,2995,2219,2973,0.9
8191,New-c74a786,1-0,1.0,2996,2219,2973,1.0
8184,Base-f462400,1-0,0.0,2996,2219,2974,0.9
8187,New-c74a786,1-0,1.0,2997,2219,2974,1.0
8188,Base-f462400,0-1,1.0,2998,2219,2974,1.0
8198,Base-f462400,0-1,1.0,2999,2219,2974,1.1
8196,Base-f462400,1-0,0.0,2999,2219,2975,1.0
8192,Base-f462400,0-1,1.0,3000,2219,2975,1.1
8194,Base-f462400,0-1,1.0,3001,2219,2975,1.1
8193,New-c74a786,1-0,1.0,3002,2219,2975,1.1
8197,New-c74a786,0-1,0.0,3002,2219,2976,1.1
8195,New-c74a786,0-1,0.0,3002,2219,2977,1.1
8199,New-c74a786,1-0,1.0,3003,2219,2977,1.1
8201,New-c74a786,1-0,1.0,3004,2219,2977,1.1
8206,Base-f462400,0-1,1.0,3005,2219,2977,1.2
8203,New-c74a786,1-0,1.0,3006,2219,2977,1.2
8202,Base-f462400,1-0,0.0,3006,2219,2978,1.2
8200,Base-f462400,0-1,1.0,3007,2219,2978,1.2
8204,Base-f462400,0-1,1.0,3008,2219,2978,1.3
8205,New-c74a786,0-1,0.0,3008,2219,2979,1.2
8207,New-c74a786,0-1,0.0,3008,2219,2980,1.2
8208,Base-f462400,0-1,1.0,3009,2219,2980,1.2
8215,New-c74a786,1-0,1.0,3010,2219,2980,1.3
8209,New-c74a786,1-0,1.0,3011,2219,2980,1.3
8210,Base-f462400,0-1,1.0,3012,2219,2980,1.4
8214,Base-f462400,1-0,0.0,3012,2219,2981,1.3
8212,Base-f462400,0-1,1.0,3013,2219,2981,1.4
8213,New-c74a786,0-1,0.0,3013,2219,2982,1.3
8211,New-c74a786,1-0,1.0,3014,2219,2982,1.4
8223,New-c74a786,1-0,1.0,3015,2219,2982,1.4
8219,New-c74a786,1-0,1.0,3016,2219,2982,1.4
8221,New-c74a786,1-0,1.0,3017,2219,2982,1.5
8216,Base-f462400,0-1,1.0,3018,2219,2982,1.5
8217,New-c74a786,1-0,1.0,3019,2219,2982,1.6
8222,Base-f462400,1-0,0.0,3019,2219,2983,1.5
8220,Base-f462400,1-0,0.0,3019,2219,2984,1.5
8218,Base-f462400,1-0,0.0,3019,2219,2985,1.4
8226,Base-f462400,1-0,0.0,3019,2219,2986,1.4
8229,New-c74a786,0-1,0.0,3019,2219,2987,1.4
8227,New-c74a786,0-1,0.0,3019,2219,2988,1.3
8231,New-c74a786,1-0,1.0,3020,2219,2988,1.4
8225,New-c74a786,1-0,1.0,3021,2219,2988,1.4
8224,Base-f462400,0-1,1.0,3022,2219,2988,1.4
8230,Base-f462400,1-0,0.0,3022,2219,2989,1.4
8228,Base-f462400,0-1,1.0,3023,2219,2989,1.4
8233,New-c74a786,0-1,0.0,3023,2219,2990,1.4
8234,Base-f462400,1-0,0.0,3023,2219,2991,1.4
8239,New-c74a786,1-0,1.0,3024,2219,2991,1.4
8235,New-c74a786,1-0,1.0,3025,2219,2991,1.4
8238,Base-f462400,0-1,1.0,3026,2219,2991,1.5
8232,Base-f462400,1-0,0.0,3026,2219,2992,1.4
8236,Base-f462400,0-1,1.0,3027,2219,2992,1.5
8237,New-c74a786,0-1,0.0,3027,2219,2993,1.4
8240,Base-f462400,0-1,1.0,3028,2219,2993,1.5
8245,New-c74a786,0-1,0.0,3028,2219,2994,1.4
8246,Base-f462400,0-1,1.0,3029,2219,2994,1.5
8241,New-c74a786,0-1,0.0,3029,2219,2995,1.4
8244,Base-f462400,0-1,1.0,3030,2219,2995,1.5
8243,New-c74a786,1-0,1.0,3031,2219,2995,1.5
8247,New-c74a786,0-1,0.0,3031,2219,2996,1.5
8242,Base-f462400,1-0,0.0,3031,2219,2997,1.4
8251,New-c74a786,1-0,1.0,3032,2219,2997,1.5
8250,Base-f462400,0-1,1.0,3033,2219,2997,1.5
8253,New-c74a786,0-1,0.0,3033,2219,2998,1.5
8252,Base-f462400,0-1,1.0,3034,2219,2998,1.5
8249,New-c74a786,0-1,0.0,3034,2219,2999,1.5
8248,Base-f462400,0-1,1.0,3035,2219,2999,1.5
8255,New-c74a786,1-0,1.0,3036,2219,2999,1.6
8254,Base-f462400,1-0,0.0,3036,2219,3000,1.5
8261,New-c74a786,1-0,1.0,3037,2219,3000,1.6
8257,New-c74a786,0-1,0.0,3037,2219,3001,1.5
8256,Base-f462400,0-1,1.0,3038,2219,3001,1.6
8260,Base-f462400,0-1,1.0,3039,2219,3001,1.6
8259,New-c74a786,1-0,1.0,3040,2219,3001,1.6
8258,Base-f462400,0-1,1.0,3041,2219,3001,1.7
8262,Base-f462400,0-1,1.0,3042,2219,3001,1.7
8263,New-c74a786,1-0,1.0,3043,2219,3001,1.8
8271,New-c74a786,0-1,0.0,3043,2219,3002,1.7
8269,New-c74a786,1-0,1.0,3044,2219,3002,1.8
8266,Base-f462400,0-1,1.0,3045,2219,3002,1.8
8268,Base-f462400,0-1,1.0,3046,2219,3002,1.8
8270,Base-f462400,0-1,1.0,3047,2219,3002,1.9
8265,New-c74a786,0-1,0.0,3047,2219,3003,1.8
8264,Base-f462400,0-1,1.0,3048,2219,3003,1.9
8267,New-c74a786,1/2-1/2,0.5,3048,2220,3003,1.9
8272,Base-f462400,0-1,1.0,3049,2220,3003,1.9
8275,New-c74a786,1-0,1.0,3050,2220,3003,2.0
8277,New-c74a786,1-0,1.0,3051,2220,3003,2.0
8276,Base-f462400,0-1,1.0,3052,2220,3003,2.1
8273,New-c74a786,0-1,0.0,3052,2220,3004,2.0
8278,Base-f462400,1-0,0.0,3052,2220,3005,2.0
8274,Base-f462400,0-1,1.0,3053,2220,3005,2.0
8284,Base-f462400,0-1,1.0,3054,2220,3005,2.1
8285,New-c74a786,0-1,0.0,3054,2220,3006,2.0
8282,Base-f462400,0-1,1.0,3055,2220,3006,2.1
8279,New-c74a786,1-0,1.0,3056,2220,3006,2.1
8281,New-c74a786,0-1,0.0,3056,2220,3007,2.1
8283,New-c74a786,0-1,0.0,3056,2220,3008,2.0
8280,Base-f462400,1-0,0.0,3056,2220,3009,2.0
8286,Base-f462400,1-0,0.0,3056,2220,3010,1.9
8289,New-c74a786,0-1,0.0,3056,2220,3011,1.9
8290,Base-f462400,0-1,1.0,3057,2220,3011,1.9
8292,Base-f462400,1-0,0.0,3057,2220,3012,1.9
8291,New-c74a786,0-1,0.0,3057,2220,3013,1.8
8293,New-c74a786,1-0,1.0,3058,2220,3013,1.9
8288,Base-f462400,0-1,1.0,3059,2220,3013,1.9
8294,Base-f462400,0-1,1.0,3060,2220,3013,2.0
8287,New-c74a786,1-0,1.0,3061,2220,3013,2.0
8300,Base-f462400,1-0,0.0,3061,2220,3014,2.0
8302,Base-f462400,0-1,1.0,3062,2220,3014,2.0
8297,New-c74a786,0-1,0.0,3062,2220,3015,2.0
8298,Base-f462400,0-1,1.0,3063,2220,3015,2.0
8299,New-c74a786,0-1,0.0,3063,2220,3016,2.0
8295,New-c74a786,0-1,0.0,3063,2220,3017,1.9
8296,Base-f462400,0-1,1.0,3064,2220,3017,2.0
8301,New-c74a786,0-1,0.0,3064,2220,3018,1.9
8304,Base-f462400,1-0,0.0,3064,2220,3019,1.9
8305,New-c74a786,1-0,1.0,3065,2220,3019,1.9
8307,New-c74a786,0-1,0.0,3065,2220,3020,1.9
8306,Base-f462400,0-1,1.0,3066,2220,3020,1.9
8309,New-c74a786,0-1,0.0,3066,2220,3021,1.9
8308,Base-f462400,0-1,1.0,3067,2220,3021,1.9
8303,New-c74a786,0-1,0.0,3067,2220,3022,1.9
8314,Base-f462400,0-1,1.0,3068,2220,3022,1.9
8316,Base-f462400,0-1,1.0,3069,2220,3022,2.0
8310,Base-f462400,0-1,1.0,3070,2220,3022,2.0
8315,New-c74a786,1-0,1.0,3071,2220,3022,2.0
8312,Base-f462400,1-0,0.0,3071,2220,3023,2.0
8313,New-c74a786,1-0,1.0,3072,2220,3023,2.0
8317,New-c74a786,0-1,0.0,3072,2220,3024,2.0
8311,New-c74a786,1-0,1.0,3073,2220,3024,2.0
8325,New-c74a786,1-0,1.0,3074,2220,3024,2.1
8322,Base-f462400,0-1,1.0,3075,2220,3024,2.1
8318,Base-f462400,1-0,0.0,3075,2220,3025,2.1
8319,New-c74a786,0-1,0.0,3075,2220,3026,2.0
8320,Base-f462400,1-0,0.0,3075,2220,3027,2.0
8324,Base-f462400,1-0,0.0,3075,2220,3028,2.0
8321,New-c74a786,0-1,0.0,3075,2220,3029,1.9
8323,New-c74a786,0-1,0.0,3075,2220,3030,1.9
8328,Base-f462400,0-1,1.0,3076,2220,3030,1.9
8330,Base-f462400,1-0,0.0,3076,2220,3031,1.9
8331,New-c74a786,0-1,0.0,3076,2220,3032,1.8
8329,New-c74a786,1-0,1.0,3077,2220,3032,1.9
8326,Base-f462400,0-1,1.0,3078,2220,3032,1.9
8327,New-c74a786,1-0,1.0,3079,2220,3032,2.0
8333,New-c74a786,0-1,0.0,3079,2220,3033,1.9
8332,Base-f462400,0-1,1.0,3080,2220,3033,2.0
8341,New-c74a786,0-1,0.0,3080,2220,3034,1.9
8339,New-c74a786,0-1,0.0,3080,2220,3035,1.9
8335,New-c74a786,1-0,1.0,3081,2220,3035,1.9
8337,New-c74a786,1-0,1.0,3082,2220,3035,2.0
8334,Base-f462400,1-0,0.0,3082,2220,3036,1.9
8340,Base-f462400,1-0,0.0,3082,2220,3037,1.9
8338,Base-f462400,1-0,0.0,3082,2220,3038,1.8
8336,Base-f462400,0-1,1.0,3083,2220,3038,1.9
8349,New-c74a786,1/2-1/2,0.5,3083,2221,3038,1.9
8347,New-c74a786,1/2-1/2,0.5,3083,2222,3038,1.9
8345,New-c74a786,1/2-1/2,0.5,3083,2223,3038,1.9
8342,Base-f462400,0-1,1.0,3084,2223,3038,1.9
8346,Base-f462400,1/2-1/2,0.5,3084,2224,3038,1.9
8348,Base-f462400,0-1,1.0,3085,2224,3038,2.0
8344,Base-f462400,1-0,0.0,3085,2224,3039,1.9
8343,New-c74a786,1/2-1/2,0.5,3085,2225,3039,1.9
8351,New-c74a786,1-0,1.0,3086,2225,3039,2.0
8353,New-c74a786,1-0,1.0,3087,2225,3039,2.0
8355,New-c74a786,1/2-1/2,0.5,3087,2226,3039,2.0
8350,Base-f462400,1/2-1/2,0.5,3087,2227,3039,2.0
8354,Base-f462400,0-1,1.0,3088,2227,3039,2.0
8352,Base-f462400,0-1,1.0,3089,2227,3039,2.1
8356,Base-f462400,1-0,0.0,3089,2227,3040,2.0
8357,New-c74a786,1/2-1/2,0.5,3089,2228,3040,2.0
8358,Base-f462400,0-1,1.0,3090,2228,3040,2.1
8361,New-c74a786,1-0,1.0,3091,2228,3040,2.1
8360,Base-f462400,1-0,0.0,3091,2228,3041,2.1
8363,New-c74a786,0-1,0.0,3091,2228,3042,2.0
8362,Base-f462400,1/2-1/2,0.5,3091,2229,3042,2.0
8359,New-c74a786,1/2-1/2,0.5,3091,2230,3042,2.0
8365,New-c74a786,1-0,1.0,3092,2230,3042,2.1
8366,Base-f462400,1-0,0.0,3092,2230,3043,2.0
8364,Base-f462400,1/2-1/2,0.5,3092,2231,3043,2.0
8367,New-c74a786,1/2-1/2,0.5,3092,2232,3043,2.0
8371,New-c74a786,1/2-1/2,0.5,3092,2233,3043,2.0
8368,Base-f462400,1/2-1/2,0.5,3092,2234,3043,2.0
8369,New-c74a786,0-1,0.0,3092,2234,3044,2.0
8370,Base-f462400,0-1,1.0,3093,2234,3044,2.0
8373,New-c74a786,1/2-1/2,0.5,3093,2235,3044,2.0
8372,Base-f462400,1/2-1/2,0.5,3093,2236,3044,2.0
8374,Base-f462400,1-0,0.0,3093,2236,3045,2.0
8377,New-c74a786,0-1,0.0,3093,2236,3046,1.9
8375,New-c74a786,1/2-1/2,0.5,3093,2237,3046,1.9
8378,Base-f462400,0-1,1.0,3094,2237,3046,2.0
8376,Base-f462400,1-0,0.0,3094,2237,3047,1.9
8380,Base-f462400,0-1,1.0,3095,2237,3047,2.0
8379,New-c74a786,1/2-1/2,0.5,3095,2238,3047,2.0
8381,New-c74a786,1-0,1.0,3096,2238,3047,2.0
8382,Base-f462400,1-0,0.0,3096,2238,3048,2.0
8385,New-c74a786,1-0,1.0,3097,2238,3048,2.0
8386,Base-f462400,1/2-1/2,0.5,3097,2239,3048,2.0
8383,New-c74a786,1/2-1/2,0.5,3097,2240,3048,2.0
8387,New-c74a786,1-0,1.0,3098,2240,3048,2.1
8384,Base-f462400,0-1,1.0,3099,2240,3048,2.1
8388,Base-f462400,1/2-1/2,0.5,3099,2241,3048,2.1
8390,Base-f462400,1-0,0.0,3099,2241,3049,2.1
8389,New-c74a786,1-0,1.0,3100,2241,3049,2.1
8391,New-c74a786,0-1,0.0,3100,2241,3050,2.1
8392,Base-f462400,1/2-1/2,0.5,3100,2242,3050,2.1
8397,New-c74a786,1/2-1/2,0.5,3100,2243,3050,2.1
8396,Base-f462400,1/2-1/2,0.5,3100,2244,3050,2.1
8393,New-c74a786,1-0,1.0,3101,2244,3050,2.1
8394,Base-f462400,1/2-1/2,0.5,3101,2245,3050,2.1
8395,New-c74a786,1-0,1.0,3102,2245,3050,2.2
8398,Base-f462400,0-1,1.0,3103,2245,3050,2.2
8399,New-c74a786,0-1,0.0,3103,2245,3051,2.2
8401,New-c74a786,1/2-1/2,0.5,3103,2246,3051,2.2
8400,Base-f462400,0-1,1.0,3104,2246,3051,2.2
8403,New-c74a786,1-0,1.0,3105,2246,3051,2.2
8405,New-c74a786,0-1,0.0,3105,2246,3052,2.2
8402,Base-f462400,0-1,1.0,3106,2246,3052,2.2
8404,Base-f462400,1-0,0.0,3106,2246,3053,2.2
8406,Base-f462400,0-1,1.0,3107,2246,3053,2.2
8411,New-c74a786,1-0,1.0,3108,2246,3053,2.3
8407,New-c74a786,0-1,0.0,3108,2246,3054,2.2
8408,Base-f462400,1-0,0.0,3108,2246,3055,2.2
8412,Base-f462400,1-0,0.0,3108,2246,3056,2.1
8410,Base-f462400,1/2-1/2,0.5,3108,2247,3056,2.1
8409,New-c74a786,1-0,1.0,3109,2247,3056,2.2
8414,Base-f462400,1/2-1/2,0.5,3109,2248,3056,2.2
8413,New-c74a786,1-0,1.0,3110,2248,3056,2.2
8415,New-c74a786,1-0,1.0,3111,2248,3056,2.3
8420,Base-f462400,1-0,0.0,3111,2248,3057,2.2
8416,Base-f462400,0-1,1.0,3112,2248,3057,2.3
8418,Base-f462400,0-1,1.0,3113,2248,3057,2.3
8417,New-c74a786,1-0,1.0,3114,2248,3057,2.4
8419,New-c74a786,1-0,1.0,3115,2248,3057,2.4
8421,New-c74a786,1/2-1/2,0.5,3115,2249,3057,2.4
8422,Base-f462400,1-0,0.0,3115,2249,3058,2.4
8423,New-c74a786,1/2-1/2,0.5,3115,2250,3058,2.4
8424,Base-f462400,1-0,0.0,3115,2250,3059,2.3
8428,Base-f462400,1/2-1/2,0.5,3115,2251,3059,2.3
8427,New-c74a786,0-1,0.0,3115,2251,3060,2.3
8425,New-c74a786,0-1,0.0,3115,2251,3061,2.2
8429,New-c74a786,1/2-1/2,0.5,3115,2252,3061,2.2
8426,Base-f462400,1-0,0.0,3115,2252,3062,2.2
8430,Base-f462400,1/2-1/2,0.5,3115,2253,3062,2.2
8431,New-c74a786,1-0,1.0,3116,2253,3062,2.2
8432,Base-f462400,1-0,0.0,3116,2253,3063,2.2
8436,Base-f462400,0-1,1.0,3117,2253,3063,2.2
8434,Base-f462400,1-0,0.0,3117,2253,3064,2.2
8433,New-c74a786,1-0,1.0,3118,2253,3064,2.2
8435,New-c74a786,1-0,1.0,3119,2253,3064,2.3
8443,New-c74a786,1/2-1/2,0.5,3119,2254,3064,2.3
8437,New-c74a786,1-0,1.0,3120,2254,3064,2.3
8438,Base-f462400,1-0,0.0,3120,2254,3065,2.3
8440,Base-f462400,1/2-1/2,0.5,3120,2255,3065,2.3
8439,New-c74a786,0-1,0.0,3120,2255,3066,2.2
8442,Base-f462400,1/2-1/2,0.5,3120,2256,3066,2.2
8444,Base-f462400,0-1,1.0,3121,2256,3066,2.3
8441,New-c74a786,1/2-1/2,0.5,3121,2257,3066,2.3
8445,New-c74a786,1-0,1.0,3122,2257,3066,2.3
8447,New-c74a786,1/2-1/2,0.5,3122,2258,3066,2.3
8450,Base-f462400,1-0,0.0,3122,2258,3067,2.3
8452,Base-f462400,1/2-1/2,0.5,3122,2259,3067,2.3
8448,Base-f462400,0-1,1.0,3123,2259,3067,2.3
8446,Base-f462400,0-1,1.0,3124,2259,3067,2.3
8451,New-c74a786,1-0,1.0,3125,2259,3067,2.4
8455,New-c74a786,1-0,1.0,3126,2259,3067,2.4
8449,New-c74a786,1/2-1/2,0.5,3126,2260,3067,2.4
8454,Base-f462400,0-1,1.0,3127,2260,3067,2.5
8453,New-c74a786,0-1,0.0,3127,2260,3068,2.4
8457,New-c74a786,1-0,1.0,3128,2260,3068,2.5
8456,Base-f462400,0-1,1.0,3129,2260,3068,2.5
8458,Base-f462400,1-0,0.0,3129,2260,3069,2.5
8459,New-c74a786,1-0,1.0,3130,2260,3069,2.5
8460,Base-f462400,0-1,1.0,3131,2260,3069,2.5
8461,New-c74a786,1/2-1/2,0.5,3131,2261,3069,2.5
8462,Base-f462400,1-0,0.0,3131,2261,3070,2.5
8466,Base-f462400,1/2-1/2,0.5,3131,2262,3070,2.5
8463,New-c74a786,1-0,1.0,3132,2262,3070,2.5
8467,New-c74a786,1-0,1.0,3133,2262,3070,2.6
8464,Base-f462400,0-1,1.0,3134,2262,3070,2.6
8468,Base-f462400,1-0,0.0,3134,2262,3071,2.6
8465,New-c74a786,1/2-1/2,0.5,3134,2263,3071,2.6
8470,Base-f462400,1/2-1/2,0.5,3134,2264,3071,2.6
8469,New-c74a786,1-0,1.0,3135,2264,3071,2.6
8473,New-c74a786,0-1,0.0,3135,2264,3072,2.6
8471,New-c74a786,1-0,1.0,3136,2264,3072,2.6
8472,Base-f462400,1/2-1/2,0.5,3136,2265,3072,2.6
8474,Base-f462400,0-1,1.0,3137,2265,3072,2.7
8477,New-c74a786,1-0,1.0,3138,2265,3072,2.7
8475,New-c74a786,0-1,0.0,3138,2265,3073,2.7
8476,Base-f462400,1/2-1/2,0.5,3138,2266,3073,2.7
8478,Base-f462400,1-0,0.0,3138,2266,3074,2.6
8481,New-c74a786,0-1,0.0,3138,2266,3075,2.6
8480,Base-f462400,1-0,0.0,3138,2266,3076,2.5
8483,New-c74a786,1/2-1/2,0.5,3138,2267,3076,2.5
8484,Base-f462400,1/2-1/2,0.5,3138,2268,3076,2.5
8482,Base-f462400,1/2-1/2,0.5,3138,2269,3076,2.5
8479,New-c74a786,1-0,1.0,3139,2269,3076,2.6
8485,New-c74a786,1-0,1.0,3140,2269,3076,2.6
8487,New-c74a786,1/2-1/2,0.5,3140,2270,3076,2.6
8486,Base-f462400,1-0,0.0,3140,2270,3077,2.6
8491,New-c74a786,1/2-1/2,0.5,3140,2271,3077,2.6
8489,New-c74a786,1/2-1/2,0.5,3140,2272,3077,2.6
8488,Base-f462400,0-1,1.0,3141,2272,3077,2.6
8490,Base-f462400,1-0,0.0,3141,2272,3078,2.6
8492,Base-f462400,1-0,0.0,3141,2272,3079,2.5
8493,New-c74a786,1/2-1/2,0.5,3141,2273,3079,2.5
8495,New-c74a786,1/2-1/2,0.5,3141,2274,3079,2.5
8494,Base-f462400,0-1,1.0,3142,2274,3079,2.6
8497,New-c74a786,1-0,1.0,3143,2274,3079,2.6
8496,Base-f462400,1-0,0.0,3143,2274,3080,2.6
8498,Base-f462400,1-0,0.0,3143,2274,3081,2.5
8504,Base-f462400,1-0,0.0,3143,2274,3082,2.5
8499,New-c74a786,1/2-1/2,0.5,3143,2275,3082,2.5
8502,Base-f462400,1-0,0.0,3143,2275,3083,2.5
8500,Base-f462400,0-1,1.0,3144,2275,3083,2.5
8501,New-c74a786,0-1,0.0,3144,2275,3084,2.5
8503,New-c74a786,1/2-1/2,0.5,3144,2276,3084,2.5
8508,Base-f462400,1/2-1/2,0.5,3144,2277,3084,2.5
8506,Base-f462400,1-0,0.0,3144,2277,3085,2.4
8505,New-c74a786,1-0,1.0,3145,2277,3085,2.5
8507,New-c74a786,1/2-1/2,0.5,3145,2278,3085,2.5
8510,Base-f462400,1/2-1/2,0.5,3145,2279,3085,2.4
8512,Base-f462400,1-0,0.0,3145,2279,3086,2.4
8511,New-c74a786,0-1,0.0,3145,2279,3087,2.4
8509,New-c74a786,0-1,0.0,3145,2279,3088,2.3
8514,Base-f462400,1/2-1/2,0.5,3145,2280,3088,2.3
8515,New-c74a786,1-0,1.0,3146,2280,3088,2.4
8516,Base-f462400,1/2-1/2,0.5,3146,2281,3088,2.4
8513,New-c74a786,1/2-1/2,0.5,3146,2282,3088,2.4
8517,New-c74a786,0-1,0.0,3146,2282,3089,2.3
8519,New-c74a786,1/2-1/2,0.5,3146,2283,3089,2.3
8518,Base-f462400,1-0,0.0,3146,2283,3090,2.3
8522,Base-f462400,1-0,0.0,3146,2283,3091,2.2
8521,New-c74a786,1-0,1.0,3147,2283,3091,2.3
8520,Base-f462400,0-1,1.0,3148,2283,3091,2.3
8524,Base-f462400,1/2-1/2,0.5,3148,2284,3091,2.3
8523,New-c74a786,1-0,1.0,3149,2284,3091,2.4
8527,New-c74a786,0-1,0.0,3149,2284,3092,2.3
8528,Base-f462400,0-1,1.0,3150,2284,3092,2.4
8525,New-c74a786,1-0,1.0,3151,2284,3092,2.4
8526,Base-f462400,0-1,1.0,3152,2284,3092,2.4
8529,New-c74a786,0-1,0.0,3152,2284,3093,2.4
8530,Base-f462400,1/2-1/2,0.5,3152,2285,3093,2.4
8531,New-c74a786,0-1,0.0,3152,2285,3094,2.4
8536,Base-f462400,1-0,0.0,3152,2285,3095,2.3
8532,Base-f462400,1-0,0.0,3152,2285,3096,2.3
8533,New-c74a786,0-1,0.0,3152,2285,3097,2.2
8534,Base-f462400,0-1,1.0,3153,2285,3097,2.3
8535,New-c74a786,0-1,0.0,3153,2285,3098,2.2
8537,New-c74a786,0-1,0.0,3153,2285,3099,2.2
8538,Base-f462400,0-1,1.0,3154,2285,3099,2.2
8539,New-c74a786,1-0,1.0,3155,2285,3099,2.3
8541,New-c74a786,1-0,1.0,3156,2285,3099,2.3
8542,Base-f462400,1-0,0.0,3156,2285,3100,2.3
8540,Base-f462400,1/2-1/2,0.5,3156,2286,3100,2.3
8545,New-c74a786,0-1,0.0,3156,2286,3101,2.2
8544,Base-f462400,1-0,0.0,3156,2286,3102,2.2
8543,New-c74a786,1/2-1/2,0.5,3156,2287,3102,2.2
8546,Base-f462400,1/2-1/2,0.5,3156,2288,3102,2.2
8547,New-c74a786,1/2-1/2,0.5,3156,2289,3102,2.2
8548,Base-f462400,1-0,0.0,3156,2289,3103,2.2
8549,New-c74a786,1-0,1.0,3157,2289,3103,2.2
8550,Base-f462400,0-1,1.0,3158,2289,3103,2.2
8551,New-c74a786,1/2-1/2,0.5,3158,2290,3103,2.2
8552,Base-f462400,1-0,0.0,3158,2290,3104,2.2
8553,New-c74a786,1/2-1/2,0.5,3158,2291,3104,2.2
8556,Base-f462400,1-0,0.0,3158,2291,3105,2.2
8555,New-c74a786,1/2-1/2,0.5,3158,2292,3105,2.2
8554,Base-f462400,1/2-1/2,0.5,3158,2293,3105,2.2
8558,Base-f462400,1/2-1/2,0.5,3158,2294,3105,2.2
8557,New-c74a786,1-0,1.0,3159,2294,3105,2.2
8561,New-c74a786,1/2-1/2,0.5,3159,2295,3105,2.2
8559,New-c74a786,1/2-1/2,0.5,3159,2296,3105,2.2
8562,Base-f462400,0-1,1.0,3160,2296,3105,2.2
8563,New-c74a786,1/2-1/2,0.5,3160,2297,3105,2.2
8560,Base-f462400,1/2-1/2,0.5,3160,2298,3105,2.2
8564,Base-f462400,1-0,0.0,3160,2298,3106,2.2
8565,New-c74a786,0-1,0.0,3160,2298,3107,2.1
8566,Base-f462400,0-1,1.0,3161,2298,3107,2.2
8569,New-c74a786,0-1,0.0,3161,2298,3108,2.1
8567,New-c74a786,1/2-1/2,0.5,3161,2299,3108,2.1
8568,Base-f462400,0-1,1.0,3162,2299,3108,2.2
8570,Base-f462400,1-0,0.0,3162,2299,3109,2.1
8571,New-c74a786,1-0,1.0,3163,2299,3109,2.2
8573,New-c74a786,1/2-1/2,0.5,3163,2300,3109,2.2
8572,Base-f462400,1-0,0.0,3163,2300,3110,2.1
8575,New-c74a786,1-0,1.0,3164,2300,3110,2.2
8574,Base-f462400,1-0,0.0,3164,2300,3111,2.1
8576,Base-f462400,1-0,0.0,3164,2300,3112,2.1
8578,Base-f462400,0-1,1.0,3165,2300,3112,2.1
8581,New-c74a786,0-1,0.0,3165,2300,3113,2.1
8577,New-c74a786,1/2-1/2,0.5,3165,2301,3113,2.1
8580,Base-f462400,1-0,0.0,3165,2301,3114,2.1
8579,New-c74a786,1-0,1.0,3166,2301,3114,2.1
8582,Base-f462400,1/2-1/2,0.5,3166,2302,3114,2.1
8583,New-c74a786,1/2-1/2,0.5,3166,2303,3114,2.1
8585,New-c74a786,0-1,0.0,3166,2303,3115,2.1
8584,Base-f462400,1/2-1/2,0.5,3166,2304,3115,2.1
8586,Base-f462400,0-1,1.0,3167,2304,3115,2.1
8587,New-c74a786,0-1,0.0,3167,2304,3116,2.1
8588,Base-f462400,0-1,1.0,3168,2304,3116,2.1
8590,Base-f462400,1-0,0.0,3168,2304,3117,2.1
8589,New-c74a786,0-1,0.0,3168,2304,3118,2.0
8591,New-c74a786,0-1,0.0,3168,2304,3119,2.0
8592,Base-f462400,1/2-1/2,0.5,3168,2305,3119,2.0
8593,New-c74a786,1-0,1.0,3169,2305,3119,2.0
8596,Base-f462400,0-1,1.0,3170,2305,3119,2.1
8594,Base-f462400,0-1,1.0,3171,2305,3119,2.1
8597,New-c74a786,1/2-1/2,0.5,3171,2306,3119,2.1
8598,Base-f462400,1/2-1/2,0.5,3171,2307,3119,2.1
8595,New-c74a786,1/2-1/2,0.5,3171,2308,3119,2.1
8599,New-c74a786,1-0,1.0,3172,2308,3119,2.1
8600,Base-f462400,0-1,1.0,3173,2308,3119,2.2
8605,New-c74a786,1/2-1/2,0.5,3173,2309,3119,2.2
8601,New-c74a786,1-0,1.0,3174,2309,3119,2.2
8602,Base-f462400,0-1,1.0,3175,2309,3119,2.3
8604,Base-f462400,1-0,0.0,3175,2309,3120,2.2
8608,Base-f462400,1/2-1/2,0.5,3175,2310,3120,2.2
8603,New-c74a786,1-0,1.0,3176,2310,3120,2.3
8606,Base-f462400,1-0,0.0,3176,2310,3121,2.2
8607,New-c74a786,1-0,1.0,3177,2310,3121,2.3
8614,Base-f462400,1/2-1/2,0.5,3177,2311,3121,2.3
8610,Base-f462400,1/2-1/2,0.5,3177,2312,3121,2.3
8609,New-c74a786,1/2-1/2,0.5,3177,2313,3121,2.3
8611,New-c74a786,0-1,0.0,3177,2313,3122,2.2
8615,New-c74a786,1/2-1/2,0.5,3177,2314,3122,2.2
8613,New-c74a786,1-0,1.0,3178,2314,3122,2.3
8612,Base-f462400,1/2-1/2,0.5,3178,2315,3122,2.3
8617,New-c74a786,0-1,0.0,3178,2315,3123,2.2
8616,Base-f462400,0-1,1.0,3179,2315,3123,2.3
8620,Base-f462400,1/2-1/2,0.5,3179,2316,3123,2.3
8619,New-c74a786,0-1,0.0,3179,2316,3124,2.2
8618,Base-f462400,1-0,0.0,3179,2316,3125,2.2
8623,New-c74a786,1-0,1.0,3180,2316,3125,2.2
8621,New-c74a786,1-0,1.0,3181,2316,3125,2.3
8622,Base-f462400,0-1,1.0,3182,2316,3125,2.3
8627,New-c74a786,1/2-1/2,0.5,3182,2317,3125,2.3
8625,New-c74a786,0-1,0.0,3182,2317,3126,2.3
8624,Base-f462400,1-0,0.0,3182,2317,3127,2.2
8628,Base-f462400,1-0,0.0,3182,2317,3128,2.2
8626,Base-f462400,0-1,1.0,3183,2317,3128,2.2
8629,New-c74a786,0-1,0.0,3183,2317,3129,2.2
8630,Base-f462400,1/2-1/2,0.5,3183,2318,3129,2.2
8632,Base-f462400,1-0,0.0,3183,2318,3130,2.1
8631,New-c74a786,1/2-1/2,0.5,3183,2319,3130,2.1
8636,Base-f462400,1-0,0.0,3183,2319,3131,2.1
8634,Base-f462400,1-0,0.0,3183,2319,3132,2.1
8633,New-c74a786,1/2-1/2,0.5,3183,2320,3132,2.1
8637,New-c74a786,0-1,0.0,3183,2320,3133,2.0
8635,New-c74a786,1-0,1.0,3184,2320,3133,2.1
8639,New-c74a786,1-0,1.0,3185,2320,3133,2.1
8640,Base-f462400,1-0,0.0,3185,2320,3134,2.1
8638,Base-f462400,1-0,0.0,3185,2320,3135,2.0
8643,New-c74a786,1/2-1/2,0.5,3185,2321,3135,2.0
8641,New-c74a786,1-0,1.0,3186,2321,3135,2.1
8645,New-c74a786,1/2-1/2,0.5,3186,2322,3135,2.1
8648,Base-f462400,1/2-1/2,0.5,3186,2323,3135,2.0
8642,Base-f462400,1/2-1/2,0.5,3186,2324,3135,2.0
8646,Base-f462400,1/2-1/2,0.5,3186,2325,3135,2.0
8644,Base-f462400,1/2-1/2,0.5,3186,2326,3135,2.0
8647,New-c74a786,1-0,1.0,3187,2326,3135,2.1
8649,New-c74a786,1/2-1/2,0.5,3187,2327,3135,2.1
8650,Base-f462400,1-0,0.0,3187,2327,3136,2.0
8651,New-c74a786,0-1,0.0,3187,2327,3137,2.0
8655,New-c74a786,1-0,1.0,3188,2327,3137,2.0
8653,New-c74a786,0-1,0.0,3188,2327,3138,2.0
8652,Base-f462400,0-1,1.0,3189,2327,3138,2.0
8654,Base-f462400,0-1,1.0,3190,2327,3138,2.1
8656,Base-f462400,1-0,0.0,3190,2327,3139,2.0
8657,New-c74a786,1-0,1.0,3191,2327,3139,2.1
8658,Base-f462400,0-1,1.0,3192,2327,3139,2.1
8660,Base-f462400,1-0,0.0,3192,2327,3140,2.1
8659,New-c74a786,1-0,1.0,3193,2327,3140,2.1
8661,New-c74a786,1-0,1.0,3194,2327,3140,2.2
8663,New-c74a786,1/2-1/2,0.5,3194,2328,3140,2.2
8662,Base-f462400,0-1,1.0,3195,2328,3140,2.2
8664,Base-f462400,0-1,1.0,3196,2328,3140,2.2
8665,New-c74a786,0-1,0.0,3196,2328,3141,2.2
8666,Base-f462400,1-0,0.0,3196,2328,3142,2.2
8667,New-c74a786,1-0,1.0,3197,2328,3142,2.2
8668,Base-f462400,1-0,0.0,3197,2328,3143,2.2
8674,Base-f462400,1/2-1/2,0.5,3197,2329,3143,2.2
8672,Base-f462400,1-0,0.0,3197,2329,3144,2.1
8671,New-c74a786,1-0,1.0,3198,2329,3144,2.2
8669,New-c74a786,0-1,0.0,3198,2329,3145,2.1
8676,Base-f462400,1-0,0.0,3198,2329,3146,2.1
8670,Base-f462400,1/2-1/2,0.5,3198,2330,3146,2.1
8673,New-c74a786,0-1,0.0,3198,2330,3147,2.0
8675,New-c74a786,1/2-1/2,0.5,3198,2331,3147,2.0
8682,Base-f462400,0-1,1.0,3199,2331,3147,2.1
8680,Base-f462400,1-0,0.0,3199,2331,3148,2.0
8677,New-c74a786,1-0,1.0,3200,2331,3148,2.1
8678,Base-f462400,0-1,1.0,3201,2331,3148,2.1
8679,New-c74a786,1/2-1/2,0.5,3201,2332,3148,2.1
8683,New-c74a786,1-0,1.0,3202,2332,3148,2.2
8684,Base-f462400,1-0,0.0,3202,2332,3149,2.1
8681,New-c74a786,1/2-1/2,0.5,3202,2333,3149,2.1
8689,New-c74a786,1/2-1/2,0.5,3202,2334,3149,2.1
8686,Base-f462400,1-0,0.0,3202,2334,3150,2.1
8685,New-c74a786,0-1,0.0,3202,2334,3151,2.0
8688,Base-f462400,1-0,0.0,3202,2334,3152,2.0
8691,New-c74a786,1-0,1.0,3203,2334,3152,2.0
8687,New-c74a786,1/2-1/2,0.5,3203,2335,3152,2.0
8690,Base-f462400,1-0,0.0,3203,2335,3153,2.0
8692,Base-f462400,1-0,0.0,3203,2335,3154,2.0
8693,New-c74a786,0-1,0.0,3203,2335,3155,1.9
8694,Base-f462400,1/2-1/2,0.5,3203,2336,3155,1.9
8696,Base-f462400,1/2-1/2,0.5,3203,2337,3155,1.9
8695,New-c74a786,1-0,1.0,3204,2337,3155,2.0
8700,Base-f462400,1/2-1/2,0.5,3204,2338,3155,2.0
8697,New-c74a786,1-0,1.0,3205,2338,3155,2.0
8698,Base-f462400,0-1,1.0,3206,2338,3155,2.0
8699,New-c74a786,0-1,0.0,3206,2338,3156,2.0
8702,Base-f462400,1/2-1/2,0.5,3206,2339,3156,2.0
8701,New-c74a786,1-0,1.0,3207,2339,3156,2.0
8703,New-c74a786,1/2-1/2,0.5,3207,2340,3156,2.0
8704,Base-f462400,1/2-1/2,0.5,3207,2341,3156,2.0
8706,Base-f462400,0-1,1.0,3208,2341,3156,2.1
8705,New-c74a786,1/2-1/2,0.5,3208,2342,3156,2.1
8710,Base-f462400,1/2-1/2,0.5,3208,2343,3156,2.1
8708,Base-f462400,1/2-1/2,0.5,3208,2344,3156,2.1
8711,New-c74a786,1/2-1/2,0.5,3208,2345,3156,2.1
8707,New-c74a786,1-0,1.0,3209,2345,3156,2.1
8709,New-c74a786,1-0,1.0,3210,2345,3156,2.2
8712,Base-f462400,1-0,0.0,3210,2345,3157,2.1
8715,New-c74a786,1/2-1/2,0.5,3210,2346,3157,2.1
8713,New-c74a786,1/2-1/2,0.5,3210,2347,3157,2.1
8718,Base-f462400,1/2-1/2,0.5,3210,2348,3157,2.1
8714,Base-f462400,1/2-1/2,0.5,3210,2349,3157,2.1
8719,New-c74a786,0-1,0.0,3210,2349,3158,2.1
8716,Base-f462400,0-1,1.0,3211,2349,3158,2.1
8720,Base-f462400,1-0,0.0,3211,2349,3159,2.1
8723,New-c74a786,1/2-1/2,0.5,3211,2350,3159,2.1
8717,New-c74a786,1/2-1/2,0.5,3211,2351,3159,2.1
8722,Base-f462400,1/2-1/2,0.5,3211,2352,3159,2.1
8721,New-c74a786,1-0,1.0,3212,2352,3159,2.1
8725,New-c74a786,0-1,0.0,3212,2352,3160,2.1
8724,Base-f462400,1-0,0.0,3212,2352,3161,2.0
8727,New-c74a786,0-1,0.0,3212,2352,3162,2.0
8728,Base-f462400,1/2-1/2,0.5,3212,2353,3162,2.0
8726,Base-f462400,1-0,0.0,3212,2353,3163,2.0
8729,New-c74a786,0-1,0.0,3212,2353,3164,1.9
8730,Base-f462400,0-1,1.0,3213,2353,3164,2.0
8732,Base-f462400,1/2-1/2,0.5,3213,2354,3164,1.9
8731,New-c74a786,1-0,1.0,3214,2354,3164,2.0
8736,Base-f462400,1-0,0.0,3214,2354,3165,1.9
8737,New-c74a786,0-1,0.0,3214,2354,3166,1.9
8734,Base-f462400,0-1,1.0,3215,2354,3166,1.9
8733,New-c74a786,1/2-1/2,0.5,3215,2355,3166,1.9
8735,New-c74a786,1/2-1/2,0.5,3215,2356,3166,1.9
8739,New-c74a786,1-0,1.0,3216,2356,3166,2.0
8740,Base-f462400,1/2-1/2,0.5,3216,2357,3166,2.0
8738,Base-f462400,0-1,1.0,3217,2357,3166,2.0
8743,New-c74a786,0-1,0.0,3217,2357,3167,2.0
8744,Base-f462400,0-1,1.0,3218,2357,3167,2.0
8742,Base-f462400,1-0,0.0,3218,2357,3168,2.0
8745,New-c74a786,1-0,1.0,3219,2357,3168,2.0
8746,Base-f462400,0-1,1.0,3220,2357,3168,2.1
8741,New-c74a786,1-0,1.0,3221,2357,3168,2.1
8747,New-c74a786,1-0,1.0,3222,2357,3168,2.1
8748,Base-f462400,0-1,1.0,3223,2357,3168,2.2
8749,New-c74a786,1/2-1/2,0.5,3223,2358,3168,2.2
8753,New-c74a786,1-0,1.0,3224,2358,3168,2.2
8751,New-c74a786,1/2-1/2,0.5,3224,2359,3168,2.2
8755,New-c74a786,1-0,1.0,3225,2359,3168,2.3
8750,Base-f462400,1-0,0.0,3225,2359,3169,2.2
8752,Base-f462400,1-0,0.0,3225,2359,3170,2.2
8754,Base-f462400,0-1,1.0,3226,2359,3170,2.2
8756,Base-f462400,1-0,0.0,3226,2359,3171,2.2
8757,New-c74a786,1-0,1.0,3227,2359,3171,2.2
8759,New-c74a786,1-0,1.0,3228,2359,3171,2.3
8758,Base-f462400,1-0,0.0,3228,2359,3172,2.2
8761,New-c74a786,1/2-1/2,0.5,3228,2360,3172,2.2
8760,Base-f462400,1/2-1/2,0.5,3228,2361,3172,2.2
8762,Base-f462400,0-1,1.0,3229,2361,3172,2.3
8763,New-c74a786,0-1,0.0,3229,2361,3173,2.2
8764,Base-f462400,1-0,0.0,3229,2361,3174,2.2
8766,Base-f462400,0-1,1.0,3230,2361,3174,2.2
8769,New-c74a786,1-0,1.0,3231,2361,3174,2.3
8768,Base-f462400,1/2-1/2,0.5,3231,2362,3174,2.3
8765,New-c74a786,0-1,0.0,3231,2362,3175,2.2
8767,New-c74a786,1/2-1/2,0.5,3231,2363,3175,2.2
8771,New-c74a786,0-1,0.0,3231,2363,3176,2.2
8770,Base-f462400,1-0,0.0,3231,2363,3177,2.1
8772,Base-f462400,1/2-1/2,0.5,3231,2364,3177,2.1
8773,New-c74a786,1-0,1.0,3232,2364,3177,2.2
8776,Base-f462400,0-1,1.0,3233,2364,3177,2.2
8774,Base-f462400,0-1,1.0,3234,2364,3177,2.3
8775,New-c74a786,1/2-1/2,0.5,3234,2365,3177,2.3
8778,Base-f462400,1/2-1/2,0.5,3234,2366,3177,2.3
8779,New-c74a786,1-0,1.0,3235,2366,3177,2.3
8777,New-c74a786,1-0,1.0,3236,2366,3177,2.3
8782,Base-f462400,1-0,0.0,3236,2366,3178,2.3
8780,Base-f462400,0-1,1.0,3237,2366,3178,2.3
8781,New-c74a786,1-0,1.0,3238,2366,3178,2.4
8784,Base-f462400,1/2-1/2,0.5,3238,2367,3178,2.4
8783,New-c74a786,1-0,1.0,3239,2367,3178,2.4
8786,Base-f462400,0-1,1.0,3240,2367,3178,2.5
8787,New-c74a786,1/2-1/2,0.5,3240,2368,3178,2.5
8789,New-c74a786,0-1,0.0,3240,2368,3179,2.4
8785,New-c74a786,0-1,0.0,3240,2368,3180,2.4
8788,Base-f462400,0-1,1.0,3241,2368,3180,2.4
8790,Base-f462400,0-1,1.0,3242,2368,3180,2.5
8791,New-c74a786,1/2-1/2,0.5,3242,2369,3180,2.5
8797,New-c74a786,1/2-1/2,0.5,3242,2370,3180,2.5
8798,Base-f462400,1/2-1/2,0.5,3242,2371,3180,2.4
8792,Base-f462400,0-1,1.0,3243,2371,3180,2.5
8793,New-c74a786,1/2-1/2,0.5,3243,2372,3180,2.5
8794,Base-f462400,0-1,1.0,3244,2372,3180,2.5
8796,Base-f462400,1-0,0.0,3244,2372,3181,2.5
8795,New-c74a786,1-0,1.0,3245,2372,3181,2.5
8800,Base-f462400,1/2-1/2,0.5,3245,2373,3181,2.5
8804,Base-f462400,1/2-1/2,0.5,3245,2374,3181,2.5
8801,New-c74a786,0-1,0.0,3245,2374,3182,2.5
8799,New-c74a786,1-0,1.0,3246,2374,3182,2.5
8802,Base-f462400,1-0,0.0,3246,2374,3183,2.5
8807,New-c74a786,1-0,1.0,3247,2374,3183,2.5
8805,New-c74a786,1-0,1.0,3248,2374,3183,2.6
8803,New-c74a786,1/2-1/2,0.5,3248,2375,3183,2.6
8806,Base-f462400,1-0,0.0,3248,2375,3184,2.5
8810,Base-f462400,0-1,1.0,3249,2375,3184,2.6
8808,Base-f462400,1-0,0.0,3249,2375,3185,2.5
8809,New-c74a786,1-0,1.0,3250,2375,3185,2.6
8811,New-c74a786,0-1,0.0,3250,2375,3186,2.5
8812,Base-f462400,1/2-1/2,0.5,3250,2376,3186,2.5
8813,New-c74a786,0-1,0.0,3250,2376,3187,2.5
8814,Base-f462400,0-1,1.0,3251,2376,3187,2.5
8816,Base-f462400,1-0,0.0,3251,2376,3188,2.5
8815,New-c74a786,0-1,0.0,3251,2376,3189,2.4
8820,Base-f462400,1/2-1/2,0.5,3251,2377,3189,2.4
8818,Base-f462400,1/2-1/2,0.5,3251,2378,3189,2.4
8822,Base-f462400,1/2-1/2,0.5,3251,2379,3189,2.4
8817,New-c74a786,1-0,1.0,3252,2379,3189,2.5
8819,New-c74a786,1/2-1/2,0.5,3252,2380,3189,2.5
8821,New-c74a786,0-1,0.0,3252,2380,3190,2.4
8828,Base-f462400,1/2-1/2,0.5,3252,2381,3190,2.4
8825,New-c74a786,1-0,1.0,3253,2381,3190,2.5
8823,New-c74a786,1-0,1.0,3254,2381,3190,2.5
8826,Base-f462400,1-0,0.0,3254,2381,3191,2.5
8830,Base-f462400,0-1,1.0,3255,2381,3191,2.5
8827,New-c74a786,1/2-1/2,0.5,3255,2382,3191,2.5
8829,New-c74a786,1-0,1.0,3256,2382,3191,2.6
8833,New-c74a786,1/2-1/2,0.5,3256,2383,3191,2.6
8824,Base-f462400,1/2-1/2,0.5,3256,2384,3191,2.6
8832,Base-f462400,1-0,0.0,3256,2384,3192,2.5
8831,New-c74a786,0-1,0.0,3256,2384,3193,2.5
8834,Base-f462400,1/2-1/2,0.5,3256,2385,3193,2.5
8835,New-c74a786,1/2-1/2,0.5,3256,2386,3193,2.5
8840,Base-f462400,1-0,0.0,3256,2386,3194,2.4
8837,New-c74a786,0-1,0.0,3256,2386,3195,2.4
8836,Base-f462400,0-1,1.0,3257,2386,3195,2.4
8841,New-c74a786,1-0,1.0,3258,2386,3195,2.5
8838,Base-f462400,1-0,0.0,3258,2386,3196,2.4
8839,New-c74a786,1/2-1/2,0.5,3258,2387,3196,2.4
8845,New-c74a786,1-0,1.0,3259,2387,3196,2.5
8842,Base-f462400,0-1,1.0,3260,2387,3196,2.5
8844,Base-f462400,1/2-1/2,0.5,3260,2388,3196,2.5
8843,New-c74a786,1-0,1.0,3261,2388,3196,2.6
8847,New-c74a786,0-1,0.0,3261,2388,3197,2.5
8849,New-c74a786,1/2-1/2,0.5,3261,2389,3197,2.5
8846,Base-f462400,1-0,0.0,3261,2389,3198,2.5
8848,Base-f462400,1-0,0.0,3261,2389,3199,2.4
8851,New-c74a786,1/2-1/2,0.5,3261,2390,3199,2.4
8850,Base-f462400,1-0,0.0,3261,2390,3200,2.4
8855,New-c74a786,0-1,0.0,3261,2390,3201,2.4
8853,New-c74a786,0-1,0.0,3261,2390,3202,2.3
8856,Base-f462400,1/2-1/2,0.5,3261,2391,3202,2.3
8857,New-c74a786,1-0,1.0,3262,2391,3202,2.4
8854,Base-f462400,1/2-1/2,0.5,3262,2392,3202,2.4
8852,Base-f462400,1/2-1/2,0.5,3262,2393,3202,2.4
8858,Base-f462400,1-0,0.0,3262,2393,3203,2.3
8861,New-c74a786,1/2-1/2,0.5,3262,2394,3203,2.3
8859,New-c74a786,0-1,0.0,3262,2394,3204,2.3
8862,Base-f462400,0-1,1.0,3263,2394,3204,2.3
8860,Base-f462400,1-0,0.0,3263,2394,3205,2.3
8863,New-c74a786,1-0,1.0,3264,2394,3205,2.3
8864,Base-f462400,1/2-1/2,0.5,3264,2395,3205,2.3
8867,New-c74a786,0-1,0.0,3264,2395,3206,2.3
8866,Base-f462400,1/2-1/2,0.5,3264,2396,3206,2.3
8865,New-c74a786,1/2-1/2,0.5,3264,2397,3206,2.3
8868,Base-f462400,0-1,1.0,3265,2397,3206,2.3
8869,New-c74a786,1/2-1/2,0.5,3265,2398,3206,2.3
8870,Base-f462400,1-0,0.0,3265,2398,3207,2.3
8872,Base-f462400,1-0,0.0,3265,2398,3208,2.2
8871,New-c74a786,1-0,1.0,3266,2398,3208,2.3
8873,New-c74a786,1-0,1.0,3267,2398,3208,2.3
8874,Base-f462400,1-0,0.0,3267,2398,3209,2.3
8875,New-c74a786,1-0,1.0,3268,2398,3209,2.3
8876,Base-f462400,1-0,0.0,3268,2398,3210,2.3
8877,New-c74a786,1-0,1.0,3269,2398,3210,2.3
8878,Base-f462400,0-1,1.0,3270,2398,3210,2.3
8881,New-c74a786,0-1,0.0,3270,2398,3211,2.3
8879,New-c74a786,1/2-1/2,0.5,3270,2399,3211,2.3
8880,Base-f462400,1-0,0.0,3270,2399,3212,2.3
8882,Base-f462400,0-1,1.0,3271,2399,3212,2.3
8883,New-c74a786,1/2-1/2,0.5,3271,2400,3212,2.3
8888,Base-f462400,1/2-1/2,0.5,3271,2401,3212,2.3
8885,New-c74a786,0-1,0.0,3271,2401,3213,2.3
8884,Base-f462400,0-1,1.0,3272,2401,3213,2.3
8886,Base-f462400,0-1,1.0,3273,2401,3213,2.3
8887,New-c74a786,1/2-1/2,0.5,3273,2402,3213,2.3
8889,New-c74a786,0-1,0.0,3273,2402,3214,2.3
8891,New-c74a786,1-0,1.0,3274,2402,3214,2.3
8890,Base-f462400,1/2-1/2,0.5,3274,2403,3214,2.3
8894,Base-f462400,0-1,1.0,3275,2403,3214,2.4
8892,Base-f462400,0-1,1.0,3276,2403,3214,2.4
8896,Base-f462400,0-1,1.0,3277,2403,3214,2.5
8893,New-c74a786,0-1,0.0,3277,2403,3215,2.4
8895,New-c74a786,0-1,0.0,3277,2403,3216,2.4
8897,New-c74a786,0-1,0.0,3277,2403,3217,2.3
8898,Base-f462400,0-1,1.0,3278,2403,3217,2.4
8899,New-c74a786,0-1,0.0,3278,2403,3218,2.3
8902,Base-f462400,1-0,0.0,3278,2403,3219,2.3
8901,New-c74a786,0-1,0.0,3278,2403,3220,2.3
8900,Base-f462400,1/2-1/2,0.5,3278,2404,3220,2.3
8903,New-c74a786,1-0,1.0,3279,2404,3220,2.3
8904,Base-f462400,0-1,1.0,3280,2404,3220,2.3
8906,Base-f462400,1-0,0.0,3280,2404,3221,2.3
8905,New-c74a786,0-1,0.0,3280,2404,3222,2.3
8908,Base-f462400,1-0,0.0,3280,2404,3223,2.2
8907,New-c74a786,1-0,1.0,3281,2404,3223,2.3
8911,New-c74a786,0-1,0.0,3281,2404,3224,2.2
8910,Base-f462400,1-0,0.0,3281,2404,3225,2.2
8916,Base-f462400,1-0,0.0,3281,2404,3226,2.1
8912,Base-f462400,0-1,1.0,3282,2404,3226,2.2
8909,New-c74a786,1-0,1.0,3283,2404,3226,2.2
8917,New-c74a786,1-0,1.0,3284,2404,3226,2.3
8915,New-c74a786,1-0,1.0,3285,2404,3226,2.3
8913,New-c74a786,1/2-1/2,0.5,3285,2405,3226,2.3
8919,New-c74a786,1-0,1.0,3286,2405,3226,2.3
8920,Base-f462400,0-1,1.0,3287,2405,3226,2.4
8914,Base-f462400,1/2-1/2,0.5,3287,2406,3226,2.4
8918,Base-f462400,1/2-1/2,0.5,3287,2407,3226,2.4
8924,Base-f462400,0-1,1.0,3288,2407,3226,2.4
8921,New-c74a786,1-0,1.0,3289,2407,3226,2.5
8927,New-c74a786,0-1,0.0,3289,2407,3227,2.4
8923,New-c74a786,0-1,0.0,3289,2407,3228,2.4
8925,New-c74a786,1/2-1/2,0.5,3289,2408,3228,2.4
8922,Base-f462400,0-1,1.0,3290,2408,3228,2.4
8926,Base-f462400,0-1,1.0,3291,2408,3228,2.5
8929,New-c74a786,1/2-1/2,0.5,3291,2409,3228,2.5
8932,Base-f462400,0-1,1.0,3292,2409,3228,2.5
8928,Base-f462400,1-0,0.0,3292,2409,3229,2.5
8931,New-c74a786,1/2-1/2,0.5,3292,2410,3229,2.5
8930,Base-f462400,0-1,1.0,3293,2410,3229,2.5
8934,Base-f462400,1-0,0.0,3293,2410,3230,2.5
8933,New-c74a786,0-1,0.0,3293,2410,3231,2.4
8936,Base-f462400,1-0,0.0,3293,2410,3232,2.4
8937,New-c74a786,0-1,0.0,3293,2410,3233,2.3
8938,Base-f462400,1/2-1/2,0.5,3293,2411,3233,2.3
8935,New-c74a786,1/2-1/2,0.5,3293,2412,3233,2.3
8939,New-c74a786,0-1,0.0,3293,2412,3234,2.3
8941,New-c74a786,1-0,1.0,3294,2412,3234,2.3
8940,Base-f462400,1/2-1/2,0.5,3294,2413,3234,2.3
8942,Base-f462400,0-1,1.0,3295,2413,3234,2.4
8943,New-c74a786,0-1,0.0,3295,2413,3235,2.3
8944,Base-f462400,1/2-1/2,0.5,3295,2414,3235,2.3
8947,New-c74a786,1/2-1/2,0.5,3295,2415,3235,2.3
8945,New-c74a786,1-0,1.0,3296,2415,3235,2.4
8950,Base-f462400,0-1,1.0,3297,2415,3235,2.4
8946,Base-f462400,0-1,1.0,3298,2415,3235,2.4
8948,Base-f462400,0-1,1.0,3299,2415,3235,2.5
8949,New-c74a786,0-1,0.0,3299,2415,3236,2.4
8951,New-c74a786,1-0,1.0,3300,2415,3236,2.5
8952,Base-f462400,0-1,1.0,3301,2415,3236,2.5
8953,New-c74a786,0-1,0.0,3301,2415,3237,2.5
8957,New-c74a786,0-1,0.0,3301,2415,3238,2.4
8956,Base-f462400,0-1,1.0,3302,2415,3238,2.5
8954,Base-f462400,0-1,1.0,3303,2415,3238,2.5
8955,New-c74a786,0-1,0.0,3303,2415,3239,2.5
8959,New-c74a786,0-1,0.0,3303,2415,3240,2.4
8960,Base-f462400,0-1,1.0,3304,2415,3240,2.5
8958,Base-f462400,0-1,1.0,3305,2415,3240,2.5
8965,New-c74a786,1/2-1/2,0.5,3305,2416,3240,2.5
8961,New-c74a786,1-0,1.0,3306,2416,3240,2.6
8963,New-c74a786,1-0,1.0,3307,2416,3240,2.6
8962,Base-f462400,1/2-1/2,0.5,3307,2417,3240,2.6
8966,Base-f462400,1-0,0.0,3307,2417,3241,2.6
8964,Base-f462400,1/2-1/2,0.5,3307,2418,3241,2.6
8967,New-c74a786,1-0,1.0,3308,2418,3241,2.6
8968,Base-f462400,0-1,1.0,3309,2418,3241,2.6
8972,Base-f462400,1/2-1/2,0.5,3309,2419,3241,2.6
8969,New-c74a786,1-0,1.0,3310,2419,3241,2.7
8970,Base-f462400,1-0,0.0,3310,2419,3242,2.6
8971,New-c74a786,1-0,1.0,3311,2419,3242,2.7
8973,New-c74a786,1-0,1.0,3312,2419,3242,2.7
8977,New-c74a786,0-1,0.0,3312,2419,3243,2.7
8975,New-c74a786,1-0,1.0,3313,2419,3243,2.7
8980,Base-f462400,0-1,1.0,3314,2419,3243,2.7
8978,Base-f462400,1-0,0.0,3314,2419,3244,2.7
8979,New-c74a786,1/2-1/2,0.5,3314,2420,3244,2.7
8974,Base-f462400,1/2-1/2,0.5,3314,2421,3244,2.7
8976,Base-f462400,0-1,1.0,3315,2421,3244,2.7
8981,New-c74a786,0-1,0.0,3315,2421,3245,2.7
8983,New-c74a786,1/2-1/2,0.5,3315,2422,3245,2.7
8982,Base-f462400,1-0,0.0,3315,2422,3246,2.7
8985,New-c74a786,0-1,0.0,3315,2422,3247,2.6
8984,Base-f462400,0-1,1.0,3316,2422,3247,2.7
8987,New-c74a786,1/2-1/2,0.5,3316,2423,3247,2.7
8986,Base-f462400,0-1,1.0,3317,2423,3247,2.7
8989,New-c74a786,1-0,1.0,3318,2423,3247,2.7
8991,New-c74a786,1/2-1/2,0.5,3318,2424,3247,2.7
8990,Base-f462400,0-1,1.0,3319,2424,3247,2.8
8992,Base-f462400,1/2-1/2,0.5,3319,2425,3247,2.8
8988,Base-f462400,0-1,1.0,3320,2425,3247,2.8
8993,New-c74a786,1/2-1/2,0.5,3320,2426,3247,2.8
8994,Base-f462400,0-1,1.0,3321,2426,3247,2.9
8997,New-c74a786,1-0,1.0,3322,2426,3247,2.9
8995,New-c74a786,0-1,0.0,3322,2426,3248,2.9
8998,Base-f462400,0-1,1.0,3323,2426,3248,2.9
8996,Base-f462400,1/2-1/2,0.5,3323,2427,3248,2.9
9000,Base-f462400,1-0,0.0,3323,2427,3249,2.9
8999,New-c74a786,1/2-1/2,0.5,3323,2428,3249,2.9
9001,New-c74a786,0-1,0.0,3323,2428,3250,2.8
9002,Base-f462400,1/2-1/2,0.5,3323,2429,3250,2.8
9003,New-c74a786,0-1,0.0,3323,2429,3251,2.8
9005,New-c74a786,1/2-1/2,0.5,3323,2430,3251,2.8
9004,Base-f462400,0-1,1.0,3324,2430,3251,2.8
9006,Base-f462400,1-0,0.0,3324,2430,3252,2.8
9009,New-c74a786,0-1,0.0,3324,2430,3253,2.7
9007,New-c74a786,0-1,0.0,3324,2430,3254,2.7
9008,Base-f462400,0-1,1.0,3325,2430,3254,2.7
9013,New-c74a786,1/2-1/2,0.5,3325,2431,3254,2.7
9012,Base-f462400,1/2-1/2,0.5,3325,2432,3254,2.7
9014,Base-f462400,1-0,0.0,3325,2432,3255,2.7
9010,Base-f462400,1/2-1/2,0.5,3325,2433,3255,2.7
9011,New-c74a786,1/2-1/2,0.5,3325,2434,3255,2.7
9017,New-c74a786,0-1,0.0,3325,2434,3256,2.7
9015,New-c74a786,0-1,0.0,3325,2434,3257,2.6
9016,Base-f462400,0-1,1.0,3326,2434,3257,2.7
9018,Base-f462400,0-1,1.0,3327,2434,3257,2.7
9020,Base-f462400,0-1,1.0,3328,2434,3257,2.7
9022,Base-f462400,1/2-1/2,0.5,3328,2435,3257,2.7
9021,New-c74a786,1/2-1/2,0.5,3328,2436,3257,2.7
9019,New-c74a786,0-1,0.0,3328,2436,3258,2.7
9023,New-c74a786,1-0,1.0,3329,2436,3258,2.7
9025,New-c74a786,1/2-1/2,0.5,3329,2437,3258,2.7
9024,Base-f462400,0-1,1.0,3330,2437,3258,2.8
9026,Base-f462400,0-1,1.0,3331,2437,3258,2.8
9027,New-c74a786,1/2-1/2,0.5,3331,2438,3258,2.8
9030,Base-f462400,1/2-1/2,0.5,3331,2439,3258,2.8
9028,Base-f462400,1-0,0.0,3331,2439,3259,2.8
9029,New-c74a786,1/2-1/2,0.5,3331,2440,3259,2.8
9031,New-c74a786,1/2-1/2,0.5,3331,2441,3259,2.8
9032,Base-f462400,1-0,0.0,3331,2441,3260,2.7
9034,Base-f462400,0-1,1.0,3332,2441,3260,2.8
9033,New-c74a786,0-1,0.0,3332,2441,3261,2.7
9035,New-c74a786,0-1,0.0,3332,2441,3262,2.7
9037,New-c74a786,1-0,1.0,3333,2441,3262,2.7
9038,Base-f462400,0-1,1.0,3334,2441,3262,2.8
9036,Base-f462400,1/2-1/2,0.5,3334,2442,3262,2.8
9041,New-c74a786,0-1,0.0,3334,2442,3263,2.7
9039,New-c74a786,0-1,0.0,3334,2442,3264,2.7
9042,Base-f462400,1/2-1/2,0.5,3334,2443,3264,2.7
9040,Base-f462400,1-0,0.0,3334,2443,3265,2.7
9044,Base-f462400,1/2-1/2,0.5,3334,2444,3265,2.7
9043,New-c74a786,1-0,1.0,3335,2444,3265,2.7
9045,New-c74a786,1-0,1.0,3336,2444,3265,2.7
9046,Base-f462400,0-1,1.0,3337,2444,3265,2.8
9048,Base-f462400,1-0,0.0,3337,2444,3266,2.7
9052,Base-f462400,0-1,1.0,3338,2444,3266,2.8
9049,New-c74a786,1-0,1.0,3339,2444,3266,2.8
9051,New-c74a786,1-0,1.0,3340,2444,3266,2.8
9047,New-c74a786,1/2-1/2,0.5,3340,2445,3266,2.8
9050,Base-f462400,1/2-1/2,0.5,3340,2446,3266,2.8
9055,New-c74a786,0-1,0.0,3340,2446,3267,2.8
9054,Base-f462400,0-1,1.0,3341,2446,3267,2.8
9053,New-c74a786,0-1,0.0,3341,2446,3268,2.8
9056,Base-f462400,1-0,0.0,3341,2446,3269,2.8
9057,New-c74a786,1-0,1.0,3342,2446,3269,2.8
9058,Base-f462400,0-1,1.0,3343,2446,3269,2.8
9063,New-c74a786,0-1,0.0,3343,2446,3270,2.8
9062,Base-f462400,1-0,0.0,3343,2446,3271,2.8
9065,New-c74a786,0-1,0.0,3343,2446,3272,2.7
9064,Base-f462400,1/2-1/2,0.5,3343,2447,3272,2.7
9059,New-c74a786,1/2-1/2,0.5,3343,2448,3272,2.7
9061,New-c74a786,0-1,0.0,3343,2448,3273,2.7
9060,Base-f462400,1-0,0.0,3343,2448,3274,2.6
9066,Base-f462400,0-1,1.0,3344,2448,3274,2.7
9068,Base-f462400,1/2-1/2,0.5,3344,2449,3274,2.7
9069,New-c74a786,1-0,1.0,3345,2449,3274,2.7
9067,New-c74a786,1-0,1.0,3346,2449,3274,2.8
9073,New-c74a786,0-1,0.0,3346,2449,3275,2.7
9071,New-c74a786,0-1,0.0,3346,2449,3276,2.7
9070,Base-f462400,0-1,1.0,3347,2449,3276,2.7
9072,Base-f462400,1/2-1/2,0.5,3347,2450,3276,2.7
9075,New-c74a786,1/2-1/2,0.5,3347,2451,3276,2.7
9074,Base-f462400,1/2-1/2,0.5,3347,2452,3276,2.7
9076,Base-f462400,1-0,0.0,3347,2452,3277,2.7
9078,Base-f462400,1-0,0.0,3347,2452,3278,2.6
9077,New-c74a786,1-0,1.0,3348,2452,3278,2.7
9081,New-c74a786,1-0,1.0,3349,2452,3278,2.7
9079,New-c74a786,1-0,1.0,3350,2452,3278,2.8
9080,Base-f462400,0-1,1.0,3351,2452,3278,2.8
9082,Base-f462400,1-0,0.0,3351,2452,3279,2.8
9083,New-c74a786,1-0,1.0,3352,2452,3279,2.8
9085,New-c74a786,0-1,0.0,3352,2452,3280,2.8
9084,Base-f462400,0-1,1.0,3353,2452,3280,2.8
9090,Base-f462400,1/2-1/2,0.5,3353,2453,3280,2.8
9086,Base-f462400,0-1,1.0,3354,2453,3280,2.8
9089,New-c74a786,1/2-1/2,0.5,3354,2454,3280,2.8
9087,New-c74a786,1-0,1.0,3355,2454,3280,2.9
9088,Base-f462400,0-1,1.0,3356,2454,3280,2.9
9091,New-c74a786,0-1,0.0,3356,2454,3281,2.9
9092,Base-f462400,1-0,0.0,3356,2454,3282,2.8
9094,Base-f462400,0-1,1.0,3357,2454,3282,2.9
9093,New-c74a786,1-0,1.0,3358,2454,3282,2.9
9095,New-c74a786,1/2-1/2,0.5,3358,2455,3282,2.9
9096,Base-f462400,1-0,0.0,3358,2455,3283,2.9
9098,Base-f462400,1-0,0.0,3358,2455,3284,2.8
9097,New-c74a786,1/2-1/2,0.5,3358,2456,3284,2.8
9099,New-c74a786,1-0,1.0,3359,2456,3284,2.9
9101,New-c74a786,0-1,0.0,3359,2456,3285,2.8
9100,Base-f462400,0-1,1.0,3360,2456,3285,2.9
9103,New-c74a786,0-1,0.0,3360,2456,3286,2.8
9102,Base-f462400,1-0,0.0,3360,2456,3287,2.8
9104,Base-f462400,1-0,0.0,3360,2456,3288,2.7
9105,New-c74a786,1-0,1.0,3361,2456,3288,2.8
9106,Base-f462400,1/2-1/2,0.5,3361,2457,3288,2.8
9110,Base-f462400,0-1,1.0,3362,2457,3288,2.8
9111,New-c74a786,1/2-1/2,0.5,3362,2458,3288,2.8
9108,Base-f462400,0-1,1.0,3363,2458,3288,2.9
9107,New-c74a786,1/2-1/2,0.5,3363,2459,3288,2.9
9109,New-c74a786,1-0,1.0,3364,2459,3288,2.9
9113,New-c74a786,1-0,1.0,3365,2459,3288,2.9
9114,Base-f462400,0-1,1.0,3366,2459,3288,3.0
9112,Base-f462400,1/2-1/2,0.5,3366,2460,3288,3.0
9116,Base-f462400,1/2-1/2,0.5,3366,2461,3288,3.0
9115,New-c74a786,1-0,1.0,3367,2461,3288,3.0
9119,New-c74a786,0-1,0.0,3367,2461,3289,3.0
9118,Base-f462400,1/2-1/2,0.5,3367,2462,3289,3.0
9117,New-c74a786,1/2-1/2,0.5,3367,2463,3289,3.0
9120,Base-f462400,0-1,1.0,3368,2463,3289,3.0
9121,New-c74a786,0-1,0.0,3368,2463,3290,3.0
9122,Base-f462400,1-0,0.0,3368,2463,3291,2.9
9124,Base-f462400,0-1,1.0,3369,2463,3291,3.0
9127,New-c74a786,1-0,1.0,3370,2463,3291,3.0
9123,New-c74a786,1-0,1.0,3371,2463,3291,3.0
9125,New-c74a786,1/2-1/2,0.5,3371,2464,3291,3.0
9128,Base-f462400,1/2-1/2,0.5,3371,2465,3291,3.0
9129,New-c74a786,1/2-1/2,0.5,3371,2466,3291,3.0
9126,Base-f462400,1/2-1/2,0.5,3371,2467,3291,3.0
9133,New-c74a786,1/2-1/2,0.5,3371,2468,3291,3.0
9132,Base-f462400,1/2-1/2,0.5,3371,2469,3291,3.0
9130,Base-f462400,1/2-1/2,0.5,3371,2470,3291,3.0
9131,New-c74a786,0-1,0.0,3371,2470,3292,3.0
9134,Base-f462400,0-1,1.0,3372,2470,3292,3.0
9135,New-c74a786,1-0,1.0,3373,2470,3292,3.1
9136,Base-f462400,0-1,1.0,3374,2470,3292,3.1
9137,New-c74a786,1-0,1.0,3375,2470,3292,3.2
9138,Base-f462400,1/2-1/2,0.5,3375,2471,3292,3.2
9140,Base-f462400,1-0,0.0,3375,2471,3293,3.1
9143,New-c74a786,0-1,0.0,3375,2471,3294,3.1
9144,Base-f462400,1-0,0.0,3375,2471,3295,3.0
9142,Base-f462400,1-0,0.0,3375,2471,3296,3.0
9139,New-c74a786,0-1,0.0,3375,2471,3297,3.0
9141,New-c74a786,0-1,0.0,3375,2471,3298,2.9
9145,New-c74a786,1/2-1/2,0.5,3375,2472,3298,2.9
9147,New-c74a786,1-0,1.0,3376,2472,3298,3.0
9146,Base-f462400,1-0,0.0,3376,2472,3299,2.9
9148,Base-f462400,1-0,0.0,3376,2472,3300,2.9
9149,New-c74a786,1-0,1.0,3377,2472,3300,2.9
9151,New-c74a786,1-0,1.0,3378,2472,3300,3.0
9154,Base-f462400,0-1,1.0,3379,2472,3300,3.0
9150,Base-f462400,1/2-1/2,0.5,3379,2473,3300,3.0
9155,New-c74a786,1-0,1.0,3380,2473,3300,3.0
9153,New-c74a786,1/2-1/2,0.5,3380,2474,3300,3.0
9152,Base-f462400,1/2-1/2,0.5,3380,2475,3300,3.0
9156,Base-f462400,0-1,1.0,3381,2475,3300,3.1
9157,New-c74a786,1-0,1.0,3382,2475,3300,3.1
9158,Base-f462400,1-0,0.0,3382,2475,3301,3.1
9161,New-c74a786,0-1,0.0,3382,2475,3302,3.0
9160,Base-f462400,0-1,1.0,3383,2475,3302,3.1
9159,New-c74a786,0-1,0.0,3383,2475,3303,3.0
9162,Base-f462400,1/2-1/2,0.5,3383,2476,3303,3.0
9163,New-c74a786,1-0,1.0,3384,2476,3303,3.1
9164,Base-f462400,1-0,0.0,3384,2476,3304,3.0
9165,New-c74a786,0-1,0.0,3384,2476,3305,3.0
9167,New-c74a786,1/2-1/2,0.5,3384,2477,3305,3.0
9169,New-c74a786,1-0,1.0,3385,2477,3305,3.0
9170,Base-f462400,1/2-1/2,0.5,3385,2478,3305,3.0
9166,Base-f462400,0-1,1.0,3386,2478,3305,3.1
9171,New-c74a786,1/2-1/2,0.5,3386,2479,3305,3.1
9168,Base-f462400,1-0,0.0,3386,2479,3306,3.0
9172,Base-f462400,1-0,0.0,3386,2479,3307,3.0
9173,New-c74a786,0-1,0.0,3386,2479,3308,3.0
9174,Base-f462400,1/2-1/2,0.5,3386,2480,3308,3.0
9177,New-c74a786,1-0,1.0,3387,2480,3308,3.0
9175,New-c74a786,0-1,0.0,3387,2480,3309,3.0
9178,Base-f462400,1-0,0.0,3387,2480,3310,2.9
9176,Base-f462400,1/2-1/2,0.5,3387,2481,3310,2.9
9179,New-c74a786,1-0,1.0,3388,2481,3310,3.0
9180,Base-f462400,0-1,1.0,3389,2481,3310,3.0
9182,Base-f462400,0-1,1.0,3390,2481,3310,3.0
9181,New-c74a786,0-1,0.0,3390,2481,3311,3.0
9183,New-c74a786,1/2-1/2,0.5,3390,2482,3311,3.0
9186,Base-f462400,1-0,0.0,3390,2482,3312,3.0
9184,Base-f462400,0-1,1.0,3391,2482,3312,3.0
9185,New-c74a786,0-1,0.0,3391,2482,3313,3.0
9187,New-c74a786,1/2-1/2,0.5,3391,2483,3313,2.9
9188,Base-f462400,1/2-1/2,0.5,3391,2484,3313,2.9
9191,New-c74a786,1-0,1.0,3392,2484,3313,3.0
9190,Base-f462400,1/2-1/2,0.5,3392,2485,3313,3.0
9189,New-c74a786,0-1,0.0,3392,2485,3314,2.9
9192,Base-f462400,1-0,0.0,3392,2485,3315,2.9
9193,New-c74a786,0-1,0.0,3392,2485,3316,2.9
9195,New-c74a786,1-0,1.0,3393,2485,3316,2.9
9197,New-c74a786,0-1,0.0,3393,2485,3317,2.9
9198,Base-f462400,1-0,0.0,3393,2485,3318,2.8
9196,Base-f462400,1-0,0.0,3393,2485,3319,2.8
9194,Base-f462400,1/2-1/2,0.5,3393,2486,3319,2.8
9200,Base-f462400,1/2-1/2,0.5,3393,2487,3319,2.8
9199,New-c74a786,1/2-1/2,0.5,3393,2488,3319,2.8
9201,New-c74a786,1-0,1.0,3394,2488,3319,2.8
9207,New-c74a786,1-0,1.0,3395,2488,3319,2.9
9206,Base-f462400,1-0,0.0,3395,2488,3320,2.8
9202,Base-f462400,0-1,1.0,3396,2488,3320,2.9
9203,New-c74a786,1-0,1.0,3397,2488,3320,2.9
9205,New-c74a786,0-1,0.0,3397,2488,3321,2.9
9204,Base-f462400,0-1,1.0,3398,2488,3321,2.9
9210,Base-f462400,1-0,0.0,3398,2488,3322,2.9
9209,New-c74a786,1/2-1/2,0.5,3398,2489,3322,2.9
9214,Base-f462400,1/2-1/2,0.5,3398,2490,3322,2.9
9208,Base-f462400,1/2-1/2,0.5,3398,2491,3322,2.9
9211,New-c74a786,1/2-1/2,0.5,3398,2492,3322,2.9
9212,Base-f462400,0-1,1.0,3399,2492,3322,2.9
9215,New-c74a786,0-1,0.0,3399,2492,3323,2.9
9213,New-c74a786,1-0,1.0,3400,2492,3323,2.9
9216,Base-f462400,0-1,1.0,3401,2492,3323,2.9
9217,New-c74a786,0-1,0.0,3401,2492,3324,2.9
9219,New-c74a786,0-1,0.0,3401,2492,3325,2.9
9218,Base-f462400,1/2-1/2,0.5,3401,2493,3325,2.9
9220,Base-f462400,1-0,0.0,3401,2493,3326,2.8
9223,New-c74a786,0-1,0.0,3401,2493,3327,2.8
9222,Base-f462400,1-0,0.0,3401,2493,3328,2.8
9221,New-c74a786,1-0,1.0,3402,2493,3328,2.8
9224,Base-f462400,1-0,0.0,3402,2493,3329,2.7
9225,New-c74a786,1-0,1.0,3403,2493,3329,2.8
9226,Base-f462400,0-1,1.0,3404,2493,3329,2.8
9230,Base-f462400,1-0,0.0,3404,2493,3330,2.8
9227,New-c74a786,1/2-1/2,0.5,3404,2494,3330,2.8
9228,Base-f462400,0-1,1.0,3405,2494,3330,2.8
9232,Base-f462400,1-0,0.0,3405,2494,3331,2.8
9229,New-c74a786,1/2-1/2,0.5,3405,2495,3331,2.8
9233,New-c74a786,0-1,0.0,3405,2495,3332,2.7
9236,Base-f462400,1/2-1/2,0.5,3405,2496,3332,2.7
9234,Base-f462400,1/2-1/2,0.5,3405,2497,3332,2.7
9231,New-c74a786,1/2-1/2,0.5,3405,2498,3332,2.7
9235,New-c74a786,1-0,1.0,3406,2498,3332,2.8
9240,Base-f462400,1/2-1/2,0.5,3406,2499,3332,2.8
9237,New-c74a786,1/2-1/2,0.5,3406,2500,3332,2.8
9239,New-c74a786,0-1,0.0,3406,2500,3333,2.7
9238,Base-f462400,1-0,0.0,3406,2500,3334,2.7
9241,New-c74a786,1/2-1/2,0.5,3406,2501,3334,2.7
9242,Base-f462400,1-0,0.0,3406,2501,3335,2.7
9245,New-c74a786,1-0,1.0,3407,2501,3335,2.7
9247,New-c74a786,1-0,1.0,3408,2501,3335,2.7
9249,New-c74a786,1-0,1.0,3409,2501,3335,2.8
9244,Base-f462400,1-0,0.0,3409,2501,3336,2.7
9243,New-c74a786,1-0,1.0,3410,2501,3336,2.8
9246,Base-f462400,1-0,0.0,3410,2501,3337,2.7
9250,Base-f462400,0-1,1.0,3411,2501,3337,2.8
9248,Base-f462400,1-0,0.0,3411,2501,3338,2.7
9252,Base-f462400,1-0,0.0,3411,2501,3339,2.7
9253,New-c74a786,1-0,1.0,3412,2501,3339,2.7
9255,New-c74a786,1/2-1/2,0.5,3412,2502,3339,2.7
9251,New-c74a786,1-0,1.0,3413,2502,3339,2.8
9254,Base-f462400,0-1,1.0,3414,2502,3339,2.8
9256,Base-f462400,1-0,0.0,3414,2502,3340,2.8
9258,Base-f462400,1-0,0.0,3414,2502,3341,2.7
9257,New-c74a786,1/2-1/2,0.5,3414,2503,3341,2.7
9261,New-c74a786,1/2-1/2,0.5,3414,2504,3341,2.7
9259,New-c74a786,1-0,1.0,3415,2504,3341,2.8
9260,Base-f462400,1/2-1/2,0.5,3415,2505,3341,2.8
9262,Base-f462400,0-1,1.0,3416,2505,3341,2.8
9263,New-c74a786,0-1,0.0,3416,2505,3342,2.8
9264,Base-f462400,1-0,0.0,3416,2505,3343,2.7
9270,Base-f462400,1-0,0.0,3416,2505,3344,2.7
9268,Base-f462400,1-0,0.0,3416,2505,3345,2.7
9267,New-c74a786,1-0,1.0,3417,2505,3345,2.7
9265,New-c74a786,1/2-1/2,0.5,3417,2506,3345,2.7
9266,Base-f462400,1/2-1/2,0.5,3417,2507,3345,2.7
9269,New-c74a786,1-0,1.0,3418,2507,3345,2.7
9271,New-c74a786,0-1,0.0,3418,2507,3346,2.7
9272,Base-f462400,1-0,0.0,3418,2507,3347,2.7
9273,New-c74a786,1/2-1/2,0.5,3418,2508,3347,2.7
9276,Base-f462400,1-0,0.0,3418,2508,3348,2.6
9274,Base-f462400,1-0,0.0,3418,2508,3349,2.6
9275,New-c74a786,1/2-1/2,0.5,3418,2509,3349,2.6
9278,Base-f462400,0-1,1.0,3419,2509,3349,2.6
9280,Base-f462400,1/2-1/2,0.5,3419,2510,3349,2.6
9279,New-c74a786,1-0,1.0,3420,2510,3349,2.7
9277,New-c74a786,1-0,1.0,3421,2510,3349,2.7
9285,New-c74a786,0-1,0.0,3421,2510,3350,2.7
9283,New-c74a786,1-0,1.0,3422,2510,3350,2.7
9284,Base-f462400,1/2-1/2,0.5,3422,2511,3350,2.7
9281,New-c74a786,0-1,0.0,3422,2511,3351,2.7
9282,Base-f462400,1/2-1/2,0.5,3422,2512,3351,2.7
9286,Base-f462400,1-0,0.0,3422,2512,3352,2.6
9289,New-c74a786,1-0,1.0,3423,2512,3352,2.7
9287,New-c74a786,0-1,0.0,3423,2512,3353,2.6
9292,Base-f462400,1-0,0.0,3423,2512,3354,2.6
9288,Base-f462400,0-1,1.0,3424,2512,3354,2.6
9290,Base-f462400,0-1,1.0,3425,2512,3354,2.7
9291,New-c74a786,1/2-1/2,0.5,3425,2513,3354,2.7
9293,New-c74a786,1-0,1.0,3426,2513,3354,2.7
9295,New-c74a786,0-1,0.0,3426,2513,3355,2.7
9297,New-c74a786,1-0,1.0,3427,2513,3355,2.7
9296,Base-f462400,0-1,1.0,3428,2513,3355,2.7
9294,Base-f462400,1-0,0.0,3428,2513,3356,2.7
9299,New-c74a786,1/2-1/2,0.5,3428,2514,3356,2.7
9298,Base-f462400,1/2-1/2,0.5,3428,2515,3356,2.7
9301,New-c74a786,0-1,0.0,3428,2515,3357,2.7
9302,Base-f462400,0-1,1.0,3429,2515,3357,2.7
9303,New-c74a786,1-0,1.0,3430,2515,3357,2.7
9300,Base-f462400,1/2-1/2,0.5,3430,2516,3357,2.7
9304,Base-f462400,1-0,0.0,3430,2516,3358,2.7
9307,New-c74a786,1-0,1.0,3431,2516,3358,2.7
9305,New-c74a786,1/2-1/2,0.5,3431,2517,3358,2.7
9308,Base-f462400,0-1,1.0,3432,2517,3358,2.8
9310,Base-f462400,1-0,0.0,3432,2517,3359,2.7
9306,Base-f462400,1-0,0.0,3432,2517,3360,2.7
9309,New-c74a786,0-1,0.0,3432,2517,3361,2.6
9311,New-c74a786,0-1,0.0,3432,2517,3362,2.6
9313,New-c74a786,1/2-1/2,0.5,3432,2518,3362,2.6
9312,Base-f462400,1/2-1/2,0.5,3432,2519,3362,2.6
9318,Base-f462400,0-1,1.0,3433,2519,3362,2.6
9315,New-c74a786,1-0,1.0,3434,2519,3362,2.7
9314,Base-f462400,1/2-1/2,0.5,3434,2520,3362,2.7
9319,New-c74a786,0-1,0.0,3434,2520,3363,2.6
9316,Base-f462400,1-0,0.0,3434,2520,3364,2.6
9317,New-c74a786,1/2-1/2,0.5,3434,2521,3364,2.6
9320,Base-f462400,0-1,1.0,3435,2521,3364,2.6
9323,New-c74a786,1/2-1/2,0.5,3435,2522,3364,2.6
9321,New-c74a786,1-0,1.0,3436,2522,3364,2.7
9322,Base-f462400,1/2-1/2,0.5,3436,2523,3364,2.7
9326,Base-f462400,1-0,0.0,3436,2523,3365,2.6
9324,Base-f462400,1/2-1/2,0.5,3436,2524,3365,2.6
9325,New-c74a786,1-0,1.0,3437,2524,3365,2.7
9328,Base-f462400,1-0,0.0,3437,2524,3366,2.6
9327,New-c74a786,0-1,0.0,3437,2524,3367,2.6
9330,Base-f462400,1-0,0.0,3437,2524,3368,2.6
9329,New-c74a786,0-1,0.0,3437,2524,3369,2.5
9337,New-c74a786,1/2-1/2,0.5,3437,2525,3369,2.5
9331,New-c74a786,1/2-1/2,0.5,3437,2526,3369,2.5
9334,Base-f462400,1/2-1/2,0.5,3437,2527,3369,2.5
9333,New-c74a786,1/2-1/2,0.5,3437,2528,3369,2.5
9336,Base-f462400,1/2-1/2,0.5,3437,2529,3369,2.5
9332,Base-f462400,0-1,1.0,3438,2529,3369,2.6
9335,New-c74a786,1/2-1/2,0.5,3438,2530,3369,2.6
9339,New-c74a786,1/2-1/2,0.5,3438,2531,3369,2.6
9338,Base-f462400,1-0,0.0,3438,2531,3370,2.5
9340,Base-f462400,1-0,0.0,3438,2531,3371,2.5
9343,New-c74a786,1-0,1.0,3439,2531,3371,2.5
9342,Base-f462400,1-0,0.0,3439,2531,3372,2.5
9341,New-c74a786,1/2-1/2,0.5,3439,2532,3372,2.5
9345,New-c74a786,1-0,1.0,3440,2532,3372,2.5
9346,Base-f462400,0-1,1.0,3441,2532,3372,2.6
9347,New-c74a786,1-0,1.0,3442,2532,3372,2.6
9344,Base-f462400,1/2-1/2,0.5,3442,2533,3372,2.6
9349,New-c74a786,1/2-1/2,0.5,3442,2534,3372,2.6
9348,Base-f462400,1/2-1/2,0.5,3442,2535,3372,2.6
9353,New-c74a786,1/2-1/2,0.5,3442,2536,3372,2.6
9351,New-c74a786,1-0,1.0,3443,2536,3372,2.6
9350,Base-f462400,0-1,1.0,3444,2536,3372,2.7
9355,New-c74a786,1-0,1.0,3445,2536,3372,2.7
9354,Base-f462400,0-1,1.0,3446,2536,3372,2.7
9352,Base-f462400,1/2-1/2,0.5,3446,2537,3372,2.7
9356,Base-f462400,0-1,1.0,3447,2537,3372,2.8
9358,Base-f462400,1-0,0.0,3447,2537,3373,2.7
9360,Base-f462400,1/2-1/2,0.5,3447,2538,3373,2.7
9357,New-c74a786,1/2-1/2,0.5,3447,2539,3373,2.7
9362,Base-f462400,1/2-1/2,0.5,3447,2540,3373,2.7
9364,Base-f462400,1-0,0.0,3447,2540,3374,2.7
9361,New-c74a786,1/2-1/2,0.5,3447,2541,3374,2.7
9359,New-c74a786,0-1,0.0,3447,2541,3375,2.7
9363,New-c74a786,1/2-1/2,0.5,3447,2542,3375,2.7
9366,Base-f462400,0-1,1.0,3448,2542,3375,2.7
9365,New-c74a786,0-1,0.0,3448,2542,3376,2.7
9367,New-c74a786,0-1,0.0,3448,2542,3377,2.6
9369,New-c74a786,1-0,1.0,3449,2542,3377,2.7
9368,Base-f462400,1-0,0.0,3449,2542,3378,2.6
9370,Base-f462400,1-0,0.0,3449,2542,3379,2.6
9372,Base-f462400,1-0,0.0,3449,2542,3380,2.6
9371,New-c74a786,0-1,0.0,3449,2542,3381,2.5
9378,Base-f462400,1/2-1/2,0.5,3449,2543,3381,2.5
9373,New-c74a786,0-1,0.0,3449,2543,3382,2.5
9375,New-c74a786,1/2-1/2,0.5,3449,2544,3382,2.5
9374,Base-f462400,0-1,1.0,3450,2544,3382,2.5
9377,New-c74a786,1-0,1.0,3451,2544,3382,2.6
9376,Base-f462400,1/2-1/2,0.5,3451,2545,3382,2.6
9381,New-c74a786,0-1,0.0,3451,2545,3383,2.5
9380,Base-f462400,0-1,1.0,3452,2545,3383,2.6
9379,New-c74a786,1-0,1.0,3453,2545,3383,2.6
9382,Base-f462400,1-0,0.0,3453,2545,3384,2.6
9383,New-c74a786,1-0,1.0,3454,2545,3384,2.6
9385,New-c74a786,1/2-1/2,0.5,3454,2546,3384,2.6
9384,Base-f462400,1-0,0.0,3454,2546,3385,2.6
9386,Base-f462400,1/2-1/2,0.5,3454,2547,3385,2.6
9390,Base-f462400,1/2-1/2,0.5,3454,2548,3385,2.6
9389,New-c74a786,0-1,0.0,3454,2548,3386,2.5
9388,Base-f462400,1-0,0.0,3454,2548,3387,2.5
9387,New-c74a786,1-0,1.0,3455,2548,3387,2.5
9391,New-c74a786,0-1,0.0,3455,2548,3388,2.5
9393,New-c74a786,0-1,0.0,3455,2548,3389,2.4
9392,Base-f462400,0-1,1.0,3456,2548,3389,2.5
9394,Base-f462400,0-1,1.0,3457,2548,3389,2.5
9395,New-c74a786,1/2-1/2,0.5,3457,2549,3389,2.5
9398,Base-f462400,1-0,0.0,3457,2549,3390,2.5
9397,New-c74a786,1/2-1/2,0.5,3457,2550,3390,2.5
9396,Base-f462400,1-0,0.0,3457,2550,3391,2.4
9399,New-c74a786,1-0,1.0,3458,2550,3391,2.5
9400,Base-f462400,1-0,0.0,3458,2550,3392,2.4
9401,New-c74a786,1-0,1.0,3459,2550,3392,2.5
9402,Base-f462400,1/2-1/2,0.5,3459,2551,3392,2.5
9407,New-c74a786,1/2-1/2,0.5,3459,2552,3392,2.5
9405,New-c74a786,1/2-1/2,0.5,3459,2553,3392,2.5
9403,New-c74a786,1-0,1.0,3460,2553,3392,2.5
9406,Base-f462400,1-0,0.0,3460,2553,3393,2.5
9404,Base-f462400,0-1,1.0,3461,2553,3393,2.5
9409,New-c74a786,0-1,0.0,3461,2553,3394,2.5
9408,Base-f462400,1/2-1/2,0.5,3461,2554,3394,2.5
9410,Base-f462400,1-0,0.0,3461,2554,3395,2.4
9412,Base-f462400,1-0,0.0,3461,2554,3396,2.4
9411,New-c74a786,0-1,0.0,3461,2554,3397,2.4
9415,New-c74a786,1-0,1.0,3462,2554,3397,2.4
9414,Base-f462400,0-1,1.0,3463,2554,3397,2.4
9416,Base-f462400,1-0,0.0,3463,2554,3398,2.4
9413,New-c74a786,1-0,1.0,3464,2554,3398,2.4
9419,New-c74a786,1/2-1/2,0.5,3464,2555,3398,2.4
9417,New-c74a786,0-1,0.0,3464,2555,3399,2.4
9420,Base-f462400,1-0,0.0,3464,2555,3400,2.4
9418,Base-f462400,1-0,0.0,3464,2555,3401,2.3
9423,New-c74a786,1/2-1/2,0.5,3464,2556,3401,2.3
9422,Base-f462400,0-1,1.0,3465,2556,3401,2.4
9424,Base-f462400,1-0,0.0,3465,2556,3402,2.3
9421,New-c74a786,0-1,0.0,3465,2556,3403,2.3
9425,New-c74a786,1-0,1.0,3466,2556,3403,2.3
9426,Base-f462400,1-0,0.0,3466,2556,3404,2.3
9428,Base-f462400,1-0,0.0,3466,2556,3405,2.2
9427,New-c74a786,1-0,1.0,3467,2556,3405,2.3
9431,New-c74a786,1/2-1/2,0.5,3467,2557,3405,2.3
9429,New-c74a786,1-0,1.0,3468,2557,3405,2.3
9430,Base-f462400,1-0,0.0,3468,2557,3406,2.3
9433,New-c74a786,1-0,1.0,3469,2557,3406,2.3
9435,New-c74a786,1-0,1.0,3470,2557,3406,2.4
9436,Base-f462400,1-0,0.0,3470,2557,3407,2.3
9434,Base-f462400,0-1,1.0,3471,2557,3407,2.4
9432,Base-f462400,1/2-1/2,0.5,3471,2558,3407,2.4
9438,Base-f462400,0-1,1.0,3472,2558,3407,2.4
9439,New-c74a786,0-1,0.0,3472,2558,3408,2.4
9437,New-c74a786,1-0,1.0,3473,2558,3408,2.4
9440,Base-f462400,1-0,0.0,3473,2558,3409,2.4
9442,Base-f462400,0-1,1.0,3474,2558,3409,2.4
9444,Base-f462400,1-0,0.0,3474,2558,3410,2.4
9441,New-c74a786,0-1,0.0,3474,2558,3411,2.3
9443,New-c74a786,1-0,1.0,3475,2558,3411,2.4
9445,New-c74a786,1-0,1.0,3476,2558,3411,2.4
9446,Base-f462400,1-0,0.0,3476,2558,3412,2.4
9447,New-c74a786,1-0,1.0,3477,2558,3412,2.4
9451,New-c74a786,1/2-1/2,0.5,3477,2559,3412,2.4
9450,Base-f462400,0-1,1.0,3478,2559,3412,2.4
9452,Base-f462400,0-1,1.0,3479,2559,3412,2.5
9449,New-c74a786,0-1,0.0,3479,2559,3413,2.4
9448,Base-f462400,1-0,0.0,3479,2559,3414,2.4
9456,Base-f462400,0-1,1.0,3480,2559,3414,2.4
9455,New-c74a786,0-1,0.0,3480,2559,3415,2.4
9454,Base-f462400,1/2-1/2,0.5,3480,2560,3415,2.4
9453,New-c74a786,0-1,0.0,3480,2560,3416,2.4
9461,New-c74a786,1/2-1/2,0.5,3480,2561,3416,2.4
9462,Base-f462400,1/2-1/2,0.5,3480,2562,3416,2.4
9458,Base-f462400,0-1,1.0,3481,2562,3416,2.4
9459,New-c74a786,1-0,1.0,3482,2562,3416,2.4
9460,Base-f462400,1-0,0.0,3482,2562,3417,2.4
9457,New-c74a786,1/2-1/2,0.5,3482,2563,3417,2.4
9468,Base-f462400,1-0,0.0,3482,2563,3418,2.3
9463,New-c74a786,1/2-1/2,0.5,3482,2564,3418,2.3
9469,New-c74a786,1/2-1/2,0.5,3482,2565,3418,2.3
9465,New-c74a786,0-1,0.0,3482,2565,3419,2.3
9464,Base-f462400,0-1,1.0,3483,2565,3419,2.3
9467,New-c74a786,1/2-1/2,0.5,3483,2566,3419,2.3
9466,Base-f462400,1-0,0.0,3483,2566,3420,2.3
9470,Base-f462400,1-0,0.0,3483,2566,3421,2.3
9472,Base-f462400,1-0,0.0,3483,2566,3422,2.2
9475,New-c74a786,1-0,1.0,3484,2566,3422,2.3
9471,New-c74a786,1-0,1.0,3485,2566,3422,2.3
9474,Base-f462400,1/2-1/2,0.5,3485,2567,3422,2.3
9477,New-c74a786,0-1,0.0,3485,2567,3423,2.3
9478,Base-f462400,0-1,1.0,3486,2567,3423,2.3
9473,New-c74a786,1/2-1/2,0.5,3486,2568,3423,2.3
9476,Base-f462400,1/2-1/2,0.5,3486,2569,3423,2.3
9479,New-c74a786,0-1,0.0,3486,2569,3424,2.3
9481,New-c74a786,1/2-1/2,0.5,3486,2570,3424,2.3
9486,Base-f462400,1/2-1/2,0.5,3486,2571,3424,2.3
9482,Base-f462400,1-0,0.0,3486,2571,3425,2.2
9480,Base-f462400,1-0,0.0,3486,2571,3426,2.2
9485,New-c74a786,0-1,0.0,3486,2571,3427,2.2
9484,Base-f462400,1-0,0.0,3486,2571,3428,2.1
9483,New-c74a786,0-1,0.0,3486,2571,3429,2.1
9487,New-c74a786,0-1,0.0,3486,2571,3430,2.1
9492,Base-f462400,0-1,1.0,3487,2571,3430,2.1
9489,New-c74a786,1-0,1.0,3488,2571,3430,2.1
9490,Base-f462400,1/2-1/2,0.5,3488,2572,3430,2.1
9491,New-c74a786,0-1,0.0,3488,2572,3431,2.1
9493,New-c74a786,1-0,1.0,3489,2572,3431,2.1
9488,Base-f462400,1/2-1/2,0.5,3489,2573,3431,2.1
9494,Base-f462400,0-1,1.0,3490,2573,3431,2.2
9495,New-c74a786,1/2-1/2,0.5,3490,2574,3431,2.2
9496,Base-f462400,1-0,0.0,3490,2574,3432,2.1
9500,Base-f462400,1/2-1/2,0.5,3490,2575,3432,2.1
9497,New-c74a786,1-0,1.0,3491,2575,3432,2.2
9498,Base-f462400,0-1,1.0,3492,2575,3432,2.2
9499,New-c74a786,1-0,1.0,3493,2575,3432,2.2
9501,New-c74a786,1-0,1.0,3494,2575,3432,2.3
9504,Base-f462400,1-0,0.0,3494,2575,3433,2.2
9502,Base-f462400,1/2-1/2,0.5,3494,2576,3433,2.2
9503,New-c74a786,0-1,0.0,3494,2576,3434,2.2
9505,New-c74a786,1-0,1.0,3495,2576,3434,2.2
9507,New-c74a786,0-1,0.0,3495,2576,3435,2.2
9506,Base-f462400,1-0,0.0,3495,2576,3436,2.2
9509,New-c74a786,0-1,0.0,3495,2576,3437,2.1
9512,Base-f462400,1/2-1/2,0.5,3495,2577,3437,2.1
9508,Base-f462400,1-0,0.0,3495,2577,3438,2.1
9510,Base-f462400,0-1,1.0,3496,2577,3438,2.1
9511,New-c74a786,0-1,0.0,3496,2577,3439,2.1
9513,New-c74a786,1-0,1.0,3497,2577,3439,2.1
9515,New-c74a786,1-0,1.0,3498,2577,3439,2.2
9514,Base-f462400,0-1,1.0,3499,2577,3439,2.2
9519,New-c74a786,1/2-1/2,0.5,3499,2578,3439,2.2
9518,Base-f462400,1/2-1/2,0.5,3499,2579,3439,2.2
9517,New-c74a786,1-0,1.0,3500,2579,3439,2.2
9520,Base-f462400,0-1,1.0,3501,2579,3439,2.3
9516,Base-f462400,1/2-1/2,0.5,3501,2580,3439,2.3
9524,Base-f462400,1-0,0.0,3501,2580,3440,2.2
9522,Base-f462400,1-0,0.0,3501,2580,3441,2.2
9521,New-c74a786,0-1,0.0,3501,2580,3442,2.2
9525,New-c74a786,0-1,0.0,3501,2580,3443,2.1
9523,New-c74a786,0-1,0.0,3501,2580,3444,2.1
9526,Base-f462400,1-0,0.0,3501,2580,3445,2.0
9528,Base-f462400,1/2-1/2,0.5,3501,2581,3445,2.0
9529,New-c74a786,1-0,1.0,3502,2581,3445,2.1
9527,New-c74a786,1-0,1.0,3503,2581,3445,2.1
9530,Base-f462400,0-1,1.0,3504,2581,3445,2.2
9531,New-c74a786,1-0,1.0,3505,2581,3445,2.2
9533,New-c74a786,1-0,1.0,3506,2581,3445,2.2
9532,Base-f462400,1-0,0.0,3506,2581,3446,2.2
9535,New-c74a786,1-0,1.0,3507,2581,3446,2.2
9536,Base-f462400,1-0,0.0,3507,2581,3447,2.2
9534,Base-f462400,1/2-1/2,0.5,3507,2582,3447,2.2
9537,New-c74a786,0-1,0.0,3507,2582,3448,2.1
9539,New-c74a786,1/2-1/2,0.5,3507,2583,3448,2.1
9540,Base-f462400,1-0,0.0,3507,2583,3449,2.1
9541,New-c74a786,1/2-1/2,0.5,3507,2584,3449,2.1
9542,Base-f462400,1-0,0.0,3507,2584,3450,2.1
9538,Base-f462400,1-0,0.0,3507,2584,3451,2.0
9544,Base-f462400,0-1,1.0,3508,2584,3451,2.1
9543,New-c74a786,0-1,0.0,3508,2584,3452,2.0
9547,New-c74a786,1-0,1.0,3509,2584,3452,2.1
9546,Base-f462400,1-0,0.0,3509,2584,3453,2.0
9545,New-c74a786,1/2-1/2,0.5,3509,2585,3453,2.0
9550,Base-f462400,0-1,1.0,3510,2585,3453,2.1
9548,Base-f462400,0-1,1.0,3511,2585,3453,2.1
9551,New-c74a786,1-0,1.0,3512,2585,3453,2.1
9549,New-c74a786,1-0,1.0,3513,2585,3453,2.2
9554,Base-f462400,0-1,1.0,3514,2585,3453,2.2
9552,Base-f462400,1-0,0.0,3514,2585,3454,2.2
9553,New-c74a786,1-0,1.0,3515,2585,3454,2.2
9557,New-c74a786,1/2-1/2,0.5,3515,2586,3454,2.2
9555,New-c74a786,0-1,0.0,3515,2586,3455,2.2
9559,New-c74a786,1-0,1.0,3516,2586,3455,2.2
9558,Base-f462400,1-0,0.0,3516,2586,3456,2.2
9560,Base-f462400,1-0,0.0,3516,2586,3457,2.1
9556,Base-f462400,1/2-1/2,0.5,3516,2587,3457,2.1
9567,New-c74a786,1/2-1/2,0.5,3516,2588,3457,2.1
9563,New-c74a786,1-0,1.0,3517,2588,3457,2.2
9562,Base-f462400,0-1,1.0,3518,2588,3457,2.2
9566,Base-f462400,1-0,0.0,3518,2588,3458,2.2
9564,Base-f462400,1-0,0.0,3518,2588,3459,2.1
9561,New-c74a786,1/2-1/2,0.5,3518,2589,3459,2.1
9570,Base-f462400,1/2-1/2,0.5,3518,2590,3459,2.1
9565,New-c74a786,0-1,0.0,3518,2590,3460,2.1
9569,New-c74a786,1/2-1/2,0.5,3518,2591,3460,2.1
9573,New-c74a786,1/2-1/2,0.5,3518,2592,3460,2.1
9571,New-c74a786,1-0,1.0,3519,2592,3460,2.1
9572,Base-f462400,1-0,0.0,3519,2592,3461,2.1
9568,Base-f462400,0-1,1.0,3520,2592,3461,2.1
9577,New-c74a786,1/2-1/2,0.5,3520,2593,3461,2.1
9574,Base-f462400,1-0,0.0,3520,2593,3462,2.1
9575,New-c74a786,1-0,1.0,3521,2593,3462,2.1
9578,Base-f462400,1/2-1/2,0.5,3521,2594,3462,2.1
9576,Base-f462400,0-1,1.0,3522,2594,3462,2.2
9582,Base-f462400,1-0,0.0,3522,2594,3463,2.1
9579,New-c74a786,1/2-1/2,0.5,3522,2595,3463,2.1
9580,Base-f462400,1/2-1/2,0.5,3522,2596,3463,2.1
9581,New-c74a786,1-0,1.0,3523,2596,3463,2.2
9588,Base-f462400,1/2-1/2,0.5,3523,2597,3463,2.2
9583,New-c74a786,1-0,1.0,3524,2597,3463,2.2
9584,Base-f462400,1-0,0.0,3524,2597,3464,2.2
9585,New-c74a786,1/2-1/2,0.5,3524,2598,3464,2.2
9587,New-c74a786,1-0,1.0,3525,2598,3464,2.2
9586,Base-f462400,1-0,0.0,3525,2598,3465,2.2
9593,New-c74a786,1/2-1/2,0.5,3525,2599,3465,2.2
9589,New-c74a786,1-0,1.0,3526,2599,3465,2.2
9590,Base-f462400,1/2-1/2,0.5,3526,2600,3465,2.2
9591,New-c74a786,1-0,1.0,3527,2600,3465,2.2
9592,Base-f462400,0-1,1.0,3528,2600,3465,2.3
9594,Base-f462400,1/2-1/2,0.5,3528,2601,3465,2.3
9596,Base-f462400,1-0,0.0,3528,2601,3466,2.2
9597,New-c74a786,1/2-1/2,0.5,3528,2602,3466,2.2
9595,New-c74a786,1/2-1/2,0.5,3528,2603,3466,2.2
9600,Base-f462400,1-0,0.0,3528,2603,3467,2.2
9598,Base-f462400,1-0,0.0,3528,2603,3468,2.2
9599,New-c74a786,1-0,1.0,3529,2603,3468,2.2
9601,New-c74a786,1/2-1/2,0.5,3529,2604,3468,2.2
9602,Base-f462400,1/2-1/2,0.5,3529,2605,3468,2.2
9604,Base-f462400,1-0,0.0,3529,2605,3469,2.2
9603,New-c74a786,0-1,0.0,3529,2605,3470,2.1
9605,New-c74a786,0-1,0.0,3529,2605,3471,2.1
9607,New-c74a786,1-0,1.0,3530,2605,3471,2.1
9609,New-c74a786,1-0,1.0,3531,2605,3471,2.2
9608,Base-f462400,1-0,0.0,3531,2605,3472,2.1
9611,New-c74a786,1-0,1.0,3532,2605,3472,2.2
9606,Base-f462400,1/2-1/2,0.5,3532,2606,3472,2.2
9610,Base-f462400,0-1,1.0,3533,2606,3472,2.2
9613,New-c74a786,1-0,1.0,3534,2606,3472,2.2
9612,Base-f462400,1-0,0.0,3534,2606,3473,2.2
9616,Base-f462400,0-1,1.0,3535,2606,3473,2.2
9615,New-c74a786,1/2-1/2,0.5,3535,2607,3473,2.2
9618,Base-f462400,1/2-1/2,0.5,3535,2608,3473,2.2
9614,Base-f462400,1-0,0.0,3535,2608,3474,2.2
9617,New-c74a786,0-1,0.0,3535,2608,3475,2.2
9619,New-c74a786,1/2-1/2,0.5,3535,2609,3475,2.2
9620,Base-f462400,1-0,0.0,3535,2609,3476,2.1
9621,New-c74a786,0-1,0.0,3535,2609,3477,2.1
9625,New-c74a786,0-1,0.0,3535,2609,3478,2.1
9622,Base-f462400,0-1,1.0,3536,2609,3478,2.1
9624,Base-f462400,1-0,0.0,3536,2609,3479,2.1
9629,New-c74a786,1-0,1.0,3537,2609,3479,2.1
9626,Base-f462400,1-0,0.0,3537,2609,3480,2.1
9628,Base-f462400,0-1,1.0,3538,2609,3480,2.1
9623,New-c74a786,1/2-1/2,0.5,3538,2610,3480,2.1
9627,New-c74a786,0-1,0.0,3538,2610,3481,2.1
9631,New-c74a786,1/2-1/2,0.5,3538,2611,3481,2.1
9630,Base-f462400,0-1,1.0,3539,2611,3481,2.1
9632,Base-f462400,1-0,0.0,3539,2611,3482,2.1
9637,New-c74a786,1/2-1/2,0.5,3539,2612,3482,2.1
9633,New-c74a786,0-1,0.0,3539,2612,3483,2.0
9635,New-c74a786,1/2-1/2,0.5,3539,2613,3483,2.0
9638,Base-f462400,0-1,1.0,3540,2613,3483,2.1
9634,Base-f462400,1/2-1/2,0.5,3540,2614,3483,2.1
9636,Base-f462400,1/2-1/2,0.5,3540,2615,3483,2.1
9640,Base-f462400,1-0,0.0,3540,2615,3484,2.0
9641,New-c74a786,1-0,1.0,3541,2615,3484,2.1
9642,Base-f462400,1/2-1/2,0.5,3541,2616,3484,2.1
9639,New-c74a786,1-0,1.0,3542,2616,3484,2.1
9643,New-c74a786,0-1,0.0,3542,2616,3485,2.1
9647,New-c74a786,1/2-1/2,0.5,3542,2617,3485,2.1
9646,Base-f462400,0-1,1.0,3543,2617,3485,2.1
9648,Base-f462400,0-1,1.0,3544,2617,3485,2.1
9644,Base-f462400,0-1,1.0,3545,2617,3485,2.2
9645,New-c74a786,1-0,1.0,3546,2617,3485,2.2
9650,Base-f462400,1/2-1/2,0.5,3546,2618,3485,2.2
9649,New-c74a786,0-1,0.0,3546,2618,3486,2.2
9653,New-c74a786,1-0,1.0,3547,2618,3486,2.2
9655,New-c74a786,1-0,1.0,3548,2618,3486,2.2
9651,New-c74a786,1-0,1.0,3549,2618,3486,2.3
9652,Base-f462400,1/2-1/2,0.5,3549,2619,3486,2.3
9654,Base-f462400,1/2-1/2,0.5,3549,2620,3486,2.3
9656,Base-f462400,1-0,0.0,3549,2620,3487,2.2
9657,New-c74a786,1-0,1.0,3550,2620,3487,2.3
9658,Base-f462400,0-1,1.0,3551,2620,3487,2.3
9660,Base-f462400,1-0,0.0,3551,2620,3488,2.3
9661,New-c74a786,1/2-1/2,0.5,3551,2621,3488,2.3
9663,New-c74a786,0-1,0.0,3551,2621,3489,2.2
9659,New-c74a786,1/2-1/2,0.5,3551,2622,3489,2.2
9662,Base-f462400,0-1,1.0,3552,2622,3489,2.3
9666,Base-f462400,1-0,0.0,3552,2622,3490,2.2
9664,Base-f462400,0-1,1.0,3553,2622,3490,2.3
9667,New-c74a786,1/2-1/2,0.5,3553,2623,3490,2.3
9668,Base-f462400,1/2-1/2,0.5,3553,2624,3490,2.3
9670,Base-f462400,1/2-1/2,0.5,3553,2625,3490,2.3
9665,New-c74a786,1/2-1/2,0.5,3553,2626,3490,2.3
9669,New-c74a786,0-1,0.0,3553,2626,3491,2.2
9672,Base-f462400,0-1,1.0,3554,2626,3491,2.3
9671,New-c74a786,1/2-1/2,0.5,3554,2627,3491,2.3
9673,New-c74a786,0-1,0.0,3554,2627,3492,2.2
9676,Base-f462400,1/2-1/2,0.5,3554,2628,3492,2.2
9675,New-c74a786,0-1,0.0,3554,2628,3493,2.2
9678,Base-f462400,1/2-1/2,0.5,3554,2629,3493,2.2
9677,New-c74a786,0-1,0.0,3554,2629,3494,2.2
9674,Base-f462400,0-1,1.0,3555,2629,3494,2.2
9680,Base-f462400,1/2-1/2,0.5,3555,2630,3494,2.2
9681,New-c74a786,0-1,0.0,3555,2630,3495,2.2
9679,New-c74a786,1/2-1/2,0.5,3555,2631,3495,2.2
9682,Base-f462400,1/2-1/2,0.5,3555,2632,3495,2.2
9683,New-c74a786,0-1,0.0,3555,2632,3496,2.1
9684,Base-f462400,0-1,1.0,3556,2632,3496,2.2
9689,New-c74a786,1/2-1/2,0.5,3556,2633,3496,2.2
9688,Base-f462400,1-0,0.0,3556,2633,3497,2.1
9685,New-c74a786,1/2-1/2,0.5,3556,2634,3497,2.1
9687,New-c74a786,0-1,0.0,3556,2634,3498,2.1
9691,New-c74a786,1-0,1.0,3557,2634,3498,2.1
9686,Base-f462400,1/2-1/2,0.5,3557,2635,3498,2.1
9690,Base-f462400,0-1,1.0,3558,2635,3498,2.2
9693,New-c74a786,1-0,1.0,3559,2635,3498,2.2
9692,Base-f462400,1-0,0.0,3559,2635,3499,2.2
9697,New-c74a786,1-0,1.0,3560,2635,3499,2.2
9694,Base-f462400,1-0,0.0,3560,2635,3500,2.2
9698,Base-f462400,1/2-1/2,0.5,3560,2636,3500,2.2
9695,New-c74a786,1/2-1/2,0.5,3560,2637,3500,2.1
9699,New-c74a786,1-0,1.0,3561,2637,3500,2.2
9696,Base-f462400,1/2-1/2,0.5,3561,2638,3500,2.2
9700,Base-f462400,1-0,0.0,3561,2638,3501,2.1
9701,New-c74a786,1-0,1.0,3562,2638,3501,2.2
9702,Base-f462400,1-0,0.0,3562,2638,3502,2.1
9703,New-c74a786,1/2-1/2,0.5,3562,2639,3502,2.1
9705,New-c74a786,0-1,0.0,3562,2639,3503,2.1
9704,Base-f462400,1-0,0.0,3562,2639,3504,2.1
9706,Base-f462400,1/2-1/2,0.5,3562,2640,3504,2.1
9707,New-c74a786,1-0,1.0,3563,2640,3504,2.1
9708,Base-f462400,1-0,0.0,3563,2640,3505,2.1
9714,Base-f462400,1/2-1/2,0.5,3563,2641,3505,2.1
9711,New-c74a786,1-0,1.0,3564,2641,3505,2.1
9710,Base-f462400,0-1,1.0,3565,2641,3505,2.1
9712,Base-f462400,1-0,0.0,3565,2641,3506,2.1
9713,New-c74a786,1-0,1.0,3566,2641,3506,2.1
9709,New-c74a786,1/2-1/2,0.5,3566,2642,3506,2.1
9722,Base-f462400,1/2-1/2,0.5,3566,2643,3506,2.1
9715,New-c74a786,1/2-1/2,0.5,3566,2644,3506,2.1
9717,New-c74a786,0-1,0.0,3566,2644,3507,2.1
9716,Base-f462400,1-0,0.0,3566,2644,3508,2.1
9719,New-c74a786,1/2-1/2,0.5,3566,2645,3508,2.1
9718,Base-f462400,0-1,1.0,3567,2645,3508,2.1
9720,Base-f462400,1-0,0.0,3567,2645,3509,2.1
9721,New-c74a786,1/2-1/2,0.5,3567,2646,3509,2.1
9723,New-c74a786,0-1,0.0,3567,2646,3510,2.0
9724,Base-f462400,1-0,0.0,3567,2646,3511,2.0
9727,New-c74a786,1/2-1/2,0.5,3567,2647,3511,2.0
9728,Base-f462400,1/2-1/2,0.5,3567,2648,3511,2.0
9730,Base-f462400,0-1,1.0,3568,2648,3511,2.0
9729,New-c74a786,1-0,1.0,3569,2648,3511,2.1
9725,New-c74a786,1-0,1.0,3570,2648,3511,2.1
9726,Base-f462400,1/2-1/2,0.5,3570,2649,3511,2.1
9731,New-c74a786,1/2-1/2,0.5,3570,2650,3511,2.1
9732,Base-f462400,1/2-1/2,0.5,3570,2651,3511,2.1
9735,New-c74a786,0-1,0.0,3570,2651,3512,2.1
9736,Base-f462400,1/2-1/2,0.5,3570,2652,3512,2.1
9733,New-c74a786,0-1,0.0,3570,2652,3513,2.0
9734,Base-f462400,0-1,1.0,3571,2652,3513,2.1
9738,Base-f462400,1/2-1/2,0.5,3571,2653,3513,2.1
9737,New-c74a786,1-0,1.0,3572,2653,3513,2.1
9739,New-c74a786,0-1,0.0,3572,2653,3514,2.1
9741,New-c74a786,1-0,1.0,3573,2653,3514,2.1
9740,Base-f462400,1/2-1/2,0.5,3573,2654,3514,2.1
9745,New-c74a786,1/2-1/2,0.5,3573,2655,3514,2.1
9742,Base-f462400,1-0,0.0,3573,2655,3515,2.1
9744,Base-f462400,1/2-1/2,0.5,3573,2656,3515,2.1
9743,New-c74a786,0-1,0.0,3573,2656,3516,2.0
9746,Base-f462400,1/2-1/2,0.5,3573,2657,3516,2.0
9747,New-c74a786,1-0,1.0,3574,2657,3516,2.1
9749,New-c74a786,1/2-1/2,0.5,3574,2658,3516,2.1
9750,Base-f462400,1-0,0.0,3574,2658,3517,2.0
9752,Base-f462400,1-0,0.0,3574,2658,3518,2.0
9748,Base-f462400,1-0,0.0,3574,2658,3519,2.0
9753,New-c74a786,0-1,0.0,3574,2658,3520,1.9
9754,Base-f462400,1-0,0.0,3574,2658,3521,1.9
9756,Base-f462400,1-0,0.0,3574,2658,3522,1.9
9751,New-c74a786,1/2-1/2,0.5,3574,2659,3522,1.9
9757,New-c74a786,0-1,0.0,3574,2659,3523,1.8
9759,New-c74a786,0-1,0.0,3574,2659,3524,1.8
9758,Base-f462400,0-1,1.0,3575,2659,3524,1.8
9755,New-c74a786,0-1,0.0,3575,2659,3525,1.8
9761,New-c74a786,0-1,0.0,3575,2659,3526,1.7
9760,Base-f462400,1/2-1/2,0.5,3575,2660,3526,1.7
9765,New-c74a786,1/2-1/2,0.5,3575,2661,3526,1.7
9762,Base-f462400,1-0,0.0,3575,2661,3527,1.7
9763,New-c74a786,1/2-1/2,0.5,3575,2662,3527,1.7
9764,Base-f462400,1-0,0.0,3575,2662,3528,1.7
9767,New-c74a786,1/2-1/2,0.5,3575,2663,3528,1.7
9768,Base-f462400,1-0,0.0,3575,2663,3529,1.6
9766,Base-f462400,1-0,0.0,3575,2663,3530,1.6
9769,New-c74a786,1-0,1.0,3576,2663,3530,1.6
9770,Base-f462400,1-0,0.0,3576,2663,3531,1.6
9772,Base-f462400,1-0,0.0,3576,2663,3532,1.6
9773,New-c74a786,1-0,1.0,3577,2663,3532,1.6
9771,New-c74a786,1/2-1/2,0.5,3577,2664,3532,1.6
9774,Base-f462400,1-0,0.0,3577,2664,3533,1.6
9777,New-c74a786,1-0,1.0,3578,2664,3533,1.6
9776,Base-f462400,1-0,0.0,3578,2664,3534,1.6
9775,New-c74a786,1-0,1.0,3579,2664,3534,1.6
9779,New-c74a786,1-0,1.0,3580,2664,3534,1.6
9778,Base-f462400,1-0,0.0,3580,2664,3535,1.6
9780,Base-f462400,1/2-1/2,0.5,3580,2665,3535,1.6
9782,Base-f462400,0-1,1.0,3581,2665,3535,1.6
9781,New-c74a786,0-1,0.0,3581,2665,3536,1.6
9784,Base-f462400,1-0,0.0,3581,2665,3537,1.6
9785,New-c74a786,1-0,1.0,3582,2665,3537,1.6
9783,New-c74a786,1-0,1.0,3583,2665,3537,1.6
9788,Base-f462400,1-0,0.0,3583,2665,3538,1.6
9787,New-c74a786,1/2-1/2,0.5,3583,2666,3538,1.6
9786,Base-f462400,0-1,1.0,3584,2666,3538,1.6
9790,Base-f462400,0-1,1.0,3585,2666,3538,1.7
9789,New-c74a786,1-0,1.0,3586,2666,3538,1.7
9791,New-c74a786,1-0,1.0,3587,2666,3538,1.7
9792,Base-f462400,0-1,1.0,3588,2666,3538,1.8
9793,New-c74a786,1-0,1.0,3589,2666,3538,1.8
9795,New-c74a786,1-0,1.0,3590,2666,3538,1.8
9794,Base-f462400,1-0,0.0,3590,2666,3539,1.8
9796,Base-f462400,1/2-1/2,0.5,3590,2667,3539,1.8
9798,Base-f462400,1-0,0.0,3590,2667,3540,1.8
9799,New-c74a786,1/2-1/2,0.5,3590,2668,3540,1.8
9801,New-c74a786,1/2-1/2,0.5,3590,2669,3540,1.8
9800,Base-f462400,0-1,1.0,3591,2669,3540,1.8
9797,New-c74a786,1/2-1/2,0.5,3591,2670,3540,1.8
9803,New-c74a786,1/2-1/2,0.5,3591,2671,3540,1.8
9804,Base-f462400,1/2-1/2,0.5,3591,2672,3540,1.8
9802,Base-f462400,0-1,1.0,3592,2672,3540,1.8
9807,New-c74a786,1-0,1.0,3593,2672,3540,1.9
9808,Base-f462400,1-0,0.0,3593,2672,3541,1.8
9806,Base-f462400,1-0,0.0,3593,2672,3542,1.8
9805,New-c74a786,0-1,0.0,3593,2672,3543,1.8
9809,New-c74a786,1/2-1/2,0.5,3593,2673,3543,1.8
9810,Base-f462400,1-0,0.0,3593,2673,3544,1.7
9811,New-c74a786,0-1,0.0,3593,2673,3545,1.7
9812,Base-f462400,1-0,0.0,3593,2673,3546,1.7
9813,New-c74a786,0-1,0.0,3593,2673,3547,1.6
9815,New-c74a786,1/2-1/2,0.5,3593,2674,3547,1.6
9816,Base-f462400,1/2-1/2,0.5,3593,2675,3547,1.6
9818,Base-f462400,0-1,1.0,3594,2675,3547,1.7
9819,New-c74a786,0-1,0.0,3594,2675,3548,1.6
9817,New-c74a786,0-1,0.0,3594,2675,3549,1.6
9814,Base-f462400,1-0,0.0,3594,2675,3550,1.6
9821,New-c74a786,1/2-1/2,0.5,3594,2676,3550,1.6
9820,Base-f462400,0-1,1.0,3595,2676,3550,1.6
9822,Base-f462400,1-0,0.0,3595,2676,3551,1.6
9824,Base-f462400,1-0,0.0,3595,2676,3552,1.5
9823,New-c74a786,1-0,1.0,3596,2676,3552,1.6
9825,New-c74a786,1/2-1/2,0.5,3596,2677,3552,1.6
9827,New-c74a786,1-0,1.0,3597,2677,3552,1.6
9826,Base-f462400,1-0,0.0,3597,2677,3553,1.6
9828,Base-f462400,1-0,0.0,3597,2677,3554,1.5
9834,Base-f462400,1/2-1/2,0.5,3597,2678,3554,1.5
9829,New-c74a786,0-1,0.0,3597,2678,3555,1.5
9830,Base-f462400,1/2-1/2,0.5,3597,2679,3555,1.5
9831,New-c74a786,0-1,0.0,3597,2679,3556,1.4
9832,Base-f462400,0-1,1.0,3598,2679,3556,1.5
9833,New-c74a786,0-1,0.0,3598,2679,3557,1.4
9836,Base-f462400,1-0,0.0,3598,2679,3558,1.4
9835,New-c74a786,1-0,1.0,3599,2679,3558,1.4
9837,New-c74a786,1/2-1/2,0.5,3599,2680,3558,1.4
9841,New-c74a786,1/2-1/2,0.5,3599,2681,3558,1.4
9838,Base-f462400,0-1,1.0,3600,2681,3558,1.5
9839,New-c74a786,1/2-1/2,0.5,3600,2682,3558,1.5
9840,Base-f462400,1-0,0.0,3600,2682,3559,1.4
9842,Base-f462400,0-1,1.0,3601,2682,3559,1.5
9843,New-c74a786,1-0,1.0,3602,2682,3559,1.5
9844,Base-f462400,1/2-1/2,0.5,3602,2683,3559,1.5
9845,New-c74a786,1-0,1.0,3603,2683,3559,1.6
9846,Base-f462400,0-1,1.0,3604,2683,3559,1.6
9849,New-c74a786,1/2-1/2,0.5,3604,2684,3559,1.6
9847,New-c74a786,1/2-1/2,0.5,3604,2685,3559,1.6
9848,Base-f462400,1/2-1/2,0.5,3604,2686,3559,1.6
9851,New-c74a786,1/2-1/2,0.5,3604,2687,3559,1.6
9852,Base-f462400,1-0,0.0,3604,2687,3560,1.6
9853,New-c74a786,0-1,0.0,3604,2687,3561,1.5
9850,Base-f462400,1/2-1/2,0.5,3604,2688,3561,1.5
9854,Base-f462400,1-0,0.0,3604,2688,3562,1.5
9855,New-c74a786,1/2-1/2,0.5,3604,2689,3562,1.5
9861,New-c74a786,1/2-1/2,0.5,3604,2690,3562,1.5
9858,Base-f462400,1-0,0.0,3604,2690,3563,1.4
9857,New-c74a786,1-0,1.0,3605,2690,3563,1.5
9856,Base-f462400,1/2-1/2,0.5,3605,2691,3563,1.5
9860,Base-f462400,0-1,1.0,3606,2691,3563,1.5
9859,New-c74a786,0-1,0.0,3606,2691,3564,1.5
9862,Base-f462400,1/2-1/2,0.5,3606,2692,3564,1.5
9863,New-c74a786,1-0,1.0,3607,2692,3564,1.5
9864,Base-f462400,0-1,1.0,3608,2692,3564,1.5
9868,Base-f462400,1-0,0.0,3608,2692,3565,1.5
9866,Base-f462400,0-1,1.0,3609,2692,3565,1.5
9865,New-c74a786,0-1,0.0,3609,2692,3566,1.5
9867,New-c74a786,0-1,0.0,3609,2692,3567,1.5
9869,New-c74a786,1-0,1.0,3610,2692,3567,1.5
9870,Base-f462400,0-1,1.0,3611,2692,3567,1.5
9872,Base-f462400,1/2-1/2,0.5,3611,2693,3567,1.5
9877,New-c74a786,1/2-1/2,0.5,3611,2694,3567,1.5
9875,New-c74a786,1/2-1/2,0.5,3611,2695,3567,1.5
9873,New-c74a786,0-1,0.0,3611,2695,3568,1.5
9876,Base-f462400,0-1,1.0,3612,2695,3568,1.5
9871,New-c74a786,1/2-1/2,0.5,3612,2696,3568,1.5
9874,Base-f462400,1-0,0.0,3612,2696,3569,1.5
9879,New-c74a786,1-0,1.0,3613,2696,3569,1.5
9878,Base-f462400,1-0,0.0,3613,2696,3570,1.5
9880,Base-f462400,0-1,1.0,3614,2696,3570,1.5
9882,Base-f462400,0-1,1.0,3615,2696,3570,1.6
9884,Base-f462400,1-0,0.0,3615,2696,3571,1.5
9881,New-c74a786,0-1,0.0,3615,2696,3572,1.5
9885,New-c74a786,1-0,1.0,3616,2696,3572,1.5
9883,New-c74a786,1-0,1.0,3617,2696,3572,1.6
9886,Base-f462400,1-0,0.0,3617,2696,3573,1.5
9887,New-c74a786,1-0,1.0,3618,2696,3573,1.6
9888,Base-f462400,0-1,1.0,3619,2696,3573,1.6
9892,Base-f462400,1-0,0.0,3619,2696,3574,1.6
9890,Base-f462400,1-0,0.0,3619,2696,3575,1.5
9893,New-c74a786,0-1,0.0,3619,2696,3576,1.5
9889,New-c74a786,1-0,1.0,3620,2696,3576,1.5
9891,New-c74a786,1/2-1/2,0.5,3620,2697,3576,1.5
9895,New-c74a786,0-1,0.0,3620,2697,3577,1.5
9897,New-c74a786,1/2-1/2,0.5,3620,2698,3577,1.5
9894,Base-f462400,1-0,0.0,3620,2698,3578,1.5
9898,Base-f462400,0-1,1.0,3621,2698,3578,1.5
9896,Base-f462400,1/2-1/2,0.5,3621,2699,3578,1.5
9899,New-c74a786,1-0,1.0,3622,2699,3578,1.5
9904,Base-f462400,0-1,1.0,3623,2699,3578,1.6
9900,Base-f462400,1/2-1/2,0.5,3623,2700,3578,1.6
9902,Base-f462400,1-0,0.0,3623,2700,3579,1.5
9901,New-c74a786,1-0,1.0,3624,2700,3579,1.6
9906,Base-f462400,1-0,0.0,3624,2700,3580,1.5
9905,New-c74a786,1/2-1/2,0.5,3624,2701,3580,1.5
9903,New-c74a786,1/2-1/2,0.5,3624,2702,3580,1.5
9907,New-c74a786,1-0,1.0,3625,2702,3580,1.6
9908,Base-f462400,1-0,0.0,3625,2702,3581,1.5
9909,New-c74a786,0-1,0.0,3625,2702,3582,1.5
9913,New-c74a786,1-0,1.0,3626,2702,3582,1.5
9911,New-c74a786,1/2-1/2,0.5,3626,2703,3582,1.5
9914,Base-f462400,1-0,0.0,3626,2703,3583,1.5
9912,Base-f462400,0-1,1.0,3627,2703,3583,1.5
9910,Base-f462400,1/2-1/2,0.5,3627,2704,3583,1.5
9915,New-c74a786,1-0,1.0,3628,2704,3583,1.6
9917,New-c74a786,0-1,0.0,3628,2704,3584,1.5
9916,Base-f462400,1-0,0.0,3628,2704,3585,1.5
9918,Base-f462400,1/2-1/2,0.5,3628,2705,3585,1.5
9920,Base-f462400,1-0,0.0,3628,2705,3586,1.5
9922,Base-f462400,1/2-1/2,0.5,3628,2706,3586,1.5
9921,New-c74a786,0-1,0.0,3628,2706,3587,1.4
9919,New-c74a786,1-0,1.0,3629,2706,3587,1.5
9924,Base-f462400,1-0,0.0,3629,2706,3588,1.4
9928,Base-f462400,1-0,0.0,3629,2706,3589,1.4
9925,New-c74a786,1/2-1/2,0.5,3629,2707,3589,1.4
9929,New-c74a786,1-0,1.0,3630,2707,3589,1.4
9927,New-c74a786,1-0,1.0,3631,2707,3589,1.5
9923,New-c74a786,1/2-1/2,0.5,3631,2708,3589,1.5
9926,Base-f462400,1/2-1/2,0.5,3631,2709,3589,1.5
9930,Base-f462400,1-0,0.0,3631,2709,3590,1.4
9934,Base-f462400,1/2-1/2,0.5,3631,2710,3590,1.4
9933,New-c74a786,1/2-1/2,0.5,3631,2711,3590,1.4
9931,New-c74a786,1-0,1.0,3632,2711,3590,1.5
9932,Base-f462400,1-0,0.0,3632,2711,3591,1.4
9937,New-c74a786,1-0,1.0,3633,2711,3591,1.5
9936,Base-f462400,1-0,0.0,3633,2711,3592,1.4
9935,New-c74a786,1-0,1.0,3634,2711,3592,1.5
9939,New-c74a786,1/2-1/2,0.5,3634,2712,3592,1.5
9940,Base-f462400,1-0,0.0,3634,2712,3593,1.4
9942,Base-f462400,1/2-1/2,0.5,3634,2713,3593,1.4
9938,Base-f462400,1-0,0.0,3634,2713,3594,1.4
9941,New-c74a786,0-1,0.0,3634,2713,3595,1.4
9945,New-c74a786,1-0,1.0,3635,2713,3595,1.4
9943,New-c74a786,0-1,0.0,3635,2713,3596,1.4
9951,New-c74a786,1/2-1/2,0.5,3635,2714,3596,1.4
9944,Base-f462400,0-1,1.0,3636,2714,3596,1.4
9947,New-c74a786,1-0,1.0,3637,2714,3596,1.4
9946,Base-f462400,0-1,1.0,3638,2714,3596,1.5
9948,Base-f462400,1-0,0.0,3638,2714,3597,1.4
9952,Base-f462400,1-0,0.0,3638,2714,3598,1.4
9949,New-c74a786,1/2-1/2,0.5,3638,2715,3598,1.4
9950,Base-f462400,0-1,1.0,3639,2715,3598,1.4
9953,New-c74a786,0-1,0.0,3639,2715,3599,1.4
9954,Base-f462400,0-1,1.0,3640,2715,3599,1.4
9956,Base-f462400,1-0,0.0,3640,2715,3600,1.4
9955,New-c74a786,1-0,1.0,3641,2715,3600,1.4
9957,New-c74a786,0-1,0.0,3641,2715,3601,1.4
9960,Base-f462400,1-0,0.0,3641,2715,3602,1.4
9958,Base-f462400,0-1,1.0,3642,2715,3602,1.4
9959,New-c74a786,1/2-1/2,0.5,3642,2716,3602,1.4
9961,New-c74a786,1/2-1/2,0.5,3642,2717,3602,1.4
9962,Base-f462400,0-1,1.0,3643,2717,3602,1.4
9964,Base-f462400,1/2-1/2,0.5,3643,2718,3602,1.4
9963,New-c74a786,1/2-1/2,0.5,3643,2719,3602,1.4
9965,New-c74a786,1-0,1.0,3644,2719,3602,1.5
9969,New-c74a786,1/2-1/2,0.5,3644,2720,3602,1.5
9967,New-c74a786,1-0,1.0,3645,2720,3602,1.5
9968,Base-f462400,0-1,1.0,3646,2720,3602,1.5
9966,Base-f462400,1-0,0.0,3646,2720,3603,1.5
9971,New-c74a786,1-0,1.0,3647,2720,3603,1.5
9972,Base-f462400,1-0,0.0,3647,2720,3604,1.5
9970,Base-f462400,1/2-1/2,0.5,3647,2721,3604,1.5
9977,New-c74a786,1/2-1/2,0.5,3647,2722,3604,1.5
9975,New-c74a786,1/2-1/2,0.5,3647,2723,3604,1.5
9974,Base-f462400,1/2-1/2,0.5,3647,2724,3604,1.5
9973,New-c74a786,0-1,0.0,3647,2724,3605,1.5
9976,Base-f462400,1/2-1/2,0.5,3647,2725,3605,1.5
9978,Base-f462400,0-1,1.0,3648,2725,3605,1.5
9979,New-c74a786,0-1,0.0,3648,2725,3606,1.5
9983,New-c74a786,1/2-1/2,0.5,3648,2726,3606,1.5
9980,Base-f462400,1/2-1/2,0.5,3648,2727,3606,1.5
9981,New-c74a786,1/2-1/2,0.5,3648,2728,3606,1.5
9984,Base-f462400,1/2-1/2,0.5,3648,2729,3606,1.5
9982,Base-f462400,1/2-1/2,0.5,3648,2730,3606,1.5
9985,New-c74a786,1-0,1.0,3649,2730,3606,1.5
9986,Base-f462400,0-1,1.0,3650,2730,3606,1.5
9989,New-c74a786,0-1,0.0,3650,2730,3607,1.5
9987,New-c74a786,1-0,1.0,3651,2730,3607,1.5
9990,Base-f462400,1-0,0.0,3651,2730,3608,1.5
9988,Base-f462400,1-0,0.0,3651,2730,3609,1.5
9992,Base-f462400,0-1,1.0,3652,2730,3609,1.5
9991,New-c74a786,0-1,0.0,3652,2730,3610,1.5
9994,Base-f462400,0-1,1.0,3653,2730,3610,1.5
9995,New-c74a786,1-0,1.0,3654,2730,3610,1.5
9996,Base-f462400,0-1,1.0,3655,2730,3610,1.6
9993,New-c74a786,1-0,1.0,3656,2730,3610,1.6
9998,Base-f462400,0-1,1.0,3657,2730,3610,1.6
10001,New-c74a786,1/2-1/2,0.5,3657,2731,3610,1.6
9999,New-c74a786,0-1,0.0,3657,2731,3611,1.6
9997,New-c74a786,1-0,1.0,3658,2731,3611,1.6
10000,Base-f462400,0-1,1.0,3659,2731,3611,1.7
10003,New-c74a786,1-0,1.0,3660,2731,3611,1.7
10007,New-c74a786,1/2-1/2,0.5,3660,2732,3611,1.7
10002,Base-f462400,1/2-1/2,0.5,3660,2733,3611,1.7
10004,Base-f462400,1-0,0.0,3660,2733,3612,1.7
10009,New-c74a786,1-0,1.0,3661,2733,3612,1.7
10008,Base-f462400,1/2-1/2,0.5,3661,2734,3612,1.7
10006,Base-f462400,1-0,0.0,3661,2734,3613,1.7
10011,New-c74a786,1/2-1/2,0.5,3661,2735,3613,1.7
10005,New-c74a786,1/2-1/2,0.5,3661,2736,3613,1.7
10014,Base-f462400,1/2-1/2,0.5,3661,2737,3613,1.7
10010,Base-f462400,1-0,0.0,3661,2737,3614,1.6
10012,Base-f462400,1/2-1/2,0.5,3661,2738,3614,1.6
10013,New-c74a786,0-1,0.0,3661,2738,3615,1.6
10016,Base-f462400,1-0,0.0,3661,2738,3616,1.6
10018,Base-f462400,1-0,0.0,3661,2738,3617,1.5
10019,New-c74a786,1/2-1/2,0.5,3661,2739,3617,1.5
10017,New-c74a786,1-0,1.0,3662,2739,3617,1.6
10020,Base-f462400,0-1,1.0,3663,2739,3617,1.6
10021,New-c74a786,1-0,1.0,3664,2739,3617,1.6
10015,New-c74a786,1/2-1/2,0.5,3664,2740,3617,1.6
10025,New-c74a786,1/2-1/2,0.5,3664,2741,3617,1.6
10023,New-c74a786,0-1,0.0,3664,2741,3618,1.6
10024,Base-f462400,1-0,0.0,3664,2741,3619,1.6
10022,Base-f462400,1/2-1/2,0.5,3664,2742,3619,1.6
10026,Base-f462400,1-0,0.0,3664,2742,3620,1.5
10027,New-c74a786,1/2-1/2,0.5,3664,2743,3620,1.5
10028,Base-f462400,1-0,0.0,3664,2743,3621,1.5
10029,New-c74a786,1-0,1.0,3665,2743,3621,1.5
10031,New-c74a786,1/2-1/2,0.5,3665,2744,3621,1.5
10030,Base-f462400,1-0,0.0,3665,2744,3622,1.5
10034,Base-f462400,1-0,0.0,3665,2744,3623,1.5
10035,New-c74a786,1/2-1/2,0.5,3665,2745,3623,1.5
10032,Base-f462400,1-0,0.0,3665,2745,3624,1.4
10033,New-c74a786,1/2-1/2,0.5,3665,2746,3624,1.4
10038,Base-f462400,1-0,0.0,3665,2746,3625,1.4
10042,Base-f462400,1/2-1/2,0.5,3665,2747,3625,1.4
10036,Base-f462400,1/2-1/2,0.5,3665,2748,3625,1.4
10039,New-c74a786,0-1,0.0,3665,2748,3626,1.3
10037,New-c74a786,1/2-1/2,0.5,3665,2749,3626,1.3
10040,Base-f462400,0-1,1.0,3666,2749,3626,1.4
10041,New-c74a786,1-0,1.0,3667,2749,3626,1.4
10043,New-c74a786,1/2-1/2,0.5,3667,2750,3626,1.4
10048,Base-f462400,1/2-1/2,0.5,3667,2751,3626,1.4
10044,Base-f462400,1-0,0.0,3667,2751,3627,1.4
10046,Base-f462400,1-0,0.0,3667,2751,3628,1.3
10045,New-c74a786,0-1,0.0,3667,2751,3629,1.3
10047,New-c74a786,0-1,0.0,3667,2751,3630,1.3
10050,Base-f462400,1-0,0.0,3667,2751,3631,1.2
10049,New-c74a786,0-1,0.0,3667,2751,3632,1.2
10055,New-c74a786,1-0,1.0,3668,2751,3632,1.2
10056,Base-f462400,0-1,1.0,3669,2751,3632,1.3
10051,New-c74a786,1/2-1/2,0.5,3669,2752,3632,1.3
10053,New-c74a786,0-1,0.0,3669,2752,3633,1.2
10052,Base-f462400,0-1,1.0,3670,2752,3633,1.3
10054,Base-f462400,0-1,1.0,3671,2752,3633,1.3
10058,Base-f462400,1-0,0.0,3671,2752,3634,1.3
10057,New-c74a786,1/2-1/2,0.5,3671,2753,3634,1.3
10060,Base-f462400,1/2-1/2,0.5,3671,2754,3634,1.3
10062,Base-f462400,1-0,0.0,3671,2754,3635,1.2
10061,New-c74a786,0-1,0.0,3671,2754,3636,1.2
10059,New-c74a786,1/2-1/2,0.5,3671,2755,3636,1.2
10064,Base-f462400,1/2-1/2,0.5,3671,2756,3636,1.2
10063,New-c74a786,0-1,0.0,3671,2756,3637,1.2
10065,New-c74a786,0-1,0.0,3671,2756,3638,1.1
10067,New-c74a786,1-0,1.0,3672,2756,3638,1.2
10066,Base-f462400,0-1,1.0,3673,2756,3638,1.2
10068,Base-f462400,1-0,0.0,3673,2756,3639,1.2
10069,New-c74a786,1/2-1/2,0.5,3673,2757,3639,1.2
10071,New-c74a786,0-1,0.0,3673,2757,3640,1.1
10073,New-c74a786,0-1,0.0,3673,2757,3641,1.1
10070,Base-f462400,1/2-1/2,0.5,3673,2758,3641,1.1
10072,Base-f462400,1-0,0.0,3673,2758,3642,1.1
10074,Base-f462400,1-0,0.0,3673,2758,3643,1.0
10075,New-c74a786,1-0,1.0,3674,2758,3643,1.1
10076,Base-f462400,0-1,1.0,3675,2758,3643,1.1
10078,Base-f462400,1/2-1/2,0.5,3675,2759,3643,1.1
10077,New-c74a786,1-0,1.0,3676,2759,3643,1.1
10082,Base-f462400,1-0,0.0,3676,2759,3644,1.1
10081,New-c74a786,1-0,1.0,3677,2759,3644,1.1
10080,Base-f462400,1/2-1/2,0.5,3677,2760,3644,1.1
10079,New-c74a786,1-0,1.0,3678,2760,3644,1.2
10084,Base-f462400,0-1,1.0,3679,2760,3644,1.2
10083,New-c74a786,1-0,1.0,3680,2760,3644,1.2
10085,New-c74a786,1-0,1.0,3681,2760,3644,1.3
10086,Base-f462400,1-0,0.0,3681,2760,3645,1.2
10091,New-c74a786,0-1,0.0,3681,2760,3646,1.2
10090,Base-f462400,1/2-1/2,0.5,3681,2761,3646,1.2
10089,New-c74a786,1/2-1/2,0.5,3681,2762,3646,1.2
10087,New-c74a786,1-0,1.0,3682,2762,3646,1.2
10093,New-c74a786,1/2-1/2,0.5,3682,2763,3646,1.2
10092,Base-f462400,1-0,0.0,3682,2763,3647,1.2
10094,Base-f462400,0-1,1.0,3683,2763,3647,1.2
10095,New-c74a786,1/2-1/2,0.5,3683,2764,3647,1.2
10088,Base-f462400,1/2-1/2,0.5,3683,2765,3647,1.2
10100,Base-f462400,1-0,0.0,3683,2765,3648,1.2
10096,Base-f462400,0-1,1.0,3684,2765,3648,1.2
10098,Base-f462400,0-1,1.0,3685,2765,3648,1.3
10099,New-c74a786,1-0,1.0,3686,2765,3648,1.3
10097,New-c74a786,0-1,0.0,3686,2765,3649,1.3
10101,New-c74a786,1/2-1/2,0.5,3686,2766,3649,1.3
10105,New-c74a786,0-1,0.0,3686,2766,3650,1.2
10102,Base-f462400,1/2-1/2,0.5,3686,2767,3650,1.2
10108,Base-f462400,1-0,0.0,3686,2767,3651,1.2
10106,Base-f462400,0-1,1.0,3687,2767,3651,1.2
10103,New-c74a786,0-1,0.0,3687,2767,3652,1.2
10104,Base-f462400,1-0,0.0,3687,2767,3653,1.2
10107,New-c74a786,0-1,0.0,3687,2767,3654,1.1
10109,New-c74a786,1-0,1.0,3688,2767,3654,1.2
10112,Base-f462400,0-1,1.0,3689,2767,3654,1.2
10110,Base-f462400,1/2-1/2,0.5,3689,2768,3654,1.2
10111,New-c74a786,0-1,0.0,3689,2768,3655,1.2
10116,Base-f462400,1-0,0.0,3689,2768,3656,1.1
10113,New-c74a786,1-0,1.0,3690,2768,3656,1.2
10115,New-c74a786,1-0,1.0,3691,2768,3656,1.2
10114,Base-f462400,0-1,1.0,3692,2768,3656,1.2
10120,Base-f462400,0-1,1.0,3693,2768,3656,1.3
10119,New-c74a786,1-0,1.0,3694,2768,3656,1.3
10118,Base-f462400,0-1,1.0,3695,2768,3656,1.3
10117,New-c74a786,1-0,1.0,3696,2768,3656,1.4
10122,Base-f462400,0-1,1.0,3697,2768,3656,1.4
10123,New-c74a786,0-1,0.0,3697,2768,3657,1.4
10121,New-c74a786,1-0,1.0,3698,2768,3657,1.4
10126,Base-f462400,0-1,1.0,3699,2768,3657,1.4
10128,Base-f462400,0-1,1.0,3700,2768,3657,1.5
10130,Base-f462400,1/2-1/2,0.5,3700,2769,3657,1.5
10124,Base-f462400,0-1,1.0,3701,2769,3657,1.5
10125,New-c74a786,1-0,1.0,3702,2769,3657,1.5
10129,New-c74a786,1-0,1.0,3703,2769,3657,1.6
10127,New-c74a786,1/2-1/2,0.5,3703,2770,3657,1.6
10131,New-c74a786,1-0,1.0,3704,2770,3657,1.6
10134,Base-f462400,0-1,1.0,3705,2770,3657,1.6
10135,New-c74a786,0-1,0.0,3705,2770,3658,1.6
10136,Base-f462400,1-0,0.0,3705,2770,3659,1.6
10132,Base-f462400,1/2-1/2,0.5,3705,2771,3659,1.6
10133,New-c74a786,1/2-1/2,0.5,3705,2772,3659,1.6
10137,New-c74a786,1-0,1.0,3706,2772,3659,1.6
10138,Base-f462400,0-1,1.0,3707,2772,3659,1.6
10140,Base-f462400,0-1,1.0,3708,2772,3659,1.7
10139,New-c74a786,0-1,0.0,3708,2772,3660,1.6
10141,New-c74a786,0-1,0.0,3708,2772,3661,1.6
10143,New-c74a786,0-1,0.0,3708,2772,3662,1.6
10144,Base-f462400,1/2-1/2,0.5,3708,2773,3662,1.6
10142,Base-f462400,1-0,0.0,3708,2773,3663,1.5
10145,New-c74a786,0-1,0.0,3708,2773,3664,1.5
10147,New-c74a786,1/2-1/2,0.5,3708,2774,3664,1.5
10146,Base-f462400,1/2-1/2,0.5,3708,2775,3664,1.5
10151,New-c74a786,1/2-1/2,0.5,3708,2776,3664,1.5
10148,Base-f462400,0-1,1.0,3709,2776,3664,1.5
10149,New-c74a786,0-1,0.0,3709,2776,3665,1.5
10150,Base-f462400,1-0,0.0,3709,2776,3666,1.5
10152,Base-f462400,0-1,1.0,3710,2776,3666,1.5
10153,New-c74a786,1-0,1.0,3711,2776,3666,1.5
10155,New-c74a786,0-1,0.0,3711,2776,3667,1.5
10154,Base-f462400,1-0,0.0,3711,2776,3668,1.5
10158,Base-f462400,1/2-1/2,0.5,3711,2777,3668,1.5
10157,New-c74a786,0-1,0.0,3711,2777,3669,1.4
10156,Base-f462400,1/2-1/2,0.5,3711,2778,3669,1.4
10159,New-c74a786,1-0,1.0,3712,2778,3669,1.5
10160,Base-f462400,1/2-1/2,0.5,3712,2779,3669,1.5
10162,Base-f462400,1-0,0.0,3712,2779,3670,1.4
10163,New-c74a786,1/2-1/2,0.5,3712,2780,3670,1.4
10161,New-c74a786,1-0,1.0,3713,2780,3670,1.5
10164,Base-f462400,1/2-1/2,0.5,3713,2781,3670,1.5
10167,New-c74a786,1-0,1.0,3714,2781,3670,1.5
10168,Base-f462400,0-1,1.0,3715,2781,3670,1.5
10166,Base-f462400,1-0,0.0,3715,2781,3671,1.5
10169,New-c74a786,1/2-1/2,0.5,3715,2782,3671,1.5
10165,New-c74a786,1/2-1/2,0.5,3715,2783,3671,1.5
10170,Base-f462400,1/2-1/2,0.5,3715,2784,3671,1.5
10171,New-c74a786,1-0,1.0,3716,2784,3671,1.5
10172,Base-f462400,0-1,1.0,3717,2784,3671,1.6
10175,New-c74a786,1/2-1/2,0.5,3717,2785,3671,1.6
10173,New-c74a786,1/2-1/2,0.5,3717,2786,3671,1.6
10174,Base-f462400,1-0,0.0,3717,2786,3672,1.5
10177,New-c74a786,1-0,1.0,3718,2786,3672,1.6
10176,Base-f462400,1-0,0.0,3718,2786,3673,1.5
10178,Base-f462400,1-0,0.0,3718,2786,3674,1.5
10180,Base-f462400,1/2-1/2,0.5,3718,2787,3674,1.5
10179,New-c74a786,1/2-1/2,0.5,3718,2788,3674,1.5
10181,New-c74a786,1-0,1.0,3719,2788,3674,1.5
10182,Base-f462400,1-0,0.0,3719,2788,3675,1.5
10183,New-c74a786,0-1,0.0,3719,2788,3676,1.5
10184,Base-f462400,1-0,0.0,3719,2788,3677,1.4
10185,New-c74a786,0-1,0.0,3719,2788,3678,1.4
10186,Base-f462400,1-0,0.0,3719,2788,3679,1.4
10187,New-c74a786,1-0,1.0,3720,2788,3679,1.4
10188,Base-f462400,0-1,1.0,3721,2788,3679,1.4
10189,New-c74a786,1-0,1.0,3722,2788,3679,1.5
10192,Base-f462400,1-0,0.0,3722,2788,3680,1.4
10191,New-c74a786,1-0,1.0,3723,2788,3680,1.5
10190,Base-f462400,1/2-1/2,0.5,3723,2789,3680,1.5
10193,New-c74a786,0-1,0.0,3723,2789,3681,1.4
10194,Base-f462400,1-0,0.0,3723,2789,3682,1.4
10195,New-c74a786,1/2-1/2,0.5,3723,2790,3682,1.4
10196,Base-f462400,1-0,0.0,3723,2790,3683,1.4
10198,Base-f462400,1-0,0.0,3723,2790,3684,1.3
10199,New-c74a786,0-1,0.0,3723,2790,3685,1.3
10201,New-c74a786,1-0,1.0,3724,2790,3685,1.3
10197,New-c74a786,0-1,0.0,3724,2790,3686,1.3
10200,Base-f462400,1-0,0.0,3724,2790,3687,1.3
10203,New-c74a786,0-1,0.0,3724,2790,3688,1.2
10204,Base-f462400,0-1,1.0,3725,2790,3688,1.3
10205,New-c74a786,0-1,0.0,3725,2790,3689,1.2
10207,New-c74a786,0-1,0.0,3725,2790,3690,1.2
10206,Base-f462400,1-0,0.0,3725,2790,3691,1.2
10202,Base-f462400,1/2-1/2,0.5,3725,2791,3691,1.2
10208,Base-f462400,0-1,1.0,3726,2791,3691,1.2
10209,New-c74a786,1-0,1.0,3727,2791,3691,1.2
10211,New-c74a786,1-0,1.0,3728,2791,3691,1.3
10213,New-c74a786,1-0,1.0,3729,2791,3691,1.3
10210,Base-f462400,0-1,1.0,3730,2791,3691,1.3
10214,Base-f462400,1-0,0.0,3730,2791,3692,1.3
10212,Base-f462400,1-0,0.0,3730,2791,3693,1.3
10215,New-c74a786,1/2-1/2,0.5,3730,2792,3693,1.3
10218,Base-f462400,0-1,1.0,3731,2792,3693,1.3
10216,Base-f462400,0-1,1.0,3732,2792,3693,1.3
10217,New-c74a786,1-0,1.0,3733,2792,3693,1.4
10219,New-c74a786,1/2-1/2,0.5,3733,2793,3693,1.4
10221,New-c74a786,1/2-1/2,0.5,3733,2794,3693,1.4
10220,Base-f462400,1-0,0.0,3733,2794,3694,1.3
10224,Base-f462400,1/2-1/2,0.5,3733,2795,3694,1.3
10226,Base-f462400,1/2-1/2,0.5,3733,2796,3694,1.3
10223,New-c74a786,0-1,0.0,3733,2796,3695,1.3
10222,Base-f462400,0-1,1.0,3734,2796,3695,1.3
10225,New-c74a786,0-1,0.0,3734,2796,3696,1.3
10233,New-c74a786,1/2-1/2,0.5,3734,2797,3696,1.3
10227,New-c74a786,1-0,1.0,3735,2797,3696,1.3
10228,Base-f462400,0-1,1.0,3736,2797,3696,1.4
10229,New-c74a786,1/2-1/2,0.5,3736,2798,3696,1.4
10232,Base-f462400,1-0,0.0,3736,2798,3697,1.3
10230,Base-f462400,0-1,1.0,3737,2798,3697,1.4
10236,Base-f462400,0-1,1.0,3738,2798,3697,1.4
10231,New-c74a786,1-0,1.0,3739,2798,3697,1.4
10234,Base-f462400,0-1,1.0,3740,2798,3697,1.5
10235,New-c74a786,1-0,1.0,3741,2798,3697,1.5
10242,Base-f462400,1/2-1/2,0.5,3741,2799,3697,1.5
10237,New-c74a786,1/2-1/2,0.5,3741,2800,3697,1.5
10241,New-c74a786,1-0,1.0,3742,2800,3697,1.5
10239,New-c74a786,1/2-1/2,0.5,3742,2801,3697,1.5
10238,Base-f462400,1-0,0.0,3742,2801,3698,1.5
10244,Base-f462400,0-1,1.0,3743,2801,3698,1.5
10240,Base-f462400,1/2-1/2,0.5,3743,2802,3698,1.5
10243,New-c74a786,0-1,0.0,3743,2802,3699,1.5
10247,New-c74a786,0-1,0.0,3743,2802,3700,1.5
10246,Base-f462400,1/2-1/2,0.5,3743,2803,3700,1.5
10245,New-c74a786,0-1,0.0,3743,2803,3701,1.4
10249,New-c74a786,1/2-1/2,0.5,3743,2804,3701,1.4
10250,Base-f462400,1/2-1/2,0.5,3743,2805,3701,1.4
10252,Base-f462400,1-0,0.0,3743,2805,3702,1.4
10248,Base-f462400,0-1,1.0,3744,2805,3702,1.4
10251,New-c74a786,1-0,1.0,3745,2805,3702,1.5
10254,Base-f462400,0-1,1.0,3746,2805,3702,1.5
10257,New-c74a786,1/2-1/2,0.5,3746,2806,3702,1.5
10260,Base-f462400,1/2-1/2,0.5,3746,2807,3702,1.5
10256,Base-f462400,0-1,1.0,3747,2807,3702,1.5
10253,New-c74a786,1-0,1.0,3748,2807,3702,1.6
10255,New-c74a786,0-1,0.0,3748,2807,3703,1.5
10259,New-c74a786,0-1,0.0,3748,2807,3704,1.5
10258,Base-f462400,1/2-1/2,0.5,3748,2808,3704,1.5
10261,New-c74a786,1-0,1.0,3749,2808,3704,1.5
10262,Base-f462400,0-1,1.0,3750,2808,3704,1.6
10263,New-c74a786,0-1,0.0,3750,2808,3705,1.5
10264,Base-f462400,0-1,1.0,3751,2808,3705,1.6
10267,New-c74a786,1/2-1/2,0.5,3751,2809,3705,1.6
10265,New-c74a786,0-1,0.0,3751,2809,3706,1.5
10266,Base-f462400,0-1,1.0,3752,2809,3706,1.6
10269,New-c74a786,1/2-1/2,0.5,3752,2810,3706,1.6
10268,Base-f462400,1/2-1/2,0.5,3752,2811,3706,1.6
10277,New-c74a786,1/2-1/2,0.5,3752,2812,3706,1.6
10270,Base-f462400,0-1,1.0,3753,2812,3706,1.6
10271,New-c74a786,0-1,0.0,3753,2812,3707,1.6
10275,New-c74a786,1-0,1.0,3754,2812,3707,1.6
10274,Base-f462400,1-0,0.0,3754,2812,3708,1.6
10272,Base-f462400,1-0,0.0,3754,2812,3709,1.5
10273,New-c74a786,1/2-1/2,0.5,3754,2813,3709,1.5
10280,Base-f462400,1/2-1/2,0.5,3754,2814,3709,1.5
10276,Base-f462400,1-0,0.0,3754,2814,3710,1.5
10281,New-c74a786,1-0,1.0,3755,2814,3710,1.5
10278,Base-f462400,0-1,1.0,3756,2814,3710,1.6
10279,New-c74a786,1/2-1/2,0.5,3756,2815,3710,1.6
10282,Base-f462400,0-1,1.0,3757,2815,3710,1.6
10283,New-c74a786,1-0,1.0,3758,2815,3710,1.6
10288,Base-f462400,0-1,1.0,3759,2815,3710,1.7
10285,New-c74a786,1-0,1.0,3760,2815,3710,1.7
10284,Base-f462400,1/2-1/2,0.5,3760,2816,3710,1.7
10287,New-c74a786,0-1,0.0,3760,2816,3711,1.7
10289,New-c74a786,0-1,0.0,3760,2816,3712,1.6
10286,Base-f462400,1/2-1/2,0.5,3760,2817,3712,1.6
10292,Base-f462400,0-1,1.0,3761,2817,3712,1.7
10295,New-c74a786,1/2-1/2,0.5,3761,2818,3712,1.7
10290,Base-f462400,1/2-1/2,0.5,3761,2819,3712,1.7
10294,Base-f462400,1/2-1/2,0.5,3761,2820,3712,1.7
10298,Base-f462400,1/2-1/2,0.5,3761,2821,3712,1.7
10293,New-c74a786,1-0,1.0,3762,2821,3712,1.7
10291,New-c74a786,0-1,0.0,3762,2821,3713,1.7
10296,Base-f462400,1-0,0.0,3762,2821,3714,1.6
10299,New-c74a786,0-1,0.0,3762,2821,3715,1.6
10300,Base-f462400,1-0,0.0,3762,2821,3716,1.6
10301,New-c74a786,0-1,0.0,3762,2821,3717,1.5
10304,Base-f462400,1-0,0.0,3762,2821,3718,1.5
10297,New-c74a786,0-1,0.0,3762,2821,3719,1.5
10303,New-c74a786,1-0,1.0,3763,2821,3719,1.5
10305,New-c74a786,1/2-1/2,0.5,3763,2822,3719,1.5
10302,Base-f462400,1-0,0.0,3763,2822,3720,1.4
10311,New-c74a786,1/2-1/2,0.5,3763,2823,3720,1.4
10308,Base-f462400,1/2-1/2,0.5,3763,2824,3720,1.4
10314,Base-f462400,1/2-1/2,0.5,3763,2825,3720,1.4
10307,New-c74a786,0-1,0.0,3763,2825,3721,1.4
10309,New-c74a786,0-1,0.0,3763,2825,3722,1.4
10306,Base-f462400,1-0,0.0,3763,2825,3723,1.3
10312,Base-f462400,0-1,1.0,3764,2825,3723,1.4
10313,New-c74a786,0-1,0.0,3764,2825,3724,1.3
10316,Base-f462400,1-0,0.0,3764,2825,3725,1.3
10310,Base-f462400,0-1,1.0,3765,2825,3725,1.3
10315,New-c74a786,1-0,1.0,3766,2825,3725,1.4
10319,New-c74a786,1/2-1/2,0.5,3766,2826,3725,1.4
10318,Base-f462400,0-1,1.0,3767,2826,3725,1.4
10317,New-c74a786,1/2-1/2,0.5,3767,2827,3725,1.4
10320,Base-f462400,1-0,0.0,3767,2827,3726,1.4
10321,New-c74a786,1-0,1.0,3768,2827,3726,1.4
10322,Base-f462400,1-0,0.0,3768,2827,3727,1.4
10323,New-c74a786,1-0,1.0,3769,2827,3727,1.4
10326,Base-f462400,0-1,1.0,3770,2827,3727,1.4
10324,Base-f462400,1-0,0.0,3770,2827,3728,1.4
10325,New-c74a786,1-0,1.0,3771,2827,3728,1.4
10327,New-c74a786,1-0,1.0,3772,2827,3728,1.5
10328,Base-f462400,0-1,1.0,3773,2827,3728,1.5
10330,Base-f462400,1/2-1/2,0.5,3773,2828,3728,1.5
10333,New-c74a786,1/2-1/2,0.5,3773,2829,3728,1.5
10329,New-c74a786,0-1,0.0,3773,2829,3729,1.5
10331,New-c74a786,0-1,0.0,3773,2829,3730,1.4
10332,Base-f462400,1/2-1/2,0.5,3773,2830,3730,1.4
10337,New-c74a786,0-1,0.0,3773,2830,3731,1.4
10334,Base-f462400,0-1,1.0,3774,2830,3731,1.4
10336,Base-f462400,1-0,0.0,3774,2830,3732,1.4
10335,New-c74a786,0-1,0.0,3774,2830,3733,1.4
10340,Base-f462400,1/2-1/2,0.5,3774,2831,3733,1.4
10338,Base-f462400,0-1,1.0,3775,2831,3733,1.4
10339,New-c74a786,1/2-1/2,0.5,3775,2832,3733,1.4
10341,New-c74a786,0-1,0.0,3775,2832,3734,1.4
10342,Base-f462400,1-0,0.0,3775,2832,3735,1.3
10343,New-c74a786,1/2-1/2,0.5,3775,2833,3735,1.3
10344,Base-f462400,1-0,0.0,3775,2833,3736,1.3
10346,Base-f462400,0-1,1.0,3776,2833,3736,1.3
10347,New-c74a786,1-0,1.0,3777,2833,3736,1.4
10345,New-c74a786,1/2-1/2,0.5,3777,2834,3736,1.4
10348,Base-f462400,1/2-1/2,0.5,3777,2835,3736,1.4
10349,New-c74a786,1-0,1.0,3778,2835,3736,1.4
10350,Base-f462400,1-0,0.0,3778,2835,3737,1.4
10353,New-c74a786,1/2-1/2,0.5,3778,2836,3737,1.4
10351,New-c74a786,1/2-1/2,0.5,3778,2837,3737,1.4
10354,Base-f462400,0-1,1.0,3779,2837,3737,1.4
10352,Base-f462400,1/2-1/2,0.5,3779,2838,3737,1.4
10355,New-c74a786,0-1,0.0,3779,2838,3738,1.4
10356,Base-f462400,1-0,0.0,3779,2838,3739,1.3
10357,New-c74a786,1/2-1/2,0.5,3779,2839,3739,1.3
10361,New-c74a786,1/2-1/2,0.5,3779,2840,3739,1.3
10359,New-c74a786,1/2-1/2,0.5,3779,2841,3739,1.3
10358,Base-f462400,0-1,1.0,3780,2841,3739,1.4
10365,New-c74a786,1-0,1.0,3781,2841,3739,1.4
10362,Base-f462400,1/2-1/2,0.5,3781,2842,3739,1.4
10366,Base-f462400,1-0,0.0,3781,2842,3740,1.4
10363,New-c74a786,1-0,1.0,3782,2842,3740,1.4
10360,Base-f462400,1/2-1/2,0.5,3782,2843,3740,1.4
10368,Base-f462400,1/2-1/2,0.5,3782,2844,3740,1.4
10367,New-c74a786,0-1,0.0,3782,2844,3741,1.4
10364,Base-f462400,1/2-1/2,0.5,3782,2845,3741,1.4
10371,New-c74a786,1/2-1/2,0.5,3782,2846,3741,1.4
10372,Base-f462400,1/2-1/2,0.5,3782,2847,3741,1.4
10369,New-c74a786,1/2-1/2,0.5,3782,2848,3741,1.4
10370,Base-f462400,1-0,0.0,3782,2848,3742,1.3
10373,New-c74a786,1-0,1.0,3783,2848,3742,1.4
10374,Base-f462400,1-0,0.0,3783,2848,3743,1.3
10375,New-c74a786,0-1,0.0,3783,2848,3744,1.3
10378,Base-f462400,1/2-1/2,0.5,3783,2849,3744,1.3
10376,Base-f462400,1/2-1/2,0.5,3783,2850,3744,1.3
10377,New-c74a786,0-1,0.0,3783,2850,3745,1.3
10381,New-c74a786,1-0,1.0,3784,2850,3745,1.3
10379,New-c74a786,1-0,1.0,3785,2850,3745,1.3
10380,Base-f462400,1-0,0.0,3785,2850,3746,1.3
10387,New-c74a786,1/2-1/2,0.5,3785,2851,3746,1.3
10382,Base-f462400,0-1,1.0,3786,2851,3746,1.3
10383,New-c74a786,0-1,0.0,3786,2851,3747,1.3
10385,New-c74a786,0-1,0.0,3786,2851,3748,1.3
10386,Base-f462400,0-1,1.0,3787,2851,3748,1.3
10384,Base-f462400,1/2-1/2,0.5,3787,2852,3748,1.3
10388,Base-f462400,0-1,1.0,3788,2852,3748,1.3
10389,New-c74a786,1-0,1.0,3789,2852,3748,1.4
10392,Base-f462400,1-0,0.0,3789,2852,3749,1.3
10393,New-c74a786,1/2-1/2,0.5,3789,2853,3749,1.3
10390,Base-f462400,0-1,1.0,3790,2853,3749,1.4
10395,New-c74a786,0-1,0.0,3790,2853,3750,1.3
10391,New-c74a786,1-0,1.0,3791,2853,3750,1.4
10394,Base-f462400,1/2-1/2,0.5,3791,2854,3750,1.4
10396,Base-f462400,1-0,0.0,3791,2854,3751,1.3
10398,Base-f462400,1-0,0.0,3791,2854,3752,1.3
10397,New-c74a786,1-0,1.0,3792,2854,3752,1.3
10403,New-c74a786,1/2-1/2,0.5,3792,2855,3752,1.3
10399,New-c74a786,0-1,0.0,3792,2855,3753,1.3
10401,New-c74a786,1/2-1/2,0.5,3792,2856,3753,1.3
10402,Base-f462400,0-1,1.0,3793,2856,3753,1.3
10400,Base-f462400,1/2-1/2,0.5,3793,2857,3753,1.3
10404,Base-f462400,1-0,0.0,3793,2857,3754,1.3
10407,New-c74a786,0-1,0.0,3793,2857,3755,1.3
10406,Base-f462400,1-0,0.0,3793,2857,3756,1.2
10408,Base-f462400,1/2-1/2,0.5,3793,2858,3756,1.2
10405,New-c74a786,1/2-1/2,0.5,3793,2859,3756,1.2
10409,New-c74a786,1-0,1.0,3794,2859,3756,1.3
10410,Base-f462400,1/2-1/2,0.5,3794,2860,3756,1.3
10411,New-c74a786,0-1,0.0,3794,2860,3757,1.2
10413,New-c74a786,0-1,0.0,3794,2860,3758,1.2
10415,New-c74a786,1-0,1.0,3795,2860,3758,1.2
10412,Base-f462400,0-1,1.0,3796,2860,3758,1.3
10417,New-c74a786,0-1,0.0,3796,2860,3759,1.2
10414,Base-f462400,1-0,0.0,3796,2860,3760,1.2
10416,Base-f462400,1-0,0.0,3796,2860,3761,1.2
10418,Base-f462400,0-1,1.0,3797,2860,3761,1.2
10424,Base-f462400,1-0,0.0,3797,2860,3762,1.2
10420,Base-f462400,0-1,1.0,3798,2860,3762,1.2
10419,New-c74a786,1-0,1.0,3799,2860,3762,1.2
10422,Base-f462400,0-1,1.0,3800,2860,3762,1.3
10426,Base-f462400,1/2-1/2,0.5,3800,2861,3762,1.3
10421,New-c74a786,1-0,1.0,3801,2861,3762,1.3
10423,New-c74a786,0-1,0.0,3801,2861,3763,1.3
10425,New-c74a786,1/2-1/2,0.5,3801,2862,3763,1.3
10427,New-c74a786,1/2-1/2,0.5,3801,2863,3763,1.3
10428,Base-f462400,0-1,1.0,3802,2863,3763,1.3
10429,New-c74a786,0-1,0.0,3802,2863,3764,1.3
10430,Base-f462400,1/2-1/2,0.5,3802,2864,3764,1.3
10433,New-c74a786,1/2-1/2,0.5,3802,2865,3764,1.3
10432,Base-f462400,1-0,0.0,3802,2865,3765,1.2
10431,New-c74a786,1/2-1/2,0.5,3802,2866,3765,1.2
10434,Base-f462400,1-0,0.0,3802,2866,3766,1.2
10435,New-c74a786,0-1,0.0,3802,2866,3767,1.2
10438,Base-f462400,1-0,0.0,3802,2866,3768,1.1
10436,Base-f462400,0-1,1.0,3803,2866,3768,1.2
10437,New-c74a786,0-1,0.0,3803,2866,3769,1.1
10441,New-c74a786,1-0,1.0,3804,2866,3769,1.2
10439,New-c74a786,1-0,1.0,3805,2866,3769,1.2
10440,Base-f462400,0-1,1.0,3806,2866,3769,1.2
10442,Base-f462400,1-0,0.0,3806,2866,3770,1.2
10444,Base-f462400,0-1,1.0,3807,2866,3770,1.2
10445,New-c74a786,1/2-1/2,0.5,3807,2867,3770,1.2
10443,New-c74a786,1-0,1.0,3808,2867,3770,1.3
10447,New-c74a786,0-1,0.0,3808,2867,3771,1.2
10446,Base-f462400,1/2-1/2,0.5,3808,2868,3771,1.2
10448,Base-f462400,1-0,0.0,3808,2868,3772,1.2
10449,New-c74a786,0-1,0.0,3808,2868,3773,1.2
10454,Base-f462400,0-1,1.0,3809,2868,3773,1.2
10451,New-c74a786,1-0,1.0,3810,2868,3773,1.2
10452,Base-f462400,0-1,1.0,3811,2868,3773,1.3
10450,Base-f462400,1/2-1/2,0.5,3811,2869,3773,1.3
10453,New-c74a786,1-0,1.0,3812,2869,3773,1.3
10456,Base-f462400,1-0,0.0,3812,2869,3774,1.3
10459,New-c74a786,1/2-1/2,0.5,3812,2870,3774,1.3
10455,New-c74a786,1/2-1/2,0.5,3812,2871,3774,1.3
10457,New-c74a786,1/2-1/2,0.5,3812,2872,3774,1.3
10462,Base-f462400,1/2-1/2,0.5,3812,2873,3774,1.3
10464,Base-f462400,1/2-1/2,0.5,3812,2874,3774,1.3
10463,New-c74a786,0-1,0.0,3812,2874,3775,1.2
10460,Base-f462400,0-1,1.0,3813,2874,3775,1.3
10461,New-c74a786,1-0,1.0,3814,2874,3775,1.3
10458,Base-f462400,1/2-1/2,0.5,3814,2875,3775,1.3
10466,Base-f462400,1-0,0.0,3814,2875,3776,1.3
10465,New-c74a786,0-1,0.0,3814,2875,3777,1.2
10469,New-c74a786,1/2-1/2,0.5,3814,2876,3777,1.2
10471,New-c74a786,1-0,1.0,3815,2876,3777,1.3
10467,New-c74a786,1-0,1.0,3816,2876,3777,1.3
10468,Base-f462400,0-1,1.0,3817,2876,3777,1.3
10470,Base-f462400,1-0,0.0,3817,2876,3778,1.3
10473,New-c74a786,1/2-1/2,0.5,3817,2877,3778,1.3
10475,New-c74a786,0-1,0.0,3817,2877,3779,1.3
10472,Base-f462400,1-0,0.0,3817,2877,3780,1.2
10477,New-c74a786,1-0,1.0,3818,2877,3780,1.3
10474,Base-f462400,1-0,0.0,3818,2877,3781,1.2
10479,New-c74a786,1-0,1.0,3819,2877,3781,1.3
10476,Base-f462400,1/2-1/2,0.5,3819,2878,3781,1.3
10478,Base-f462400,1-0,0.0,3819,2878,3782,1.2
10480,Base-f462400,0-1,1.0,3820,2878,3782,1.3
10482,Base-f462400,1-0,0.0,3820,2878,3783,1.2
10481,New-c74a786,1-0,1.0,3821,2878,3783,1.3
10483,New-c74a786,0-1,0.0,3821,2878,3784,1.2
10486,Base-f462400,0-1,1.0,3822,2878,3784,1.3
10484,Base-f462400,1/2-1/2,0.5,3822,2879,3784,1.3
10485,New-c74a786,1-0,1.0,3823,2879,3784,1.3
10487,New-c74a786,0-1,0.0,3823,2879,3785,1.3
10488,Base-f462400,1/2-1/2,0.5,3823,2880,3785,1.3
10489,New-c74a786,1-0,1.0,3824,2880,3785,1.3
10492,Base-f462400,0-1,1.0,3825,2880,3785,1.3
10493,New-c74a786,0-1,0.0,3825,2880,3786,1.3
10491,New-c74a786,1-0,1.0,3826,2880,3786,1.3
10490,Base-f462400,1/2-1/2,0.5,3826,2881,3786,1.3
10494,Base-f462400,0-1,1.0,3827,2881,3786,1.4
10497,New-c74a786,1/2-1/2,0.5,3827,2882,3786,1.4
10495,New-c74a786,1-0,1.0,3828,2882,3786,1.4
10499,New-c74a786,1/2-1/2,0.5,3828,2883,3786,1.4
10496,Base-f462400,1/2-1/2,0.5,3828,2884,3786,1.4
10500,Base-f462400,0-1,1.0,3829,2884,3786,1.4
10498,Base-f462400,1/2-1/2,0.5,3829,2885,3786,1.4
10502,Base-f462400,0-1,1.0,3830,2885,3786,1.5
10503,New-c74a786,1-0,1.0,3831,2885,3786,1.5
10501,New-c74a786,1/2-1/2,0.5,3831,2886,3786,1.5
10504,Base-f462400,1-0,0.0,3831,2886,3787,1.5
10507,New-c74a786,0-1,0.0,3831,2886,3788,1.4
10510,Base-f462400,1/2-1/2,0.5,3831,2887,3788,1.4
10505,New-c74a786,0-1,0.0,3831,2887,3789,1.4
10506,Base-f462400,1-0,0.0,3831,2887,3790,1.4
10508,Base-f462400,1-0,0.0,3831,2887,3791,1.3
10509,New-c74a786,0-1,0.0,3831,2887,3792,1.3
10512,Base-f462400,1-0,0.0,3831,2887,3793,1.3
10511,New-c74a786,1-0,1.0,3832,2887,3793,1.3
10516,Base-f462400,1-0,0.0,3832,2887,3794,1.3
10513,New-c74a786,0-1,0.0,3832,2887,3795,1.2
10515,New-c74a786,1-0,1.0,3833,2887,3795,1.3
10514,Base-f462400,1-0,0.0,3833,2887,3796,1.2
10517,New-c74a786,1-0,1.0,3834,2887,3796,1.3
10518,Base-f462400,0-1,1.0,3835,2887,3796,1.3
10519,New-c74a786,0-1,0.0,3835,2887,3797,1.3
10520,Base-f462400,1-0,0.0,3835,2887,3798,1.2
10521,New-c74a786,0-1,0.0,3835,2887,3799,1.2
10526,Base-f462400,1-0,0.0,3835,2887,3800,1.2
10525,New-c74a786,1/2-1/2,0.5,3835,2888,3800,1.2
10524,Base-f462400,1-0,0.0,3835,2888,3801,1.1
10522,Base-f462400,1/2-1/2,0.5,3835,2889,3801,1.1
10523,New-c74a786,1-0,1.0,3836,2889,3801,1.2
10528,Base-f462400,1/2-1/2,0.5,3836,2890,3801,1.2
10529,New-c74a786,1-0,1.0,3837,2890,3801,1.2
10527,New-c74a786,1-0,1.0,3838,2890,3801,1.2
10530,Base-f462400,1/2-1/2,0.5,3838,2891,3801,1.2
10531,New-c74a786,0-1,0.0,3838,2891,3802,1.2
10534,Base-f462400,1/2-1/2,0.5,3838,2892,3802,1.2
10538,Base-f462400,1-0,0.0,3838,2892,3803,1.2
10533,New-c74a786,1/2-1/2,0.5,3838,2893,3803,1.2
10536,Base-f462400,0-1,1.0,3839,2893,3803,1.2
10535,New-c74a786,0-1,0.0,3839,2893,3804,1.2
10532,Base-f462400,1-0,0.0,3839,2893,3805,1.1
10537,New-c74a786,1-0,1.0,3840,2893,3805,1.2
10539,New-c74a786,1-0,1.0,3841,2893,3805,1.2
10540,Base-f462400,1-0,0.0,3841,2893,3806,1.2
10541,New-c74a786,1-0,1.0,3842,2893,3806,1.2
10544,Base-f462400,1/2-1/2,0.5,3842,2894,3806,1.2
10542,Base-f462400,0-1,1.0,3843,2894,3806,1.2
10545,New-c74a786,0-1,0.0,3843,2894,3807,1.2
10543,New-c74a786,0-1,0.0,3843,2894,3808,1.2
10546,Base-f462400,0-1,1.0,3844,2894,3808,1.2
10547,New-c74a786,1/2-1/2,0.5,3844,2895,3808,1.2
10548,Base-f462400,0-1,1.0,3845,2895,3808,1.2
10550,Base-f462400,1-0,0.0,3845,2895,3809,1.2
10549,New-c74a786,1-0,1.0,3846,2895,3809,1.2
10553,New-c74a786,1-0,1.0,3847,2895,3809,1.3
10551,New-c74a786,1/2-1/2,0.5,3847,2896,3809,1.3
10552,Base-f462400,0-1,1.0,3848,2896,3809,1.3
10556,Base-f462400,1-0,0.0,3848,2896,3810,1.3
10554,Base-f462400,1-0,0.0,3848,2896,3811,1.2
10557,New-c74a786,1-0,1.0,3849,2896,3811,1.3
10555,New-c74a786,1/2-1/2,0.5,3849,2897,3811,1.3
10561,New-c74a786,0-1,0.0,3849,2897,3812,1.2
10558,Base-f462400,1-0,0.0,3849,2897,3813,1.2
10560,Base-f462400,0-1,1.0,3850,2897,3813,1.2
10559,New-c74a786,1-0,1.0,3851,2897,3813,1.3
10562,Base-f462400,1/2-1/2,0.5,3851,2898,3813,1.3
10565,New-c74a786,1/2-1/2,0.5,3851,2899,3813,1.2
10563,New-c74a786,1-0,1.0,3852,2899,3813,1.3
10567,New-c74a786,0-1,0.0,3852,2899,3814,1.2
10564,Base-f462400,1-0,0.0,3852,2899,3815,1.2
10568,Base-f462400,1/2-1/2,0.5,3852,2900,3815,1.2
10566,Base-f462400,1-0,0.0,3852,2900,3816,1.2
10570,Base-f462400,0-1,1.0,3853,2900,3816,1.2
10569,New-c74a786,0-1,0.0,3853,2900,3817,1.2
10571,New-c74a786,1-0,1.0,3854,2900,3817,1.2
10576,Base-f462400,1-0,0.0,3854,2900,3818,1.2
10572,Base-f462400,1/2-1/2,0.5,3854,2901,3818,1.2
10573,New-c74a786,1-0,1.0,3855,2901,3818,1.2
10574,Base-f462400,0-1,1.0,3856,2901,3818,1.2
10575,New-c74a786,1/2-1/2,0.5,3856,2902,3818,1.2
10580,Base-f462400,1/2-1/2,0.5,3856,2903,3818,1.2
10579,New-c74a786,0-1,0.0,3856,2903,3819,1.2
10578,Base-f462400,1-0,0.0,3856,2903,3820,1.2
10577,New-c74a786,1-0,1.0,3857,2903,3820,1.2
10582,Base-f462400,1/2-1/2,0.5,3857,2904,3820,1.2
10581,New-c74a786,0-1,0.0,3857,2904,3821,1.2
10583,New-c74a786,1-0,1.0,3858,2904,3821,1.2
10584,Base-f462400,0-1,1.0,3859,2904,3821,1.2
10589,New-c74a786,1/2-1/2,0.5,3859,2905,3821,1.2
10585,New-c74a786,0-1,0.0,3859,2905,3822,1.2
10586,Base-f462400,1-0,0.0,3859,2905,3823,1.2
10588,Base-f462400,0-1,1.0,3860,2905,3823,1.2
10587,New-c74a786,1/2-1/2,0.5,3860,2906,3823,1.2
10590,Base-f462400,1-0,0.0,3860,2906,3824,1.2
10593,New-c74a786,0-1,0.0,3860,2906,3825,1.1
10592,Base-f462400,1/2-1/2,0.5,3860,2907,3825,1.1
10591,New-c74a786,1-0,1.0,3861,2907,3825,1.2
10594,Base-f462400,0-1,1.0,3862,2907,3825,1.2
10596,Base-f462400,1-0,0.0,3862,2907,3826,1.2
10597,New-c74a786,1-0,1.0,3863,2907,3826,1.2
10595,New-c74a786,1/2-1/2,0.5,3863,2908,3826,1.2
10598,Base-f462400,1/2-1/2,0.5,3863,2909,3826,1.2
10600,Base-f462400,1-0,0.0,3863,2909,3827,1.2
10601,New-c74a786,1-0,1.0,3864,2909,3827,1.2
10599,New-c74a786,1/2-1/2,0.5,3864,2910,3827,1.2
10603,New-c74a786,1-0,1.0,3865,2910,3827,1.2
10602,Base-f462400,0-1,1.0,3866,2910,3827,1.3
10606,Base-f462400,1-0,0.0,3866,2910,3828,1.2
10604,Base-f462400,1/2-1/2,0.5,3866,2911,3828,1.2
10605,New-c74a786,0-1,0.0,3866,2911,3829,1.2
10608,Base-f462400,1/2-1/2,0.5,3866,2912,3829,1.2
10607,New-c74a786,1-0,1.0,3867,2912,3829,1.2
10610,Base-f462400,1/2-1/2,0.5,3867,2913,3829,1.2
10609,New-c74a786,1-0,1.0,3868,2913,3829,1.3
10612,Base-f462400,1/2-1/2,0.5,3868,2914,3829,1.3
10611,New-c74a786,1/2-1/2,0.5,3868,2915,3829,1.3
10613,New-c74a786,1/2-1/2,0.5,3868,2916,3829,1.3
10614,Base-f462400,0-1,1.0,3869,2916,3829,1.3
10615,New-c74a786,1-0,1.0,3870,2916,3829,1.3
10617,New-c74a786,1-0,1.0,3871,2916,3829,1.4
10616,Base-f462400,1/2-1/2,0.5,3871,2917,3829,1.4
10618,Base-f462400,1-0,0.0,3871,2917,3830,1.3
10619,New-c74a786,1-0,1.0,3872,2917,3830,1.4
10622,Base-f462400,0-1,1.0,3873,2917,3830,1.4
10621,New-c74a786,0-1,0.0,3873,2917,3831,1.4
10620,Base-f462400,0-1,1.0,3874,2917,3831,1.4
10626,Base-f462400,1/2-1/2,0.5,3874,2918,3831,1.4
10624,Base-f462400,0-1,1.0,3875,2918,3831,1.4
10623,New-c74a786,1/2-1/2,0.5,3875,2919,3831,1.4
10627,New-c74a786,1-0,1.0,3876,2919,3831,1.5
10625,New-c74a786,1/2-1/2,0.5,3876,2920,3831,1.5
10629,New-c74a786,0-1,0.0,3876,2920,3832,1.4
10630,Base-f462400,0-1,1.0,3877,2920,3832,1.5
10631,New-c74a786,1-0,1.0,3878,2920,3832,1.5
10628,Base-f462400,0-1,1.0,3879,2920,3832,1.5
10632,Base-f462400,1-0,0.0,3879,2920,3833,1.5
10634,Base-f462400,1-0,0.0,3879,2920,3834,1.5
10633,New-c74a786,1-0,1.0,3880,2920,3834,1.5
10637,New-c74a786,1-0,1.0,3881,2920,3834,1.5
10635,New-c74a786,1-0,1.0,3882,2920,3834,1.6
10638,Base-f462400,1-0,0.0,3882,2920,3835,1.5
10642,Base-f462400,1-0,0.0,3882,2920,3836,1.5
10639,New-c74a786,1-0,1.0,3883,2920,3836,1.5
10636,Base-f462400,1-0,0.0,3883,2920,3837,1.5
10640,Base-f462400,0-1,1.0,3884,2920,3837,1.5
10641,New-c74a786,1-0,1.0,3885,2920,3837,1.6
10643,New-c74a786,1/2-1/2,0.5,3885,2921,3837,1.6
10646,Base-f462400,1-0,0.0,3885,2921,3838,1.5
10645,New-c74a786,1-0,1.0,3886,2921,3838,1.6
10650,Base-f462400,0-1,1.0,3887,2921,3838,1.6
10644,Base-f462400,1/2-1/2,0.5,3887,2922,3838,1.6
10649,New-c74a786,1/2-1/2,0.5,3887,2923,3838,1.6
10648,Base-f462400,0-1,1.0,3888,2923,3838,1.6
10647,New-c74a786,0-1,0.0,3888,2923,3839,1.6
10651,New-c74a786,1/2-1/2,0.5,3888,2924,3839,1.6
10653,New-c74a786,0-1,0.0,3888,2924,3840,1.6
10652,Base-f462400,1-0,0.0,3888,2924,3841,1.5
10656,Base-f462400,1/2-1/2,0.5,3888,2925,3841,1.5
10654,Base-f462400,0-1,1.0,3889,2925,3841,1.6
10655,New-c74a786,1-0,1.0,3890,2925,3841,1.6
10657,New-c74a786,0-1,0.0,3890,2925,3842,1.6
10658,Base-f462400,1/2-1/2,0.5,3890,2926,3842,1.6
10659,New-c74a786,0-1,0.0,3890,2926,3843,1.5
10662,Base-f462400,1/2-1/2,0.5,3890,2927,3843,1.5
10663,New-c74a786,1-0,1.0,3891,2927,3843,1.6
10661,New-c74a786,1/2-1/2,0.5,3891,2928,3843,1.6
10660,Base-f462400,1/2-1/2,0.5,3891,2929,3843,1.6
10664,Base-f462400,1/2-1/2,0.5,3891,2930,3843,1.6
10665,New-c74a786,0-1,0.0,3891,2930,3844,1.5
10666,Base-f462400,0-1,1.0,3892,2930,3844,1.6
10667,New-c74a786,0-1,0.0,3892,2930,3845,1.5
10668,Base-f462400,0-1,1.0,3893,2930,3845,1.6
10669,New-c74a786,1-0,1.0,3894,2930,3845,1.6
10670,Base-f462400,1-0,0.0,3894,2930,3846,1.6
10675,New-c74a786,0-1,0.0,3894,2930,3847,1.5
10674,Base-f462400,0-1,1.0,3895,2930,3847,1.6
10671,New-c74a786,0-1,0.0,3895,2930,3848,1.5
10673,New-c74a786,0-1,0.0,3895,2930,3849,1.5
10676,Base-f462400,1/2-1/2,0.5,3895,2931,3849,1.5
10672,Base-f462400,1/2-1/2,0.5,3895,2932,3849,1.5
10678,Base-f462400,1-0,0.0,3895,2932,3850,1.5
10677,New-c74a786,0-1,0.0,3895,2932,3851,1.4
10680,Base-f462400,1/2-1/2,0.5,3895,2933,3851,1.4
10679,New-c74a786,1-0,1.0,3896,2933,3851,1.5
10681,New-c74a786,1-0,1.0,3897,2933,3851,1.5
10682,Base-f462400,1-0,0.0,3897,2933,3852,1.5
10686,Base-f462400,1-0,0.0,3897,2933,3853,1.4
10683,New-c74a786,0-1,0.0,3897,2933,3854,1.4
10684,Base-f462400,1/2-1/2,0.5,3897,2934,3854,1.4
10688,Base-f462400,1/2-1/2,0.5,3897,2935,3854,1.4
10685,New-c74a786,1/2-1/2,0.5,3897,2936,3854,1.4
10689,New-c74a786,1-0,1.0,3898,2936,3854,1.4
10687,New-c74a786,0-1,0.0,3898,2936,3855,1.4
10693,New-c74a786,1/2-1/2,0.5,3898,2937,3855,1.4
10692,Base-f462400,0-1,1.0,3899,2937,3855,1.4
10690,Base-f462400,1-0,0.0,3899,2937,3856,1.4
10691,New-c74a786,1-0,1.0,3900,2937,3856,1.4
10695,New-c74a786,1-0,1.0,3901,2937,3856,1.5
10694,Base-f462400,1/2-1/2,0.5,3901,2938,3856,1.5
10696,Base-f462400,0-1,1.0,3902,2938,3856,1.5
10697,New-c74a786,0-1,0.0,3902,2938,3857,1.5
10701,New-c74a786,0-1,0.0,3902,2938,3858,1.4
10702,Base-f462400,1/2-1/2,0.5,3902,2939,3858,1.4
10700,Base-f462400,0-1,1.0,3903,2939,3858,1.5
10699,New-c74a786,0-1,0.0,3903,2939,3859,1.4
10698,Base-f462400,0-1,1.0,3904,2939,3859,1.5
10703,New-c74a786,1/2-1/2,0.5,3904,2940,3859,1.5
10705,New-c74a786,1-0,1.0,3905,2940,3859,1.5
10704,Base-f462400,1/2-1/2,0.5,3905,2941,3859,1.5
10707,New-c74a786,0-1,0.0,3905,2941,3860,1.5
10710,Base-f462400,1-0,0.0,3905,2941,3861,1.4
10706,Base-f462400,1-0,0.0,3905,2941,3862,1.4
10711,New-c74a786,0-1,0.0,3905,2941,3863,1.4
10708,Base-f462400,1-0,0.0,3905,2941,3864,1.3
10709,New-c74a786,1/2-1/2,0.5,3905,2942,3864,1.3
10712,Base-f462400,1/2-1/2,0.5,3905,2943,3864,1.3
10713,New-c74a786,1-0,1.0,3906,2943,3864,1.4
10716,Base-f462400,1-0,0.0,3906,2943,3865,1.3
10715,New-c74a786,1-0,1.0,3907,2943,3865,1.4
10717,New-c74a786,1-0,1.0,3908,2943,3865,1.4
10714,Base-f462400,1/2-1/2,0.5,3908,2944,3865,1.4
10718,Base-f462400,1-0,0.0,3908,2944,3866,1.4
10719,New-c74a786,0-1,0.0,3908,2944,3867,1.3
10720,Base-f462400,0-1,1.0,3909,2944,3867,1.4
10722,Base-f462400,1-0,0.0,3909,2944,3868,1.3
10723,New-c74a786,1-0,1.0,3910,2944,3868,1.4
10724,Base-f462400,0-1,1.0,3911,2944,3868,1.4
10721,New-c74a786,1/2-1/2,0.5,3911,2945,3868,1.4
10725,New-c74a786,0-1,0.0,3911,2945,3869,1.4
10726,Base-f462400,0-1,1.0,3912,2945,3869,1.4
10727,New-c74a786,0-1,0.0,3912,2945,3870,1.4
10729,New-c74a786,1/2-1/2,0.5,3912,2946,3870,1.4
10728,Base-f462400,0-1,1.0,3913,2946,3870,1.4
10731,New-c74a786,0-1,0.0,3913,2946,3871,1.4
10730,Base-f462400,1/2-1/2,0.5,3913,2947,3871,1.4
10736,Base-f462400,1-0,0.0,3913,2947,3872,1.3
10732,Base-f462400,1-0,0.0,3913,2947,3873,1.3
10734,Base-f462400,1-0,0.0,3913,2947,3874,1.3
10735,New-c74a786,1-0,1.0,3914,2947,3874,1.3
10737,New-c74a786,1-0,1.0,3915,2947,3874,1.3
10733,New-c74a786,0-1,0.0,3915,2947,3875,1.3
10738,Base-f462400,0-1,1.0,3916,2947,3875,1.3
10740,Base-f462400,0-1,1.0,3917,2947,3875,1.4
10741,New-c74a786,1-0,1.0,3918,2947,3875,1.4
10743,New-c74a786,0-1,0.0,3918,2947,3876,1.4
10739,New-c74a786,0-1,0.0,3918,2947,3877,1.3
10742,Base-f462400,1-0,0.0,3918,2947,3878,1.3
10746,Base-f462400,0-1,1.0,3919,2947,3878,1.3
10744,Base-f462400,0-1,1.0,3920,2947,3878,1.4
10745,New-c74a786,1/2-1/2,0.5,3920,2948,3878,1.4
10747,New-c74a786,1-0,1.0,3921,2948,3878,1.4
10748,Base-f462400,1/2-1/2,0.5,3921,2949,3878,1.4
10749,New-c74a786,0-1,0.0,3921,2949,3879,1.4
10753,New-c74a786,1-0,1.0,3922,2949,3879,1.4
10750,Base-f462400,1/2-1/2,0.5,3922,2950,3879,1.4
10751,New-c74a786,1-0,1.0,3923,2950,3879,1.4
10752,Base-f462400,0-1,1.0,3924,2950,3879,1.5
10754,Base-f462400,0-1,1.0,3925,2950,3879,1.5
10755,New-c74a786,1-0,1.0,3926,2950,3879,1.5
10758,Base-f462400,1/2-1/2,0.5,3926,2951,3879,1.5
10757,New-c74a786,0-1,0.0,3926,2951,3880,1.5
10756,Base-f462400,1-0,0.0,3926,2951,3881,1.5
10759,New-c74a786,0-1,0.0,3926,2951,3882,1.4
10761,New-c74a786,1-0,1.0,3927,2951,3882,1.5
10763,New-c74a786,0-1,0.0,3927,2951,3883,1.4
10760,Base-f462400,1/2-1/2,0.5,3927,2952,3883,1.4
10762,Base-f462400,1-0,0.0,3927,2952,3884,1.4
10766,Base-f462400,1/2-1/2,0.5,3927,2953,3884,1.4
10765,New-c74a786,0-1,0.0,3927,2953,3885,1.4
10764,Base-f462400,1-0,0.0,3927,2953,3886,1.3
10768,Base-f462400,1-0,0.0,3927,2953,3887,1.3
10767,New-c74a786,1-0,1.0,3928,2953,3887,1.3
10771,New-c74a786,1/2-1/2,0.5,3928,2954,3887,1.3
10769,New-c74a786,0-1,0.0,3928,2954,3888,1.3
10770,Base-f462400,1/2-1/2,0.5,3928,2955,3888,1.3
10772,Base-f462400,1-0,0.0,3928,2955,3889,1.3
10775,New-c74a786,1/2-1/2,0.5,3928,2956,3889,1.3
10774,Base-f462400,1-0,0.0,3928,2956,3890,1.2
10777,New-c74a786,1/2-1/2,0.5,3928,2957,3890,1.2
10773,New-c74a786,1-0,1.0,3929,2957,3890,1.3
10776,Base-f462400,0-1,1.0,3930,2957,3890,1.3
10778,Base-f462400,1-0,0.0,3930,2957,3891,1.3
10779,New-c74a786,0-1,0.0,3930,2957,3892,1.2
10782,Base-f462400,1-0,0.0,3930,2957,3893,1.2
10781,New-c74a786,0-1,0.0,3930,2957,3894,1.2
10783,New-c74a786,0-1,0.0,3930,2957,3895,1.1
10780,Base-f462400,1/2-1/2,0.5,3930,2958,3895,1.1
10784,Base-f462400,1-0,0.0,3930,2958,3896,1.1
10785,New-c74a786,1-0,1.0,3931,2958,3896,1.1
10786,Base-f462400,0-1,1.0,3932,2958,3896,1.2
10787,New-c74a786,0-1,0.0,3932,2958,3897,1.1
10788,Base-f462400,1-0,0.0,3932,2958,3898,1.1
10790,Base-f462400,0-1,1.0,3933,2958,3898,1.1
10789,New-c74a786,1/2-1/2,0.5,3933,2959,3898,1.1
10792,Base-f462400,1/2-1/2,0.5,3933,2960,3898,1.1
10791,New-c74a786,0-1,0.0,3933,2960,3899,1.1
10794,Base-f462400,1-0,0.0,3933,2960,3900,1.1
10796,Base-f462400,1-0,0.0,3933,2960,3901,1.0
10795,New-c74a786,1/2-1/2,0.5,3933,2961,3901,1.0
10797,New-c74a786,0-1,0.0,3933,2961,3902,1.0
10793,New-c74a786,1/2-1/2,0.5,3933,2962,3902,1.0
10800,Base-f462400,1/2-1/2,0.5,3933,2963,3902,1.0
10799,New-c74a786,1-0,1.0,3934,2963,3902,1.0
10798,Base-f462400,1/2-1/2,0.5,3934,2964,3902,1.0
10803,New-c74a786,1/2-1/2,0.5,3934,2965,3902,1.0
10802,Base-f462400,0-1,1.0,3935,2965,3902,1.1
10805,New-c74a786,1/2-1/2,0.5,3935,2966,3902,1.1
10804,Base-f462400,1-0,0.0,3935,2966,3903,1.0
10801,New-c74a786,0-1,0.0,3935,2966,3904,1.0
10807,New-c74a786,0-1,0.0,3935,2966,3905,1.0
10806,Base-f462400,0-1,1.0,3936,2966,3905,1.0
10808,Base-f462400,1-0,0.0,3936,2966,3906,1.0
10815,New-c74a786,0-1,0.0,3936,2966,3907,0.9
10810,Base-f462400,1/2-1/2,0.5,3936,2967,3907,0.9
10811,New-c74a786,0-1,0.0,3936,2967,3908,0.9
10809,New-c74a786,1-0,1.0,3937,2967,3908,0.9
10813,New-c74a786,0-1,0.0,3937,2967,3909,0.9
10814,Base-f462400,1/2-1/2,0.5,3937,2968,3909,0.9
10812,Base-f462400,1/2-1/2,0.5,3937,2969,3909,0.9
10817,New-c74a786,1-0,1.0,3938,2969,3909,0.9
10816,Base-f462400,1/2-1/2,0.5,3938,2970,3909,0.9
10818,Base-f462400,0-1,1.0,3939,2970,3909,1.0
10819,New-c74a786,1-0,1.0,3940,2970,3909,1.0
10822,Base-f462400,1-0,0.0,3940,2970,3910,1.0
10820,Base-f462400,0-1,1.0,3941,2970,3910,1.0
10823,New-c74a786,1-0,1.0,3942,2970,3910,1.0
10821,New-c74a786,1-0,1.0,3943,2970,3910,1.1
10825,New-c74a786,1-0,1.0,3944,2970,3910,1.1
10824,Base-f462400,0-1,1.0,3945,2970,3910,1.1
10827,New-c74a786,1-0,1.0,3946,2970,3910,1.2
10826,Base-f462400,1-0,0.0,3946,2970,3911,1.1
10830,Base-f462400,1/2-1/2,0.5,3946,2971,3911,1.1
10828,Base-f462400,1/2-1/2,0.5,3946,2972,3911,1.1
10829,New-c74a786,1-0,1.0,3947,2972,3911,1.2
10832,Base-f462400,0-1,1.0,3948,2972,3911,1.2
10837,New-c74a786,1-0,1.0,3949,2972,3911,1.2
10838,Base-f462400,1-0,0.0,3949,2972,3912,1.2
10836,Base-f462400,1-0,0.0,3949,2972,3913,1.2
10835,New-c74a786,1-0,1.0,3950,2972,3913,1.2
10831,New-c74a786,1/2-1/2,0.5,3950,2973,3913,1.2
10834,Base-f462400,0-1,1.0,3951,2973,3913,1.2
10833,New-c74a786,0-1,0.0,3951,2973,3914,1.2
10839,New-c74a786,1-0,1.0,3952,2973,3914,1.2
10841,New-c74a786,1-0,1.0,3953,2973,3914,1.3
10846,Base-f462400,1-0,0.0,3953,2973,3915,1.2
10843,New-c74a786,0-1,0.0,3953,2973,3916,1.2
10840,Base-f462400,1/2-1/2,0.5,3953,2974,3916,1.2
10842,Base-f462400,1-0,0.0,3953,2974,3917,1.2
10845,New-c74a786,1/2-1/2,0.5,3953,2975,3917,1.2
10844,Base-f462400,1/2-1/2,0.5,3953,2976,3917,1.2
10848,Base-f462400,0-1,1.0,3954,2976,3917,1.2
10847,New-c74a786,0-1,0.0,3954,2976,3918,1.2
10849,New-c74a786,1-0,1.0,3955,2976,3918,1.2
10850,Base-f462400,0-1,1.0,3956,2976,3918,1.2
10852,Base-f462400,0-1,1.0,3957,2976,3918,1.2
10851,New-c74a786,0-1,0.0,3957,2976,3919,1.2
10853,New-c74a786,1/2-1/2,0.5,3957,2977,3919,1.2
10855,New-c74a786,1-0,1.0,3958,2977,3919,1.2
10854,Base-f462400,1/2-1/2,0.5,3958,2978,3919,1.2
10856,Base-f462400,0-1,1.0,3959,2978,3919,1.3
10857,New-c74a786,1-0,1.0,3960,2978,3919,1.3
10858,Base-f462400,1/2-1/2,0.5,3960,2979,3919,1.3
10859,New-c74a786,1-0,1.0,3961,2979,3919,1.3
10860,Base-f462400,1-0,0.0,3961,2979,3920,1.3
10861,New-c74a786,1-0,1.0,3962,2979,3920,1.3
10863,New-c74a786,1-0,1.0,3963,2979,3920,1.4
10867,New-c74a786,1-0,1.0,3964,2979,3920,1.4
10862,Base-f462400,0-1,1.0,3965,2979,3920,1.4
10865,New-c74a786,1-0,1.0,3966,2979,3920,1.5
10864,Base-f462400,0-1,1.0,3967,2979,3920,1.5
10866,Base-f462400,1/2-1/2,0.5,3967,2980,3920,1.5
10869,New-c74a786,0-1,0.0,3967,2980,3921,1.5
10868,Base-f462400,1/2-1/2,0.5,3967,2981,3921,1.5
10873,New-c74a786,1/2-1/2,0.5,3967,2982,3921,1.5
10870,Base-f462400,1-0,0.0,3967,2982,3922,1.4
10872,Base-f462400,1-0,0.0,3967,2982,3923,1.4
10874,Base-f462400,1/2-1/2,0.5,3967,2983,3923,1.4
10871,New-c74a786,0-1,0.0,3967,2983,3924,1.4
10875,New-c74a786,1/2-1/2,0.5,3967,2984,3924,1.4
10876,Base-f462400,1/2-1/2,0.5,3967,2985,3924,1.4
10877,New-c74a786,1-0,1.0,3968,2985,3924,1.4
10879,New-c74a786,1-0,1.0,3969,2985,3924,1.4
10880,Base-f462400,1/2-1/2,0.5,3969,2986,3924,1.4
10881,New-c74a786,0-1,0.0,3969,2986,3925,1.4
10882,Base-f462400,1-0,0.0,3969,2986,3926,1.4
10878,Base-f462400,0-1,1.0,3970,2986,3926,1.4
10884,Base-f462400,1/2-1/2,0.5,3970,2987,3926,1.4
10886,Base-f462400,1-0,0.0,3970,2987,3927,1.4
10883,New-c74a786,1/2-1/2,0.5,3970,2988,3927,1.4
10885,New-c74a786,0-1,0.0,3970,2988,3928,1.3
10889,New-c74a786,1/2-1/2,0.5,3970,2989,3928,1.3
10891,New-c74a786,1-0,1.0,3971,2989,3928,1.4
10890,Base-f462400,0-1,1.0,3972,2989,3928,1.4
10888,Base-f462400,1/2-1/2,0.5,3972,2990,3928,1.4
10887,New-c74a786,1/2-1/2,0.5,3972,2991,3928,1.4
10894,Base-f462400,1-0,0.0,3972,2991,3929,1.4
10893,New-c74a786,1-0,1.0,3973,2991,3929,1.4
10892,Base-f462400,1/2-1/2,0.5,3973,2992,3929,1.4
10896,Base-f462400,0-1,1.0,3974,2992,3929,1.4
10898,Base-f462400,0-1,1.0,3975,2992,3929,1.5
10899,New-c74a786,0-1,0.0,3975,2992,3930,1.4
10895,New-c74a786,1/2-1/2,0.5,3975,2993,3930,1.4
10897,New-c74a786,1/2-1/2,0.5,3975,2994,3930,1.4
10900,Base-f462400,0-1,1.0,3976,2994,3930,1.5
10902,Base-f462400,1/2-1/2,0.5,3976,2995,3930,1.5
10901,New-c74a786,1/2-1/2,0.5,3976,2996,3930,1.5
10905,New-c74a786,1/2-1/2,0.5,3976,2997,3930,1.5
10903,New-c74a786,1-0,1.0,3977,2997,3930,1.5
10907,New-c74a786,1-0,1.0,3978,2997,3930,1.5
10906,Base-f462400,1/2-1/2,0.5,3978,2998,3930,1.5
10908,Base-f462400,1-0,0.0,3978,2998,3931,1.5
10904,Base-f462400,1/2-1/2,0.5,3978,2999,3931,1.5
10909,New-c74a786,1/2-1/2,0.5,3978,3000,3931,1.5
10911,New-c74a786,1/2-1/2,0.5,3978,3001,3931,1.5
10910,Base-f462400,1-0,0.0,3978,3001,3932,1.5
10915,New-c74a786,0-1,0.0,3978,3001,3933,1.4
10913,New-c74a786,1-0,1.0,3979,3001,3933,1.5
10912,Base-f462400,1/2-1/2,0.5,3979,3002,3933,1.5
10914,Base-f462400,0-1,1.0,3980,3002,3933,1.5
10916,Base-f462400,0-1,1.0,3981,3002,3933,1.5
10918,Base-f462400,1-0,0.0,3981,3002,3934,1.5
10917,New-c74a786,1-0,1.0,3982,3002,3934,1.5
10919,New-c74a786,1/2-1/2,0.5,3982,3003,3934,1.5
10920,Base-f462400,1-0,0.0,3982,3003,3935,1.5
10921,New-c74a786,0-1,0.0,3982,3003,3936,1.5
10922,Base-f462400,1/2-1/2,0.5,3982,3004,3936,1.5
10926,Base-f462400,1-0,0.0,3982,3004,3937,1.4
10923,New-c74a786,0-1,0.0,3982,3004,3938,1.4
10924,Base-f462400,1-0,0.0,3982,3004,3939,1.4
10925,New-c74a786,0-1,0.0,3982,3004,3940,1.3
10927,New-c74a786,0-1,0.0,3982,3004,3941,1.3
10929,New-c74a786,1-0,1.0,3983,3004,3941,1.3
10933,New-c74a786,1-0,1.0,3984,3004,3941,1.4
10931,New-c74a786,1-0,1.0,3985,3004,3941,1.4
10930,Base-f462400,0-1,1.0,3986,3004,3941,1.4
10928,Base-f462400,1/2-1/2,0.5,3986,3005,3941,1.4
10932,Base-f462400,0-1,1.0,3987,3005,3941,1.5
10934,Base-f462400,0-1,1.0,3988,3005,3941,1.5
10935,New-c74a786,1/2-1/2,0.5,3988,3006,3941,1.5
10941,New-c74a786,1-0,1.0,3989,3006,3941,1.5
10936,Base-f462400,0-1,1.0,3990,3006,3941,1.6
10940,Base-f462400,1/2-1/2,0.5,3990,3007,3941,1.6
10937,New-c74a786,1-0,1.0,3991,3007,3941,1.6
10938,Base-f462400,1-0,0.0,3991,3007,3942,1.6
10939,New-c74a786,1-0,1.0,3992,3007,3942,1.6
10942,Base-f462400,0-1,1.0,3993,3007,3942,1.6
10944,Base-f462400,0-1,1.0,3994,3007,3942,1.7
10943,New-c74a786,1/2-1/2,0.5,3994,3008,3942,1.7
10945,New-c74a786,1-0,1.0,3995,3008,3942,1.7
10946,Base-f462400,0-1,1.0,3996,3008,3942,1.7
10947,New-c74a786,1/2-1/2,0.5,3996,3009,3942,1.7
10948,Base-f462400,1-0,0.0,3996,3009,3943,1.7
10949,New-c74a786,1-0,1.0,3997,3009,3943,1.7
10952,Base-f462400,0-1,1.0,3998,3009,3943,1.7
10950,Base-f462400,0-1,1.0,3999,3009,3943,1.8
10951,New-c74a786,1-0,1.0,4000,3009,3943,1.8
10953,New-c74a786,1/2-1/2,0.5,4000,3010,3943,1.8
10955,New-c74a786,0-1,0.0,4000,3010,3944,1.8
10954,Base-f462400,1-0,0.0,4000,3010,3945,1.7
10956,Base-f462400,1-0,0.0,4000,3010,3946,1.7
10958,Base-f462400,1/2-1/2,0.5,4000,3011,3946,1.7
10959,New-c74a786,1-0,1.0,4001,3011,3946,1.7
10957,New-c74a786,0-1,0.0,4001,3011,3947,1.7
10960,Base-f462400,1/2-1/2,0.5,4001,3012,3947,1.7
10961,New-c74a786,0-1,0.0,4001,3012,3948,1.7
10962,Base-f462400,1/2-1/2,0.5,4001,3013,3948,1.7
10963,New-c74a786,0-1,0.0,4001,3013,3949,1.6
10964,Base-f462400,0-1,1.0,4002,3013,3949,1.7
10968,Base-f462400,1-0,0.0,4002,3013,3950,1.6
10966,Base-f462400,0-1,1.0,4003,3013,3950,1.7
10965,New-c74a786,1/2-1/2,0.5,4003,3014,3950,1.7
10967,New-c74a786,0-1,0.0,4003,3014,3951,1.6
10969,New-c74a786,0-1,0.0,4003,3014,3952,1.6
10972,Base-f462400,1/2-1/2,0.5,4003,3015,3952,1.6
10970,Base-f462400,1-0,0.0,4003,3015,3953,1.6
10971,New-c74a786,1-0,1.0,4004,3015,3953,1.6
10973,New-c74a786,1-0,1.0,4005,3015,3953,1.6
10974,Base-f462400,1-0,0.0,4005,3015,3954,1.6
10976,Base-f462400,0-1,1.0,4006,3015,3954,1.6
10975,New-c74a786,1/2-1/2,0.5,4006,3016,3954,1.6
10979,New-c74a786,1/2-1/2,0.5,4006,3017,3954,1.6
10977,New-c74a786,1-0,1.0,4007,3017,3954,1.7
10978,Base-f462400,1-0,0.0,4007,3017,3955,1.6
10981,New-c74a786,1-0,1.0,4008,3017,3955,1.7
10982,Base-f462400,1-0,0.0,4008,3017,3956,1.6
10980,Base-f462400,1/2-1/2,0.5,4008,3018,3956,1.6
10984,Base-f462400,0-1,1.0,4009,3018,3956,1.7
10985,New-c74a786,1-0,1.0,4010,3018,3956,1.7
10983,New-c74a786,0-1,0.0,4010,3018,3957,1.7
10986,Base-f462400,1-0,0.0,4010,3018,3958,1.6
10989,New-c74a786,1-0,1.0,4011,3018,3958,1.7
10988,Base-f462400,1/2-1/2,0.5,4011,3019,3958,1.7
10987,New-c74a786,1/2-1/2,0.5,4011,3020,3958,1.7
10990,Base-f462400,0-1,1.0,4012,3020,3958,1.7
10993,New-c74a786,1-0,1.0,4013,3020,3958,1.7
10994,Base-f462400,0-1,1.0,4014,3020,3958,1.8
10992,Base-f462400,0-1,1.0,4015,3020,3958,1.8
10996,Base-f462400,1-0,0.0,4015,3020,3959,1.8
10991,New-c74a786,1/2-1/2,0.5,4015,3021,3959,1.8
10995,New-c74a786,1/2-1/2,0.5,4015,3022,3959,1.8
10997,New-c74a786,1/2-1/2,0.5,4015,3023,3959,1.8
10998,Base-f462400,1-0,0.0,4015,3023,3960,1.7
11000,Base-f462400,1-0,0.0,4015,3023,3961,1.7
10999,New-c74a786,1/2-1/2,0.5,4015,3024,3961,1.7
11004,Base-f462400,0-1,1.0,4016,3024,3961,1.7
11001,New-c74a786,0-1,0.0,4016,3024,3962,1.7
11006,Base-f462400,0-1,1.0,4017,3024,3962,1.7
11003,New-c74a786,1-0,1.0,4018,3024,3962,1.8
11005,New-c74a786,1/2-1/2,0.5,4018,3025,3962,1.8
11002,Base-f462400,1-0,0.0,4018,3025,3963,1.7
11010,Base-f462400,1/2-1/2,0.5,4018,3026,3963,1.7
11007,New-c74a786,0-1,0.0,4018,3026,3964,1.7
11008,Base-f462400,0-1,1.0,4019,3026,3964,1.7
11014,Base-f462400,0-1,1.0,4020,3026,3964,1.8
11011,New-c74a786,1/2-1/2,0.5,4020,3027,3964,1.8
11009,New-c74a786,1-0,1.0,4021,3027,3964,1.8
11013,New-c74a786,1-0,1.0,4022,3027,3964,1.8
11012,Base-f462400,1-0,0.0,4022,3027,3965,1.8
11015,New-c74a786,1/2-1/2,0.5,4022,3028,3965,1.8
11016,Base-f462400,1-0,0.0,4022,3028,3966,1.8
11017,New-c74a786,1-0,1.0,4023,3028,3966,1.8
11018,Base-f462400,0-1,1.0,4024,3028,3966,1.8
11021,New-c74a786,0-1,0.0,4024,3028,3967,1.8
11019,New-c74a786,0-1,0.0,4024,3028,3968,1.8
11020,Base-f462400,1-0,0.0,4024,3028,3969,1.7
11023,New-c74a786,1-0,1.0,4025,3028,3969,1.8
11025,New-c74a786,0-1,0.0,4025,3028,3970,1.7
11022,Base-f462400,1/2-1/2,0.5,4025,3029,3970,1.7
11024,Base-f462400,0-1,1.0,4026,3029,3970,1.8
11026,Base-f462400,1-0,0.0,4026,3029,3971,1.7
11028,Base-f462400,0-1,1.0,4027,3029,3971,1.8
11027,New-c74a786,1-0,1.0,4028,3029,3971,1.8
11029,New-c74a786,1-0,1.0,4029,3029,3971,1.8
11030,Base-f462400,0-1,1.0,4030,3029,3971,1.9
11031,New-c74a786,0-1,0.0,4030,3029,3972,1.8
11032,Base-f462400,1-0,0.0,4030,3029,3973,1.8
11034,Base-f462400,0-1,1.0,4031,3029,3973,1.8
11033,New-c74a786,0-1,0.0,4031,3029,3974,1.8
11035,New-c74a786,1-0,1.0,4032,3029,3974,1.8
11037,New-c74a786,0-1,0.0,4032,3029,3975,1.8
11036,Base-f462400,0-1,1.0,4033,3029,3975,1.8
11039,New-c74a786,0-1,0.0,4033,3029,3976,1.8
11038,Base-f462400,0-1,1.0,4034,3029,3976,1.8
11041,New-c74a786,0-1,0.0,4034,3029,3977,1.8
11042,Base-f462400,0-1,1.0,4035,3029,3977,1.8
11040,Base-f462400,1/2-1/2,0.5,4035,3030,3977,1.8
11046,Base-f462400,1-0,0.0,4035,3030,3978,1.8
11043,New-c74a786,0-1,0.0,4035,3030,3979,1.8
11047,New-c74a786,0-1,0.0,4035,3030,3980,1.7
11044,Base-f462400,0-1,1.0,4036,3030,3980,1.8
11049,New-c74a786,0-1,0.0,4036,3030,3981,1.7
11048,Base-f462400,0-1,1.0,4037,3030,3981,1.8
11045,New-c74a786,0-1,0.0,4037,3030,3982,1.7
11052,Base-f462400,1-0,0.0,4037,3030,3983,1.7
11050,Base-f462400,0-1,1.0,4038,3030,3983,1.7
11051,New-c74a786,0-1,0.0,4038,3030,3984,1.7
11056,Base-f462400,1/2-1/2,0.5,4038,3031,3984,1.7
11055,New-c74a786,1-0,1.0,4039,3031,3984,1.7
11054,Base-f462400,0-1,1.0,4040,3031,3984,1.8
11058,Base-f462400,1-0,0.0,4040,3031,3985,1.7
11059,New-c74a786,1-0,1.0,4041,3031,3985,1.8
11057,New-c74a786,1-0,1.0,4042,3031,3985,1.8
11061,New-c74a786,1-0,1.0,4043,3031,3985,1.8
11060,Base-f462400,1-0,0.0,4043,3031,3986,1.8
11053,New-c74a786,1/2-1/2,0.5,4043,3032,3986,1.8
11064,Base-f462400,1/2-1/2,0.5,4043,3033,3986,1.8
11063,New-c74a786,1/2-1/2,0.5,4043,3034,3986,1.8
11066,Base-f462400,1-0,0.0,4043,3034,3987,1.8
11065,New-c74a786,1-0,1.0,4044,3034,3987,1.8
11069,New-c74a786,0-1,0.0,4044,3034,3988,1.8
11068,Base-f462400,0-1,1.0,4045,3034,3988,1.8
11067,New-c74a786,1-0,1.0,4046,3034,3988,1.8
11062,Base-f462400,1/2-1/2,0.5,4046,3035,3988,1.8
11070,Base-f462400,1-0,0.0,4046,3035,3989,1.8
11071,New-c74a786,1-0,1.0,4047,3035,3989,1.8
11072,Base-f462400,0-1,1.0,4048,3035,3989,1.9
11075,New-c74a786,0-1,0.0,4048,3035,3990,1.8
11074,Base-f462400,1-0,0.0,4048,3035,3991,1.8
11076,Base-f462400,0-1,1.0,4049,3035,3991,1.8
11073,New-c74a786,0-1,0.0,4049,3035,3992,1.8
11077,New-c74a786,0-1,0.0,4049,3035,3993,1.8
11082,Base-f462400,1/2-1/2,0.5,4049,3036,3993,1.8
11079,New-c74a786,0-1,0.0,4049,3036,3994,1.7
11080,Base-f462400,1-0,0.0,4049,3036,3995,1.7
11081,New-c74a786,1/2-1/2,0.5,4049,3037,3995,1.7
11083,New-c74a786,1-0,1.0,4050,3037,3995,1.7
11078,Base-f462400,1/2-1/2,0.5,4050,3038,3995,1.7
11084,Base-f462400,1/2-1/2,0.5,4050,3039,3995,1.7
11086,Base-f462400,0-1,1.0,4051,3039,3995,1.8
11085,New-c74a786,1-0,1.0,4052,3039,3995,1.8
11088,Base-f462400,1-0,0.0,4052,3039,3996,1.8
11087,New-c74a786,1-0,1.0,4053,3039,3996,1.8
11091,New-c74a786,1/2-1/2,0.5,4053,3040,3996,1.8
11089,New-c74a786,1-0,1.0,4054,3040,3996,1.8
11092,Base-f462400,1-0,0.0,4054,3040,3997,1.8
11090,Base-f462400,1-0,0.0,4054,3040,3998,1.8
11096,Base-f462400,1-0,0.0,4054,3040,3999,1.7
11094,Base-f462400,1/2-1/2,0.5,4054,3041,3999,1.7
11093,New-c74a786,1-0,1.0,4055,3041,3999,1.8
11097,New-c74a786,0-1,0.0,4055,3041,4000,1.7
11099,New-c74a786,1/2-1/2,0.5,4055,3042,4000,1.7
11095,New-c74a786,1/2-1/2,0.5,4055,3043,4000,1.7
11100,Base-f462400,1/2-1/2,0.5,4055,3044,4000,1.7
11098,Base-f462400,0-1,1.0,4056,3044,4000,1.8
11102,Base-f462400,1-0,0.0,4056,3044,4001,1.7
11101,New-c74a786,1/2-1/2,0.5,4056,3045,4001,1.7
11104,Base-f462400,1-0,0.0,4056,3045,4002,1.7
11103,New-c74a786,0-1,0.0,4056,3045,4003,1.7
11105,New-c74a786,0-1,0.0,4056,3045,4004,1.6
11108,Base-f462400,0-1,1.0,4057,3045,4004,1.7
11106,Base-f462400,1-0,0.0,4057,3045,4005,1.6
11109,New-c74a786,1/2-1/2,0.5,4057,3046,4005,1.6
11112,Base-f462400,1/2-1/2,0.5,4057,3047,4005,1.6
11107,New-c74a786,1/2-1/2,0.5,4057,3048,4005,1.6
11110,Base-f462400,1-0,0.0,4057,3048,4006,1.6
11113,New-c74a786,1-0,1.0,4058,3048,4006,1.6
11111,New-c74a786,1/2-1/2,0.5,4058,3049,4006,1.6
11114,Base-f462400,1-0,0.0,4058,3049,4007,1.6
11115,New-c74a786,0-1,0.0,4058,3049,4008,1.6
11116,Base-f462400,0-1,1.0,4059,3049,4008,1.6
11117,New-c74a786,0-1,0.0,4059,3049,4009,1.6
11119,New-c74a786,1-0,1.0,4060,3049,4009,1.6
11120,Base-f462400,0-1,1.0,4061,3049,4009,1.6
11121,New-c74a786,1/2-1/2,0.5,4061,3050,4009,1.6
11118,Base-f462400,0-1,1.0,4062,3050,4009,1.7
11125,New-c74a786,1/2-1/2,0.5,4062,3051,4009,1.7
11122,Base-f462400,1/2-1/2,0.5,4062,3052,4009,1.7
11124,Base-f462400,1-0,0.0,4062,3052,4010,1.6
11129,New-c74a786,0-1,0.0,4062,3052,4011,1.6
11127,New-c74a786,0-1,0.0,4062,3052,4012,1.6
11123,New-c74a786,0-1,0.0,4062,3052,4013,1.5
11128,Base-f462400,1-0,0.0,4062,3052,4014,1.5
11126,Base-f462400,0-1,1.0,4063,3052,4014,1.5
11130,Base-f462400,0-1,1.0,4064,3052,4014,1.6
11131,New-c74a786,0-1,0.0,4064,3052,4015,1.5
11137,New-c74a786,0-1,0.0,4064,3052,4016,1.5
11132,Base-f462400,0-1,1.0,4065,3052,4016,1.5
11134,Base-f462400,1/2-1/2,0.5,4065,3053,4016,1.5
11136,Base-f462400,0-1,1.0,4066,3053,4016,1.6
11138,Base-f462400,0-1,1.0,4067,3053,4016,1.6
11133,New-c74a786,1/2-1/2,0.5,4067,3054,4016,1.6
11135,New-c74a786,0-1,0.0,4067,3054,4017,1.6
11141,New-c74a786,1/2-1/2,0.5,4067,3055,4017,1.6
11140,Base-f462400,0-1,1.0,4068,3055,4017,1.6
11143,New-c74a786,1/2-1/2,0.5,4068,3056,4017,1.6
11139,New-c74a786,1/2-1/2,0.5,4068,3057,4017,1.6
11142,Base-f462400,1/2-1/2,0.5,4068,3058,4017,1.6
11144,Base-f462400,0-1,1.0,4069,3058,4017,1.6
11148,Base-f462400,0-1,1.0,4070,3058,4017,1.7
11146,Base-f462400,1-0,0.0,4070,3058,4018,1.6
11147,New-c74a786,1-0,1.0,4071,3058,4018,1.7
11145,New-c74a786,0-1,0.0,4071,3058,4019,1.6
11149,New-c74a786,1-0,1.0,4072,3058,4019,1.7
11150,Base-f462400,0-1,1.0,4073,3058,4019,1.7
11151,New-c74a786,0-1,0.0,4073,3058,4020,1.7
11155,New-c74a786,1-0,1.0,4074,3058,4020,1.7
11152,Base-f462400,1-0,0.0,4074,3058,4021,1.7
11153,New-c74a786,1-0,1.0,4075,3058,4021,1.7
11154,Base-f462400,1-0,0.0,4075,3058,4022,1.7
11157,New-c74a786,0-1,0.0,4075,3058,4023,1.6
11156,Base-f462400,0-1,1.0,4076,3058,4023,1.7
11158,Base-f462400,1/2-1/2,0.5,4076,3059,4023,1.7
11162,Base-f462400,0-1,1.0,4077,3059,4023,1.7
11160,Base-f462400,1-0,0.0,4077,3059,4024,1.7
11161,New-c74a786,0-1,0.0,4077,3059,4025,1.6
11159,New-c74a786,1-0,1.0,4078,3059,4025,1.6
11167,New-c74a786,1/2-1/2,0.5,4078,3060,4025,1.6
11163,New-c74a786,1-0,1.0,4079,3060,4025,1.7
11165,New-c74a786,0-1,0.0,4079,3060,4026,1.6
11166,Base-f462400,1-0,0.0,4079,3060,4027,1.6
11164,Base-f462400,1-0,0.0,4079,3060,4028,1.6
11168,Base-f462400,1-0,0.0,4079,3060,4029,1.6
11170,Base-f462400,1-0,0.0,4079,3060,4030,1.5
11169,New-c74a786,0-1,0.0,4079,3060,4031,1.5
11171,New-c74a786,1-0,1.0,4080,3060,4031,1.5
11175,New-c74a786,1-0,1.0,4081,3060,4031,1.6
11173,New-c74a786,0-1,0.0,4081,3060,4032,1.5
11174,Base-f462400,0-1,1.0,4082,3060,4032,1.6
11172,Base-f462400,1-0,0.0,4082,3060,4033,1.5
11177,New-c74a786,1-0,1.0,4083,3060,4033,1.6
11176,Base-f462400,1-0,0.0,4083,3060,4034,1.5
11178,Base-f462400,1-0,0.0,4083,3060,4035,1.5
11179,New-c74a786,1-0,1.0,4084,3060,4035,1.5
11183,New-c74a786,0-1,0.0,4084,3060,4036,1.5
11181,New-c74a786,1-0,1.0,4085,3060,4036,1.5
11182,Base-f462400,0-1,1.0,4086,3060,4036,1.6
11180,Base-f462400,0-1,1.0,4087,3060,4036,1.6
11184,Base-f462400,0-1,1.0,4088,3060,4036,1.6
11185,New-c74a786,1-0,1.0,4089,3060,4036,1.6
11186,Base-f462400,0-1,1.0,4090,3060,4036,1.7
11187,New-c74a786,1/2-1/2,0.5,4090,3061,4036,1.7
11189,New-c74a786,1-0,1.0,4091,3061,4036,1.7
11190,Base-f462400,1-0,0.0,4091,3061,4037,1.7
11188,Base-f462400,1/2-1/2,0.5,4091,3062,4037,1.7
11192,Base-f462400,0-1,1.0,4092,3062,4037,1.7
11193,New-c74a786,0-1,0.0,4092,3062,4038,1.7
11194,Base-f462400,0-1,1.0,4093,3062,4038,1.7
11191,New-c74a786,1/2-1/2,0.5,4093,3063,4038,1.7
11196,Base-f462400,1-0,0.0,4093,3063,4039,1.7
11197,New-c74a786,0-1,0.0,4093,3063,4040,1.6
11198,Base-f462400,1-0,0.0,4093,3063,4041,1.6
11199,New-c74a786,1/2-1/2,0.5,4093,3064,4041,1.6
11195,New-c74a786,0-1,0.0,4093,3064,4042,1.6
11200,Base-f462400,1-0,0.0,4093,3064,4043,1.6
11202,Base-f462400,0-1,1.0,4094,3064,4043,1.6
11201,New-c74a786,0-1,0.0,4094,3064,4044,1.6
11204,Base-f462400,1/2-1/2,0.5,4094,3065,4044,1.6
11203,New-c74a786,1-0,1.0,4095,3065,4044,1.6
11205,New-c74a786,0-1,0.0,4095,3065,4045,1.6
11206,Base-f462400,1/2-1/2,0.5,4095,3066,4045,1.6
11208,Base-f462400,0-1,1.0,4096,3066,4045,1.6
11209,New-c74a786,1-0,1.0,4097,3066,4045,1.6
11210,Base-f462400,1-0,0.0,4097,3066,4046,1.6
11207,New-c74a786,1/2-1/2,0.5,4097,3067,4046,1.6
11212,Base-f462400,0-1,1.0,4098,3067,4046,1.6
11211,New-c74a786,1-0,1.0,4099,3067,4046,1.6
11213,New-c74a786,0-1,0.0,4099,3067,4047,1.6
11215,New-c74a786,1/2-1/2,0.5,4099,3068,4047,1.6
11214,Base-f462400,1-0,0.0,4099,3068,4048,1.6
11217,New-c74a786,1-0,1.0,4100,3068,4048,1.6
11216,Base-f462400,0-1,1.0,4101,3068,4048,1.6
11219,New-c74a786,1/2-1/2,0.5,4101,3069,4048,1.6
11218,Base-f462400,1-0,0.0,4101,3069,4049,1.6
11221,New-c74a786,1-0,1.0,4102,3069,4049,1.6
11220,Base-f462400,1-0,0.0,4102,3069,4050,1.6
11224,Base-f462400,1-0,0.0,4102,3069,4051,1.6
11223,New-c74a786,0-1,0.0,4102,3069,4052,1.5
11222,Base-f462400,1-0,0.0,4102,3069,4053,1.5
11225,New-c74a786,1-0,1.0,4103,3069,4053,1.5
11226,Base-f462400,1/2-1/2,0.5,4103,3070,4053,1.5
11227,New-c74a786,0-1,0.0,4103,3070,4054,1.5
11229,New-c74a786,1/2-1/2,0.5,4103,3071,4054,1.5
11228,Base-f462400,0-1,1.0,4104,3071,4054,1.5
11232,Base-f462400,1/2-1/2,0.5,4104,3072,4054,1.5
11233,New-c74a786,1-0,1.0,4105,3072,4054,1.6
11234,Base-f462400,1-0,0.0,4105,3072,4055,1.5
11231,New-c74a786,1/2-1/2,0.5,4105,3073,4055,1.5
11230,Base-f462400,1-0,0.0,4105,3073,4056,1.5
11235,New-c74a786,1-0,1.0,4106,3073,4056,1.5
11236,Base-f462400,1-0,0.0,4106,3073,4057,1.5
11239,New-c74a786,1-0,1.0,4107,3073,4057,1.5
11237,New-c74a786,1-0,1.0,4108,3073,4057,1.6
11240,Base-f462400,0-1,1.0,4109,3073,4057,1.6
11238,Base-f462400,0-1,1.0,4110,3073,4057,1.6
11242,Base-f462400,1-0,0.0,4110,3073,4058,1.6
11241,New-c74a786,1-0,1.0,4111,3073,4058,1.6
11244,Base-f462400,1/2-1/2,0.5,4111,3074,4058,1.6
11243,New-c74a786,1-0,1.0,4112,3074,4058,1.7
11246,Base-f462400,0-1,1.0,4113,3074,4058,1.7
11247,New-c74a786,1-0,1.0,4114,3074,4058,1.7
11245,New-c74a786,0-1,0.0,4114,3074,4059,1.7
11248,Base-f462400,0-1,1.0,4115,3074,4059,1.7
11249,New-c74a786,0-1,0.0,4115,3074,4060,1.7
11251,New-c74a786,1-0,1.0,4116,3074,4060,1.7
11250,Base-f462400,1-0,0.0,4116,3074,4061,1.7
11253,New-c74a786,1/2-1/2,0.5,4116,3075,4061,1.7
11252,Base-f462400,1/2-1/2,0.5,4116,3076,4061,1.7
11255,New-c74a786,0-1,0.0,4116,3076,4062,1.7
11256,Base-f462400,0-1,1.0,4117,3076,4062,1.7
11254,Base-f462400,0-1,1.0,4118,3076,4062,1.7
11257,New-c74a786,0-1,0.0,4118,3076,4063,1.7
11259,New-c74a786,0-1,0.0,4118,3076,4064,1.7
11258,Base-f462400,1-0,0.0,4118,3076,4065,1.6
11260,Base-f462400,0-1,1.0,4119,3076,4065,1.7
11262,Base-f462400,1-0,0.0,4119,3076,4066,1.6
11261,New-c74a786,1/2-1/2,0.5,4119,3077,4066,1.6
11263,New-c74a786,0-1,0.0,4119,3077,4067,1.6
11264,Base-f462400,1/2-1/2,0.5,4119,3078,4067,1.6
11265,New-c74a786,1-0,1.0,4120,3078,4067,1.6
11269,New-c74a786,1/2-1/2,0.5,4120,3079,4067,1.6
11266,Base-f462400,0-1,1.0,4121,3079,4067,1.7
11267,New-c74a786,1/2-1/2,0.5,4121,3080,4067,1.7
11268,Base-f462400,0-1,1.0,4122,3080,4067,1.7
11271,New-c74a786,0-1,0.0,4122,3080,4068,1.7
11273,New-c74a786,0-1,0.0,4122,3080,4069,1.6
11270,Base-f462400,1/2-1/2,0.5,4122,3081,4069,1.6
11272,Base-f462400,0-1,1.0,4123,3081,4069,1.7
11274,Base-f462400,0-1,1.0,4124,3081,4069,1.7
11276,Base-f462400,0-1,1.0,4125,3081,4069,1.7
11279,New-c74a786,1-0,1.0,4126,3081,4069,1.8
11275,New-c74a786,1-0,1.0,4127,3081,4069,1.8
11278,Base-f462400,1-0,0.0,4127,3081,4070,1.8
11277,New-c74a786,0-1,0.0,4127,3081,4071,1.7
11280,Base-f462400,1-0,0.0,4127,3081,4072,1.7
11281,New-c74a786,1/2-1/2,0.5,4127,3082,4072,1.7
11283,New-c74a786,1-0,1.0,4128,3082,4072,1.7
11284,Base-f462400,1-0,0.0,4128,3082,4073,1.7
11286,Base-f462400,1-0,0.0,4128,3082,4074,1.7
11282,Base-f462400,1-0,0.0,4128,3082,4075,1.6
11287,New-c74a786,0-1,0.0,4128,3082,4076,1.6
11285,New-c74a786,0-1,0.0,4128,3082,4077,1.6
11288,Base-f462400,1-0,0.0,4128,3082,4078,1.5
11289,New-c74a786,0-1,0.0,4128,3082,4079,1.5
11290,Base-f462400,0-1,1.0,4129,3082,4079,1.5
11291,New-c74a786,1/2-1/2,0.5,4129,3083,4079,1.5
11292,Base-f462400,1-0,0.0,4129,3083,4080,1.5
11293,New-c74a786,1-0,1.0,4130,3083,4080,1.5
11294,Base-f462400,1-0,0.0,4130,3083,4081,1.5
11296,Base-f462400,0-1,1.0,4131,3083,4081,1.5
11295,New-c74a786,1-0,1.0,4132,3083,4081,1.6
11303,New-c74a786,1/2-1/2,0.5,4132,3084,4081,1.6
11298,Base-f462400,0-1,1.0,4133,3084,4081,1.6
11301,New-c74a786,1-0,1.0,4134,3084,4081,1.6
11302,Base-f462400,1-0,0.0,4134,3084,4082,1.6
11300,Base-f462400,1/2-1/2,0.5,4134,3085,4082,1.6
11299,New-c74a786,0-1,0.0,4134,3085,4083,1.6
11297,New-c74a786,1/2-1/2,0.5,4134,3086,4083,1.6
11304,Base-f462400,0-1,1.0,4135,3086,4083,1.6
11306,Base-f462400,1/2-1/2,0.5,4135,3087,4083,1.6
11305,New-c74a786,1-0,1.0,4136,3087,4083,1.6
11307,New-c74a786,0-1,0.0,4136,3087,4084,1.6
11308,Base-f462400,0-1,1.0,4137,3087,4084,1.6
11312,Base-f462400,1/2-1/2,0.5,4137,3088,4084,1.6
11310,Base-f462400,0-1,1.0,4138,3088,4084,1.7
11309,New-c74a786,0-1,0.0,4138,3088,4085,1.6
11311,New-c74a786,1-0,1.0,4139,3088,4085,1.7
11313,New-c74a786,1/2-1/2,0.5,4139,3089,4085,1.7
11315,New-c74a786,1-0,1.0,4140,3089,4085,1.7
11317,New-c74a786,1/2-1/2,0.5,4140,3090,4085,1.7
11314,Base-f462400,0-1,1.0,4141,3090,4085,1.7
11318,Base-f462400,0-1,1.0,4142,3090,4085,1.7
11319,New-c74a786,0-1,0.0,4142,3090,4086,1.7
11320,Base-f462400,1-0,0.0,4142,3090,4087,1.7
11316,Base-f462400,1-0,0.0,4142,3090,4088,1.7
11321,New-c74a786,0-1,0.0,4142,3090,4089,1.6
11322,Base-f462400,1/2-1/2,0.5,4142,3091,4089,1.6
11323,New-c74a786,1-0,1.0,4143,3091,4089,1.7
11324,Base-f462400,1/2-1/2,0.5,4143,3092,4089,1.7
11326,Base-f462400,1/2-1/2,0.5,4143,3093,4089,1.7
11327,New-c74a786,1/2-1/2,0.5,4143,3094,4089,1.7
11329,New-c74a786,0-1,0.0,4143,3094,4090,1.6
11325,New-c74a786,1/2-1/2,0.5,4143,3095,4090,1.6
11328,Base-f462400,1/2-1/2,0.5,4143,3096,4090,1.6
11331,New-c74a786,1-0,1.0,4144,3096,4090,1.7
11330,Base-f462400,1-0,0.0,4144,3096,4091,1.6
11333,New-c74a786,1-0,1.0,4145,3096,4091,1.7
11332,Base-f462400,1-0,0.0,4145,3096,4092,1.6
11335,New-c74a786,0-1,0.0,4145,3096,4093,1.6
11334,Base-f462400,1-0,0.0,4145,3096,4094,1.6
11336,Base-f462400,0-1,1.0,4146,3096,4094,1.6
11340,Base-f462400,1/2-1/2,0.5,4146,3097,4094,1.6
11337,New-c74a786,0-1,0.0,4146,3097,4095,1.6
11338,Base-f462400,1-0,0.0,4146,3097,4096,1.5
11341,New-c74a786,1-0,1.0,4147,3097,4096,1.6
11343,New-c74a786,0-1,0.0,4147,3097,4097,1.5
11339,New-c74a786,1/2-1/2,0.5,4147,3098,4097,1.5
11346,Base-f462400,0-1,1.0,4148,3098,4097,1.6
11347,New-c74a786,1/2-1/2,0.5,4148,3099,4097,1.6
11345,New-c74a786,1/2-1/2,0.5,4148,3100,4097,1.6
11344,Base-f462400,1/2-1/2,0.5,4148,3101,4097,1.6
11342,Base-f462400,1-0,0.0,4148,3101,4098,1.5
11349,New-c74a786,0-1,0.0,4148,3101,4099,1.5
11350,Base-f462400,0-1,1.0,4149,3101,4099,1.5
11351,New-c74a786,0-1,0.0,4149,3101,4100,1.5
11355,New-c74a786,1/2-1/2,0.5,4149,3102,4100,1.5
11352,Base-f462400,0-1,1.0,4150,3102,4100,1.5
11354,Base-f462400,0-1,1.0,4151,3102,4100,1.6
11353,New-c74a786,0-1,0.0,4151,3102,4101,1.5
11348,Base-f462400,1/2-1/2,0.5,4151,3103,4101,1.5
11356,Base-f462400,1/2-1/2,0.5,4151,3104,4101,1.5
11357,New-c74a786,0-1,0.0,4151,3104,4102,1.5
11362,Base-f462400,0-1,1.0,4152,3104,4102,1.5
11361,New-c74a786,1-0,1.0,4153,3104,4102,1.6
11360,Base-f462400,1-0,0.0,4153,3104,4103,1.5
11359,New-c74a786,1/2-1/2,0.5,4153,3105,4103,1.5
11358,Base-f462400,1/2-1/2,0.5,4153,3106,4103,1.5
11363,New-c74a786,1-0,1.0,4154,3106,4103,1.6
11366,Base-f462400,0-1,1.0,4155,3106,4103,1.6
11365,New-c74a786,1/2-1/2,0.5,4155,3107,4103,1.6
11364,Base-f462400,1/2-1/2,0.5,4155,3108,4103,1.6
11368,Base-f462400,0-1,1.0,4156,3108,4103,1.6
11369,New-c74a786,0-1,0.0,4156,3108,4104,1.6
11367,New-c74a786,0-1,0.0,4156,3108,4105,1.6
11370,Base-f462400,0-1,1.0,4157,3108,4105,1.6
11371,New-c74a786,1-0,1.0,4158,3108,4105,1.6
11372,Base-f462400,1-0,0.0,4158,3108,4106,1.6
11374,Base-f462400,1-0,0.0,4158,3108,4107,1.6
11375,New-c74a786,0-1,0.0,4158,3108,4108,1.5
11373,New-c74a786,1/2-1/2,0.5,4158,3109,4108,1.5
11376,Base-f462400,1/2-1/2,0.5,4158,3110,4108,1.5
11378,Base-f462400,0-1,1.0,4159,3110,4108,1.6
11377,New-c74a786,1-0,1.0,4160,3110,4108,1.6
11380,Base-f462400,1-0,0.0,4160,3110,4109,1.6
11379,New-c74a786,1-0,1.0,4161,3110,4109,1.6
11382,Base-f462400,1/2-1/2,0.5,4161,3111,4109,1.6
11386,Base-f462400,1-0,0.0,4161,3111,4110,1.6
11381,New-c74a786,1/2-1/2,0.5,4161,3112,4110,1.6
11384,Base-f462400,1-0,0.0,4161,3112,4111,1.5
11383,New-c74a786,1/2-1/2,0.5,4161,3113,4111,1.5
11385,New-c74a786,1/2-1/2,0.5,4161,3114,4111,1.5
11387,New-c74a786,0-1,0.0,4161,3114,4112,1.5
11389,New-c74a786,0-1,0.0,4161,3114,4113,1.5
11388,Base-f462400,1-0,0.0,4161,3114,4114,1.4
11390,Base-f462400,1-0,0.0,4161,3114,4115,1.4
11394,Base-f462400,1-0,0.0,4161,3114,4116,1.4
11391,New-c74a786,1-0,1.0,4162,3114,4116,1.4
11392,Base-f462400,0-1,1.0,4163,3114,4116,1.4
11393,New-c74a786,1-0,1.0,4164,3114,4116,1.5
11397,New-c74a786,1/2-1/2,0.5,4164,3115,4116,1.5
11395,New-c74a786,1-0,1.0,4165,3115,4116,1.5
11396,Base-f462400,0-1,1.0,4166,3115,4116,1.5
11398,Base-f462400,0-1,1.0,4167,3115,4116,1.6
11402,Base-f462400,1-0,0.0,4167,3115,4117,1.5
11399,New-c74a786,1/2-1/2,0.5,4167,3116,4117,1.5
11400,Base-f462400,0-1,1.0,4168,3116,4117,1.6
11401,New-c74a786,0-1,0.0,4168,3116,4118,1.5
11405,New-c74a786,1-0,1.0,4169,3116,4118,1.6
11403,New-c74a786,1-0,1.0,4170,3116,4118,1.6
11404,Base-f462400,1/2-1/2,0.5,4170,3117,4118,1.6
11406,Base-f462400,0-1,1.0,4171,3117,4118,1.6
11408,Base-f462400,1-0,0.0,4171,3117,4119,1.6
11410,Base-f462400,1/2-1/2,0.5,4171,3118,4119,1.6
11409,New-c74a786,1-0,1.0,4172,3118,4119,1.6
11407,New-c74a786,1/2-1/2,0.5,4172,3119,4119,1.6
11413,New-c74a786,1-0,1.0,4173,3119,4119,1.6
11411,New-c74a786,0-1,0.0,4173,3119,4120,1.6
11412,Base-f462400,1-0,0.0,4173,3119,4121,1.6
11419,New-c74a786,1/2-1/2,0.5,4173,3120,4121,1.6
11416,Base-f462400,1-0,0.0,4173,3120,4122,1.6
11414,Base-f462400,0-1,1.0,4174,3120,4122,1.6
11415,New-c74a786,1/2-1/2,0.5,4174,3121,4122,1.6
11418,Base-f462400,1/2-1/2,0.5,4174,3122,4122,1.6
11417,New-c74a786,1-0,1.0,4175,3122,4122,1.6
11420,Base-f462400,0-1,1.0,4176,3122,4122,1.6
11422,Base-f462400,1/2-1/2,0.5,4176,3123,4122,1.6
11424,Base-f462400,1/2-1/2,0.5,4176,3124,4122,1.6
11427,New-c74a786,1/2-1/2,0.5,4176,3125,4122,1.6
11421,New-c74a786,0-1,0.0,4176,3125,4123,1.6
11425,New-c74a786,0-1,0.0,4176,3125,4124,1.6
11426,Base-f462400,1-0,0.0,4176,3125,4125,1.6
11428,Base-f462400,0-1,1.0,4177,3125,4125,1.6
11423,New-c74a786,0-1,0.0,4177,3125,4126,1.6
11429,New-c74a786,1/2-1/2,0.5,4177,3126,4126,1.6
11430,Base-f462400,0-1,1.0,4178,3126,4126,1.6
11431,New-c74a786,1-0,1.0,4179,3126,4126,1.6
11432,Base-f462400,1-0,0.0,4179,3126,4127,1.6
11434,Base-f462400,1/2-1/2,0.5,4179,3127,4127,1.6
11437,New-c74a786,1-0,1.0,4180,3127,4127,1.6
11436,Base-f462400,1/2-1/2,0.5,4180,3128,4127,1.6
11435,New-c74a786,0-1,0.0,4180,3128,4128,1.6
11433,New-c74a786,1/2-1/2,0.5,4180,3129,4128,1.6
11440,Base-f462400,1-0,0.0,4180,3129,4129,1.5
11438,Base-f462400,0-1,1.0,4181,3129,4129,1.6
11441,New-c74a786,1-0,1.0,4182,3129,4129,1.6
11445,New-c74a786,1-0,1.0,4183,3129,4129,1.6
11439,New-c74a786,1/2-1/2,0.5,4183,3130,4129,1.6
11442,Base-f462400,0-1,1.0,4184,3130,4129,1.7
11443,New-c74a786,1-0,1.0,4185,3130,4129,1.7
11444,Base-f462400,0-1,1.0,4186,3130,4129,1.7
11447,New-c74a786,0-1,0.0,4186,3130,4130,1.7
11448,Base-f462400,0-1,1.0,4187,3130,4130,1.7
11452,Base-f462400,1/2-1/2,0.5,4187,3131,4130,1.7
11446,Base-f462400,1/2-1/2,0.5,4187,3132,4130,1.7
11449,New-c74a786,1/2-1/2,0.5,4187,3133,4130,1.7
11450,Base-f462400,0-1,1.0,4188,3133,4130,1.8
11451,New-c74a786,1-0,1.0,4189,3133,4130,1.8
11453,New-c74a786,1/2-1/2,0.5,4189,3134,4130,1.8
11456,Base-f462400,1-0,0.0,4189,3134,4131,1.8
11454,Base-f462400,0-1,1.0,4190,3134,4131,1.8
11458,Base-f462400,1/2-1/2,0.5,4190,3135,4131,1.8
11455,New-c74a786,1/2-1/2,0.5,4190,3136,4131,1.8
11457,New-c74a786,1/2-1/2,0.5,4190,3137,4131,1.8
11460,Base-f462400,0-1,1.0,4191,3137,4131,1.8
11459,New-c74a786,1/2-1/2,0.5,4191,3138,4131,1.8
11462,Base-f462400,1-0,0.0,4191,3138,4132,1.8
11461,New-c74a786,1/2-1/2,0.5,4191,3139,4132,1.8
11463,New-c74a786,1-0,1.0,4192,3139,4132,1.8
11466,Base-f462400,0-1,1.0,4193,3139,4132,1.8
11467,New-c74a786,1/2-1/2,0.5,4193,3140,4132,1.8
11468,Base-f462400,1-0,0.0,4193,3140,4133,1.8
11465,New-c74a786,0-1,0.0,4193,3140,4134,1.8
11469,New-c74a786,1-0,1.0,4194,3140,4134,1.8
11464,Base-f462400,0-1,1.0,4195,3140,4134,1.8
11471,New-c74a786,1/2-1/2,0.5,4195,3141,4134,1.8
11470,Base-f462400,1-0,0.0,4195,3141,4135,1.8
11473,New-c74a786,1-0,1.0,4196,3141,4135,1.8
11478,Base-f462400,1-0,0.0,4196,3141,4136,1.8
11476,Base-f462400,1-0,0.0,4196,3141,4137,1.8
11475,New-c74a786,1-0,1.0,4197,3141,4137,1.8
11472,Base-f462400,1-0,0.0,4197,3141,4138,1.8
11474,Base-f462400,0-1,1.0,4198,3141,4138,1.8
11480,Base-f462400,1/2-1/2,0.5,4198,3142,4138,1.8
11479,New-c74a786,1-0,1.0,4199,3142,4138,1.8
11481,New-c74a786,1-0,1.0,4200,3142,4138,1.9
11477,New-c74a786,1/2-1/2,0.5,4200,3143,4138,1.9
11484,Base-f462400,0-1,1.0,4201,3143,4138,1.9
11482,Base-f462400,0-1,1.0,4202,3143,4138,1.9
11483,New-c74a786,1-0,1.0,4203,3143,4138,2.0
11487,New-c74a786,0-1,0.0,4203,3143,4139,1.9
11485,New-c74a786,1-0,1.0,4204,3143,4139,2.0
11486,Base-f462400,1-0,0.0,4204,3143,4140,1.9
11488,Base-f462400,1-0,0.0,4204,3143,4141,1.9
11489,New-c74a786,0-1,0.0,4204,3143,4142,1.9
11490,Base-f462400,0-1,1.0,4205,3143,4142,1.9
11491,New-c74a786,1-0,1.0,4206,3143,4142,1.9
11492,Base-f462400,0-1,1.0,4207,3143,4142,2.0
11496,Base-f462400,1-0,0.0,4207,3143,4143,1.9
11493,New-c74a786,0-1,0.0,4207,3143,4144,1.9
11498,Base-f462400,1/2-1/2,0.5,4207,3144,4144,1.9
11494,Base-f462400,1-0,0.0,4207,3144,4145,1.9
11495,New-c74a786,0-1,0.0,4207,3144,4146,1.8
11499,New-c74a786,1-0,1.0,4208,3144,4146,1.9
11497,New-c74a786,1/2-1/2,0.5,4208,3145,4146,1.9
11503,New-c74a786,1-0,1.0,4209,3145,4146,1.9
11502,Base-f462400,1/2-1/2,0.5,4209,3146,4146,1.9
11504,Base-f462400,1-0,0.0,4209,3146,4147,1.9
11501,New-c74a786,1-0,1.0,4210,3146,4147,1.9
11500,Base-f462400,1-0,0.0,4210,3146,4148,1.9
11505,New-c74a786,1-0,1.0,4211,3146,4148,1.9
11506,Base-f462400,1-0,0.0,4211,3146,4149,1.9
11507,New-c74a786,0-1,0.0,4211,3146,4150,1.8
11509,New-c74a786,0-1,0.0,4211,3146,4151,1.8
11508,Base-f462400,0-1,1.0,4212,3146,4151,1.8
11510,Base-f462400,0-1,1.0,4213,3146,4151,1.9
11511,New-c74a786,0-1,0.0,4213,3146,4152,1.8
11513,New-c74a786,1-0,1.0,4214,3146,4152,1.9
11516,Base-f462400,1/2-1/2,0.5,4214,3147,4152,1.9
11512,Base-f462400,1-0,0.0,4214,3147,4153,1.8
11515,New-c74a786,0-1,0.0,4214,3147,4154,1.8
11517,New-c74a786,1-0,1.0,4215,3147,4154,1.8
11518,Base-f462400,0-1,1.0,4216,3147,4154,1.9
11514,Base-f462400,1/2-1/2,0.5,4216,3148,4154,1.9
11520,Base-f462400,1/2-1/2,0.5,4216,3149,4154,1.9
11519,New-c74a786,1-0,1.0,4217,3149,4154,1.9
11524,Base-f462400,1/2-1/2,0.5,4217,3150,4154,1.9
11522,Base-f462400,1-0,0.0,4217,3150,4155,1.9
11523,New-c74a786,0-1,0.0,4217,3150,4156,1.8
11521,New-c74a786,1-0,1.0,4218,3150,4156,1.9
11527,New-c74a786,0-1,0.0,4218,3150,4157,1.8
11525,New-c74a786,1-0,1.0,4219,3150,4157,1.9
11528,Base-f462400,1-0,0.0,4219,3150,4158,1.8
11530,Base-f462400,1/2-1/2,0.5,4219,3151,4158,1.8
11526,Base-f462400,0-1,1.0,4220,3151,4158,1.9
11529,New-c74a786,1-0,1.0,4221,3151,4158,1.9
11532,Base-f462400,0-1,1.0,4222,3151,4158,1.9
11531,New-c74a786,0-1,0.0,4222,3151,4159,1.9
11534,Base-f462400,1/2-1/2,0.5,4222,3152,4159,1.9
11533,New-c74a786,1/2-1/2,0.5,4222,3153,4159,1.9
11536,Base-f462400,1/2-1/2,0.5,4222,3154,4159,1.9
11535,New-c74a786,0-1,0.0,4222,3154,4160,1.9
11540,Base-f462400,1-0,0.0,4222,3154,4161,1.8
11538,Base-f462400,0-1,1.0,4223,3154,4161,1.9
11537,New-c74a786,1-0,1.0,4224,3154,4161,1.9
11539,New-c74a786,1-0,1.0,4225,3154,4161,1.9
11545,New-c74a786,1/2-1/2,0.5,4225,3155,4161,1.9
11541,New-c74a786,1/2-1/2,0.5,4225,3156,4161,1.9
11543,New-c74a786,1-0,1.0,4226,3156,4161,2.0
11542,Base-f462400,1-0,0.0,4226,3156,4162,1.9
11547,New-c74a786,1/2-1/2,0.5,4226,3157,4162,1.9
11544,Base-f462400,0-1,1.0,4227,3157,4162,2.0
11549,New-c74a786,1/2-1/2,0.5,4227,3158,4162,2.0
11546,Base-f462400,0-1,1.0,4228,3158,4162,2.0
11550,Base-f462400,1/2-1/2,0.5,4228,3159,4162,2.0
11548,Base-f462400,1-0,0.0,4228,3159,4163,2.0
11551,New-c74a786,1-0,1.0,4229,3159,4163,2.0
11552,Base-f462400,0-1,1.0,4230,3159,4163,2.0
11554,Base-f462400,0-1,1.0,4231,3159,4163,2.0
11555,New-c74a786,1/2-1/2,0.5,4231,3160,4163,2.0
11556,Base-f462400,1/2-1/2,0.5,4231,3161,4163,2.0
11553,New-c74a786,1/2-1/2,0.5,4231,3162,4163,2.0
11558,Base-f462400,1/2-1/2,0.5,4231,3163,4163,2.0
11559,New-c74a786,1-0,1.0,4232,3163,4163,2.1
11560,Base-f462400,1-0,0.0,4232,3163,4164,2.0
11562,Base-f462400,1/2-1/2,0.5,4232,3164,4164,2.0
11557,New-c74a786,1-0,1.0,4233,3164,4164,2.1
11561,New-c74a786,0-1,0.0,4233,3164,4165,2.0
11563,New-c74a786,1/2-1/2,0.5,4233,3165,4165,2.0
11566,Base-f462400,0-1,1.0,4234,3165,4165,2.1
11565,New-c74a786,1/2-1/2,0.5,4234,3166,4165,2.1
11564,Base-f462400,1-0,0.0,4234,3166,4166,2.0
11567,New-c74a786,1/2-1/2,0.5,4234,3167,4166,2.0
11569,New-c74a786,0-1,0.0,4234,3167,4167,2.0
11568,Base-f462400,1-0,0.0,4234,3167,4168,2.0
11572,Base-f462400,1-0,0.0,4234,3167,4169,2.0
11571,New-c74a786,1-0,1.0,4235,3167,4169,2.0
11577,New-c74a786,0-1,0.0,4235,3167,4170,2.0
11573,New-c74a786,1-0,1.0,4236,3167,4170,2.0
11576,Base-f462400,1/2-1/2,0.5,4236,3168,4170,2.0
11574,Base-f462400,0-1,1.0,4237,3168,4170,2.0
11570,Base-f462400,1/2-1/2,0.5,4237,3169,4170,2.0
11575,New-c74a786,1/2-1/2,0.5,4237,3170,4170,2.0
11578,Base-f462400,1-0,0.0,4237,3170,4171,2.0
11580,Base-f462400,1-0,0.0,4237,3170,4172,2.0
11581,New-c74a786,0-1,0.0,4237,3170,4173,1.9
11584,Base-f462400,1-0,0.0,4237,3170,4174,1.9
11583,New-c74a786,0-1,0.0,4237,3170,4175,1.9
11579,New-c74a786,1/2-1/2,0.5,4237,3171,4175,1.9
11582,Base-f462400,0-1,1.0,4238,3171,4175,1.9
11587,New-c74a786,1-0,1.0,4239,3171,4175,1.9
11585,New-c74a786,0-1,0.0,4239,3171,4176,1.9
11591,New-c74a786,1/2-1/2,0.5,4239,3172,4176,1.9
11586,Base-f462400,1-0,0.0,4239,3172,4177,1.9
11588,Base-f462400,1-0,0.0,4239,3172,4178,1.8
11589,New-c74a786,1-0,1.0,4240,3172,4178,1.9
11590,Base-f462400,1-0,0.0,4240,3172,4179,1.8
11593,New-c74a786,1/2-1/2,0.5,4240,3173,4179,1.8
11592,Base-f462400,0-1,1.0,4241,3173,4179,1.9
11596,Base-f462400,0-1,1.0,4242,3173,4179,1.9
11595,New-c74a786,0-1,0.0,4242,3173,4180,1.9
11597,New-c74a786,1-0,1.0,4243,3173,4180,1.9
11601,New-c74a786,1/2-1/2,0.5,4243,3174,4180,1.9
11594,Base-f462400,1/2-1/2,0.5,4243,3175,4180,1.9
11598,Base-f462400,1/2-1/2,0.5,4243,3176,4180,1.9
11600,Base-f462400,1-0,0.0,4243,3176,4181,1.9
11599,New-c74a786,1/2-1/2,0.5,4243,3177,4181,1.9
11602,Base-f462400,1/2-1/2,0.5,4243,3178,4181,1.9
11603,New-c74a786,1/2-1/2,0.5,4243,3179,4181,1.9
11605,New-c74a786,1/2-1/2,0.5,4243,3180,4181,1.9
11606,Base-f462400,1-0,0.0,4243,3180,4182,1.8
11609,New-c74a786,0-1,0.0,4243,3180,4183,1.8
11607,New-c74a786,0-1,0.0,4243,3180,4184,1.8
11604,Base-f462400,1/2-1/2,0.5,4243,3181,4184,1.8
11608,Base-f462400,1-0,0.0,4243,3181,4185,1.7
11610,Base-f462400,0-1,1.0,4244,3181,4185,1.8
11612,Base-f462400,1-0,0.0,4244,3181,4186,1.7
11611,New-c74a786,1-0,1.0,4245,3181,4186,1.8
11613,New-c74a786,0-1,0.0,4245,3181,4187,1.7
11619,New-c74a786,1-0,1.0,4246,3181,4187,1.8
11618,Base-f462400,1-0,0.0,4246,3181,4188,1.7
11615,New-c74a786,0-1,0.0,4246,3181,4189,1.7
11614,Base-f462400,1/2-1/2,0.5,4246,3182,4189,1.7
11617,New-c74a786,1-0,1.0,4247,3182,4189,1.7
11616,Base-f462400,1/2-1/2,0.5,4247,3183,4189,1.7
11620,Base-f462400,1/2-1/2,0.5,4247,3184,4189,1.7
11621,New-c74a786,1/2-1/2,0.5,4247,3185,4189,1.7
11622,Base-f462400,0-1,1.0,4248,3185,4189,1.8
11627,New-c74a786,1-0,1.0,4249,3185,4189,1.8
11625,New-c74a786,0-1,0.0,4249,3185,4190,1.8
11626,Base-f462400,1-0,0.0,4249,3185,4191,1.7
11623,New-c74a786,0-1,0.0,4249,3185,4192,1.7
11624,Base-f462400,0-1,1.0,4250,3185,4192,1.7
11628,Base-f462400,0-1,1.0,4251,3185,4192,1.8
11629,New-c74a786,1-0,1.0,4252,3185,4192,1.8
11630,Base-f462400,0-1,1.0,4253,3185,4192,1.8
11631,New-c74a786,1-0,1.0,4254,3185,4192,1.9
11634,Base-f462400,0-1,1.0,4255,3185,4192,1.9
11633,New-c74a786,0-1,0.0,4255,3185,4193,1.9
11641,New-c74a786,0-1,0.0,4255,3185,4194,1.8
11642,Base-f462400,0-1,1.0,4256,3185,4194,1.9
11635,New-c74a786,1-0,1.0,4257,3185,4194,1.9
11632,Base-f462400,1-0,0.0,4257,3185,4195,1.9
11637,New-c74a786,1-0,1.0,4258,3185,4195,1.9
11636,Base-f462400,1/2-1/2,0.5,4258,3186,4195,1.9
11644,Base-f462400,0-1,1.0,4259,3186,4195,1.9
11639,New-c74a786,1/2-1/2,0.5,4259,3187,4195,1.9
11645,New-c74a786,1-0,1.0,4260,3187,4195,1.9
11638,Base-f462400,1-0,0.0,4260,3187,4196,1.9
11640,Base-f462400,0-1,1.0,4261,3187,4196,1.9
11643,New-c74a786,1-0,1.0,4262,3187,4196,2.0
11646,Base-f462400,1-0,0.0,4262,3187,4197,1.9
11649,New-c74a786,1-0,1.0,4263,3187,4197,2.0
11648,Base-f462400,1/2-1/2,0.5,4263,3188,4197,2.0
11647,New-c74a786,0-1,0.0,4263,3188,4198,1.9
11652,Base-f462400,1-0,0.0,4263,3188,4199,1.9
11651,New-c74a786,0-1,0.0,4263,3188,4200,1.9
11650,Base-f462400,0-1,1.0,4264,3188,4200,1.9
11653,New-c74a786,0-1,0.0,4264,3188,4201,1.9
11655,New-c74a786,1/2-1/2,0.5,4264,3189,4201,1.9
11654,Base-f462400,1-0,0.0,4264,3189,4202,1.8
11656,Base-f462400,1/2-1/2,0.5,4264,3190,4202,1.8
11657,New-c74a786,1/2-1/2,0.5,4264,3191,4202,1.8
11658,Base-f462400,0-1,1.0,4265,3191,4202,1.9
11660,Base-f462400,1-0,0.0,4265,3191,4203,1.8
11661,New-c74a786,0-1,0.0,4265,3191,4204,1.8
11659,New-c74a786,1-0,1.0,4266,3191,4204,1.8
11662,Base-f462400,1/2-1/2,0.5,4266,3192,4204,1.8
11665,New-c74a786,1-0,1.0,4267,3192,4204,1.9
11663,New-c74a786,1-0,1.0,4268,3192,4204,1.9
11669,New-c74a786,1-0,1.0,4269,3192,4204,1.9
11666,Base-f462400,1-0,0.0,4269,3192,4205,1.9
11664,Base-f462400,1/2-1/2,0.5,4269,3193,4205,1.9
11673,New-c74a786,1/2-1/2,0.5,4269,3194,4205,1.9
11668,Base-f462400,1/2-1/2,0.5,4269,3195,4205,1.9
11667,New-c74a786,0-1,0.0,4269,3195,4206,1.9
11670,Base-f462400,1-0,0.0,4269,3195,4207,1.8
11672,Base-f462400,1/2-1/2,0.5,4269,3196,4207,1.8
11671,New-c74a786,1-0,1.0,4270,3196,4207,1.9
11674,Base-f462400,1-0,0.0,4270,3196,4208,1.8
11675,New-c74a786,0-1,0.0,4270,3196,4209,1.8
11676,Base-f462400,0-1,1.0,4271,3196,4209,1.8
11677,New-c74a786,1-0,1.0,4272,3196,4209,1.9
11679,New-c74a786,1/2-1/2,0.5,4272,3197,4209,1.9
11678,Base-f462400,1-0,0.0,4272,3197,4210,1.8
11680,Base-f462400,1-0,0.0,4272,3197,4211,1.8
11681,New-c74a786,1-0,1.0,4273,3197,4211,1.8
11683,New-c74a786,1-0,1.0,4274,3197,4211,1.9
11682,Base-f462400,1-0,0.0,4274,3197,4212,1.8
11684,Base-f462400,1-0,0.0,4274,3197,4213,1.8
11687,New-c74a786,1-0,1.0,4275,3197,4213,1.8
11685,New-c74a786,1-0,1.0,4276,3197,4213,1.9
11686,Base-f462400,0-1,1.0,4277,3197,4213,1.9
11688,Base-f462400,0-1,1.0,4278,3197,4213,1.9
11689,New-c74a786,1-0,1.0,4279,3197,4213,2.0
11692,Base-f462400,0-1,1.0,4280,3197,4213,2.0
11691,New-c74a786,1/2-1/2,0.5,4280,3198,4213,2.0
11690,Base-f462400,0-1,1.0,4281,3198,4213,2.0
11693,New-c74a786,1-0,1.0,4282,3198,4213,2.1
11695,New-c74a786,1-0,1.0,4283,3198,4213,2.1
11694,Base-f462400,1-0,0.0,4283,3198,4214,2.0
11696,Base-f462400,0-1,1.0,4284,3198,4214,2.1
11700,Base-f462400,1-0,0.0,4284,3198,4215,2.0
11697,New-c74a786,1-0,1.0,4285,3198,4215,2.1
11699,New-c74a786,1-0,1.0,4286,3198,4215,2.1
11702,Base-f462400,1-0,0.0,4286,3198,4216,2.1
11698,Base-f462400,0-1,1.0,4287,3198,4216,2.1
11703,New-c74a786,0-1,0.0,4287,3198,4217,2.1
11701,New-c74a786,1/2-1/2,0.5,4287,3199,4217,2.1
11707,New-c74a786,1/2-1/2,0.5,4287,3200,4217,2.1
11708,Base-f462400,1-0,0.0,4287,3200,4218,2.0
11706,Base-f462400,1/2-1/2,0.5,4287,3201,4218,2.0
11705,New-c74a786,1-0,1.0,4288,3201,4218,2.1
11704,Base-f462400,1/2-1/2,0.5,4288,3202,4218,2.1
11709,New-c74a786,0-1,0.0,4288,3202,4219,2.0
11714,Base-f462400,1-0,0.0,4288,3202,4220,2.0
11710,Base-f462400,0-1,1.0,4289,3202,4220,2.0
11711,New-c74a786,1-0,1.0,4290,3202,4220,2.1
11712,Base-f462400,0-1,1.0,4291,3202,4220,2.1
11716,Base-f462400,1/2-1/2,0.5,4291,3203,4220,2.1
11713,New-c74a786,1-0,1.0,4292,3203,4220,2.1
11717,New-c74a786,1/2-1/2,0.5,4292,3204,4220,2.1
11715,New-c74a786,1/2-1/2,0.5,4292,3205,4220,2.1
11718,Base-f462400,1-0,0.0,4292,3205,4221,2.1
11720,Base-f462400,0-1,1.0,4293,3205,4221,2.1
11722,Base-f462400,0-1,1.0,4294,3205,4221,2.2
11721,New-c74a786,0-1,0.0,4294,3205,4222,2.1
11719,New-c74a786,1-0,1.0,4295,3205,4222,2.2
11723,New-c74a786,0-1,0.0,4295,3205,4223,2.1
11724,Base-f462400,1/2-1/2,0.5,4295,3206,4223,2.1
11726,Base-f462400,1/2-1/2,0.5,4295,3207,4223,2.1
11725,New-c74a786,1/2-1/2,0.5,4295,3208,4223,2.1
11729,New-c74a786,1-0,1.0,4296,3208,4223,2.2
11727,New-c74a786,1-0,1.0,4297,3208,4223,2.2
11728,Base-f462400,0-1,1.0,4298,3208,4223,2.2
11731,New-c74a786,1-0,1.0,4299,3208,4223,2.3
11730,Base-f462400,1-0,0.0,4299,3208,4224,2.2
11736,Base-f462400,1/2-1/2,0.5,4299,3209,4224,2.2
11734,Base-f462400,1-0,0.0,4299,3209,4225,2.2
11735,New-c74a786,1/2-1/2,0.5,4299,3210,4225,2.2
11733,New-c74a786,0-1,0.0,4299,3210,4226,2.2
11737,New-c74a786,1/2-1/2,0.5,4299,3211,4226,2.2
11732,Base-f462400,1/2-1/2,0.5,4299,3212,4226,2.2
11738,Base-f462400,0-1,1.0,4300,3212,4226,2.2
11739,New-c74a786,1-0,1.0,4301,3212,4226,2.2
11740,Base-f462400,1-0,0.0,4301,3212,4227,2.2
11743,New-c74a786,0-1,0.0,4301,3212,4228,2.2
11741,New-c74a786,1-0,1.0,4302,3212,4228,2.2
11742,Base-f462400,0-1,1.0,4303,3212,4228,2.2
11747,New-c74a786,1/2-1/2,0.5,4303,3213,4228,2.2
11745,New-c74a786,1-0,1.0,4304,3213,4228,2.2
11744,Base-f462400,0-1,1.0,4305,3213,4228,2.3
11746,Base-f462400,0-1,1.0,4306,3213,4228,2.3
11748,Base-f462400,0-1,1.0,4307,3213,4228,2.3
11750,Base-f462400,1/2-1/2,0.5,4307,3214,4228,2.3
11749,New-c74a786,0-1,0.0,4307,3214,4229,2.3
11751,New-c74a786,0-1,0.0,4307,3214,4230,2.3
11754,Base-f462400,0-1,1.0,4308,3214,4230,2.3
11757,New-c74a786,1/2-1/2,0.5,4308,3215,4230,2.3
11753,New-c74a786,1/2-1/2,0.5,4308,3216,4230,2.3
11752,Base-f462400,1/2-1/2,0.5,4308,3217,4230,2.3
11755,New-c74a786,1/2-1/2,0.5,4308,3218,4230,2.3
11756,Base-f462400,0-1,1.0,4309,3218,4230,2.3
11760,Base-f462400,1-0,0.0,4309,3218,4231,2.3
11758,Base-f462400,1-0,0.0,4309,3218,4232,2.3
11761,New-c74a786,1/2-1/2,0.5,4309,3219,4232,2.3
11759,New-c74a786,1/2-1/2,0.5,4309,3220,4232,2.3
11763,New-c74a786,1/2-1/2,0.5,4309,3221,4232,2.3
11762,Base-f462400,1-0,0.0,4309,3221,4233,2.2
11765,New-c74a786,1-0,1.0,4310,3221,4233,2.3
11764,Base-f462400,1/2-1/2,0.5,4310,3222,4233,2.3
11768,Base-f462400,1-0,0.0,4310,3222,4234,2.2
11767,New-c74a786,0-1,0.0,4310,3222,4235,2.2
11766,Base-f462400,1-0,0.0,4310,3222,4236,2.2
11770,Base-f462400,0-1,1.0,4311,3222,4236,2.2
11771,New-c74a786,1-0,1.0,4312,3222,4236,2.2
11769,New-c74a786,0-1,0.0,4312,3222,4237,2.2
11773,New-c74a786,1/2-1/2,0.5,4312,3223,4237,2.2
11772,Base-f462400,1-0,0.0,4312,3223,4238,2.2
11775,New-c74a786,1-0,1.0,4313,3223,4238,2.2
11776,Base-f462400,1-0,0.0,4313,3223,4239,2.2
11777,New-c74a786,1-0,1.0,4314,3223,4239,2.2
11774,Base-f462400,1/2-1/2,0.5,4314,3224,4239,2.2
11779,New-c74a786,0-1,0.0,4314,3224,4240,2.2
11782,Base-f462400,1-0,0.0,4314,3224,4241,2.2
11778,Base-f462400,1/2-1/2,0.5,4314,3225,4241,2.2
11781,New-c74a786,1-0,1.0,4315,3225,4241,2.2
11780,Base-f462400,1/2-1/2,0.5,4315,3226,4241,2.2
11786,Base-f462400,1/2-1/2,0.5,4315,3227,4241,2.2
11784,Base-f462400,1/2-1/2,0.5,4315,3228,4241,2.2
11783,New-c74a786,0-1,0.0,4315,3228,4242,2.2
11789,New-c74a786,1-0,1.0,4316,3228,4242,2.2
11787,New-c74a786,1/2-1/2,0.5,4316,3229,4242,2.2
11785,New-c74a786,1/2-1/2,0.5,4316,3230,4242,2.2
11788,Base-f462400,0-1,1.0,4317,3230,4242,2.2
11790,Base-f462400,0-1,1.0,4318,3230,4242,2.2
11791,New-c74a786,1/2-1/2,0.5,4318,3231,4242,2.2
11793,New-c74a786,0-1,0.0,4318,3231,4243,2.2
11792,Base-f462400,0-1,1.0,4319,3231,4243,2.2
11795,New-c74a786,1-0,1.0,4320,3231,4243,2.3
11794,Base-f462400,0-1,1.0,4321,3231,4243,2.3
11797,New-c74a786,0-1,0.0,4321,3231,4244,2.3
11803,New-c74a786,1/2-1/2,0.5,4321,3232,4244,2.3
11796,Base-f462400,1-0,0.0,4321,3232,4245,2.2
11798,Base-f462400,1-0,0.0,4321,3232,4246,2.2
11799,New-c74a786,1-0,1.0,4322,3232,4246,2.2
11800,Base-f462400,1/2-1/2,0.5,4322,3233,4246,2.2
11801,New-c74a786,1/2-1/2,0.5,4322,3234,4246,2.2
11802,Base-f462400,1-0,0.0,4322,3234,4247,2.2
11804,Base-f462400,0-1,1.0,4323,3234,4247,2.2
11806,Base-f462400,1-0,0.0,4323,3234,4248,2.2
11805,New-c74a786,1/2-1/2,0.5,4323,3235,4248,2.2
11808,Base-f462400,1-0,0.0,4323,3235,4249,2.2
11810,Base-f462400,1-0,0.0,4323,3235,4250,2.1
11809,New-c74a786,0-1,0.0,4323,3235,4251,2.1
11807,New-c74a786,1/2-1/2,0.5,4323,3236,4251,2.1
11813,New-c74a786,1/2-1/2,0.5,4323,3237,4251,2.1
11812,Base-f462400,1-0,0.0,4323,3237,4252,2.1
11811,New-c74a786,1-0,1.0,4324,3237,4252,2.1
11817,New-c74a786,1-0,1.0,4325,3237,4252,2.1
11815,New-c74a786,1/2-1/2,0.5,4325,3238,4252,2.1
11814,Base-f462400,0-1,1.0,4326,3238,4252,2.2
11816,Base-f462400,1-0,0.0,4326,3238,4253,2.1
11819,New-c74a786,1-0,1.0,4327,3238,4253,2.2
11818,Base-f462400,1-0,0.0,4327,3238,4254,2.1
11821,New-c74a786,0-1,0.0,4327,3238,4255,2.1
11820,Base-f462400,1/2-1/2,0.5,4327,3239,4255,2.1
11822,Base-f462400,1-0,0.0,4327,3239,4256,2.1
11823,New-c74a786,0-1,0.0,4327,3239,4257,2.1
11824,Base-f462400,1-0,0.0,4327,3239,4258,2.0
11825,New-c74a786,0-1,0.0,4327,3239,4259,2.0
11826,Base-f462400,1/2-1/2,0.5,4327,3240,4259,2.0
11828,Base-f462400,0-1,1.0,4328,3240,4259,2.0
11830,Base-f462400,1-0,0.0,4328,3240,4260,2.0
11829,New-c74a786,1-0,1.0,4329,3240,4260,2.0
11827,New-c74a786,1/2-1/2,0.5,4329,3241,4260,2.0
11831,New-c74a786,1-0,1.0,4330,3241,4260,2.1
11832,Base-f462400,1/2-1/2,0.5,4330,3242,4260,2.1
11837,New-c74a786,1/2-1/2,0.5,4330,3243,4260,2.1
11833,New-c74a786,1-0,1.0,4331,3243,4260,2.1
11836,Base-f462400,1-0,0.0,4331,3243,4261,2.1
11834,Base-f462400,1/2-1/2,0.5,4331,3244,4261,2.1
11838,Base-f462400,1/2-1/2,0.5,4331,3245,4261,2.1
11840,Base-f462400,1/2-1/2,0.5,4331,3246,4261,2.1
11839,New-c74a786,1/2-1/2,0.5,4331,3247,4261,2.1
11841,New-c74a786,1-0,1.0,4332,3247,4261,2.1
11835,New-c74a786,1/2-1/2,0.5,4332,3248,4261,2.1
11842,Base-f462400,0-1,1.0,4333,3248,4261,2.1
11843,New-c74a786,0-1,0.0,4333,3248,4262,2.1
11847,New-c74a786,0-1,0.0,4333,3248,4263,2.1
11849,New-c74a786,0-1,0.0,4333,3248,4264,2.0
11845,New-c74a786,1/2-1/2,0.5,4333,3249,4264,2.0
11848,Base-f462400,0-1,1.0,4334,3249,4264,2.1
11846,Base-f462400,1-0,0.0,4334,3249,4265,2.0
11851,New-c74a786,1-0,1.0,4335,3249,4265,2.1
11850,Base-f462400,1-0,0.0,4335,3249,4266,2.0
11844,Base-f462400,1/2-1/2,0.5,4335,3250,4266,2.0
11855,New-c74a786,1-0,1.0,4336,3250,4266,2.1
11854,Base-f462400,1-0,0.0,4336,3250,4267,2.0
11852,Base-f462400,1-0,0.0,4336,3250,4268,2.0
11853,New-c74a786,1-0,1.0,4337,3250,4268,2.0
11857,New-c74a786,1-0,1.0,4338,3250,4268,2.1
11858,Base-f462400,0-1,1.0,4339,3250,4268,2.1
11860,Base-f462400,1/2-1/2,0.5,4339,3251,4268,2.1
11856,Base-f462400,1/2-1/2,0.5,4339,3252,4268,2.1
11859,New-c74a786,0-1,0.0,4339,3252,4269,2.1
11862,Base-f462400,1/2-1/2,0.5,4339,3253,4269,2.1
11861,New-c74a786,1/2-1/2,0.5,4339,3254,4269,2.1
11865,New-c74a786,0-1,0.0,4339,3254,4270,2.0
11864,Base-f462400,1-0,0.0,4339,3254,4271,2.0
11863,New-c74a786,1/2-1/2,0.5,4339,3255,4271,2.0
11866,Base-f462400,0-1,1.0,4340,3255,4271,2.0
11867,New-c74a786,1-0,1.0,4341,3255,4271,2.0
11869,New-c74a786,0-1,0.0,4341,3255,4272,2.0
11868,Base-f462400,0-1,1.0,4342,3255,4272,2.0
11870,Base-f462400,0-1,1.0,4343,3255,4272,2.1
11873,New-c74a786,0-1,0.0,4343,3255,4273,2.0
11872,Base-f462400,1-0,0.0,4343,3255,4274,2.0
11871,New-c74a786,1-0,1.0,4344,3255,4274,2.0
11874,Base-f462400,1-0,0.0,4344,3255,4275,2.0
11876,Base-f462400,1-0,0.0,4344,3255,4276,2.0
11875,New-c74a786,1-0,1.0,4345,3255,4276,2.0
11877,New-c74a786,1/2-1/2,0.5,4345,3256,4276,2.0
11879,New-c74a786,1/2-1/2,0.5,4345,3257,4276,2.0
11881,New-c74a786,0-1,0.0,4345,3257,4277,2.0
11878,Base-f462400,1/2-1/2,0.5,4345,3258,4277,2.0
11880,Base-f462400,1-0,0.0,4345,3258,4278,2.0
11882,Base-f462400,0-1,1.0,4346,3258,4278,2.0
11883,New-c74a786,0-1,0.0,4346,3258,4279,2.0
11884,Base-f462400,0-1,1.0,4347,3258,4279,2.0
11886,Base-f462400,1/2-1/2,0.5,4347,3259,4279,2.0
11885,New-c74a786,1-0,1.0,4348,3259,4279,2.0
11888,Base-f462400,1-0,0.0,4348,3259,4280,2.0
11889,New-c74a786,0-1,0.0,4348,3259,4281,2.0
11887,New-c74a786,1/2-1/2,0.5,4348,3260,4281,2.0
11890,Base-f462400,0-1,1.0,4349,3260,4281,2.0
11892,Base-f462400,1/2-1/2,0.5,4349,3261,4281,2.0
11891,New-c74a786,1-0,1.0,4350,3261,4281,2.0
11894,Base-f462400,1-0,0.0,4350,3261,4282,2.0
11893,New-c74a786,1/2-1/2,0.5,4350,3262,4282,2.0
11896,Base-f462400,1/2-1/2,0.5,4350,3263,4282,2.0
11895,New-c74a786,1-0,1.0,4351,3263,4282,2.0
11897,New-c74a786,0-1,0.0,4351,3263,4283,2.0
11898,Base-f462400,1/2-1/2,0.5,4351,3264,4283,2.0
11900,Base-f462400,1/2-1/2,0.5,4351,3265,4283,2.0
11899,New-c74a786,0-1,0.0,4351,3265,4284,2.0
11902,Base-f462400,1/2-1/2,0.5,4351,3266,4284,2.0
11905,New-c74a786,1/2-1/2,0.5,4351,3267,4284,2.0
11903,New-c74a786,1/2-1/2,0.5,4351,3268,4284,2.0
11901,New-c74a786,1/2-1/2,0.5,4351,3269,4284,2.0
11904,Base-f462400,0-1,1.0,4352,3269,4284,2.0
11908,Base-f462400,1-0,0.0,4352,3269,4285,2.0
11906,Base-f462400,0-1,1.0,4353,3269,4285,2.0
11907,New-c74a786,1-0,1.0,4354,3269,4285,2.0
11911,New-c74a786,1-0,1.0,4355,3269,4285,2.0
11909,New-c74a786,1-0,1.0,4356,3269,4285,2.1
11916,Base-f462400,1/2-1/2,0.5,4356,3270,4285,2.1
11912,Base-f462400,0-1,1.0,4357,3270,4285,2.1
11910,Base-f462400,0-1,1.0,4358,3270,4285,2.1
11913,New-c74a786,1-0,1.0,4359,3270,4285,2.2
11917,New-c74a786,1-0,1.0,4360,3270,4285,2.2
11914,Base-f462400,1/2-1/2,0.5,4360,3271,4285,2.2
11915,New-c74a786,0-1,0.0,4360,3271,4286,2.2
11918,Base-f462400,0-1,1.0,4361,3271,4286,2.2
11919,New-c74a786,1-0,1.0,4362,3271,4286,2.2
11920,Base-f462400,0-1,1.0,4363,3271,4286,2.2
11921,New-c74a786,1-0,1.0,4364,3271,4286,2.3
11923,New-c74a786,0-1,0.0,4364,3271,4287,2.2
11922,Base-f462400,0-1,1.0,4365,3271,4287,2.3
11930,Base-f462400,1/2-1/2,0.5,4365,3272,4287,2.3
11924,Base-f462400,1-0,0.0,4365,3272,4288,2.2
11931,New-c74a786,1/2-1/2,0.5,4365,3273,4288,2.2
11926,Base-f462400,1-0,0.0,4365,3273,4289,2.2
11925,New-c74a786,1/2-1/2,0.5,4365,3274,4289,2.2
11927,New-c74a786,1-0,1.0,4366,3274,4289,2.2
11928,Base-f462400,1-0,0.0,4366,3274,4290,2.2
11929,New-c74a786,1-0,1.0,4367,3274,4290,2.2
11934,Base-f462400,1/2-1/2,0.5,4367,3275,4290,2.2
11932,Base-f462400,0-1,1.0,4368,3275,4290,2.3
11933,New-c74a786,0-1,0.0,4368,3275,4291,2.2
11935,New-c74a786,1/2-1/2,0.5,4368,3276,4291,2.2
11938,Base-f462400,0-1,1.0,4369,3276,4291,2.3
11936,Base-f462400,0-1,1.0,4370,3276,4291,2.3
11937,New-c74a786,0-1,0.0,4370,3276,4292,2.3
11939,New-c74a786,0-1,0.0,4370,3276,4293,2.2
11940,Base-f462400,1-0,0.0,4370,3276,4294,2.2
11945,New-c74a786,1-0,1.0,4371,3276,4294,2.2
11941,New-c74a786,1/2-1/2,0.5,4371,3277,4294,2.2
11942,Base-f462400,1-0,0.0,4371,3277,4295,2.2
11946,Base-f462400,1-0,0.0,4371,3277,4296,2.2
11944,Base-f462400,1/2-1/2,0.5,4371,3278,4296,2.2
11947,New-c74a786,1-0,1.0,4372,3278,4296,2.2
11943,New-c74a786,1-0,1.0,4373,3278,4296,2.2
11948,Base-f462400,1-0,0.0,4373,3278,4297,2.2
11949,New-c74a786,0-1,0.0,4373,3278,4298,2.2
11951,New-c74a786,1-0,1.0,4374,3278,4298,2.2
11950,Base-f462400,0-1,1.0,4375,3278,4298,2.2
11954,Base-f462400,0-1,1.0,4376,3278,4298,2.3
11952,Base-f462400,1-0,0.0,4376,3278,4299,2.2
11953,New-c74a786,1-0,1.0,4377,3278,4299,2.3
11956,Base-f462400,0-1,1.0,4378,3278,4299,2.3
11955,New-c74a786,0-1,0.0,4378,3278,4300,2.3
11959,New-c74a786,1/2-1/2,0.5,4378,3279,4300,2.3
11958,Base-f462400,1/2-1/2,0.5,4378,3280,4300,2.3
11961,New-c74a786,1-0,1.0,4379,3280,4300,2.3
11960,Base-f462400,1-0,0.0,4379,3280,4301,2.3
11962,Base-f462400,1-0,0.0,4379,3280,4302,2.2
11963,New-c74a786,1-0,1.0,4380,3280,4302,2.3
11957,New-c74a786,1/2-1/2,0.5,4380,3281,4302,2.3
11964,Base-f462400,1-0,0.0,4380,3281,4303,2.2
11965,New-c74a786,1/2-1/2,0.5,4380,3282,4303,2.2
11966,Base-f462400,1-0,0.0,4380,3282,4304,2.2
11970,Base-f462400,1-0,0.0,4380,3282,4305,2.2
11967,New-c74a786,1-0,1.0,4381,3282,4305,2.2
11969,New-c74a786,1-0,1.0,4382,3282,4305,2.2
11972,Base-f462400,1/2-1/2,0.5,4382,3283,4305,2.2
11968,Base-f462400,1/2-1/2,0.5,4382,3284,4305,2.2
11973,New-c74a786,1/2-1/2,0.5,4382,3285,4305,2.2
11971,New-c74a786,1-0,1.0,4383,3285,4305,2.3
11977,New-c74a786,0-1,0.0,4383,3285,4306,2.2
11976,Base-f462400,1/2-1/2,0.5,4383,3286,4306,2.2
11974,Base-f462400,0-1,1.0,4384,3286,4306,2.3
11975,New-c74a786,1/2-1/2,0.5,4384,3287,4306,2.3
11978,Base-f462400,1/2-1/2,0.5,4384,3288,4306,2.3
11979,New-c74a786,0-1,0.0,4384,3288,4307,2.2
11980,Base-f462400,0-1,1.0,4385,3288,4307,2.3
11982,Base-f462400,1-0,0.0,4385,3288,4308,2.2
11981,New-c74a786,1-0,1.0,4386,3288,4308,2.3
11984,Base-f462400,1-0,0.0,4386,3288,4309,2.2
11987,New-c74a786,1/2-1/2,0.5,4386,3289,4309,2.2
11986,Base-f462400,1-0,0.0,4386,3289,4310,2.2
11985,New-c74a786,1-0,1.0,4387,3289,4310,2.2
11983,New-c74a786,1/2-1/2,0.5,4387,3290,4310,2.2
11989,New-c74a786,0-1,0.0,4387,3290,4311,2.2
11988,Base-f462400,1/2-1/2,0.5,4387,3291,4311,2.2
11991,New-c74a786,0-1,0.0,4387,3291,4312,2.2
11990,Base-f462400,0-1,1.0,4388,3291,4312,2.2
11993,New-c74a786,1/2-1/2,0.5,4388,3292,4312,2.2
11992,Base-f462400,0-1,1.0,4389,3292,4312,2.2
11994,Base-f462400,0-1,1.0,4390,3292,4312,2.3
11995,New-c74a786,1-0,1.0,4391,3292,4312,2.3
11998,Base-f462400,0-1,1.0,4392,3292,4312,2.3
11996,Base-f462400,1-0,0.0,4392,3292,4313,2.3
11997,New-c74a786,1-0,1.0,4393,3292,4313,2.3
12000,Base-f462400,1/2-1/2,0.5,4393,3293,4313,2.3
11999,New-c74a786,1-0,1.0,4394,3293,4313,2.3
12002,Base-f462400,0-1,1.0,4395,3293,4313,2.4
12001,New-c74a786,1/2-1/2,0.5,4395,3294,4313,2.4
12003,New-c74a786,1-0,1.0,4396,3294,4313,2.4
12004,Base-f462400,1-0,0.0,4396,3294,4314,2.4
12011,New-c74a786,0-1,0.0,4396,3294,4315,2.3
12005,New-c74a786,1/2-1/2,0.5,4396,3295,4315,2.3
12007,New-c74a786,1-0,1.0,4397,3295,4315,2.4
12009,New-c74a786,0-1,0.0,4397,3295,4316,2.3
12008,Base-f462400,1-0,0.0,4397,3295,4317,2.3
12010,Base-f462400,1-0,0.0,4397,3295,4318,2.3
12006,Base-f462400,1/2-1/2,0.5,4397,3296,4318,2.3
12012,Base-f462400,0-1,1.0,4398,3296,4318,2.3
12013,New-c74a786,0-1,0.0,4398,3296,4319,2.3
12015,New-c74a786,0-1,0.0,4398,3296,4320,2.3
12016,Base-f462400,1/2-1/2,0.5,4398,3297,4320,2.3
12014,Base-f462400,0-1,1.0,4399,3297,4320,2.3
12017,New-c74a786,1-0,1.0,4400,3297,4320,2.3
12018,Base-f462400,1/2-1/2,0.5,4400,3298,4320,2.3
12023,New-c74a786,1/2-1/2,0.5,4400,3299,4320,2.3
12020,Base-f462400,1/2-1/2,0.5,4400,3300,4320,2.3
12019,New-c74a786,0-1,0.0,4400,3300,4321,2.3
12021,New-c74a786,1-0,1.0,4401,3300,4321,2.3
12028,Base-f462400,1/2-1/2,0.5,4401,3301,4321,2.3
12022,Base-f462400,1-0,0.0,4401,3301,4322,2.3
12024,Base-f462400,1-0,0.0,4401,3301,4323,2.3
12025,New-c74a786,0-1,0.0,4401,3301,4324,2.2
12026,Base-f462400,1/2-1/2,0.5,4401,3302,4324,2.2
12027,New-c74a786,1/2-1/2,0.5,4401,3303,4324,2.2
12029,New-c74a786,1/2-1/2,0.5,4401,3304,4324,2.2
12031,New-c74a786,0-1,0.0,4401,3304,4325,2.2
12030,Base-f462400,1/2-1/2,0.5,4401,3305,4325,2.2
12033,New-c74a786,0-1,0.0,4401,3305,4326,2.2
12032,Base-f462400,0-1,1.0,4402,3305,4326,2.2
12034,Base-f462400,0-1,1.0,4403,3305,4326,2.2
12035,New-c74a786,1/2-1/2,0.5,4403,3306,4326,2.2
12036,Base-f462400,1-0,0.0,4403,3306,4327,2.2
12038,Base-f462400,1-0,0.0,4403,3306,4328,2.2
12037,New-c74a786,1-0,1.0,4404,3306,4328,2.2
12044,Base-f462400,1/2-1/2,0.5,4404,3307,4328,2.2
12040,Base-f462400,1-0,0.0,4404,3307,4329,2.2
12039,New-c74a786,1-0,1.0,4405,3307,4329,2.2
12041,New-c74a786,1/2-1/2,0.5,4405,3308,4329,2.2
12042,Base-f462400,0-1,1.0,4406,3308,4329,2.2
12045,New-c74a786,1/2-1/2,0.5,4406,3309,4329,2.2
12043,New-c74a786,0-1,0.0,4406,3309,4330,2.2
12047,New-c74a786,1-0,1.0,4407,3309,4330,2.2
12046,Base-f462400,1/2-1/2,0.5,4407,3310,4330,2.2
12050,Base-f462400,1-0,0.0,4407,3310,4331,2.2
12049,New-c74a786,1/2-1/2,0.5,4407,3311,4331,2.2
12048,Base-f462400,1-0,0.0,4407,3311,4332,2.2
12058,Base-f462400,1/2-1/2,0.5,4407,3312,4332,2.2
12051,New-c74a786,1/2-1/2,0.5,4407,3313,4332,2.2
12057,New-c74a786,1/2-1/2,0.5,4407,3314,4332,2.2
12054,Base-f462400,1-0,0.0,4407,3314,4333,2.1
12052,Base-f462400,0-1,1.0,4408,3314,4333,2.2
12055,New-c74a786,0-1,0.0,4408,3314,4334,2.1
12053,New-c74a786,1-0,1.0,4409,3314,4334,2.2
12060,Base-f462400,1/2-1/2,0.5,4409,3315,4334,2.2
12056,Base-f462400,1-0,0.0,4409,3315,4335,2.1
12061,New-c74a786,0-1,0.0,4409,3315,4336,2.1
12059,New-c74a786,1-0,1.0,4410,3315,4336,2.1
12062,Base-f462400,0-1,1.0,4411,3315,4336,2.2
12063,New-c74a786,1-0,1.0,4412,3315,4336,2.2
12067,New-c74a786,1-0,1.0,4413,3315,4336,2.2
12066,Base-f462400,1-0,0.0,4413,3315,4337,2.2
12064,Base-f462400,1/2-1/2,0.5,4413,3316,4337,2.2
12065,New-c74a786,1-0,1.0,4414,3316,4337,2.2
12068,Base-f462400,1-0,0.0,4414,3316,4338,2.2
12069,New-c74a786,0-1,0.0,4414,3316,4339,2.2
12071,New-c74a786,1/2-1/2,0.5,4414,3317,4339,2.2
12072,Base-f462400,1-0,0.0,4414,3317,4340,2.1
12070,Base-f462400,1-0,0.0,4414,3317,4341,2.1
12075,New-c74a786,1-0,1.0,4415,3317,4341,2.1
12074,Base-f462400,0-1,1.0,4416,3317,4341,2.2
12080,Base-f462400,1-0,0.0,4416,3317,4342,2.1
12073,New-c74a786,1-0,1.0,4417,3317,4342,2.2
12076,Base-f462400,0-1,1.0,4418,3317,4342,2.2
12077,New-c74a786,0-1,0.0,4418,3317,4343,2.2
12079,New-c74a786,1-0,1.0,4419,3317,4343,2.2
12078,Base-f462400,1-0,0.0,4419,3317,4344,2.2
12084,Base-f462400,1/2-1/2,0.5,4419,3318,4344,2.2
12085,New-c74a786,0-1,0.0,4419,3318,4345,2.1
12083,New-c74a786,0-1,0.0,4419,3318,4346,2.1
12089,New-c74a786,1/2-1/2,0.5,4419,3319,4346,2.1
12082,Base-f462400,1/2-1/2,0.5,4419,3320,4346,2.1
12086,Base-f462400,1-0,0.0,4419,3320,4347,2.1
12087,New-c74a786,1-0,1.0,4420,3320,4347,2.1
12081,New-c74a786,1/2-1/2,0.5,4420,3321,4347,2.1
12088,Base-f462400,1-0,0.0,4420,3321,4348,2.1
12090,Base-f462400,1/2-1/2,0.5,4420,3322,4348,2.1
12092,Base-f462400,0-1,1.0,4421,3322,4348,2.1
12093,New-c74a786,0-1,0.0,4421,3322,4349,2.1
12091,New-c74a786,0-1,0.0,4421,3322,4350,2.0
12094,Base-f462400,1-0,0.0,4421,3322,4351,2.0
12095,New-c74a786,1-0,1.0,4422,3322,4351,2.0
12096,Base-f462400,1-0,0.0,4422,3322,4352,2.0
12098,Base-f462400,1-0,0.0,4422,3322,4353,2.0
12101,New-c74a786,1-0,1.0,4423,3322,4353,2.0
12099,New-c74a786,1-0,1.0,4424,3322,4353,2.0
12100,Base-f462400,0-1,1.0,4425,3322,4353,2.1
12097,New-c74a786,1/2-1/2,0.5,4425,3323,4353,2.1
12106,Base-f462400,1/2-1/2,0.5,4425,3324,4353,2.1
12103,New-c74a786,0-1,0.0,4425,3324,4354,2.0
12102,Base-f462400,0-1,1.0,4426,3324,4354,2.1
12104,Base-f462400,1-0,0.0,4426,3324,4355,2.0
12108,Base-f462400,1-0,0.0,4426,3324,4356,2.0
12105,New-c74a786,1-0,1.0,4427,3324,4356,2.0
12107,New-c74a786,1/2-1/2,0.5,4427,3325,4356,2.0
12113,New-c74a786,1/2-1/2,0.5,4427,3326,4356,2.0
12111,New-c74a786,1-0,1.0,4428,3326,4356,2.1
12110,Base-f462400,1-0,0.0,4428,3326,4357,2.0
12109,New-c74a786,1-0,1.0,4429,3326,4357,2.1
12115,New-c74a786,1/2-1/2,0.5,4429,3327,4357,2.1
12114,Base-f462400,1-0,0.0,4429,3327,4358,2.0
12112,Base-f462400,1/2-1/2,0.5,4429,3328,4358,2.0
12120,Base-f462400,1-0,0.0,4429,3328,4359,2.0
12116,Base-f462400,1/2-1/2,0.5,4429,3329,4359,2.0
12118,Base-f462400,0-1,1.0,4430,3329,4359,2.0
12119,New-c74a786,1/2-1/2,0.5,4430,3330,4359,2.0
12117,New-c74a786,1-0,1.0,4431,3330,4359,2.1
12121,New-c74a786,0-1,0.0,4431,3330,4360,2.0
12125,New-c74a786,1/2-1/2,0.5,4431,3331,4360,2.0
12126,Base-f462400,1-0,0.0,4431,3331,4361,2.0
12123,New-c74a786,1-0,1.0,4432,3331,4361,2.0
12124,Base-f462400,0-1,1.0,4433,3331,4361,2.1
12131,New-c74a786,1/2-1/2,0.5,4433,3332,4361,2.1
12122,Base-f462400,1/2-1/2,0.5,4433,3333,4361,2.1
12127,New-c74a786,1-0,1.0,4434,3333,4361,2.1
12130,Base-f462400,1-0,0.0,4434,3333,4362,2.1
12128,Base-f462400,1/2-1/2,0.5,4434,3334,4362,2.1
12129,New-c74a786,1/2-1/2,0.5,4434,3335,4362,2.1
12135,New-c74a786,1/2-1/2,0.5,4434,3336,4362,2.1
12133,New-c74a786,1-0,1.0,4435,3336,4362,2.1
12132,Base-f462400,0-1,1.0,4436,3336,4362,2.1
12136,Base-f462400,1-0,0.0,4436,3336,4363,2.1
12137,New-c74a786,0-1,0.0,4436,3336,4364,2.1
12134,Base-f462400,0-1,1.0,4437,3336,4364,2.1
12138,Base-f462400,0-1,1.0,4438,3336,4364,2.1
12140,Base-f462400,1/2-1/2,0.5,4438,3337,4364,2.1
12139,New-c74a786,1-0,1.0,4439,3337,4364,2.1
12142,Base-f462400,0-1,1.0,4440,3337,4364,2.2
12143,New-c74a786,1-0,1.0,4441,3337,4364,2.2
12141,New-c74a786,1/2-1/2,0.5,4441,3338,4364,2.2
12145,New-c74a786,1/2-1/2,0.5,4441,3339,4364,2.2
12144,Base-f462400,0-1,1.0,4442,3339,4364,2.2
12146,Base-f462400,1-0,0.0,4442,3339,4365,2.2
12148,Base-f462400,1/2-1/2,0.5,4442,3340,4365,2.2
12147,New-c74a786,1-0,1.0,4443,3340,4365,2.2
12152,Base-f462400,1-0,0.0,4443,3340,4366,2.2
12150,Base-f462400,1-0,0.0,4443,3340,4367,2.2
12154,Base-f462400,1/2-1/2,0.5,4443,3341,4367,2.2
12153,New-c74a786,0-1,0.0,4443,3341,4368,2.1
12151,New-c74a786,1/2-1/2,0.5,4443,3342,4368,2.1
12149,New-c74a786,1/2-1/2,0.5,4443,3343,4368,2.1
12156,Base-f462400,1-0,0.0,4443,3343,4369,2.1
12158,Base-f462400,1/2-1/2,0.5,4443,3344,4369,2.1
12155,New-c74a786,1/2-1/2,0.5,4443,3345,4369,2.1
12159,New-c74a786,0-1,0.0,4443,3345,4370,2.1
12157,New-c74a786,1/2-1/2,0.5,4443,3346,4370,2.1
12160,Base-f462400,1-0,0.0,4443,3346,4371,2.1
12161,New-c74a786,0-1,0.0,4443,3346,4372,2.0
12162,Base-f462400,1/2-1/2,0.5,4443,3347,4372,2.0
12163,New-c74a786,1/2-1/2,0.5,4443,3348,4372,2.0
12164,Base-f462400,1-0,0.0,4443,3348,4373,2.0
12165,New-c74a786,1/2-1/2,0.5,4443,3349,4373,2.0
12167,New-c74a786,1/2-1/2,0.5,4443,3350,4373,2.0
12166,Base-f462400,0-1,1.0,4444,3350,4373,2.0
12169,New-c74a786,1-0,1.0,4445,3350,4373,2.1
12170,Base-f462400,0-1,1.0,4446,3350,4373,2.1
12173,New-c74a786,1/2-1/2,0.5,4446,3351,4373,2.1
12171,New-c74a786,1/2-1/2,0.5,4446,3352,4373,2.1
12168,Base-f462400,1/2-1/2,0.5,4446,3353,4373,2.1
12175,New-c74a786,0-1,0.0,4446,3353,4374,2.1
12172,Base-f462400,1-0,0.0,4446,3353,4375,2.0
12174,Base-f462400,1/2-1/2,0.5,4446,3354,4375,2.0
12176,Base-f462400,1/2-1/2,0.5,4446,3355,4375,2.0
12180,Base-f462400,1/2-1/2,0.5,4446,3356,4375,2.0
12179,New-c74a786,0-1,0.0,4446,3356,4376,2.0
12177,New-c74a786,1-0,1.0,4447,3356,4376,2.0
12182,Base-f462400,1/2-1/2,0.5,4447,3357,4376,2.0
12178,Base-f462400,0-1,1.0,4448,3357,4376,2.1
12181,New-c74a786,1-0,1.0,4449,3357,4376,2.1
12184,Base-f462400,0-1,1.0,4450,3357,4376,2.1
12183,New-c74a786,0-1,0.0,4450,3357,4377,2.1
12185,New-c74a786,1-0,1.0,4451,3357,4377,2.1
12187,New-c74a786,1/2-1/2,0.5,4451,3358,4377,2.1
12186,Base-f462400,0-1,1.0,4452,3358,4377,2.1
12190,Base-f462400,1-0,0.0,4452,3358,4378,2.1
12193,New-c74a786,0-1,0.0,4452,3358,4379,2.1
12188,Base-f462400,1-0,0.0,4452,3358,4380,2.1
12192,Base-f462400,0-1,1.0,4453,3358,4380,2.1
12191,New-c74a786,1-0,1.0,4454,3358,4380,2.1
12189,New-c74a786,1-0,1.0,4455,3358,4380,2.1
12195,New-c74a786,0-1,0.0,4455,3358,4381,2.1
12194,Base-f462400,0-1,1.0,4456,3358,4381,2.1
12196,Base-f462400,1-0,0.0,4456,3358,4382,2.1
12197,New-c74a786,0-1,0.0,4456,3358,4383,2.1
12198,Base-f462400,0-1,1.0,4457,3358,4383,2.1
12199,New-c74a786,0-1,0.0,4457,3358,4384,2.1
12200,Base-f462400,1-0,0.0,4457,3358,4385,2.1
12201,New-c74a786,0-1,0.0,4457,3358,4386,2.0
12202,Base-f462400,1-0,0.0,4457,3358,4387,2.0
12204,Base-f462400,1/2-1/2,0.5,4457,3359,4387,2.0
12203,New-c74a786,1-0,1.0,4458,3359,4387,2.0
12206,Base-f462400,1/2-1/2,0.5,4458,3360,4387,2.0
12207,New-c74a786,1-0,1.0,4459,3360,4387,2.0
12210,Base-f462400,1/2-1/2,0.5,4459,3361,4387,2.0
12205,New-c74a786,1-0,1.0,4460,3361,4387,2.1
12208,Base-f462400,1/2-1/2,0.5,4460,3362,4387,2.1
12211,New-c74a786,1/2-1/2,0.5,4460,3363,4387,2.1
12213,New-c74a786,0-1,0.0,4460,3363,4388,2.0
12214,Base-f462400,1/2-1/2,0.5,4460,3364,4388,2.0
12216,Base-f462400,0-1,1.0,4461,3364,4388,2.1
12212,Base-f462400,1-0,0.0,4461,3364,4389,2.0
12215,New-c74a786,0-1,0.0,4461,3364,4390,2.0
12209,New-c74a786,1-0,1.0,4462,3364,4390,2.0
12219,New-c74a786,1/2-1/2,0.5,4462,3365,4390,2.0
12218,Base-f462400,1-0,0.0,4462,3365,4391,2.0
12217,New-c74a786,1-0,1.0,4463,3365,4391,2.0
12220,Base-f462400,0-1,1.0,4464,3365,4391,2.1
12221,New-c74a786,0-1,0.0,4464,3365,4392,2.0
12223,New-c74a786,0-1,0.0,4464,3365,4393,2.0
12224,Base-f462400,0-1,1.0,4465,3365,4393,2.0
12222,Base-f462400,0-1,1.0,4466,3365,4393,2.1
12225,New-c74a786,1-0,1.0,4467,3365,4393,2.1
12226,Base-f462400,0-1,1.0,4468,3365,4393,2.1
12227,New-c74a786,1-0,1.0,4469,3365,4393,2.2
12228,Base-f462400,1-0,0.0,4469,3365,4394,2.1
12229,New-c74a786,0-1,0.0,4469,3365,4395,2.1
12230,Base-f462400,1-0,0.0,4469,3365,4396,2.1
12235,New-c74a786,1-0,1.0,4470,3365,4396,2.1
12234,Base-f462400,1/2-1/2,0.5,4470,3366,4396,2.1
12232,Base-f462400,0-1,1.0,4471,3366,4396,2.1
12233,New-c74a786,1-0,1.0,4472,3366,4396,2.2
12231,New-c74a786,1/2-1/2,0.5,4472,3367,4396,2.2
12240,Base-f462400,1/2-1/2,0.5,4472,3368,4396,2.2
12237,New-c74a786,0-1,0.0,4472,3368,4397,2.1
12239,New-c74a786,1-0,1.0,4473,3368,4397,2.2
12238,Base-f462400,1-0,0.0,4473,3368,4398,2.1
12242,Base-f462400,0-1,1.0,4474,3368,4398,2.2
12243,New-c74a786,0-1,0.0,4474,3368,4399,2.1
12244,Base-f462400,0-1,1.0,4475,3368,4399,2.2
12236,Base-f462400,1/2-1/2,0.5,4475,3369,4399,2.2
12241,New-c74a786,0-1,0.0,4475,3369,4400,2.1
12245,New-c74a786,0-1,0.0,4475,3369,4401,2.1
12246,Base-f462400,1/2-1/2,0.5,4475,3370,4401,2.1
12247,New-c74a786,1/2-1/2,0.5,4475,3371,4401,2.1
12249,New-c74a786,1-0,1.0,4476,3371,4401,2.1
12248,Base-f462400,0-1,1.0,4477,3371,4401,2.2
12253,New-c74a786,1/2-1/2,0.5,4477,3372,4401,2.2
12252,Base-f462400,1-0,0.0,4477,3372,4402,2.1
12251,New-c74a786,1-0,1.0,4478,3372,4402,2.2
12250,Base-f462400,0-1,1.0,4479,3372,4402,2.2
12256,Base-f462400,1/2-1/2,0.5,4479,3373,4402,2.2
12254,Base-f462400,0-1,1.0,4480,3373,4402,2.2
12260,Base-f462400,1-0,0.0,4480,3373,4403,2.2
12258,Base-f462400,1-0,0.0,4480,3373,4404,2.2
12259,New-c74a786,1-0,1.0,4481,3373,4404,2.2
12261,New-c74a786,1/2-1/2,0.5,4481,3374,4404,2.2
12257,New-c74a786,1/2-1/2,0.5,4481,3375,4404,2.2
12255,New-c74a786,1-0,1.0,4482,3375,4404,2.2
12266,Base-f462400,1-0,0.0,4482,3375,4405,2.2
12265,New-c74a786,1/2-1/2,0.5,4482,3376,4405,2.2
12262,Base-f462400,1-0,0.0,4482,3376,4406,2.2
12264,Base-f462400,1/2-1/2,0.5,4482,3377,4406,2.2
12267,New-c74a786,1/2-1/2,0.5,4482,3378,4406,2.2
12263,New-c74a786,1/2-1/2,0.5,4482,3379,4406,2.2
12269,New-c74a786,1/2-1/2,0.5,4482,3380,4406,2.2
12268,Base-f462400,0-1,1.0,4483,3380,4406,2.2
12272,Base-f462400,1-0,0.0,4483,3380,4407,2.2
12271,New-c74a786,0-1,0.0,4483,3380,4408,2.1
12275,New-c74a786,1-0,1.0,4484,3380,4408,2.2
12270,Base-f462400,1/2-1/2,0.5,4484,3381,4408,2.2
12276,Base-f462400,1-0,0.0,4484,3381,4409,2.1
12273,New-c74a786,0-1,0.0,4484,3381,4410,2.1
12274,Base-f462400,0-1,1.0,4485,3381,4410,2.1
12279,New-c74a786,0-1,0.0,4485,3381,4411,2.1
12277,New-c74a786,0-1,0.0,4485,3381,4412,2.1
12278,Base-f462400,0-1,1.0,4486,3381,4412,2.1
12281,New-c74a786,0-1,0.0,4486,3381,4413,2.1
12283,New-c74a786,1-0,1.0,4487,3381,4413,2.1
12282,Base-f462400,0-1,1.0,4488,3381,4413,2.1
12280,Base-f462400,0-1,1.0,4489,3381,4413,2.1
12284,Base-f462400,0-1,1.0,4490,3381,4413,2.2
12285,New-c74a786,1-0,1.0,4491,3381,4413,2.2
12286,Base-f462400,1-0,0.0,4491,3381,4414,2.2
12287,New-c74a786,1-0,1.0,4492,3381,4414,2.2
12290,Base-f462400,1/2-1/2,0.5,4492,3382,4414,2.2
12291,New-c74a786,0-1,0.0,4492,3382,4415,2.2
12289,New-c74a786,1-0,1.0,4493,3382,4415,2.2
12288,Base-f462400,1/2-1/2,0.5,4493,3383,4415,2.2
12292,Base-f462400,0-1,1.0,4494,3383,4415,2.2
12297,New-c74a786,1/2-1/2,0.5,4494,3384,4415,2.2
12293,New-c74a786,1-0,1.0,4495,3384,4415,2.3
12295,New-c74a786,1/2-1/2,0.5,4495,3385,4415,2.3
12294,Base-f462400,1/2-1/2,0.5,4495,3386,4415,2.3
12296,Base-f462400,0-1,1.0,4496,3386,4415,2.3
12299,New-c74a786,0-1,0.0,4496,3386,4416,2.3
12298,Base-f462400,0-1,1.0,4497,3386,4416,2.3
12302,Base-f462400,1-0,0.0,4497,3386,4417,2.3
12301,New-c74a786,1-0,1.0,4498,3386,4417,2.3
12300,Base-f462400,1-0,0.0,4498,3386,4418,2.3
12303,New-c74a786,1/2-1/2,0.5,4498,3387,4418,2.3
12304,Base-f462400,1-0,0.0,4498,3387,4419,2.2
12305,New-c74a786,1-0,1.0,4499,3387,4419,2.3
12307,New-c74a786,0-1,0.0,4499,3387,4420,2.2
12306,Base-f462400,1-0,0.0,4499,3387,4421,2.2
12309,New-c74a786,1-0,1.0,4500,3387,4421,2.2
12310,Base-f462400,0-1,1.0,4501,3387,4421,2.3
12308,Base-f462400,1-0,0.0,4501,3387,4422,2.2
12312,Base-f462400,0-1,1.0,4502,3387,4422,2.3
12311,New-c74a786,1/2-1/2,0.5,4502,3388,4422,2.3
12313,New-c74a786,1-0,1.0,4503,3388,4422,2.3
12315,New-c74a786,0-1,0.0,4503,3388,4423,2.3
12318,Base-f462400,1/2-1/2,0.5,4503,3389,4423,2.3
12316,Base-f462400,0-1,1.0,4504,3389,4423,2.3
12314,Base-f462400,1-0,0.0,4504,3389,4424,2.3
12317,New-c74a786,0-1,0.0,4504,3389,4425,2.2
12323,New-c74a786,1-0,1.0,4505,3389,4425,2.3
12320,Base-f462400,1-0,0.0,4505,3389,4426,2.2
12321,New-c74a786,0-1,0.0,4505,3389,4427,2.2
12319,New-c74a786,0-1,0.0,4505,3389,4428,2.2
12322,Base-f462400,0-1,1.0,4506,3389,4428,2.2
12324,Base-f462400,1/2-1/2,0.5,4506,3390,4428,2.2
12325,New-c74a786,1-0,1.0,4507,3390,4428,2.2
12327,New-c74a786,1/2-1/2,0.5,4507,3391,4428,2.2
12326,Base-f462400,0-1,1.0,4508,3391,4428,2.3
12328,Base-f462400,0-1,1.0,4509,3391,4428,2.3
12329,New-c74a786,1-0,1.0,4510,3391,4428,2.3
12330,Base-f462400,1-0,0.0,4510,3391,4429,2.3
12331,New-c74a786,0-1,0.0,4510,3391,4430,2.3
12332,Base-f462400,1-0,0.0,4510,3391,4431,2.2
12335,New-c74a786,1/2-1/2,0.5,4510,3392,4431,2.2
12333,New-c74a786,1/2-1/2,0.5,4510,3393,4431,2.2
12334,Base-f462400,1-0,0.0,4510,3393,4432,2.2
12336,Base-f462400,1-0,0.0,4510,3393,4433,2.2
12337,New-c74a786,0-1,0.0,4510,3393,4434,2.1
12338,Base-f462400,1-0,0.0,4510,3393,4435,2.1
12340,Base-f462400,1-0,0.0,4510,3393,4436,2.1
12342,Base-f462400,1-0,0.0,4510,3393,4437,2.1
12339,New-c74a786,1/2-1/2,0.5,4510,3394,4437,2.1
12341,New-c74a786,0-1,0.0,4510,3394,4438,2.0
12345,New-c74a786,1-0,1.0,4511,3394,4438,2.1
12344,Base-f462400,1-0,0.0,4511,3394,4439,2.0
12343,New-c74a786,0-1,0.0,4511,3394,4440,2.0
12346,Base-f462400,1-0,0.0,4511,3394,4441,2.0
12348,Base-f462400,1/2-1/2,0.5,4511,3395,4441,2.0
12347,New-c74a786,1/2-1/2,0.5,4511,3396,4441,2.0
12353,New-c74a786,1/2-1/2,0.5,4511,3397,4441,2.0
12349,New-c74a786,1-0,1.0,4512,3397,4441,2.0
12352,Base-f462400,1/2-1/2,0.5,4512,3398,4441,2.0
12354,Base-f462400,1/2-1/2,0.5,4512,3399,4441,2.0
12351,New-c74a786,1/2-1/2,0.5,4512,3400,4441,2.0
12350,Base-f462400,0-1,1.0,4513,3400,4441,2.0
12355,New-c74a786,0-1,0.0,4513,3400,4442,2.0
12356,Base-f462400,0-1,1.0,4514,3400,4442,2.0
12360,Base-f462400,1-0,0.0,4514,3400,4443,2.0
12361,New-c74a786,0-1,0.0,4514,3400,4444,2.0
12357,New-c74a786,1-0,1.0,4515,3400,4444,2.0
12359,New-c74a786,1-0,1.0,4516,3400,4444,2.0
12358,Base-f462400,1/2-1/2,0.5,4516,3401,4444,2.0
12363,New-c74a786,1/2-1/2,0.5,4516,3402,4444,2.0
12366,Base-f462400,1-0,0.0,4516,3402,4445,2.0
12364,Base-f462400,1-0,0.0,4516,3402,4446,2.0
12362,Base-f462400,0-1,1.0,4517,3402,4446,2.0
12365,New-c74a786,1/2-1/2,0.5,4517,3403,4446,2.0
12367,New-c74a786,1/2-1/2,0.5,4517,3404,4446,2.0
12369,New-c74a786,0-1,0.0,4517,3404,4447,2.0
12372,Base-f462400,1-0,0.0,4517,3404,4448,1.9
12368,Base-f462400,0-1,1.0,4518,3404,4448,2.0
12370,Base-f462400,0-1,1.0,4519,3404,4448,2.0
12371,New-c74a786,0-1,0.0,4519,3404,4449,2.0
12377,New-c74a786,1/2-1/2,0.5,4519,3405,4449,2.0
12373,New-c74a786,0-1,0.0,4519,3405,4450,1.9
12374,Base-f462400,1-0,0.0,4519,3405,4451,1.9
12375,New-c74a786,1/2-1/2,0.5,4519,3406,4451,1.9
12378,Base-f462400,0-1,1.0,4520,3406,4451,1.9
12376,Base-f462400,1/2-1/2,0.5,4520,3407,4451,1.9
12384,Base-f462400,0-1,1.0,4521,3407,4451,2.0
12379,New-c74a786,1-0,1.0,4522,3407,4451,2.0
12381,New-c74a786,1-0,1.0,4523,3407,4451,2.0
12380,Base-f462400,0-1,1.0,4524,3407,4451,2.0
12382,Base-f462400,1/2-1/2,0.5,4524,3408,4451,2.0
12383,New-c74a786,1-0,1.0,4525,3408,4451,2.1
12385,New-c74a786,1-0,1.0,4526,3408,4451,2.1
12387,New-c74a786,0-1,0.0,4526,3408,4452,2.1
12388,Base-f462400,1-0,0.0,4526,3408,4453,2.0
12390,Base-f462400,1/2-1/2,0.5,4526,3409,4453,2.0
12386,Base-f462400,0-1,1.0,4527,3409,4453,2.1
12389,New-c74a786,1/2-1/2,0.5,4527,3410,4453,2.1
12391,New-c74a786,0-1,0.0,4527,3410,4454,2.0
12393,New-c74a786,0-1,0.0,4527,3410,4455,2.0
12392,Base-f462400,0-1,1.0,4528,3410,4455,2.0
12394,Base-f462400,1/2-1/2,0.5,4528,3411,4455,2.0
12396,Base-f462400,1-0,0.0,4528,3411,4456,2.0
12395,New-c74a786,1-0,1.0,4529,3411,4456,2.0
12398,Base-f462400,0-1,1.0,4530,3411,4456,2.1
12399,New-c74a786,1-0,1.0,4531,3411,4456,2.1
12397,New-c74a786,1-0,1.0,4532,3411,4456,2.1
12401,New-c74a786,0-1,0.0,4532,3411,4457,2.1
12402,Base-f462400,0-1,1.0,4533,3411,4457,2.1
12400,Base-f462400,1-0,0.0,4533,3411,4458,2.1
12404,Base-f462400,1-0,0.0,4533,3411,4459,2.1
12403,New-c74a786,1-0,1.0,4534,3411,4459,2.1
12405,New-c74a786,0-1,0.0,4534,3411,4460,2.1
12407,New-c74a786,1-0,1.0,4535,3411,4460,2.1
12408,Base-f462400,0-1,1.0,4536,3411,4460,2.1
12411,New-c74a786,1-0,1.0,4537,3411,4460,2.2
12406,Base-f462400,0-1,1.0,4538,3411,4460,2.2
12409,New-c74a786,0-1,0.0,4538,3411,4461,2.2
12414,Base-f462400,0-1,1.0,4539,3411,4461,2.2
12410,Base-f462400,1-0,0.0,4539,3411,4462,2.2
12412,Base-f462400,1-0,0.0,4539,3411,4463,2.1
12413,New-c74a786,0-1,0.0,4539,3411,4464,2.1
12417,New-c74a786,0-1,0.0,4539,3411,4465,2.1
12416,Base-f462400,0-1,1.0,4540,3411,4465,2.1
12415,New-c74a786,1/2-1/2,0.5,4540,3412,4465,2.1
12419,New-c74a786,1-0,1.0,4541,3412,4465,2.1
12418,Base-f462400,1-0,0.0,4541,3412,4466,2.1
12421,New-c74a786,1-0,1.0,4542,3412,4466,2.1
12420,Base-f462400,0-1,1.0,4543,3412,4466,2.2
12422,Base-f462400,1-0,0.0,4543,3412,4467,2.1
12423,New-c74a786,1-0,1.0,4544,3412,4467,2.2
12425,New-c74a786,1-0,1.0,4545,3412,4467,2.2
12426,Base-f462400,1-0,0.0,4545,3412,4468,2.2
12424,Base-f462400,1-0,0.0,4545,3412,4469,2.1
12429,New-c74a786,1-0,1.0,4546,3412,4469,2.2
12428,Base-f462400,1-0,0.0,4546,3412,4470,2.1
12427,New-c74a786,1/2-1/2,0.5,4546,3413,4470,2.1
12430,Base-f462400,0-1,1.0,4547,3413,4470,2.2
12431,New-c74a786,1-0,1.0,4548,3413,4470,2.2
12432,Base-f462400,1/2-1/2,0.5,4548,3414,4470,2.2
12434,Base-f462400,1-0,0.0,4548,3414,4471,2.2
12433,New-c74a786,1/2-1/2,0.5,4548,3415,4471,2.2
12435,New-c74a786,1/2-1/2,0.5,4548,3416,4471,2.2
12436,Base-f462400,0-1,1.0,4549,3416,4471,2.2
12438,Base-f462400,1/2-1/2,0.5,4549,3417,4471,2.2
12441,New-c74a786,1-0,1.0,4550,3417,4471,2.2
12437,New-c74a786,0-1,0.0,4550,3417,4472,2.2
12439,New-c74a786,1/2-1/2,0.5,4550,3418,4472,2.2
12440,Base-f462400,0-1,1.0,4551,3418,4472,2.2
12443,New-c74a786,1/2-1/2,0.5,4551,3419,4472,2.2
12442,Base-f462400,0-1,1.0,4552,3419,4472,2.2
12445,New-c74a786,0-1,0.0,4552,3419,4473,2.2
12444,Base-f462400,1/2-1/2,0.5,4552,3420,4473,2.2
12447,New-c74a786,0-1,0.0,4552,3420,4474,2.2
12446,Base-f462400,0-1,1.0,4553,3420,4474,2.2
12448,Base-f462400,0-1,1.0,4554,3420,4474,2.2
12450,Base-f462400,1-0,0.0,4554,3420,4475,2.2
12449,New-c74a786,0-1,0.0,4554,3420,4476,2.2
12451,New-c74a786,1-0,1.0,4555,3420,4476,2.2
12452,Base-f462400,1/2-1/2,0.5,4555,3421,4476,2.2
12453,New-c74a786,1-0,1.0,4556,3421,4476,2.2
12454,Base-f462400,0-1,1.0,4557,3421,4476,2.3
12455,New-c74a786,1-0,1.0,4558,3421,4476,2.3
12456,Base-f462400,1-0,0.0,4558,3421,4477,2.3
12462,Base-f462400,1/2-1/2,0.5,4558,3422,4477,2.3
12459,New-c74a786,1-0,1.0,4559,3422,4477,2.3
12457,New-c74a786,0-1,0.0,4559,3422,4478,2.3
12460,Base-f462400,0-1,1.0,4560,3422,4478,2.3
12458,Base-f462400,0-1,1.0,4561,3422,4478,2.3
12463,New-c74a786,1/2-1/2,0.5,4561,3423,4478,2.3
12464,Base-f462400,1/2-1/2,0.5,4561,3424,4478,2.3
12461,New-c74a786,1/2-1/2,0.5,4561,3425,4478,2.3
12466,Base-f462400,0-1,1.0,4562,3425,4478,2.3
12465,New-c74a786,1-0,1.0,4563,3425,4478,2.4
12467,New-c74a786,1-0,1.0,4564,3425,4478,2.4
12468,Base-f462400,0-1,1.0,4565,3425,4478,2.4
12469,New-c74a786,1-0,1.0,4566,3425,4478,2.5
12470,Base-f462400,0-1,1.0,4567,3425,4478,2.5
12471,New-c74a786,0-1,0.0,4567,3425,4479,2.5
12473,New-c74a786,1-0,1.0,4568,3425,4479,2.5
12474,Base-f462400,1-0,0.0,4568,3425,4480,2.5
12476,Base-f462400,0-1,1.0,4569,3425,4480,2.5
12475,New-c74a786,1/2-1/2,0.5,4569,3426,4480,2.5
12480,Base-f462400,1-0,0.0,4569,3426,4481,2.5
12472,Base-f462400,1/2-1/2,0.5,4569,3427,4481,2.5
12479,New-c74a786,1/2-1/2,0.5,4569,3428,4481,2.5
12478,Base-f462400,1/2-1/2,0.5,4569,3429,4481,2.5
12477,New-c74a786,1-0,1.0,4570,3429,4481,2.5
12481,New-c74a786,0-1,0.0,4570,3429,4482,2.4
12482,Base-f462400,1-0,0.0,4570,3429,4483,2.4
12485,New-c74a786,1-0,1.0,4571,3429,4483,2.4
12483,New-c74a786,0-1,0.0,4571,3429,4484,2.4
12486,Base-f462400,0-1,1.0,4572,3429,4484,2.4
12484,Base-f462400,0-1,1.0,4573,3429,4484,2.5
12487,New-c74a786,0-1,0.0,4573,3429,4485,2.4
12488,Base-f462400,1-0,0.0,4573,3429,4486,2.4
12489,New-c74a786,1-0,1.0,4574,3429,4486,2.4
12492,Base-f462400,1/2-1/2,0.5,4574,3430,4486,2.4
12496,Base-f462400,0-1,1.0,4575,3430,4486,2.5
12494,Base-f462400,1/2-1/2,0.5,4575,3431,4486,2.5
12495,New-c74a786,1-0,1.0,4576,3431,4486,2.5
12491,New-c74a786,1-0,1.0,4577,3431,4486,2.5
12490,Base-f462400,1-0,0.0,4577,3431,4487,2.5
12493,New-c74a786,0-1,0.0,4577,3431,4488,2.5
12497,New-c74a786,1/2-1/2,0.5,4577,3432,4488,2.5
12502,Base-f462400,1/2-1/2,0.5,4577,3433,4488,2.5
12500,Base-f462400,0-1,1.0,4578,3433,4488,2.5
12503,New-c74a786,1/2-1/2,0.5,4578,3434,4488,2.5
12501,New-c74a786,0-1,0.0,4578,3434,4489,2.5
12499,New-c74a786,1-0,1.0,4579,3434,4489,2.5
12498,Base-f462400,1-0,0.0,4579,3434,4490,2.5
12504,Base-f462400,1-0,0.0,4579,3434,4491,2.4
12509,New-c74a786,1-0,1.0,4580,3434,4491,2.5
12505,New-c74a786,1/2-1/2,0.5,4580,3435,4491,2.5
12506,Base-f462400,1/2-1/2,0.5,4580,3436,4491,2.5
12507,New-c74a786,0-1,0.0,4580,3436,4492,2.4
12512,Base-f462400,1-0,0.0,4580,3436,4493,2.4
12508,Base-f462400,0-1,1.0,4581,3436,4493,2.4
12511,New-c74a786,0-1,0.0,4581,3436,4494,2.4
12510,Base-f462400,0-1,1.0,4582,3436,4494,2.4
12513,New-c74a786,0-1,0.0,4582,3436,4495,2.4
12514,Base-f462400,0-1,1.0,4583,3436,4495,2.4
12516,Base-f462400,1/2-1/2,0.5,4583,3437,4495,2.4
12515,New-c74a786,1/2-1/2,0.5,4583,3438,4495,2.4
12519,New-c74a786,1/2-1/2,0.5,4583,3439,4495,2.4
12520,Base-f462400,1-0,0.0,4583,3439,4496,2.4
12517,New-c74a786,1-0,1.0,4584,3439,4496,2.4
12518,Base-f462400,1-0,0.0,4584,3439,4497,2.4
12521,New-c74a786,0-1,0.0,4584,3439,4498,2.4
12522,Base-f462400,0-1,1.0,4585,3439,4498,2.4
12525,New-c74a786,1/2-1/2,0.5,4585,3440,4498,2.4
12524,Base-f462400,0-1,1.0,4586,3440,4498,2.4
12528,Base-f462400,1/2-1/2,0.5,4586,3441,4498,2.4
12523,New-c74a786,0-1,0.0,4586,3441,4499,2.4
12529,New-c74a786,0-1,0.0,4586,3441,4500,2.4
12526,Base-f462400,1-0,0.0,4586,3441,4501,2.4
12527,New-c74a786,1/2-1/2,0.5,4586,3442,4501,2.4
12535,New-c74a786,1/2-1/2,0.5,4586,3443,4501,2.4
12530,Base-f462400,0-1,1.0,4587,3443,4501,2.4
12531,New-c74a786,0-1,0.0,4587,3443,4502,2.4
12532,Base-f462400,0-1,1.0,4588,3443,4502,2.4
12533,New-c74a786,1-0,1.0,4589,3443,4502,2.4
12538,Base-f462400,0-1,1.0,4590,3443,4502,2.4
12534,Base-f462400,1/2-1/2,0.5,4590,3444,4502,2.4
12537,New-c74a786,0-1,0.0,4590,3444,4503,2.4
12536,Base-f462400,1/2-1/2,0.5,4590,3445,4503,2.4
12539,New-c74a786,1/2-1/2,0.5,4590,3446,4503,2.4
12540,Base-f462400,0-1,1.0,4591,3446,4503,2.4
12542,Base-f462400,1/2-1/2,0.5,4591,3447,4503,2.4
12541,New-c74a786,1-0,1.0,4592,3447,4503,2.5
12545,New-c74a786,0-1,0.0,4592,3447,4504,2.4
12543,New-c74a786,0-1,0.0,4592,3447,4505,2.4
12544,Base-f462400,0-1,1.0,4593,3447,4505,2.4
12547,New-c74a786,1/2-1/2,0.5,4593,3448,4505,2.4
12546,Base-f462400,1/2-1/2,0.5,4593,3449,4505,2.4
12549,New-c74a786,0-1,0.0,4593,3449,4506,2.4
12548,Base-f462400,0-1,1.0,4594,3449,4506,2.4
12550,Base-f462400,1/2-1/2,0.5,4594,3450,4506,2.4
12551,New-c74a786,1/2-1/2,0.5,4594,3451,4506,2.4
12552,Base-f462400,0-1,1.0,4595,3451,4506,2.5
12554,Base-f462400,1/2-1/2,0.5,4595,3452,4506,2.5
12553,New-c74a786,0-1,0.0,4595,3452,4507,2.4
12558,Base-f462400,0-1,1.0,4596,3452,4507,2.5
12556,Base-f462400,1/2-1/2,0.5,4596,3453,4507,2.5
12555,New-c74a786,1/2-1/2,0.5,4596,3454,4507,2.5
12557,New-c74a786,1-0,1.0,4597,3454,4507,2.5
12559,New-c74a786,0-1,0.0,4597,3454,4508,2.5
12561,New-c74a786,1-0,1.0,4598,3454,4508,2.5
12565,New-c74a786,1/2-1/2,0.5,4598,3455,4508,2.5
12560,Base-f462400,1/2-1/2,0.5,4598,3456,4508,2.5
12563,New-c74a786,1-0,1.0,4599,3456,4508,2.5
12564,Base-f462400,1/2-1/2,0.5,4599,3457,4508,2.5
12562,Base-f462400,0-1,1.0,4600,3457,4508,2.5
12566,Base-f462400,1-0,0.0,4600,3457,4509,2.5
12567,New-c74a786,0-1,0.0,4600,3457,4510,2.5
12568,Base-f462400,1/2-1/2,0.5,4600,3458,4510,2.5
12570,Base-f462400,1-0,0.0,4600,3458,4511,2.5
12571,New-c74a786,0-1,0.0,4600,3458,4512,2.4
12569,New-c74a786,0-1,0.0,4600,3458,4513,2.4
12574,Base-f462400,1/2-1/2,0.5,4600,3459,4513,2.4
12572,Base-f462400,1/2-1/2,0.5,4600,3460,4513,2.4
12573,New-c74a786,0-1,0.0,4600,3460,4514,2.4
12575,New-c74a786,1-0,1.0,4601,3460,4514,2.4
12576,Base-f462400,1-0,0.0,4601,3460,4515,2.4
12577,New-c74a786,0-1,0.0,4601,3460,4516,2.3
12578,Base-f462400,1-0,0.0,4601,3460,4517,2.3
12579,New-c74a786,1-0,1.0,4602,3460,4517,2.3
12580,Base-f462400,1-0,0.0,4602,3460,4518,2.3
12581,New-c74a786,1-0,1.0,4603,3460,4518,2.3
12583,New-c74a786,1-0,1.0,4604,3460,4518,2.4
12584,Base-f462400,1-0,0.0,4604,3460,4519,2.3
12582,Base-f462400,1/2-1/2,0.5,4604,3461,4519,2.3
12586,Base-f462400,1/2-1/2,0.5,4604,3462,4519,2.3
12587,New-c74a786,1-0,1.0,4605,3462,4519,2.4
12585,New-c74a786,1/2-1/2,0.5,4605,3463,4519,2.4
12589,New-c74a786,1/2-1/2,0.5,4605,3464,4519,2.4
12592,Base-f462400,1/2-1/2,0.5,4605,3465,4519,2.4
12588,Base-f462400,1/2-1/2,0.5,4605,3466,4519,2.4
12590,Base-f462400,0-1,1.0,4606,3466,4519,2.4
12591,New-c74a786,0-1,0.0,4606,3466,4520,2.4
12594,Base-f462400,0-1,1.0,4607,3466,4520,2.4
12598,Base-f462400,1/2-1/2,0.5,4607,3467,4520,2.4
12593,New-c74a786,1/2-1/2,0.5,4607,3468,4520,2.4
12595,New-c74a786,1-0,1.0,4608,3468,4520,2.4
12596,Base-f462400,1/2-1/2,0.5,4608,3469,4520,2.4
12599,New-c74a786,1/2-1/2,0.5,4608,3470,4520,2.4
12597,New-c74a786,1-0,1.0,4609,3470,4520,2.5
12600,Base-f462400,1-0,0.0,4609,3470,4521,2.4
12605,New-c74a786,1/2-1/2,0.5,4609,3471,4521,2.4
12604,Base-f462400,1-0,0.0,4609,3471,4522,2.4
12603,New-c74a786,1-0,1.0,4610,3471,4522,2.4
12602,Base-f462400,1-0,0.0,4610,3471,4523,2.4
12607,New-c74a786,1-0,1.0,4611,3471,4523,2.4
12608,Base-f462400,0-1,1.0,4612,3471,4523,2.5
12601,New-c74a786,0-1,0.0,4612,3471,4524,2.4
12606,Base-f462400,0-1,1.0,4613,3471,4524,2.5
12611,New-c74a786,1-0,1.0,4614,3471,4524,2.5
12612,Base-f462400,1/2-1/2,0.5,4614,3472,4524,2.5
12613,New-c74a786,1-0,1.0,4615,3472,4524,2.5
12610,Base-f462400,1-0,0.0,4615,3472,4525,2.5
12614,Base-f462400,1-0,0.0,4615,3472,4526,2.5
12609,New-c74a786,1-0,1.0,4616,3472,4526,2.5
12615,New-c74a786,0-1,0.0,4616,3472,4527,2.5
12616,Base-f462400,0-1,1.0,4617,3472,4527,2.5
12617,New-c74a786,1/2-1/2,0.5,4617,3473,4527,2.5
12619,New-c74a786,0-1,0.0,4617,3473,4528,2.5
12618,Base-f462400,0-1,1.0,4618,3473,4528,2.5
12620,Base-f462400,1-0,0.0,4618,3473,4529,2.5
12621,New-c74a786,1-0,1.0,4619,3473,4529,2.5
12624,Base-f462400,0-1,1.0,4620,3473,4529,2.5
12622,Base-f462400,0-1,1.0,4621,3473,4529,2.5
12623,New-c74a786,0-1,0.0,4621,3473,4530,2.5
12626,Base-f462400,1/2-1/2,0.5,4621,3474,4530,2.5
12628,Base-f462400,0-1,1.0,4622,3474,4530,2.5
12631,New-c74a786,1/2-1/2,0.5,4622,3475,4530,2.5
12625,New-c74a786,1-0,1.0,4623,3475,4530,2.6
12627,New-c74a786,1/2-1/2,0.5,4623,3476,4530,2.6
12629,New-c74a786,0-1,0.0,4623,3476,4531,2.5
12632,Base-f462400,0-1,1.0,4624,3476,4531,2.6
12630,Base-f462400,1/2-1/2,0.5,4624,3477,4531,2.6
12633,New-c74a786,1/2-1/2,0.5,4624,3478,4531,2.6
12635,New-c74a786,1/2-1/2,0.5,4624,3479,4531,2.6
12634,Base-f462400,0-1,1.0,4625,3479,4531,2.6
12638,Base-f462400,1/2-1/2,0.5,4625,3480,4531,2.6
12636,Base-f462400,1/2-1/2,0.5,4625,3481,4531,2.6
12640,Base-f462400,1-0,0.0,4625,3481,4532,2.6
12637,New-c74a786,1-0,1.0,4626,3481,4532,2.6
12642,Base-f462400,1/2-1/2,0.5,4626,3482,4532,2.6
12639,New-c74a786,1/2-1/2,0.5,4626,3483,4532,2.6
12641,New-c74a786,0-1,0.0,4626,3483,4533,2.6
12644,Base-f462400,1-0,0.0,4626,3483,4534,2.5
12643,New-c74a786,1-0,1.0,4627,3483,4534,2.6
12645,New-c74a786,0-1,0.0,4627,3483,4535,2.5
12646,Base-f462400,0-1,1.0,4628,3483,4535,2.6
12649,New-c74a786,1-0,1.0,4629,3483,4535,2.6
12647,New-c74a786,1/2-1/2,0.5,4629,3484,4535,2.6
12648,Base-f462400,1-0,0.0,4629,3484,4536,2.6
12650,Base-f462400,1-0,0.0,4629,3484,4537,2.5
12651,New-c74a786,0-1,0.0,4629,3484,4538,2.5
12653,New-c74a786,1-0,1.0,4630,3484,4538,2.5
12652,Base-f462400,1/2-1/2,0.5,4630,3485,4538,2.5
12654,Base-f462400,0-1,1.0,4631,3485,4538,2.6
12656,Base-f462400,1/2-1/2,0.5,4631,3486,4538,2.6
12658,Base-f462400,1/2-1/2,0.5,4631,3487,4538,2.6
12657,New-c74a786,1/2-1/2,0.5,4631,3488,4538,2.6
12659,New-c74a786,0-1,0.0,4631,3488,4539,2.5
12655,New-c74a786,1/2-1/2,0.5,4631,3489,4539,2.5
12660,Base-f462400,1/2-1/2,0.5,4631,3490,4539,2.5
12662,Base-f462400,1-0,0.0,4631,3490,4540,2.5
12661,New-c74a786,1/2-1/2,0.5,4631,3491,4540,2.5
12663,New-c74a786,1/2-1/2,0.5,4631,3492,4540,2.5
12664,Base-f462400,1/2-1/2,0.5,4631,3493,4540,2.5
12666,Base-f462400,1/2-1/2,0.5,4631,3494,4540,2.5
12667,New-c74a786,1/2-1/2,0.5,4631,3495,4540,2.5
12668,Base-f462400,1/2-1/2,0.5,4631,3496,4540,2.5
12665,New-c74a786,1/2-1/2,0.5,4631,3497,4540,2.5
12670,Base-f462400,0-1,1.0,4632,3497,4540,2.5
12672,Base-f462400,0-1,1.0,4633,3497,4540,2.6
12673,New-c74a786,0-1,0.0,4633,3497,4541,2.5
12671,New-c74a786,1-0,1.0,4634,3497,4541,2.5
12677,New-c74a786,1/2-1/2,0.5,4634,3498,4541,2.5
12675,New-c74a786,1/2-1/2,0.5,4634,3499,4541,2.5
12674,Base-f462400,0-1,1.0,4635,3499,4541,2.6
12669,New-c74a786,1/2-1/2,0.5,4635,3500,4541,2.6
12676,Base-f462400,0-1,1.0,4636,3500,4541,2.6
12678,Base-f462400,0-1,1.0,4637,3500,4541,2.6
12679,New-c74a786,1-0,1.0,4638,3500,4541,2.7
12680,Base-f462400,0-1,1.0,4639,3500,4541,2.7
12681,New-c74a786,1-0,1.0,4640,3500,4541,2.7
12682,Base-f462400,0-1,1.0,4641,3500,4541,2.7
12683,New-c74a786,1-0,1.0,4642,3500,4541,2.8
12684,Base-f462400,0-1,1.0,4643,3500,4541,2.8
12688,Base-f462400,1/2-1/2,0.5,4643,3501,4541,2.8
12685,New-c74a786,0-1,0.0,4643,3501,4542,2.8
12686,Base-f462400,0-1,1.0,4644,3501,4542,2.8
12689,New-c74a786,1-0,1.0,4645,3501,4542,2.8
12687,New-c74a786,1-0,1.0,4646,3501,4542,2.8
12690,Base-f462400,1/2-1/2,0.5,4646,3502,4542,2.8
12691,New-c74a786,0-1,0.0,4646,3502,4543,2.8
12692,Base-f462400,0-1,1.0,4647,3502,4543,2.8
12694,Base-f462400,1-0,0.0,4647,3502,4544,2.8
12696,Base-f462400,1-0,0.0,4647,3502,4545,2.8
12693,New-c74a786,1-0,1.0,4648,3502,4545,2.8
12695,New-c74a786,0-1,0.0,4648,3502,4546,2.8
12699,New-c74a786,1/2-1/2,0.5,4648,3503,4546,2.8
12697,New-c74a786,0-1,0.0,4648,3503,4547,2.8
12698,Base-f462400,1/2-1/2,0.5,4648,3504,4547,2.8
12702,Base-f462400,1-0,0.0,4648,3504,4548,2.7
12700,Base-f462400,1-0,0.0,4648,3504,4549,2.7
12706,Base-f462400,1/2-1/2,0.5,4648,3505,4549,2.7
12703,New-c74a786,1-0,1.0,4649,3505,4549,2.7
12701,New-c74a786,1/2-1/2,0.5,4649,3506,4549,2.7
12704,Base-f462400,1/2-1/2,0.5,4649,3507,4549,2.7
12707,New-c74a786,0-1,0.0,4649,3507,4550,2.7
12705,New-c74a786,1/2-1/2,0.5,4649,3508,4550,2.7
12709,New-c74a786,1-0,1.0,4650,3508,4550,2.7
12708,Base-f462400,1-0,0.0,4650,3508,4551,2.7
12710,Base-f462400,0-1,1.0,4651,3508,4551,2.7
12712,Base-f462400,1-0,0.0,4651,3508,4552,2.7
12713,New-c74a786,1/2-1/2,0.5,4651,3509,4552,2.7
12711,New-c74a786,0-1,0.0,4651,3509,4553,2.7
12714,Base-f462400,0-1,1.0,4652,3509,4553,2.7
12715,New-c74a786,0-1,0.0,4652,3509,4554,2.7
12716,Base-f462400,1-0,0.0,4652,3509,4555,2.7
12720,Base-f462400,0-1,1.0,4653,3509,4555,2.7
12718,Base-f462400,1-0,0.0,4653,3509,4556,2.6
12721,New-c74a786,0-1,0.0,4653,3509,4557,2.6
12719,New-c74a786,1/2-1/2,0.5,4653,3510,4557,2.6
12717,New-c74a786,1-0,1.0,4654,3510,4557,2.6
12722,Base-f462400,1-0,0.0,4654,3510,4558,2.6
12723,New-c74a786,0-1,0.0,4654,3510,4559,2.6
12724,Base-f462400,1-0,0.0,4654,3510,4560,2.6
12729,New-c74a786,1-0,1.0,4655,3510,4560,2.6
12727,New-c74a786,1-0,1.0,4656,3510,4560,2.6
12726,Base-f462400,1-0,0.0,4656,3510,4561,2.6
12725,New-c74a786,1/2-1/2,0.5,4656,3511,4561,2.6
12730,Base-f462400,0-1,1.0,4657,3511,4561,2.6
12728,Base-f462400,1/2-1/2,0.5,4657,3512,4561,2.6
12732,Base-f462400,0-1,1.0,4658,3512,4561,2.6
12731,New-c74a786,1-0,1.0,4659,3512,4561,2.7
12734,Base-f462400,1-0,0.0,4659,3512,4562,2.6
12733,New-c74a786,1-0,1.0,4660,3512,4562,2.7
12736,Base-f462400,1/2-1/2,0.5,4660,3513,4562,2.7
12735,New-c74a786,1-0,1.0,4661,3513,4562,2.7
12740,Base-f462400,0-1,1.0,4662,3513,4562,2.7
12739,New-c74a786,0-1,0.0,4662,3513,4563,2.7
12738,Base-f462400,1-0,0.0,4662,3513,4564,2.7
12741,New-c74a786,1/2-1/2,0.5,4662,3514,4564,2.7
12742,Base-f462400,1/2-1/2,0.5,4662,3515,4564,2.7
12743,New-c74a786,1-0,1.0,4663,3515,4564,2.7
12737,New-c74a786,0-1,0.0,4663,3515,4565,2.7
12746,Base-f462400,1/2-1/2,0.5,4663,3516,4565,2.7
12745,New-c74a786,1/2-1/2,0.5,4663,3517,4565,2.7
12744,Base-f462400,1/2-1/2,0.5,4663,3518,4565,2.7
12749,New-c74a786,1/2-1/2,0.5,4663,3519,4565,2.7
12747,New-c74a786,1/2-1/2,0.5,4663,3520,4565,2.7
12753,New-c74a786,1/2-1/2,0.5,4663,3521,4565,2.7
12748,Base-f462400,0-1,1.0,4664,3521,4565,2.7
12750,Base-f462400,1-0,0.0,4664,3521,4566,2.7
12751,New-c74a786,1-0,1.0,4665,3521,4566,2.7
12755,New-c74a786,1-0,1.0,4666,3521,4566,2.7
12752,Base-f462400,1/2-1/2,0.5,4666,3522,4566,2.7
12754,Base-f462400,1/2-1/2,0.5,4666,3523,4566,2.7
12757,New-c74a786,1-0,1.0,4667,3523,4566,2.8
12756,Base-f462400,0-1,1.0,4668,3523,4566,2.8
12758,Base-f462400,0-1,1.0,4669,3523,4566,2.8
12759,New-c74a786,0-1,0.0,4669,3523,4567,2.8
12761,New-c74a786,1-0,1.0,4670,3523,4567,2.8
12760,Base-f462400,0-1,1.0,4671,3523,4567,2.8
12762,Base-f462400,1-0,0.0,4671,3523,4568,2.8
12763,New-c74a786,1-0,1.0,4672,3523,4568,2.8
12764,Base-f462400,0-1,1.0,4673,3523,4568,2.9
12765,New-c74a786,1/2-1/2,0.5,4673,3524,4568,2.9
12767,New-c74a786,1-0,1.0,4674,3524,4568,2.9
12766,Base-f462400,1-0,0.0,4674,3524,4569,2.9
12769,New-c74a786,0-1,0.0,4674,3524,4570,2.8
12770,Base-f462400,0-1,1.0,4675,3524,4570,2.9
12772,Base-f462400,0-1,1.0,4676,3524,4570,2.9
12773,New-c74a786,0-1,0.0,4676,3524,4571,2.9
12771,New-c74a786,0-1,0.0,4676,3524,4572,2.8
12768,Base-f462400,1-0,0.0,4676,3524,4573,2.8
12774,Base-f462400,0-1,1.0,4677,3524,4573,2.8
12775,New-c74a786,1/2-1/2,0.5,4677,3525,4573,2.8
12777,New-c74a786,1/2-1/2,0.5,4677,3526,4573,2.8
12776,Base-f462400,1-0,0.0,4677,3526,4574,2.8
12778,Base-f462400,1/2-1/2,0.5,4677,3527,4574,2.8
12779,New-c74a786,1-0,1.0,4678,3527,4574,2.8
12781,New-c74a786,1-0,1.0,4679,3527,4574,2.9
12780,Base-f462400,0-1,1.0,4680,3527,4574,2.9
12789,New-c74a786,1/2-1/2,0.5,4680,3528,4574,2.9
12782,Base-f462400,1-0,0.0,4680,3528,4575,2.9
12790,Base-f462400,1/2-1/2,0.5,4680,3529,4575,2.9
12783,New-c74a786,1-0,1.0,4681,3529,4575,2.9
12784,Base-f462400,1-0,0.0,4681,3529,4576,2.9
12785,New-c74a786,1/2-1/2,0.5,4681,3530,4576,2.9
12787,New-c74a786,1-0,1.0,4682,3530,4576,2.9
12788,Base-f462400,1-0,0.0,4682,3530,4577,2.9
12791,New-c74a786,0-1,0.0,4682,3530,4578,2.8
12795,New-c74a786,1/2-1/2,0.5,4682,3531,4578,2.8
12786,Base-f462400,1-0,0.0,4682,3531,4579,2.8
12792,Base-f462400,1/2-1/2,0.5,4682,3532,4579,2.8
12793,New-c74a786,0-1,0.0,4682,3532,4580,2.8
12794,Base-f462400,1-0,0.0,4682,3532,4581,2.7
12799,New-c74a786,0-1,0.0,4682,3532,4582,2.7
12796,Base-f462400,0-1,1.0,4683,3532,4582,2.7
12798,Base-f462400,0-1,1.0,4684,3532,4582,2.8
12801,New-c74a786,0-1,0.0,4684,3532,4583,2.7
12797,New-c74a786,1/2-1/2,0.5,4684,3533,4583,2.7
12802,Base-f462400,0-1,1.0,4685,3533,4583,2.8
12800,Base-f462400,1-0,0.0,4685,3533,4584,2.7
12803,New-c74a786,1/2-1/2,0.5,4685,3534,4584,2.7
12804,Base-f462400,0-1,1.0,4686,3534,4584,2.8
12806,Base-f462400,0-1,1.0,4687,3534,4584,2.8
12805,New-c74a786,1/2-1/2,0.5,4687,3535,4584,2.8
12808,Base-f462400,0-1,1.0,4688,3535,4584,2.8
12807,New-c74a786,0-1,0.0,4688,3535,4585,2.8
12809,New-c74a786,0-1,0.0,4688,3535,4586,2.8
12810,Base-f462400,1/2-1/2,0.5,4688,3536,4586,2.8
12811,New-c74a786,1/2-1/2,0.5,4688,3537,4586,2.8
12813,New-c74a786,0-1,0.0,4688,3537,4587,2.7
12812,Base-f462400,1/2-1/2,0.5,4688,3538,4587,2.7
12817,New-c74a786,1/2-1/2,0.5,4688,3539,4587,2.7
12816,Base-f462400,1-0,0.0,4688,3539,4588,2.7
12814,Base-f462400,1/2-1/2,0.5,4688,3540,4588,2.7
12815,New-c74a786,1-0,1.0,4689,3540,4588,2.7
12819,New-c74a786,1-0,1.0,4690,3540,4588,2.8
12821,New-c74a786,1/2-1/2,0.5,4690,3541,4588,2.8
12818,Base-f462400,1/2-1/2,0.5,4690,3542,4588,2.8
12820,Base-f462400,0-1,1.0,4691,3542,4588,2.8
12824,Base-f462400,0-1,1.0,4692,3542,4588,2.8
12822,Base-f462400,0-1,1.0,4693,3542,4588,2.8
12825,New-c74a786,0-1,0.0,4693,3542,4589,2.8
12823,New-c74a786,1-0,1.0,4694,3542,4589,2.8
12826,Base-f462400,1-0,0.0,4694,3542,4590,2.8
12827,New-c74a786,0-1,0.0,4694,3542,4591,2.8
12828,Base-f462400,0-1,1.0,4695,3542,4591,2.8
12829,New-c74a786,1/2-1/2,0.5,4695,3543,4591,2.8
12830,Base-f462400,1-0,0.0,4695,3543,4592,2.8
12831,New-c74a786,0-1,0.0,4695,3543,4593,2.8
12832,Base-f462400,1-0,0.0,4695,3543,4594,2.7
12833,New-c74a786,1-0,1.0,4696,3543,4594,2.8
12835,New-c74a786,0-1,0.0,4696,3543,4595,2.7
12834,Base-f462400,1-0,0.0,4696,3543,4596,2.7
12838,Base-f462400,0-1,1.0,4697,3543,4596,2.7
12837,New-c74a786,0-1,0.0,4697,3543,4597,2.7
12840,Base-f462400,1-0,0.0,4697,3543,4598,2.7
12836,Base-f462400,1/2-1/2,0.5,4697,3544,4598,2.7
12841,New-c74a786,1-0,1.0,4698,3544,4598,2.7
12839,New-c74a786,1-0,1.0,4699,3544,4598,2.7
12844,Base-f462400,1/2-1/2,0.5,4699,3545,4598,2.7
12843,New-c74a786,0-1,0.0,4699,3545,4599,2.7
12842,Base-f462400,0-1,1.0,4700,3545,4599,2.7
12846,Base-f462400,0-1,1.0,4701,3545,4599,2.8
12845,New-c74a786,1-0,1.0,4702,3545,4599,2.8
12848,Base-f462400,1/2-1/2,0.5,4702,3546,4599,2.8
12850,Base-f462400,1/2-1/2,0.5,4702,3547,4599,2.8
12851,New-c74a786,1/2-1/2,0.5,4702,3548,4599,2.8
12847,New-c74a786,1/2-1/2,0.5,4702,3549,4599,2.8
12849,New-c74a786,0-1,0.0,4702,3549,4600,2.8
12853,New-c74a786,1/2-1/2,0.5,4702,3550,4600,2.8
12854,Base-f462400,0-1,1.0,4703,3550,4600,2.8
12852,Base-f462400,1-0,0.0,4703,3550,4601,2.8
12855,New-c74a786,1-0,1.0,4704,3550,4601,2.8
12859,New-c74a786,1/2-1/2,0.5,4704,3551,4601,2.8
12857,New-c74a786,1-0,1.0,4705,3551,4601,2.8
12858,Base-f462400,1-0,0.0,4705,3551,4602,2.8
12856,Base-f462400,1-0,0.0,4705,3551,4603,2.8
12860,Base-f462400,1/2-1/2,0.5,4705,3552,4603,2.8
12867,New-c74a786,1/2-1/2,0.5,4705,3553,4603,2.8
12861,New-c74a786,0-1,0.0,4705,3553,4604,2.7
12864,Base-f462400,1-0,0.0,4705,3553,4605,2.7
12862,Base-f462400,1-0,0.0,4705,3553,4606,2.7
12865,New-c74a786,1-0,1.0,4706,3553,4606,2.7
12863,New-c74a786,1-0,1.0,4707,3553,4606,2.7
12866,Base-f462400,1/2-1/2,0.5,4707,3554,4606,2.7
12868,Base-f462400,0-1,1.0,4708,3554,4606,2.8
12869,New-c74a786,0-1,0.0,4708,3554,4607,2.7
12870,Base-f462400,0-1,1.0,4709,3554,4607,2.8
12871,New-c74a786,0-1,0.0,4709,3554,4608,2.7
12872,Base-f462400,1-0,0.0,4709,3554,4609,2.7
12873,New-c74a786,0-1,0.0,4709,3554,4610,2.7
12876,Base-f462400,1-0,0.0,4709,3554,4611,2.6
12874,Base-f462400,1-0,0.0,4709,3554,4612,2.6
12875,New-c74a786,0-1,0.0,4709,3554,4613,2.6
12877,New-c74a786,0-1,0.0,4709,3554,4614,2.6
12880,Base-f462400,0-1,1.0,4710,3554,4614,2.6
12879,New-c74a786,1-0,1.0,4711,3554,4614,2.6
12884,Base-f462400,1-0,0.0,4711,3554,4615,2.6
12882,Base-f462400,0-1,1.0,4712,3554,4615,2.6
12883,New-c74a786,1-0,1.0,4713,3554,4615,2.6
12881,New-c74a786,1/2-1/2,0.5,4713,3555,4615,2.6
12878,Base-f462400,1/2-1/2,0.5,4713,3556,4615,2.6
12885,New-c74a786,0-1,0.0,4713,3556,4616,2.6
12887,New-c74a786,1-0,1.0,4714,3556,4616,2.6
12888,Base-f462400,1-0,0.0,4714,3556,4617,2.6
12886,Base-f462400,1-0,0.0,4714,3556,4618,2.6
12891,New-c74a786,0-1,0.0,4714,3556,4619,2.6
12893,New-c74a786,0-1,0.0,4714,3556,4620,2.5
12889,New-c74a786,1-0,1.0,4715,3556,4620,2.6
12890,Base-f462400,1/2-1/2,0.5,4715,3557,4620,2.6
12892,Base-f462400,1/2-1/2,0.5,4715,3558,4620,2.6
12895,New-c74a786,0-1,0.0,4715,3558,4621,2.5
12894,Base-f462400,0-1,1.0,4716,3558,4621,2.6
12898,Base-f462400,1-0,0.0,4716,3558,4622,2.5
12897,New-c74a786,0-1,0.0,4716,3558,4623,2.5
12896,Base-f462400,0-1,1.0,4717,3558,4623,2.5
12900,Base-f462400,0-1,1.0,4718,3558,4623,2.6
12902,Base-f462400,1/2-1/2,0.5,4718,3559,4623,2.6
12899,New-c74a786,1-0,1.0,4719,3559,4623,2.6
12901,New-c74a786,1/2-1/2,0.5,4719,3560,4623,2.6
12903,New-c74a786,0-1,0.0,4719,3560,4624,2.6
12905,New-c74a786,0-1,0.0,4719,3560,4625,2.5
12904,Base-f462400,1-0,0.0,4719,3560,4626,2.5
12906,Base-f462400,0-1,1.0,4720,3560,4626,2.5
12910,Base-f462400,1/2-1/2,0.5,4720,3561,4626,2.5
12907,New-c74a786,1/2-1/2,0.5,4720,3562,4626,2.5
12909,New-c74a786,1/2-1/2,0.5,4720,3563,4626,2.5
12913,New-c74a786,1/2-1/2,0.5,4720,3564,4626,2.5
12908,Base-f462400,1/2-1/2,0.5,4720,3565,4626,2.5
12911,New-c74a786,1/2-1/2,0.5,4720,3566,4626,2.5
12912,Base-f462400,0-1,1.0,4721,3566,4626,2.6
12914,Base-f462400,0-1,1.0,4722,3566,4626,2.6
12917,New-c74a786,0-1,0.0,4722,3566,4627,2.6
12916,Base-f462400,1/2-1/2,0.5,4722,3567,4627,2.6
12915,New-c74a786,1-0,1.0,4723,3567,4627,2.6
12920,Base-f462400,1-0,0.0,4723,3567,4628,2.6
12918,Base-f462400,0-1,1.0,4724,3567,4628,2.6
12921,New-c74a786,1-0,1.0,4725,3567,4628,2.6
12919,New-c74a786,1-0,1.0,4726,3567,4628,2.6
12922,Base-f462400,1-0,0.0,4726,3567,4629,2.6
12923,New-c74a786,1-0,1.0,4727,3567,4629,2.6
12924,Base-f462400,1-0,0.0,4727,3567,4630,2.6
12925,New-c74a786,1/2-1/2,0.5,4727,3568,4630,2.6
12927,New-c74a786,1-0,1.0,4728,3568,4630,2.6
12926,Base-f462400,0-1,1.0,4729,3568,4630,2.7
12928,Base-f462400,0-1,1.0,4730,3568,4630,2.7
12930,Base-f462400,1-0,0.0,4730,3568,4631,2.7
12929,New-c74a786,0-1,0.0,4730,3568,4632,2.6
12933,New-c74a786,1-0,1.0,4731,3568,4632,2.7
12934,Base-f462400,0-1,1.0,4732,3568,4632,2.7
12936,Base-f462400,1-0,0.0,4732,3568,4633,2.7
12932,Base-f462400,1-0,0.0,4732,3568,4634,2.6
12931,New-c74a786,1/2-1/2,0.5,4732,3569,4634,2.6
12935,New-c74a786,1/2-1/2,0.5,4732,3570,4634,2.6
12939,New-c74a786,1/2-1/2,0.5,4732,3571,4634,2.6
12937,New-c74a786,0-1,0.0,4732,3571,4635,2.6
12940,Base-f462400,1-0,0.0,4732,3571,4636,2.6
12938,Base-f462400,0-1,1.0,4733,3571,4636,2.6
12942,Base-f462400,0-1,1.0,4734,3571,4636,2.6
12943,New-c74a786,0-1,0.0,4734,3571,4637,2.6
12941,New-c74a786,1-0,1.0,4735,3571,4637,2.6
12945,New-c74a786,1-0,1.0,4736,3571,4637,2.7
12944,Base-f462400,0-1,1.0,4737,3571,4637,2.7
12946,Base-f462400,1-0,0.0,4737,3571,4638,2.7
12950,Base-f462400,1-0,0.0,4737,3571,4639,2.6
12947,New-c74a786,1-0,1.0,4738,3571,4639,2.7
12951,New-c74a786,1/2-1/2,0.5,4738,3572,4639,2.7
12948,Base-f462400,1/2-1/2,0.5,4738,3573,4639,2.7
12949,New-c74a786,0-1,0.0,4738,3573,4640,2.6
12953,New-c74a786,1-0,1.0,4739,3573,4640,2.7
12952,Base-f462400,1-0,0.0,4739,3573,4641,2.6
12955,New-c74a786,1-0,1.0,4740,3573,4641,2.7
12954,Base-f462400,1-0,0.0,4740,3573,4642,2.6
12959,New-c74a786,0-1,0.0,4740,3573,4643,2.6
12956,Base-f462400,0-1,1.0,4741,3573,4643,2.6
12957,New-c74a786,1/2-1/2,0.5,4741,3574,4643,2.6
12960,Base-f462400,0-1,1.0,4742,3574,4643,2.7
12958,Base-f462400,1-0,0.0,4742,3574,4644,2.6
12962,Base-f462400,1/2-1/2,0.5,4742,3575,4644,2.6
12961,New-c74a786,0-1,0.0,4742,3575,4645,2.6
12963,New-c74a786,1-0,1.0,4743,3575,4645,2.6
12965,New-c74a786,1-0,1.0,4744,3575,4645,2.7
12966,Base-f462400,0-1,1.0,4745,3575,4645,2.7
12964,Base-f462400,1/2-1/2,0.5,4745,3576,4645,2.7
12969,New-c74a786,1-0,1.0,4746,3576,4645,2.7
12968,Base-f462400,1-0,0.0,4746,3576,4646,2.7
12971,New-c74a786,1/2-1/2,0.5,4746,3577,4646,2.7
12967,New-c74a786,1-0,1.0,4747,3577,4646,2.7
12970,Base-f462400,1-0,0.0,4747,3577,4647,2.7
12972,Base-f462400,0-1,1.0,4748,3577,4647,2.7
12973,New-c74a786,0-1,0.0,4748,3577,4648,2.7
12974,Base-f462400,1-0,0.0,4748,3577,4649,2.7
12975,New-c74a786,1/2-1/2,0.5,4748,3578,4649,2.7
12976,Base-f462400,1/2-1/2,0.5,4748,3579,4649,2.7
12977,New-c74a786,1/2-1/2,0.5,4748,3580,4649,2.7
12979,New-c74a786,0-1,0.0,4748,3580,4650,2.6
12978,Base-f462400,0-1,1.0,4749,3580,4650,2.7
12980,Base-f462400,1-0,0.0,4749,3580,4651,2.6
12981,New-c74a786,1-0,1.0,4750,3580,4651,2.6
12982,Base-f462400,1-0,0.0,4750,3580,4652,2.6
12984,Base-f462400,1-0,0.0,4750,3580,4653,2.6
12988,Base-f462400,1-0,0.0,4750,3580,4654,2.6
12986,Base-f462400,1-0,0.0,4750,3580,4655,2.5
12983,New-c74a786,0-1,0.0,4750,3580,4656,2.5
12987,New-c74a786,1-0,1.0,4751,3580,4656,2.5
12989,New-c74a786,1/2-1/2,0.5,4751,3581,4656,2.5
12985,New-c74a786,1-0,1.0,4752,3581,4656,2.6
12990,Base-f462400,1/2-1/2,0.5,4752,3582,4656,2.6
12994,Base-f462400,1/2-1/2,0.5,4752,3583,4656,2.6
12991,New-c74a786,1/2-1/2,0.5,4752,3584,4656,2.6
12993,New-c74a786,1/2-1/2,0.5,4752,3585,4656,2.6
12992,Base-f462400,1/2-1/2,0.5,4752,3586,4656,2.6
12995,New-c74a786,1-0,1.0,4753,3586,4656,2.6
12997,New-c74a786,0-1,0.0,4753,3586,4657,2.6
12998,Base-f462400,1/2-1/2,0.5,4753,3587,4657,2.6
12996,Base-f462400,1-0,0.0,4753,3587,4658,2.5
12999,New-c74a786,1/2-1/2,0.5,4753,3588,4658,2.5
13002,Base-f462400,0-1,1.0,4754,3588,4658,2.6
13000,Base-f462400,1-0,0.0,4754,3588,4659,2.5
13004,Base-f462400,1/2-1/2,0.5,4754,3589,4659,2.5
13003,New-c74a786,1-0,1.0,4755,3589,4659,2.6
13006,Base-f462400,1/2-1/2,0.5,4755,3590,4659,2.6
13001,New-c74a786,1/2-1/2,0.5,4755,3591,4659,2.6
13005,New-c74a786,1-0,1.0,4756,3591,4659,2.6
13007,New-c74a786,1-0,1.0,4757,3591,4659,2.6
13008,Base-f462400,1-0,0.0,4757,3591,4660,2.6
13009,New-c74a786,1-0,1.0,4758,3591,4660,2.6
13012,Base-f462400,0-1,1.0,4759,3591,4660,2.6
13010,Base-f462400,1-0,0.0,4759,3591,4661,2.6
13011,New-c74a786,1-0,1.0,4760,3591,4661,2.6
13013,New-c74a786,1-0,1.0,4761,3591,4661,2.7
13014,Base-f462400,1/2-1/2,0.5,4761,3592,4661,2.7
13018,Base-f462400,1/2-1/2,0.5,4761,3593,4661,2.7
13017,New-c74a786,1-0,1.0,4762,3593,4661,2.7
13015,New-c74a786,0-1,0.0,4762,3593,4662,2.7
13016,Base-f462400,1-0,0.0,4762,3593,4663,2.6
13019,New-c74a786,0-1,0.0,4762,3593,4664,2.6
13020,Base-f462400,1-0,0.0,4762,3593,4665,2.6
13021,New-c74a786,1-0,1.0,4763,3593,4665,2.6
13022,Base-f462400,1/2-1/2,0.5,4763,3594,4665,2.6
13023,New-c74a786,1/2-1/2,0.5,4763,3595,4665,2.6
13025,New-c74a786,1-0,1.0,4764,3595,4665,2.6
13024,Base-f462400,1-0,0.0,4764,3595,4666,2.6
13027,New-c74a786,1-0,1.0,4765,3595,4666,2.6
13026,Base-f462400,0-1,1.0,4766,3595,4666,2.7
13030,Base-f462400,0-1,1.0,4767,3595,4666,2.7
13028,Base-f462400,1/2-1/2,0.5,4767,3596,4666,2.7
13029,New-c74a786,1-0,1.0,4768,3596,4666,2.7
13031,New-c74a786,0-1,0.0,4768,3596,4667,2.7
13032,Base-f462400,1/2-1/2,0.5,4768,3597,4667,2.7
13034,Base-f462400,0-1,1.0,4769,3597,4667,2.7
13033,New-c74a786,0-1,0.0,4769,3597,4668,2.7
13037,New-c74a786,0-1,0.0,4769,3597,4669,2.7
13035,New-c74a786,1-0,1.0,4770,3597,4669,2.7
13036,Base-f462400,1/2-1/2,0.5,4770,3598,4669,2.7
13039,New-c74a786,1-0,1.0,4771,3598,4669,2.7
13038,Base-f462400,1-0,0.0,4771,3598,4670,2.7
13040,Base-f462400,1-0,0.0,4771,3598,4671,2.7
13042,Base-f462400,1-0,0.0,4771,3598,4672,2.6
13041,New-c74a786,0-1,0.0,4771,3598,4673,2.6
13043,New-c74a786,1-0,1.0,4772,3598,4673,2.6
13046,Base-f462400,0-1,1.0,4773,3598,4673,2.7
13049,New-c74a786,1/2-1/2,0.5,4773,3599,4673,2.7
13044,Base-f462400,0-1,1.0,4774,3599,4673,2.7
13045,New-c74a786,0-1,0.0,4774,3599,4674,2.7
13048,Base-f462400,0-1,1.0,4775,3599,4674,2.7
13047,New-c74a786,1-0,1.0,4776,3599,4674,2.7
13050,Base-f462400,1/2-1/2,0.5,4776,3600,4674,2.7
13056,Base-f462400,1-0,0.0,4776,3600,4675,2.7
13052,Base-f462400,1/2-1/2,0.5,4776,3601,4675,2.7
13051,New-c74a786,0-1,0.0,4776,3601,4676,2.7
13054,Base-f462400,0-1,1.0,4777,3601,4676,2.7
13053,New-c74a786,1/2-1/2,0.5,4777,3602,4676,2.7
13057,New-c74a786,0-1,0.0,4777,3602,4677,2.7
13055,New-c74a786,1/2-1/2,0.5,4777,3603,4677,2.7
13058,Base-f462400,0-1,1.0,4778,3603,4677,2.7
13059,New-c74a786,1-0,1.0,4779,3603,4677,2.7
13060,Base-f462400,1-0,0.0,4779,3603,4678,2.7
13063,New-c74a786,1-0,1.0,4780,3603,4678,2.7
13061,New-c74a786,0-1,0.0,4780,3603,4679,2.7
13067,New-c74a786,1-0,1.0,4781,3603,4679,2.7
13066,Base-f462400,1/2-1/2,0.5,4781,3604,4679,2.7
13064,Base-f462400,0-1,1.0,4782,3604,4679,2.7
13062,Base-f462400,0-1,1.0,4783,3604,4679,2.8
13065,New-c74a786,1/2-1/2,0.5,4783,3605,4679,2.8
13068,Base-f462400,0-1,1.0,4784,3605,4679,2.8
13069,New-c74a786,0-1,0.0,4784,3605,4680,2.8
13070,Base-f462400,1/2-1/2,0.5,4784,3606,4680,2.8
13075,New-c74a786,1/2-1/2,0.5,4784,3607,4680,2.8
13073,New-c74a786,1/2-1/2,0.5,4784,3608,4680,2.8
13074,Base-f462400,0-1,1.0,4785,3608,4680,2.8
13071,New-c74a786,1/2-1/2,0.5,4785,3609,4680,2.8
13072,Base-f462400,1-0,0.0,4785,3609,4681,2.8
13076,Base-f462400,1-0,0.0,4785,3609,4682,2.7
13078,Base-f462400,1-0,0.0,4785,3609,4683,2.7
13080,Base-f462400,0-1,1.0,4786,3609,4683,2.7
13077,New-c74a786,0-1,0.0,4786,3609,4684,2.7
13079,New-c74a786,0-1,0.0,4786,3609,4685,2.7
13082,Base-f462400,0-1,1.0,4787,3609,4685,2.7
13083,New-c74a786,1-0,1.0,4788,3609,4685,2.7
13081,New-c74a786,0-1,0.0,4788,3609,4686,2.7
13084,Base-f462400,0-1,1.0,4789,3609,4686,2.7
13085,New-c74a786,1/2-1/2,0.5,4789,3610,4686,2.7
13087,New-c74a786,0-1,0.0,4789,3610,4687,2.7
13088,Base-f462400,1/2-1/2,0.5,4789,3611,4687,2.7
13086,Base-f462400,1-0,0.0,4789,3611,4688,2.7
13089,New-c74a786,0-1,0.0,4789,3611,4689,2.7
13094,Base-f462400,1/2-1/2,0.5,4789,3612,4689,2.7
13092,Base-f462400,1-0,0.0,4789,3612,4690,2.6
13090,Base-f462400,0-1,1.0,4790,3612,4690,2.7
13095,New-c74a786,1/2-1/2,0.5,4790,3613,4690,2.7
13091,New-c74a786,1-0,1.0,4791,3613,4690,2.7
13093,New-c74a786,0-1,0.0,4791,3613,4691,2.7
13099,New-c74a786,1/2-1/2,0.5,4791,3614,4691,2.7
13096,Base-f462400,1/2-1/2,0.5,4791,3615,4691,2.7
13097,New-c74a786,0-1,0.0,4791,3615,4692,2.6
13101,New-c74a786,1/2-1/2,0.5,4791,3616,4692,2.6
13102,Base-f462400,1-0,0.0,4791,3616,4693,2.6
13100,Base-f462400,1/2-1/2,0.5,4791,3617,4693,2.6
13103,New-c74a786,0-1,0.0,4791,3617,4694,2.6
13104,Base-f462400,0-1,1.0,4792,3617,4694,2.6
13098,Base-f462400,1/2-1/2,0.5,4792,3618,4694,2.6
13105,New-c74a786,0-1,0.0,4792,3618,4695,2.6
13106,Base-f462400,0-1,1.0,4793,3618,4695,2.6
13108,Base-f462400,0-1,1.0,4794,3618,4695,2.6
13107,New-c74a786,1/2-1/2,0.5,4794,3619,4695,2.6
13109,New-c74a786,1-0,1.0,4795,3619,4695,2.7
13111,New-c74a786,1/2-1/2,0.5,4795,3620,4695,2.7
13113,New-c74a786,1-0,1.0,4796,3620,4695,2.7
13112,Base-f462400,1/2-1/2,0.5,4796,3621,4695,2.7
13110,Base-f462400,1/2-1/2,0.5,4796,3622,4695,2.7
13114,Base-f462400,0-1,1.0,4797,3622,4695,2.7
13116,Base-f462400,1-0,0.0,4797,3622,4696,2.7
13115,New-c74a786,0-1,0.0,4797,3622,4697,2.6
13117,New-c74a786,0-1,0.0,4797,3622,4698,2.6
13118,Base-f462400,1/2-1/2,0.5,4797,3623,4698,2.6
13121,New-c74a786,1/2-1/2,0.5,4797,3624,4698,2.6
13119,New-c74a786,1-0,1.0,4798,3624,4698,2.6
13120,Base-f462400,1-0,0.0,4798,3624,4699,2.6
13124,Base-f462400,0-1,1.0,4799,3624,4699,2.6
13122,Base-f462400,0-1,1.0,4800,3624,4699,2.7
13123,New-c74a786,1/2-1/2,0.5,4800,3625,4699,2.7
13125,New-c74a786,1-0,1.0,4801,3625,4699,2.7
13127,New-c74a786,1/2-1/2,0.5,4801,3626,4699,2.7
13126,Base-f462400,0-1,1.0,4802,3626,4699,2.7
13130,Base-f462400,1/2-1/2,0.5,4802,3627,4699,2.7
13128,Base-f462400,0-1,1.0,4803,3627,4699,2.8
13132,Base-f462400,1-0,0.0,4803,3627,4700,2.7
13129,New-c74a786,1-0,1.0,4804,3627,4700,2.8
13131,New-c74a786,0-1,0.0,4804,3627,4701,2.7
13133,New-c74a786,1-0,1.0,4805,3627,4701,2.8
13134,Base-f462400,1-0,0.0,4805,3627,4702,2.7
13137,New-c74a786,0-1,0.0,4805,3627,4703,2.7
13139,New-c74a786,1/2-1/2,0.5,4805,3628,4703,2.7
13138,Base-f462400,0-1,1.0,4806,3628,4703,2.7
13135,New-c74a786,1-0,1.0,4807,3628,4703,2.8
13140,Base-f462400,1-0,0.0,4807,3628,4704,2.7
13136,Base-f462400,0-1,1.0,4808,3628,4704,2.7
13141,New-c74a786,0-1,0.0,4808,3628,4705,2.7
13144,Base-f462400,0-1,1.0,4809,3628,4705,2.7
13145,New-c74a786,0-1,0.0,4809,3628,4706,2.7
13142,Base-f462400,0-1,1.0,4810,3628,4706,2.7
13143,New-c74a786,0-1,0.0,4810,3628,4707,2.7
13148,Base-f462400,0-1,1.0,4811,3628,4707,2.7
13146,Base-f462400,0-1,1.0,4812,3628,4707,2.8
13149,New-c74a786,1/2-1/2,0.5,4812,3629,4707,2.8
13147,New-c74a786,1-0,1.0,4813,3629,4707,2.8
13151,New-c74a786,0-1,0.0,4813,3629,4708,2.8
13152,Base-f462400,0-1,1.0,4814,3629,4708,2.8
13150,Base-f462400,0-1,1.0,4815,3629,4708,2.8
13156,Base-f462400,1-0,0.0,4815,3629,4709,2.8
13154,Base-f462400,0-1,1.0,4816,3629,4709,2.8
13153,New-c74a786,1/2-1/2,0.5,4816,3630,4709,2.8
13155,New-c74a786,1-0,1.0,4817,3630,4709,2.9
13159,New-c74a786,0-1,0.0,4817,3630,4710,2.8
13157,New-c74a786,1-0,1.0,4818,3630,4710,2.9
13160,Base-f462400,0-1,1.0,4819,3630,4710,2.9
13158,Base-f462400,1/2-1/2,0.5,4819,3631,4710,2.9
13161,New-c74a786,1-0,1.0,4820,3631,4710,2.9
13162,Base-f462400,0-1,1.0,4821,3631,4710,2.9
13166,Base-f462400,1-0,0.0,4821,3631,4711,2.9
13164,Base-f462400,0-1,1.0,4822,3631,4711,2.9
13165,New-c74a786,0-1,0.0,4822,3631,4712,2.9
13168,Base-f462400,1-0,0.0,4822,3631,4713,2.9
13167,New-c74a786,1-0,1.0,4823,3631,4713,2.9
13163,New-c74a786,0-1,0.0,4823,3631,4714,2.9
13170,Base-f462400,1-0,0.0,4823,3631,4715,2.8
13169,New-c74a786,0-1,0.0,4823,3631,4716,2.8
13172,Base-f462400,0-1,1.0,4824,3631,4716,2.8
13173,New-c74a786,1-0,1.0,4825,3631,4716,2.9
13174,Base-f462400,1-0,0.0,4825,3631,4717,2.8
13171,New-c74a786,1/2-1/2,0.5,4825,3632,4717,2.8
13175,New-c74a786,0-1,0.0,4825,3632,4718,2.8
13176,Base-f462400,1-0,0.0,4825,3632,4719,2.8
13179,New-c74a786,0-1,0.0,4825,3632,4720,2.8
13177,New-c74a786,0-1,0.0,4825,3632,4721,2.7
13181,New-c74a786,1-0,1.0,4826,3632,4721,2.8
13178,Base-f462400,1-0,0.0,4826,3632,4722,2.7
13180,Base-f462400,0-1,1.0,4827,3632,4722,2.8
13182,Base-f462400,0-1,1.0,4828,3632,4722,2.8
13183,New-c74a786,1-0,1.0,4829,3632,4722,2.8
13186,Base-f462400,1/2-1/2,0.5,4829,3633,4722,2.8
13185,New-c74a786,1-0,1.0,4830,3633,4722,2.8
13184,Base-f462400,0-1,1.0,4831,3633,4722,2.9
13188,Base-f462400,1/2-1/2,0.5,4831,3634,4722,2.9
13189,New-c74a786,0-1,0.0,4831,3634,4723,2.8
13187,New-c74a786,1-0,1.0,4832,3634,4723,2.9
13190,Base-f462400,1/2-1/2,0.5,4832,3635,4723,2.9
13193,New-c74a786,0-1,0.0,4832,3635,4724,2.8
13191,New-c74a786,1-0,1.0,4833,3635,4724,2.9
13192,Base-f462400,1/2-1/2,0.5,4833,3636,4724,2.9
13196,Base-f462400,1-0,0.0,4833,3636,4725,2.8
13194,Base-f462400,0-1,1.0,4834,3636,4725,2.9
13195,New-c74a786,1/2-1/2,0.5,4834,3637,4725,2.9
13201,New-c74a786,1-0,1.0,4835,3637,4725,2.9
13197,New-c74a786,1/2-1/2,0.5,4835,3638,4725,2.9
13199,New-c74a786,1-0,1.0,4836,3638,4725,2.9
13198,Base-f462400,1-0,0.0,4836,3638,4726,2.9
13200,Base-f462400,1/2-1/2,0.5,4836,3639,4726,2.9
13203,New-c74a786,1-0,1.0,4837,3639,4726,2.9
13202,Base-f462400,1/2-1/2,0.5,4837,3640,4726,2.9
13208,Base-f462400,0-1,1.0,4838,3640,4726,2.9
13207,New-c74a786,1-0,1.0,4839,3640,4726,3.0
13206,Base-f462400,1-0,0.0,4839,3640,4727,2.9
13209,New-c74a786,0-1,0.0,4839,3640,4728,2.9
13205,New-c74a786,0-1,0.0,4839,3640,4729,2.9
13210,Base-f462400,1/2-1/2,0.5,4839,3641,4729,2.9
13204,Base-f462400,1/2-1/2,0.5,4839,3642,4729,2.9
13211,New-c74a786,1/2-1/2,0.5,4839,3643,4729,2.9
13218,Base-f462400,1/2-1/2,0.5,4839,3644,4729,2.9
13212,Base-f462400,1/2-1/2,0.5,4839,3645,4729,2.9
13214,Base-f462400,1-0,0.0,4839,3645,4730,2.9
13213,New-c74a786,0-1,0.0,4839,3645,4731,2.8
13216,Base-f462400,1-0,0.0,4839,3645,4732,2.8
13217,New-c74a786,1-0,1.0,4840,3645,4732,2.8
13215,New-c74a786,1/2-1/2,0.5,4840,3646,4732,2.8
13219,New-c74a786,1-0,1.0,4841,3646,4732,2.9
13221,New-c74a786,1-0,1.0,4842,3646,4732,2.9
13220,Base-f462400,1-0,0.0,4842,3646,4733,2.9
13223,New-c74a786,0-1,0.0,4842,3646,4734,2.8
13224,Base-f462400,1-0,0.0,4842,3646,4735,2.8
13226,Base-f462400,0-1,1.0,4843,3646,4735,2.8
13225,New-c74a786,1/2-1/2,0.5,4843,3647,4735,2.8
13222,Base-f462400,1-0,0.0,4843,3647,4736,2.8
13227,New-c74a786,1/2-1/2,0.5,4843,3648,4736,2.8
13229,New-c74a786,0-1,0.0,4843,3648,4737,2.8
13230,Base-f462400,1-0,0.0,4843,3648,4738,2.8
13228,Base-f462400,1/2-1/2,0.5,4843,3649,4738,2.8
13231,New-c74a786,0-1,0.0,4843,3649,4739,2.7
13234,Base-f462400,1-0,0.0,4843,3649,4740,2.7
13232,Base-f462400,1-0,0.0,4843,3649,4741,2.7
13235,New-c74a786,1-0,1.0,4844,3649,4741,2.7
13236,Base-f462400,1-0,0.0,4844,3649,4742,2.7
13233,New-c74a786,1/2-1/2,0.5,4844,3650,4742,2.7
13241,New-c74a786,1-0,1.0,4845,3650,4742,2.7
13237,New-c74a786,1-0,1.0,4846,3650,4742,2.7
13239,New-c74a786,1/2-1/2,0.5,4846,3651,4742,2.7
13238,Base-f462400,0-1,1.0,4847,3651,4742,2.8
13242,Base-f462400,1-0,0.0,4847,3651,4743,2.7
13240,Base-f462400,0-1,1.0,4848,3651,4743,2.8
13245,New-c74a786,1/2-1/2,0.5,4848,3652,4743,2.8
13243,New-c74a786,0-1,0.0,4848,3652,4744,2.7
13249,New-c74a786,1/2-1/2,0.5,4848,3653,4744,2.7
13244,Base-f462400,0-1,1.0,4849,3653,4744,2.8
13251,New-c74a786,1/2-1/2,0.5,4849,3654,4744,2.8
13246,Base-f462400,0-1,1.0,4850,3654,4744,2.8
13247,New-c74a786,1-0,1.0,4851,3654,4744,2.8
13248,Base-f462400,1-0,0.0,4851,3654,4745,2.8
13250,Base-f462400,1/2-1/2,0.5,4851,3655,4745,2.8
13252,Base-f462400,1-0,0.0,4851,3655,4746,2.8
13253,New-c74a786,0-1,0.0,4851,3655,4747,2.7
13257,New-c74a786,0-1,0.0,4851,3655,4748,2.7
13255,New-c74a786,1-0,1.0,4852,3655,4748,2.7
13254,Base-f462400,1/2-1/2,0.5,4852,3656,4748,2.7
13259,New-c74a786,1/2-1/2,0.5,4852,3657,4748,2.7
13260,Base-f462400,1/2-1/2,0.5,4852,3658,4748,2.7
13258,Base-f462400,1/2-1/2,0.5,4852,3659,4748,2.7
13256,Base-f462400,1/2-1/2,0.5,4852,3660,4748,2.7
13262,Base-f462400,1/2-1/2,0.5,4852,3661,4748,2.7
13264,Base-f462400,1/2-1/2,0.5,4852,3662,4748,2.7
13261,New-c74a786,0-1,0.0,4852,3662,4749,2.7
13263,New-c74a786,0-1,0.0,4852,3662,4750,2.7
13268,Base-f462400,1/2-1/2,0.5,4852,3663,4750,2.7
13267,New-c74a786,0-1,0.0,4852,3663,4751,2.6
13266,Base-f462400,1/2-1/2,0.5,4852,3664,4751,2.6
13265,New-c74a786,1-0,1.0,4853,3664,4751,2.7
13271,New-c74a786,1/2-1/2,0.5,4853,3665,4751,2.7
13269,New-c74a786,1/2-1/2,0.5,4853,3666,4751,2.7
13270,Base-f462400,0-1,1.0,4854,3666,4751,2.7
13272,Base-f462400,0-1,1.0,4855,3666,4751,2.7
13277,New-c74a786,1-0,1.0,4856,3666,4751,2.7
13273,New-c74a786,0-1,0.0,4856,3666,4752,2.7
13274,Base-f462400,1-0,0.0,4856,3666,4753,2.7
13276,Base-f462400,1-0,0.0,4856,3666,4754,2.7
13275,New-c74a786,1/2-1/2,0.5,4856,3667,4754,2.7
13278,Base-f462400,1-0,0.0,4856,3667,4755,2.6
13279,New-c74a786,1/2-1/2,0.5,4856,3668,4755,2.6
13281,New-c74a786,1/2-1/2,0.5,4856,3669,4755,2.6
13284,Base-f462400,1/2-1/2,0.5,4856,3670,4755,2.6
13280,Base-f462400,1/2-1/2,0.5,4856,3671,4755,2.6
13286,Base-f462400,1-0,0.0,4856,3671,4756,2.6
13282,Base-f462400,1/2-1/2,0.5,4856,3672,4756,2.6
13285,New-c74a786,1-0,1.0,4857,3672,4756,2.6
13287,New-c74a786,1/2-1/2,0.5,4857,3673,4756,2.6
13283,New-c74a786,1/2-1/2,0.5,4857,3674,4756,2.6
13288,Base-f462400,1/2-1/2,0.5,4857,3675,4756,2.6
13290,Base-f462400,1-0,0.0,4857,3675,4757,2.6
13293,New-c74a786,0-1,0.0,4857,3675,4758,2.6
13289,New-c74a786,0-1,0.0,4857,3675,4759,2.6
13292,Base-f462400,1-0,0.0,4857,3675,4760,2.5
13291,New-c74a786,1-0,1.0,4858,3675,4760,2.6
13294,Base-f462400,0-1,1.0,4859,3675,4760,2.6
13296,Base-f462400,1-0,0.0,4859,3675,4761,2.6
13295,New-c74a786,0-1,0.0,4859,3675,4762,2.5
13297,New-c74a786,1-0,1.0,4860,3675,4762,2.6
13301,New-c74a786,0-1,0.0,4860,3675,4763,2.5
13299,New-c74a786,1/2-1/2,0.5,4860,3676,4763,2.5
13298,Base-f462400,1/2-1/2,0.5,4860,3677,4763,2.5
13302,Base-f462400,1/2-1/2,0.5,4860,3678,4763,2.5
13303,New-c74a786,0-1,0.0,4860,3678,4764,2.5
13300,Base-f462400,1/2-1/2,0.5,4860,3679,4764,2.5
13304,Base-f462400,0-1,1.0,4861,3679,4764,2.5
13307,New-c74a786,0-1,0.0,4861,3679,4765,2.5
13308,Base-f462400,0-1,1.0,4862,3679,4765,2.5
13306,Base-f462400,0-1,1.0,4863,3679,4765,2.6
13309,New-c74a786,0-1,0.0,4863,3679,4766,2.5
13310,Base-f462400,0-1,1.0,4864,3679,4766,2.6
13305,New-c74a786,1/2-1/2,0.5,4864,3680,4766,2.6
13312,Base-f462400,1/2-1/2,0.5,4864,3681,4766,2.6
13311,New-c74a786,1-0,1.0,4865,3681,4766,2.6
13315,New-c74a786,1-0,1.0,4866,3681,4766,2.6
13313,New-c74a786,1-0,1.0,4867,3681,4766,2.6
13314,Base-f462400,1-0,0.0,4867,3681,4767,2.6
13316,Base-f462400,1-0,0.0,4867,3681,4768,2.6
13319,New-c74a786,1-0,1.0,4868,3681,4768,2.6
13320,Base-f462400,1-0,0.0,4868,3681,4769,2.6
13318,Base-f462400,0-1,1.0,4869,3681,4769,2.6
13321,New-c74a786,1-0,1.0,4870,3681,4769,2.6
13317,New-c74a786,1/2-1/2,0.5,4870,3682,4769,2.6
13322,Base-f462400,0-1,1.0,4871,3682,4769,2.7
13324,Base-f462400,0-1,1.0,4872,3682,4769,2.7
13325,New-c74a786,0-1,0.0,4872,3682,4770,2.7
13328,Base-f462400,1/2-1/2,0.5,4872,3683,4770,2.7
13326,Base-f462400,1-0,0.0,4872,3683,4771,2.6
13323,New-c74a786,1/2-1/2,0.5,4872,3684,4771,2.6
13329,New-c74a786,0-1,0.0,4872,3684,4772,2.6
13330,Base-f462400,0-1,1.0,4873,3684,4772,2.6
13327,New-c74a786,1-0,1.0,4874,3684,4772,2.7
13333,New-c74a786,0-1,0.0,4874,3684,4773,2.6
13331,New-c74a786,1-0,1.0,4875,3684,4773,2.7
13334,Base-f462400,1-0,0.0,4875,3684,4774,2.6
13332,Base-f462400,1/2-1/2,0.5,4875,3685,4774,2.6
13336,Base-f462400,1-0,0.0,4875,3685,4775,2.6
13335,New-c74a786,0-1,0.0,4875,3685,4776,2.6
13338,Base-f462400,1-0,0.0,4875,3685,4777,2.6
13337,New-c74a786,1-0,1.0,4876,3685,4777,2.6
13339,New-c74a786,0-1,0.0,4876,3685,4778,2.6
13342,Base-f462400,0-1,1.0,4877,3685,4778,2.6
13343,New-c74a786,1/2-1/2,0.5,4877,3686,4778,2.6
13341,New-c74a786,0-1,0.0,4877,3686,4779,2.6
13340,Base-f462400,0-1,1.0,4878,3686,4779,2.6
13344,Base-f462400,1-0,0.0,4878,3686,4780,2.6
13345,New-c74a786,0-1,0.0,4878,3686,4781,2.5
13346,Base-f462400,1-0,0.0,4878,3686,4782,2.5
13354,Base-f462400,1/2-1/2,0.5,4878,3687,4782,2.5
13347,New-c74a786,0-1,0.0,4878,3687,4783,2.5
13349,New-c74a786,1-0,1.0,4879,3687,4783,2.5
13350,Base-f462400,0-1,1.0,4880,3687,4783,2.5
13351,New-c74a786,1-0,1.0,4881,3687,4783,2.6
13348,Base-f462400,1/2-1/2,0.5,4881,3688,4783,2.6
13352,Base-f462400,0-1,1.0,4882,3688,4783,2.6
13353,New-c74a786,1-0,1.0,4883,3688,4783,2.6
13355,New-c74a786,1-0,1.0,4884,3688,4783,2.6
13360,Base-f462400,1-0,0.0,4884,3688,4784,2.6
13357,New-c74a786,0-1,0.0,4884,3688,4785,2.6
13356,Base-f462400,1/2-1/2,0.5,4884,3689,4785,2.6
13361,New-c74a786,1/2-1/2,0.5,4884,3690,4785,2.6
13358,Base-f462400,0-1,1.0,4885,3690,4785,2.6
13359,New-c74a786,0-1,0.0,4885,3690,4786,2.6
13362,Base-f462400,0-1,1.0,4886,3690,4786,2.6
13363,New-c74a786,1/2-1/2,0.5,4886,3691,4786,2.6
13367,New-c74a786,0-1,0.0,4886,3691,4787,2.6
13364,Base-f462400,1-0,0.0,4886,3691,4788,2.5
13366,Base-f462400,1/2-1/2,0.5,4886,3692,4788,2.5
13365,New-c74a786,1/2-1/2,0.5,4886,3693,4788,2.5
13368,Base-f462400,0-1,1.0,4887,3693,4788,2.6
13370,Base-f462400,0-1,1.0,4888,3693,4788,2.6
13369,New-c74a786,0-1,0.0,4888,3693,4789,2.6
13371,New-c74a786,1-0,1.0,4889,3693,4789,2.6
13377,New-c74a786,1/2-1/2,0.5,4889,3694,4789,2.6
13375,New-c74a786,1-0,1.0,4890,3694,4789,2.6
13378,Base-f462400,1/2-1/2,0.5,4890,3695,4789,2.6
13372,Base-f462400,1-0,0.0,4890,3695,4790,2.6
13376,Base-f462400,1-0,0.0,4890,3695,4791,2.6
13374,Base-f462400,0-1,1.0,4891,3695,4791,2.6
13373,New-c74a786,1/2-1/2,0.5,4891,3696,4791,2.6
13379,New-c74a786,1-0,1.0,4892,3696,4791,2.6
13383,New-c74a786,1-0,1.0,4893,3696,4791,2.6
13384,Base-f462400,1/2-1/2,0.5,4893,3697,4791,2.6
13380,Base-f462400,1/2-1/2,0.5,4893,3698,4791,2.6
13382,Base-f462400,1-0,0.0,4893,3698,4792,2.6
13381,New-c74a786,1-0,1.0,4894,3698,4792,2.6
13385,New-c74a786,1-0,1.0,4895,3698,4792,2.7
13386,Base-f462400,1-0,0.0,4895,3698,4793,2.6
13387,New-c74a786,1-0,1.0,4896,3698,4793,2.7
13388,Base-f462400,0-1,1.0,4897,3698,4793,2.7
13393,New-c74a786,1/2-1/2,0.5,4897,3699,4793,2.7
13389,New-c74a786,1/2-1/2,0.5,4897,3700,4793,2.7
13392,Base-f462400,0-1,1.0,4898,3700,4793,2.7
13390,Base-f462400,1-0,0.0,4898,3700,4794,2.7
13391,New-c74a786,1-0,1.0,4899,3700,4794,2.7
13394,Base-f462400,1-0,0.0,4899,3700,4795,2.7
13396,Base-f462400,1-0,0.0,4899,3700,4796,2.7
13395,New-c74a786,1-0,1.0,4900,3700,4796,2.7
13401,New-c74a786,1-0,1.0,4901,3700,4796,2.7
13397,New-c74a786,1/2-1/2,0.5,4901,3701,4796,2.7
13398,Base-f462400,0-1,1.0,4902,3701,4796,2.7
13402,Base-f462400,1/2-1/2,0.5,4902,3702,4796,2.7
13399,New-c74a786,1-0,1.0,4903,3702,4796,2.8
13400,Base-f462400,0-1,1.0,4904,3702,4796,2.8
13404,Base-f462400,0-1,1.0,4905,3702,4796,2.8
13405,New-c74a786,1-0,1.0,4906,3702,4796,2.9
13406,Base-f462400,1/2-1/2,0.5,4906,3703,4796,2.9
13403,New-c74a786,1/2-1/2,0.5,4906,3704,4796,2.9
13407,New-c74a786,1/2-1/2,0.5,4906,3705,4796,2.9
13409,New-c74a786,0-1,0.0,4906,3705,4797,2.8
13413,New-c74a786,1/2-1/2,0.5,4906,3706,4797,2.8
13410,Base-f462400,1/2-1/2,0.5,4906,3707,4797,2.8
13408,Base-f462400,1-0,0.0,4906,3707,4798,2.8
13411,New-c74a786,1/2-1/2,0.5,4906,3708,4798,2.8
13412,Base-f462400,0-1,1.0,4907,3708,4798,2.8
13414,Base-f462400,1/2-1/2,0.5,4907,3709,4798,2.8
13415,New-c74a786,1-0,1.0,4908,3709,4798,2.8
13419,New-c74a786,1/2-1/2,0.5,4908,3710,4798,2.8
13417,New-c74a786,0-1,0.0,4908,3710,4799,2.8
13416,Base-f462400,1/2-1/2,0.5,4908,3711,4799,2.8
13418,Base-f462400,1/2-1/2,0.5,4908,3712,4799,2.8
13421,New-c74a786,1-0,1.0,4909,3712,4799,2.8
13420,Base-f462400,1-0,0.0,4909,3712,4800,2.8
13423,New-c74a786,0-1,0.0,4909,3712,4801,2.8
13422,Base-f462400,1/2-1/2,0.5,4909,3713,4801,2.8
13426,Base-f462400,0-1,1.0,4910,3713,4801,2.8
13425,New-c74a786,0-1,0.0,4910,3713,4802,2.8
13424,Base-f462400,0-1,1.0,4911,3713,4802,2.8
13427,New-c74a786,1/2-1/2,0.5,4911,3714,4802,2.8
13430,Base-f462400,1/2-1/2,0.5,4911,3715,4802,2.8
13429,New-c74a786,1/2-1/2,0.5,4911,3716,4802,2.8
13431,New-c74a786,1/2-1/2,0.5,4911,3717,4802,2.8
13433,New-c74a786,1-0,1.0,4912,3717,4802,2.8
13432,Base-f462400,1/2-1/2,0.5,4912,3718,4802,2.8
13434,Base-f462400,1/2-1/2,0.5,4912,3719,4802,2.8
13428,Base-f462400,0-1,1.0,4913,3719,4802,2.9
13436,Base-f462400,1/2-1/2,0.5,4913,3720,4802,2.9
13435,New-c74a786,1/2-1/2,0.5,4913,3721,4802,2.9
13438,Base-f462400,0-1,1.0,4914,3721,4802,2.9
13439,New-c74a786,0-1,0.0,4914,3721,4803,2.9
13440,Base-f462400,1/2-1/2,0.5,4914,3722,4803,2.9
13441,New-c74a786,1-0,1.0,4915,3722,4803,2.9
13437,New-c74a786,1/2-1/2,0.5,4915,3723,4803,2.9
13442,Base-f462400,0-1,1.0,4916,3723,4803,2.9
13444,Base-f462400,1/2-1/2,0.5,4916,3724,4803,2.9
13443,New-c74a786,1/2-1/2,0.5,4916,3725,4803,2.9
13445,New-c74a786,1/2-1/2,0.5,4916,3726,4803,2.9
13452,Base-f462400,1/2-1/2,0.5,4916,3727,4803,2.9
13447,New-c74a786,1-0,1.0,4917,3727,4803,2.9
13449,New-c74a786,0-1,0.0,4917,3727,4804,2.9
13451,New-c74a786,0-1,0.0,4917,3727,4805,2.9
13446,Base-f462400,0-1,1.0,4918,3727,4805,2.9
13448,Base-f462400,1-0,0.0,4918,3727,4806,2.9
13453,New-c74a786,1-0,1.0,4919,3727,4806,2.9
13456,Base-f462400,1/2-1/2,0.5,4919,3728,4806,2.9
13450,Base-f462400,1-0,0.0,4919,3728,4807,2.9
13454,Base-f462400,1-0,0.0,4919,3728,4808,2.9
13455,New-c74a786,1-0,1.0,4920,3728,4808,2.9
13462,Base-f462400,0-1,1.0,4921,3728,4808,2.9
13459,New-c74a786,1/2-1/2,0.5,4921,3729,4808,2.9
13457,New-c74a786,1-0,1.0,4922,3729,4808,2.9
13461,New-c74a786,1-0,1.0,4923,3729,4808,3.0
13458,Base-f462400,1-0,0.0,4923,3729,4809,2.9
13460,Base-f462400,1-0,0.0,4923,3729,4810,2.9
13465,New-c74a786,1/2-1/2,0.5,4923,3730,4810,2.9
13464,Base-f462400,1/2-1/2,0.5,4923,3731,4810,2.9
13466,Base-f462400,1/2-1/2,0.5,4923,3732,4810,2.9
13467,New-c74a786,1-0,1.0,4924,3732,4810,2.9
13463,New-c74a786,1-0,1.0,4925,3732,4810,3.0
13469,New-c74a786,1/2-1/2,0.5,4925,3733,4810,3.0
13468,Base-f462400,1-0,0.0,4925,3733,4811,2.9
13472,Base-f462400,0-1,1.0,4926,3733,4811,3.0
13471,New-c74a786,0-1,0.0,4926,3733,4812,2.9
13470,Base-f462400,0-1,1.0,4927,3733,4812,3.0
13473,New-c74a786,1-0,1.0,4928,3733,4812,3.0
13474,Base-f462400,1-0,0.0,4928,3733,4813,3.0
13477,New-c74a786,1-0,1.0,4929,3733,4813,3.0
13475,New-c74a786,1-0,1.0,4930,3733,4813,3.0
13476,Base-f462400,0-1,1.0,4931,3733,4813,3.0
13478,Base-f462400,1-0,0.0,4931,3733,4814,3.0
13479,New-c74a786,0-1,0.0,4931,3733,4815,3.0
13480,Base-f462400,0-1,1.0,4932,3733,4815,3.0
13482,Base-f462400,1-0,0.0,4932,3733,4816,3.0
13483,New-c74a786,1-0,1.0,4933,3733,4816,3.0
13481,New-c74a786,1-0,1.0,4934,3733,4816,3.0
13484,Base-f462400,1-0,0.0,4934,3733,4817,3.0
13485,New-c74a786,1/2-1/2,0.5,4934,3734,4817,3.0
13486,Base-f462400,1-0,0.0,4934,3734,4818,3.0
13488,Base-f462400,1-0,0.0,4934,3734,4819,3.0
13487,New-c74a786,0-1,0.0,4934,3734,4820,2.9
13489,New-c74a786,0-1,0.0,4934,3734,4821,2.9
13490,Base-f462400,1/2-1/2,0.5,4934,3735,4821,2.9
13497,New-c74a786,1/2-1/2,0.5,4934,3736,4821,2.9
13492,Base-f462400,0-1,1.0,4935,3736,4821,2.9
13494,Base-f462400,1/2-1/2,0.5,4935,3737,4821,2.9
13491,New-c74a786,1/2-1/2,0.5,4935,3738,4821,2.9
13496,Base-f462400,1-0,0.0,4935,3738,4822,2.9
13493,New-c74a786,1/2-1/2,0.5,4935,3739,4822,2.9
13495,New-c74a786,0-1,0.0,4935,3739,4823,2.9
13499,New-c74a786,0-1,0.0,4935,3739,4824,2.9
13498,Base-f462400,0-1,1.0,4936,3739,4824,2.9
13501,New-c74a786,1/2-1/2,0.5,4936,3740,4824,2.9
13503,New-c74a786,1-0,1.0,4937,3740,4824,2.9
13500,Base-f462400,0-1,1.0,4938,3740,4824,2.9
13504,Base-f462400,1-0,0.0,4938,3740,4825,2.9
13502,Base-f462400,1/2-1/2,0.5,4938,3741,4825,2.9
13506,Base-f462400,1/2-1/2,0.5,4938,3742,4825,2.9
13508,Base-f462400,1/2-1/2,0.5,4938,3743,4825,2.9
13507,New-c74a786,0-1,0.0,4938,3743,4826,2.9
13509,New-c74a786,1/2-1/2,0.5,4938,3744,4826,2.9
13513,New-c74a786,1/2-1/2,0.5,4938,3745,4826,2.9
13512,Base-f462400,1/2-1/2,0.5,4938,3746,4826,2.9
13505,New-c74a786,0-1,0.0,4938,3746,4827,2.9
13511,New-c74a786,0-1,0.0,4938,3746,4828,2.8
13514,Base-f462400,1-0,0.0,4938,3746,4829,2.8
13510,Base-f462400,0-1,1.0,4939,3746,4829,2.8
13517,New-c74a786,0-1,0.0,4939,3746,4830,2.8
13518,Base-f462400,1/2-1/2,0.5,4939,3747,4830,2.8
13515,New-c74a786,1-0,1.0,4940,3747,4830,2.8
13522,Base-f462400,0-1,1.0,4941,3747,4830,2.9
13520,Base-f462400,1-0,0.0,4941,3747,4831,2.8
13521,New-c74a786,1-0,1.0,4942,3747,4831,2.9
13519,New-c74a786,1/2-1/2,0.5,4942,3748,4831,2.9
13516,Base-f462400,0-1,1.0,4943,3748,4831,2.9
13523,New-c74a786,1/2-1/2,0.5,4943,3749,4831,2.9
13524,Base-f462400,1-0,0.0,4943,3749,4832,2.9
13525,New-c74a786,1-0,1.0,4944,3749,4832,2.9
13529,New-c74a786,1/2-1/2,0.5,4944,3750,4832,2.9
13526,Base-f462400,1-0,0.0,4944,3750,4833,2.9
13527,New-c74a786,1-0,1.0,4945,3750,4833,2.9
13528,Base-f462400,1/2-1/2,0.5,4945,3751,4833,2.9
13531,New-c74a786,1-0,1.0,4946,3751,4833,2.9
13530,Base-f462400,1-0,0.0,4946,3751,4834,2.9
13532,Base-f462400,0-1,1.0,4947,3751,4834,2.9
13533,New-c74a786,1-0,1.0,4948,3751,4834,2.9
13536,Base-f462400,1-0,0.0,4948,3751,4835,2.9
13538,Base-f462400,0-1,1.0,4949,3751,4835,2.9
13534,Base-f462400,0-1,1.0,4950,3751,4835,3.0
13535,New-c74a786,0-1,0.0,4950,3751,4836,2.9
13537,New-c74a786,0-1,0.0,4950,3751,4837,2.9
13539,New-c74a786,1/2-1/2,0.5,4950,3752,4837,2.9
13540,Base-f462400,1/2-1/2,0.5,4950,3753,4837,2.9
13541,New-c74a786,0-1,0.0,4950,3753,4838,2.9
13544,Base-f462400,1/2-1/2,0.5,4950,3754,4838,2.9
13543,New-c74a786,1-0,1.0,4951,3754,4838,2.9
13545,New-c74a786,1-0,1.0,4952,3754,4838,2.9
13542,Base-f462400,1/2-1/2,0.5,4952,3755,4838,2.9
13546,Base-f462400,0-1,1.0,4953,3755,4838,2.9
13547,New-c74a786,0-1,0.0,4953,3755,4839,2.9
13548,Base-f462400,1-0,0.0,4953,3755,4840,2.9
13549,New-c74a786,0-1,0.0,4953,3755,4841,2.9
13550,Base-f462400,1/2-1/2,0.5,4953,3756,4841,2.9
13551,New-c74a786,0-1,0.0,4953,3756,4842,2.8
13552,Base-f462400,1-0,0.0,4953,3756,4843,2.8
13556,Base-f462400,1/2-1/2,0.5,4953,3757,4843,2.8
13554,Base-f462400,0-1,1.0,4954,3757,4843,2.8
13555,New-c74a786,1-0,1.0,4955,3757,4843,2.9
13553,New-c74a786,1/2-1/2,0.5,4955,3758,4843,2.9
13557,New-c74a786,1-0,1.0,4956,3758,4843,2.9
13558,Base-f462400,1-0,0.0,4956,3758,4844,2.9
13559,New-c74a786,0-1,0.0,4956,3758,4845,2.8
13561,New-c74a786,0-1,0.0,4956,3758,4846,2.8
13562,Base-f462400,1/2-1/2,0.5,4956,3759,4846,2.8
13560,Base-f462400,1-0,0.0,4956,3759,4847,2.8
13565,New-c74a786,1-0,1.0,4957,3759,4847,2.8
13564,Base-f462400,1-0,0.0,4957,3759,4848,2.8
13566,Base-f462400,1-0,0.0,4957,3759,4849,2.8
13568,Base-f462400,1/2-1/2,0.5,4957,3760,4849,2.8
13563,New-c74a786,1/2-1/2,0.5,4957,3761,4849,2.8
13567,New-c74a786,1-0,1.0,4958,3761,4849,2.8
13569,New-c74a786,1-0,1.0,4959,3761,4849,2.8
13570,Base-f462400,1-0,0.0,4959,3761,4850,2.8
13575,New-c74a786,1-0,1.0,4960,3761,4850,2.8
13573,New-c74a786,0-1,0.0,4960,3761,4851,2.8
13572,Base-f462400,1-0,0.0,4960,3761,4852,2.8
13571,New-c74a786,0-1,0.0,4960,3761,4853,2.7
13574,Base-f462400,0-1,1.0,4961,3761,4853,2.8
13576,Base-f462400,1/2-1/2,0.5,4961,3762,4853,2.8
13578,Base-f462400,1-0,0.0,4961,3762,4854,2.7
13577,New-c74a786,0-1,0.0,4961,3762,4855,2.7
13580,Base-f462400,1-0,0.0,4961,3762,4856,2.7
13579,New-c74a786,0-1,0.0,4961,3762,4857,2.7
13582,Base-f462400,0-1,1.0,4962,3762,4857,2.7
13581,New-c74a786,1/2-1/2,0.5,4962,3763,4857,2.7
13583,New-c74a786,0-1,0.0,4962,3763,4858,2.7
13586,Base-f462400,1-0,0.0,4962,3763,4859,2.6
13584,Base-f462400,1/2-1/2,0.5,4962,3764,4859,2.6
13585,New-c74a786,1-0,1.0,4963,3764,4859,2.7
13589,New-c74a786,0-1,0.0,4963,3764,4860,2.6
13587,New-c74a786,0-1,0.0,4963,3764,4861,2.6
13588,Base-f462400,0-1,1.0,4964,3764,4861,2.6
13591,New-c74a786,0-1,0.0,4964,3764,4862,2.6
13590,Base-f462400,0-1,1.0,4965,3764,4862,2.6
13593,New-c74a786,1/2-1/2,0.5,4965,3765,4862,2.6
13596,Base-f462400,1/2-1/2,0.5,4965,3766,4862,2.6
13594,Base-f462400,0-1,1.0,4966,3766,4862,2.7
13597,New-c74a786,1-0,1.0,4967,3766,4862,2.7
13595,New-c74a786,1-0,1.0,4968,3766,4862,2.7
13592,Base-f462400,1/2-1/2,0.5,4968,3767,4862,2.7
13598,Base-f462400,1-0,0.0,4968,3767,4863,2.7
13600,Base-f462400,0-1,1.0,4969,3767,4863,2.7
13599,New-c74a786,1-0,1.0,4970,3767,4863,2.7
13601,New-c74a786,0-1,0.0,4970,3767,4864,2.7
13604,Base-f462400,1-0,0.0,4970,3767,4865,2.7
13602,Base-f462400,0-1,1.0,4971,3767,4865,2.7
13603,New-c74a786,1-0,1.0,4972,3767,4865,2.7
13606,Base-f462400,0-1,1.0,4973,3767,4865,2.8
13605,New-c74a786,1/2-1/2,0.5,4973,3768,4865,2.8
13607,New-c74a786,0-1,0.0,4973,3768,4866,2.7
13608,Base-f462400,1-0,0.0,4973,3768,4867,2.7
13610,Base-f462400,1-0,0.0,4973,3768,4868,2.7
13609,New-c74a786,1-0,1.0,4974,3768,4868,2.7
13611,New-c74a786,0-1,0.0,4974,3768,4869,2.7
13612,Base-f462400,0-1,1.0,4975,3768,4869,2.7
13619,New-c74a786,1-0,1.0,4976,3768,4869,2.7
13613,New-c74a786,0-1,0.0,4976,3768,4870,2.7
13615,New-c74a786,0-1,0.0,4976,3768,4871,2.7
13616,Base-f462400,0-1,1.0,4977,3768,4871,2.7
13618,Base-f462400,1-0,0.0,4977,3768,4872,2.7
13620,Base-f462400,1-0,0.0,4977,3768,4873,2.7
13614,Base-f462400,1/2-1/2,0.5,4977,3769,4873,2.7
13617,New-c74a786,1/2-1/2,0.5,4977,3770,4873,2.7
13621,New-c74a786,1-0,1.0,4978,3770,4873,2.7
13622,Base-f462400,1/2-1/2,0.5,4978,3771,4873,2.7
13623,New-c74a786,1/2-1/2,0.5,4978,3772,4873,2.7
13626,Base-f462400,1/2-1/2,0.5,4978,3773,4873,2.7
13625,New-c74a786,0-1,0.0,4978,3773,4874,2.7
13624,Base-f462400,0-1,1.0,4979,3773,4874,2.7
13627,New-c74a786,0-1,0.0,4979,3773,4875,2.7
13628,Base-f462400,0-1,1.0,4980,3773,4875,2.7
13629,New-c74a786,1-0,1.0,4981,3773,4875,2.7
13630,Base-f462400,1/2-1/2,0.5,4981,3774,4875,2.7
13631,New-c74a786,0-1,0.0,4981,3774,4876,2.7
13632,Base-f462400,0-1,1.0,4982,3774,4876,2.7
13635,New-c74a786,1/2-1/2,0.5,4982,3775,4876,2.7
13634,Base-f462400,1/2-1/2,0.5,4982,3776,4876,2.7
13636,Base-f462400,1/2-1/2,0.5,4982,3777,4876,2.7
13637,New-c74a786,1-0,1.0,4983,3777,4876,2.7
13633,New-c74a786,1/2-1/2,0.5,4983,3778,4876,2.7
13639,New-c74a786,1-0,1.0,4984,3778,4876,2.8
13642,Base-f462400,0-1,1.0,4985,3778,4876,2.8
13640,Base-f462400,1-0,0.0,4985,3778,4877,2.8
13638,Base-f462400,1-0,0.0,4985,3778,4878,2.7
13643,New-c74a786,1/2-1/2,0.5,4985,3779,4878,2.7
13641,New-c74a786,0-1,0.0,4985,3779,4879,2.7
13646,Base-f462400,1-0,0.0,4985,3779,4880,2.7
13644,Base-f462400,1/2-1/2,0.5,4985,3780,4880,2.7
13645,New-c74a786,0-1,0.0,4985,3780,4881,2.6
13647,New-c74a786,0-1,0.0,4985,3780,4882,2.6
13649,New-c74a786,1/2-1/2,0.5,4985,3781,4882,2.6
13650,Base-f462400,0-1,1.0,4986,3781,4882,2.6
13651,New-c74a786,1/2-1/2,0.5,4986,3782,4882,2.6
13648,Base-f462400,0-1,1.0,4987,3782,4882,2.7
13653,New-c74a786,1-0,1.0,4988,3782,4882,2.7
13652,Base-f462400,1-0,0.0,4988,3782,4883,2.7
13656,Base-f462400,1/2-1/2,0.5,4988,3783,4883,2.7
13655,New-c74a786,1-0,1.0,4989,3783,4883,2.7
13658,Base-f462400,0-1,1.0,4990,3783,4883,2.7
13657,New-c74a786,0-1,0.0,4990,3783,4884,2.7
13659,New-c74a786,1-0,1.0,4991,3783,4884,2.7
13660,Base-f462400,1/2-1/2,0.5,4991,3784,4884,2.7
13661,New-c74a786,1-0,1.0,4992,3784,4884,2.7
13654,Base-f462400,1/2-1/2,0.5,4992,3785,4884,2.7
13666,Base-f462400,1/2-1/2,0.5,4992,3786,4884,2.7
13663,New-c74a786,1-0,1.0,4993,3786,4884,2.8
13664,Base-f462400,1-0,0.0,4993,3786,4885,2.7
13667,New-c74a786,1-0,1.0,4994,3786,4885,2.8
13662,Base-f462400,0-1,1.0,4995,3786,4885,2.8
13665,New-c74a786,1-0,1.0,4996,3786,4885,2.8
13669,New-c74a786,1/2-1/2,0.5,4996,3787,4885,2.8
13668,Base-f462400,0-1,1.0,4997,3787,4885,2.8
13674,Base-f462400,1-0,0.0,4997,3787,4886,2.8
13673,New-c74a786,1-0,1.0,4998,3787,4886,2.8
13672,Base-f462400,1/2-1/2,0.5,4998,3788,4886,2.8
13671,New-c74a786,0-1,0.0,4998,3788,4887,2.8
13670,Base-f462400,1/2-1/2,0.5,4998,3789,4887,2.8
13676,Base-f462400,1-0,0.0,4998,3789,4888,2.8
13677,New-c74a786,1/2-1/2,0.5,4998,3790,4888,2.8
13675,New-c74a786,1-0,1.0,4999,3790,4888,2.8
13678,Base-f462400,0-1,1.0,5000,3790,4888,2.8
13679,New-c74a786,1/2-1/2,0.5,5000,3791,4888,2.8
13681,New-c74a786,1-0,1.0,5001,3791,4888,2.9
13684,Base-f462400,0-1,1.0,5002,3791,4888,2.9
13682,Base-f462400,1-0,0.0,5002,3791,4889,2.9
13683,New-c74a786,1-0,1.0,5003,3791,4889,2.9
13685,New-c74a786,1-0,1.0,5004,3791,4889,2.9
13680,Base-f462400,1-0,0.0,5004,3791,4890,2.9
13690,Base-f462400,1/2-1/2,0.5,5004,3792,4890,2.9
13688,Base-f462400,1-0,0.0,5004,3792,4891,2.9
13686,Base-f462400,0-1,1.0,5005,3792,4891,2.9
13687,New-c74a786,1-0,1.0,5006,3792,4891,2.9
13691,New-c74a786,1-0,1.0,5007,3792,4891,2.9
13689,New-c74a786,0-1,0.0,5007,3792,4892,2.9
13692,Base-f462400,0-1,1.0,5008,3792,4892,2.9
13694,Base-f462400,0-1,1.0,5009,3792,4892,3.0
13693,New-c74a786,1/2-1/2,0.5,5009,3793,4892,3.0
13696,Base-f462400,0-1,1.0,5010,3793,4892,3.0
13697,New-c74a786,1-0,1.0,5011,3793,4892,3.0
13695,New-c74a786,1-0,1.0,5012,3793,4892,3.0
13699,New-c74a786,1-0,1.0,5013,3793,4892,3.1
13698,Base-f462400,0-1,1.0,5014,3793,4892,3.1
13701,New-c74a786,0-1,0.0,5014,3793,4893,3.1
13702,Base-f462400,1/2-1/2,0.5,5014,3794,4893,3.1
13700,Base-f462400,1/2-1/2,0.5,5014,3795,4893,3.1
13704,Base-f462400,0-1,1.0,5015,3795,4893,3.1
13705,New-c74a786,0-1,0.0,5015,3795,4894,3.1
13703,New-c74a786,1-0,1.0,5016,3795,4894,3.1
13706,Base-f462400,0-1,1.0,5017,3795,4894,3.1
13707,New-c74a786,0-1,0.0,5017,3795,4895,3.1
13709,New-c74a786,1/2-1/2,0.5,5017,3796,4895,3.1
13708,Base-f462400,0-1,1.0,5018,3796,4895,3.1
13713,New-c74a786,1/2-1/2,0.5,5018,3797,4895,3.1
13710,Base-f462400,0-1,1.0,5019,3797,4895,3.1
13711,New-c74a786,1-0,1.0,5020,3797,4895,3.2
13712,Base-f462400,0-1,1.0,5021,3797,4895,3.2
13714,Base-f462400,0-1,1.0,5022,3797,4895,3.2
13715,New-c74a786,1-0,1.0,5023,3797,4895,3.2
13716,Base-f462400,1-0,0.0,5023,3797,4896,3.2
13718,Base-f462400,1/2-1/2,0.5,5023,3798,4896,3.2
13719,New-c74a786,0-1,0.0,5023,3798,4897,3.2
13717,New-c74a786,0-1,0.0,5023,3798,4898,3.2
13720,Base-f462400,1/2-1/2,0.5,5023,3799,4898,3.2
13723,New-c74a786,0-1,0.0,5023,3799,4899,3.1
13724,Base-f462400,1/2-1/2,0.5,5023,3800,4899,3.1
13722,Base-f462400,0-1,1.0,5024,3800,4899,3.2
13721,New-c74a786,1-0,1.0,5025,3800,4899,3.2
13727,New-c74a786,0-1,0.0,5025,3800,4900,3.2
13725,New-c74a786,0-1,0.0,5025,3800,4901,3.1
13726,Base-f462400,1/2-1/2,0.5,5025,3801,4901,3.1
13728,Base-f462400,1/2-1/2,0.5,5025,3802,4901,3.1
13729,New-c74a786,0-1,0.0,5025,3802,4902,3.1
13730,Base-f462400,0-1,1.0,5026,3802,4902,3.1
13731,New-c74a786,1-0,1.0,5027,3802,4902,3.2
13732,Base-f462400,0-1,1.0,5028,3802,4902,3.2
13733,New-c74a786,0-1,0.0,5028,3802,4903,3.2
13735,New-c74a786,1-0,1.0,5029,3802,4903,3.2
13734,Base-f462400,1-0,0.0,5029,3802,4904,3.2
13737,New-c74a786,1/2-1/2,0.5,5029,3803,4904,3.2
13738,Base-f462400,1-0,0.0,5029,3803,4905,3.1
13739,New-c74a786,1-0,1.0,5030,3803,4905,3.2
13740,Base-f462400,1/2-1/2,0.5,5030,3804,4905,3.2
13736,Base-f462400,0-1,1.0,5031,3804,4905,3.2
13741,New-c74a786,0-1,0.0,5031,3804,4906,3.2
13744,Base-f462400,0-1,1.0,5032,3804,4906,3.2
13743,New-c74a786,1-0,1.0,5033,3804,4906,3.2
13742,Base-f462400,1/2-1/2,0.5,5033,3805,4906,3.2
13745,New-c74a786,0-1,0.0,5033,3805,4907,3.2
13746,Base-f462400,0-1,1.0,5034,3805,4907,3.2
13747,New-c74a786,0-1,0.0,5034,3805,4908,3.2
13748,Base-f462400,1/2-1/2,0.5,5034,3806,4908,3.2
13754,Base-f462400,1/2-1/2,0.5,5034,3807,4908,3.2
13750,Base-f462400,1/2-1/2,0.5,5034,3808,4908,3.2
13751,New-c74a786,0-1,0.0,5034,3808,4909,3.2
13752,Base-f462400,1-0,0.0,5034,3808,4910,3.1
13753,New-c74a786,0-1,0.0,5034,3808,4911,3.1
13756,Base-f462400,0-1,1.0,5035,3808,4911,3.1
13755,New-c74a786,0-1,0.0,5035,3808,4912,3.1
13760,Base-f462400,1-0,0.0,5035,3808,4913,3.1
13749,New-c74a786,1/2-1/2,0.5,5035,3809,4913,3.1
13762,Base-f462400,0-1,1.0,5036,3809,4913,3.1
13757,New-c74a786,1/2-1/2,0.5,5036,3810,4913,3.1
13761,New-c74a786,0-1,0.0,5036,3810,4914,3.1
13759,New-c74a786,1-0,1.0,5037,3810,4914,3.1
13758,Base-f462400,1/2-1/2,0.5,5037,3811,4914,3.1
13763,New-c74a786,1/2-1/2,0.5,5037,3812,4914,3.1
13765,New-c74a786,1/2-1/2,0.5,5037,3813,4914,3.1
13764,Base-f462400,1/2-1/2,0.5,5037,3814,4914,3.1
13768,Base-f462400,1-0,0.0,5037,3814,4915,3.1
13771,New-c74a786,1-0,1.0,5038,3814,4915,3.1
13766,Base-f462400,1-0,0.0,5038,3814,4916,3.1
13767,New-c74a786,0-1,0.0,5038,3814,4917,3.1
13769,New-c74a786,0-1,0.0,5038,3814,4918,3.0
13772,Base-f462400,1/2-1/2,0.5,5038,3815,4918,3.0
13770,Base-f462400,1/2-1/2,0.5,5038,3816,4918,3.0
13775,New-c74a786,1/2-1/2,0.5,5038,3817,4918,3.0
13773,New-c74a786,1/2-1/2,0.5,5038,3818,4918,3.0
13780,Base-f462400,0-1,1.0,5039,3818,4918,3.1
13774,Base-f462400,1/2-1/2,0.5,5039,3819,4918,3.1
13777,New-c74a786,1/2-1/2,0.5,5039,3820,4918,3.1
13776,Base-f462400,1-0,0.0,5039,3820,4919,3.0
13778,Base-f462400,1-0,0.0,5039,3820,4920,3.0
13781,New-c74a786,0-1,0.0,5039,3820,4921,3.0
13779,New-c74a786,1/2-1/2,0.5,5039,3821,4921,3.0
13783,New-c74a786,1/2-1/2,0.5,5039,3822,4921,3.0
13784,Base-f462400,0-1,1.0,5040,3822,4921,3.0
13788,Base-f462400,1/2-1/2,0.5,5040,3823,4921,3.0
13786,Base-f462400,1/2-1/2,0.5,5040,3824,4921,3.0
13785,New-c74a786,1/2-1/2,0.5,5040,3825,4921,3.0
13782,Base-f462400,1/2-1/2,0.5,5040,3826,4921,3.0
13787,New-c74a786,0-1,0.0,5040,3826,4922,3.0
13789,New-c74a786,1/2-1/2,0.5,5040,3827,4922,3.0
13795,New-c74a786,1-0,1.0,5041,3827,4922,3.0
13790,Base-f462400,0-1,1.0,5042,3827,4922,3.0
13793,New-c74a786,1-0,1.0,5043,3827,4922,3.0
13791,New-c74a786,1-0,1.0,5044,3827,4922,3.1
13792,Base-f462400,0-1,1.0,5045,3827,4922,3.1
13794,Base-f462400,1-0,0.0,5045,3827,4923,3.1
13796,Base-f462400,1-0,0.0,5045,3827,4924,3.0
13800,Base-f462400,1-0,0.0,5045,3827,4925,3.0
13798,Base-f462400,1-0,0.0,5045,3827,4926,3.0
13801,New-c74a786,0-1,0.0,5045,3827,4927,3.0
13799,New-c74a786,1/2-1/2,0.5,5045,3828,4927,3.0
13803,New-c74a786,1/2-1/2,0.5,5045,3829,4927,3.0
13797,New-c74a786,1/2-1/2,0.5,5045,3830,4927,3.0
13802,Base-f462400,0-1,1.0,5046,3830,4927,3.0
13808,Base-f462400,1/2-1/2,0.5,5046,3831,4927,3.0
13804,Base-f462400,1/2-1/2,0.5,5046,3832,4927,3.0
13805,New-c74a786,1-0,1.0,5047,3832,4927,3.0
13806,Base-f462400,0-1,1.0,5048,3832,4927,3.0
13807,New-c74a786,1-0,1.0,5049,3832,4927,3.1
13812,Base-f462400,1-0,0.0,5049,3832,4928,3.0
13810,Base-f462400,1-0,0.0,5049,3832,4929,3.0
13811,New-c74a786,0-1,0.0,5049,3832,4930,3.0
13809,New-c74a786,0-1,0.0,5049,3832,4931,3.0
13813,New-c74a786,1-0,1.0,5050,3832,4931,3.0
13814,Base-f462400,0-1,1.0,5051,3832,4931,3.0
13816,Base-f462400,1-0,0.0,5051,3832,4932,3.0
13815,New-c74a786,0-1,0.0,5051,3832,4933,3.0
13817,New-c74a786,0-1,0.0,5051,3832,4934,2.9
13819,New-c74a786,0-1,0.0,5051,3832,4935,2.9
13818,Base-f462400,0-1,1.0,5052,3832,4935,2.9
13821,New-c74a786,1-0,1.0,5053,3832,4935,3.0
13820,Base-f462400,0-1,1.0,5054,3832,4935,3.0
13823,New-c74a786,1-0,1.0,5055,3832,4935,3.0
13822,Base-f462400,1-0,0.0,5055,3832,4936,3.0
13824,Base-f462400,1-0,0.0,5055,3832,4937,3.0
13825,New-c74a786,1-0,1.0,5056,3832,4937,3.0
13827,New-c74a786,1-0,1.0,5057,3832,4937,3.0
13826,Base-f462400,0-1,1.0,5058,3832,4937,3.0
13828,Base-f462400,1-0,0.0,5058,3832,4938,3.0
13829,New-c74a786,1/2-1/2,0.5,5058,3833,4938,3.0
13830,Base-f462400,1-0,0.0,5058,3833,4939,3.0
13831,New-c74a786,0-1,0.0,5058,3833,4940,3.0
13833,New-c74a786,0-1,0.0,5058,3833,4941,2.9
13832,Base-f462400,1-0,0.0,5058,3833,4942,2.9
13836,Base-f462400,1/2-1/2,0.5,5058,3834,4942,2.9
13835,New-c74a786,1-0,1.0,5059,3834,4942,2.9
13837,New-c74a786,1-0,1.0,5060,3834,4942,3.0
13834,Base-f462400,1/2-1/2,0.5,5060,3835,4942,3.0
13838,Base-f462400,0-1,1.0,5061,3835,4942,3.0
13839,New-c74a786,1-0,1.0,5062,3835,4942,3.0
13842,Base-f462400,1/2-1/2,0.5,5062,3836,4942,3.0
13843,New-c74a786,1/2-1/2,0.5,5062,3837,4942,3.0
13841,New-c74a786,0-1,0.0,5062,3837,4943,3.0
13840,Base-f462400,1/2-1/2,0.5,5062,3838,4943,3.0
13845,New-c74a786,1-0,1.0,5063,3838,4943,3.0
13844,Base-f462400,0-1,1.0,5064,3838,4943,3.0
13847,New-c74a786,1-0,1.0,5065,3838,4943,3.1
13846,Base-f462400,0-1,1.0,5066,3838,4943,3.1
13848,Base-f462400,1/2-1/2,0.5,5066,3839,4943,3.1
13850,Base-f462400,1/2-1/2,0.5,5066,3840,4943,3.1
13854,Base-f462400,1/2-1/2,0.5,5066,3841,4943,3.1
13849,New-c74a786,1-0,1.0,5067,3841,4943,3.1
13851,New-c74a786,1-0,1.0,5068,3841,4943,3.1
13852,Base-f462400,0-1,1.0,5069,3841,4943,3.2
13853,New-c74a786,1-0,1.0,5070,3841,4943,3.2
13860,Base-f462400,1-0,0.0,5070,3841,4944,3.2
13859,New-c74a786,1-0,1.0,5071,3841,4944,3.2
13857,New-c74a786,0-1,0.0,5071,3841,4945,3.2
13861,New-c74a786,1/2-1/2,0.5,5071,3842,4945,3.2
13856,Base-f462400,1/2-1/2,0.5,5071,3843,4945,3.2
13855,New-c74a786,0-1,0.0,5071,3843,4946,3.1
13858,Base-f462400,0-1,1.0,5072,3843,4946,3.2
13862,Base-f462400,1/2-1/2,0.5,5072,3844,4946,3.2
13863,New-c74a786,1-0,1.0,5073,3844,4946,3.2
13864,Base-f462400,1-0,0.0,5073,3844,4947,3.2
13867,New-c74a786,0-1,0.0,5073,3844,4948,3.1
13866,Base-f462400,1-0,0.0,5073,3844,4949,3.1
13865,New-c74a786,1-0,1.0,5074,3844,4949,3.1
13868,Base-f462400,0-1,1.0,5075,3844,4949,3.2
13869,New-c74a786,1-0,1.0,5076,3844,4949,3.2
13872,Base-f462400,0-1,1.0,5077,3844,4949,3.2
13871,New-c74a786,1-0,1.0,5078,3844,4949,3.2
13870,Base-f462400,1-0,0.0,5078,3844,4950,3.2
13875,New-c74a786,1/2-1/2,0.5,5078,3845,4950,3.2
13876,Base-f462400,1-0,0.0,5078,3845,4951,3.2
13874,Base-f462400,1-0,0.0,5078,3845,4952,3.2
13873,New-c74a786,0-1,0.0,5078,3845,4953,3.1
13877,New-c74a786,1-0,1.0,5079,3845,4953,3.2
13878,Base-f462400,0-1,1.0,5080,3845,4953,3.2
13879,New-c74a786,1/2-1/2,0.5,5080,3846,4953,3.2
13880,Base-f462400,0-1,1.0,5081,3846,4953,3.2
13881,New-c74a786,1-0,1.0,5082,3846,4953,3.2
13882,Base-f462400,1-0,0.0,5082,3846,4954,3.2
13883,New-c74a786,1/2-1/2,0.5,5082,3847,4954,3.2
13885,New-c74a786,1-0,1.0,5083,3847,4954,3.2
13884,Base-f462400,1-0,0.0,5083,3847,4955,3.2
13887,New-c74a786,0-1,0.0,5083,3847,4956,3.2
13888,Base-f462400,0-1,1.0,5084,3847,4956,3.2
13889,New-c74a786,1/2-1/2,0.5,5084,3848,4956,3.2
13886,Base-f462400,1-0,0.0,5084,3848,4957,3.2
13892,Base-f462400,1-0,0.0,5084,3848,4958,3.2
13890,Base-f462400,0-1,1.0,5085,3848,4958,3.2
13891,New-c74a786,1/2-1/2,0.5,5085,3849,4958,3.2
13893,New-c74a786,0-1,0.0,5085,3849,4959,3.2
13895,New-c74a786,1/2-1/2,0.5,5085,3850,4959,3.2
13896,Base-f462400,1-0,0.0,5085,3850,4960,3.1
13894,Base-f462400,1-0,0.0,5085,3850,4961,3.1
13897,New-c74a786,1-0,1.0,5086,3850,4961,3.1
13900,Base-f462400,1/2-1/2,0.5,5086,3851,4961,3.1
13898,Base-f462400,1/2-1/2,0.5,5086,3852,4961,3.1
13899,New-c74a786,0-1,0.0,5086,3852,4962,3.1
13901,New-c74a786,0-1,0.0,5086,3852,4963,3.1
13904,Base-f462400,0-1,1.0,5087,3852,4963,3.1
13902,Base-f462400,0-1,1.0,5088,3852,4963,3.1
13903,New-c74a786,1/2-1/2,0.5,5088,3853,4963,3.1
13905,New-c74a786,0-1,0.0,5088,3853,4964,3.1
13906,Base-f462400,1-0,0.0,5088,3853,4965,3.1
13907,New-c74a786,0-1,0.0,5088,3853,4966,3.0
13908,Base-f462400,0-1,1.0,5089,3853,4966,3.1
13912,Base-f462400,1-0,0.0,5089,3853,4967,3.0
13909,New-c74a786,1/2-1/2,0.5,5089,3854,4967,3.0
13913,New-c74a786,1/2-1/2,0.5,5089,3855,4967,3.0
13911,New-c74a786,0-1,0.0,5089,3855,4968,3.0
13910,Base-f462400,0-1,1.0,5090,3855,4968,3.0
13915,New-c74a786,1/2-1/2,0.5,5090,3856,4968,3.0
13916,Base-f462400,1-0,0.0,5090,3856,4969,3.0
13919,New-c74a786,1-0,1.0,5091,3856,4969,3.0
13914,Base-f462400,0-1,1.0,5092,3856,4969,3.1
13917,New-c74a786,1-0,1.0,5093,3856,4969,3.1
13918,Base-f462400,0-1,1.0,5094,3856,4969,3.1
13921,New-c74a786,1-0,1.0,5095,3856,4969,3.1
13922,Base-f462400,0-1,1.0,5096,3856,4969,3.2
13920,Base-f462400,0-1,1.0,5097,3856,4969,3.2
13923,New-c74a786,1-0,1.0,5098,3856,4969,3.2
13924,Base-f462400,1-0,0.0,5098,3856,4970,3.2
13925,New-c74a786,0-1,0.0,5098,3856,4971,3.2
13927,New-c74a786,1/2-1/2,0.5,5098,3857,4971,3.2
13929,New-c74a786,1-0,1.0,5099,3857,4971,3.2
13926,Base-f462400,1/2-1/2,0.5,5099,3858,4971,3.2
13930,Base-f462400,0-1,1.0,5100,3858,4971,3.2
13928,Base-f462400,1/2-1/2,0.5,5100,3859,4971,3.2
13932,Base-f462400,1/2-1/2,0.5,5100,3860,4971,3.2
13931,New-c74a786,1/2-1/2,0.5,5100,3861,4971,3.2
13933,New-c74a786,1-0,1.0,5101,3861,4971,3.2
13934,Base-f462400,0-1,1.0,5102,3861,4971,3.3
13937,New-c74a786,1/2-1/2,0.5,5102,3862,4971,3.3
13935,New-c74a786,1-0,1.0,5103,3862,4971,3.3
13936,Base-f462400,1/2-1/2,0.5,5103,3863,4971,3.3
13938,Base-f462400,1-0,0.0,5103,3863,4972,3.3
13941,New-c74a786,0-1,0.0,5103,3863,4973,3.2
13940,Base-f462400,0-1,1.0,5104,3863,4973,3.3
13944,Base-f462400,1/2-1/2,0.5,5104,3864,4973,3.3
13939,New-c74a786,1-0,1.0,5105,3864,4973,3.3
13945,New-c74a786,0-1,0.0,5105,3864,4974,3.3
13942,Base-f462400,0-1,1.0,5106,3864,4974,3.3
13943,New-c74a786,1/2-1/2,0.5,5106,3865,4974,3.3
13946,Base-f462400,1/2-1/2,0.5,5106,3866,4974,3.3
13948,Base-f462400,1-0,0.0,5106,3866,4975,3.3
13952,Base-f462400,1-0,0.0,5106,3866,4976,3.2
13947,New-c74a786,1/2-1/2,0.5,5106,3867,4976,3.2
13950,Base-f462400,0-1,1.0,5107,3867,4976,3.3
13949,New-c74a786,0-1,0.0,5107,3867,4977,3.2
13953,New-c74a786,1-0,1.0,5108,3867,4977,3.3
13951,New-c74a786,0-1,0.0,5108,3867,4978,3.2
13954,Base-f462400,0-1,1.0,5109,3867,4978,3.3
13955,New-c74a786,1/2-1/2,0.5,5109,3868,4978,3.3
13961,New-c74a786,1/2-1/2,0.5,5109,3869,4978,3.3
13957,New-c74a786,1-0,1.0,5110,3869,4978,3.3
13959,New-c74a786,1-0,1.0,5111,3869,4978,3.3
13956,Base-f462400,1-0,0.0,5111,3869,4979,3.3
13960,Base-f462400,0-1,1.0,5112,3869,4979,3.3
13958,Base-f462400,1/2-1/2,0.5,5112,3870,4979,3.3
13965,New-c74a786,0-1,0.0,5112,3870,4980,3.3
13962,Base-f462400,1-0,0.0,5112,3870,4981,3.3
13964,Base-f462400,1-0,0.0,5112,3870,4982,3.2
13966,Base-f462400,1-0,0.0,5112,3870,4983,3.2
13963,New-c74a786,1-0,1.0,5113,3870,4983,3.2
13967,New-c74a786,0-1,0.0,5113,3870,4984,3.2
13968,Base-f462400,0-1,1.0,5114,3870,4984,3.2
13969,New-c74a786,1-0,1.0,5115,3870,4984,3.3
13970,Base-f462400,1-0,0.0,5115,3870,4985,3.2
13973,New-c74a786,0-1,0.0,5115,3870,4986,3.2
13972,Base-f462400,0-1,1.0,5116,3870,4986,3.2
13971,New-c74a786,0-1,0.0,5116,3870,4987,3.2
13974,Base-f462400,1-0,0.0,5116,3870,4988,3.2
13975,New-c74a786,1/2-1/2,0.5,5116,3871,4988,3.2
13976,Base-f462400,1-0,0.0,5116,3871,4989,3.2
13978,Base-f462400,1/2-1/2,0.5,5116,3872,4989,3.2
13980,Base-f462400,1/2-1/2,0.5,5116,3873,4989,3.2
13977,New-c74a786,1-0,1.0,5117,3873,4989,3.2
13985,New-c74a786,1/2-1/2,0.5,5117,3874,4989,3.2
13982,Base-f462400,1-0,0.0,5117,3874,4990,3.2
13981,New-c74a786,1/2-1/2,0.5,5117,3875,4990,3.2
13984,Base-f462400,1/2-1/2,0.5,5117,3876,4990,3.2
13979,New-c74a786,1/2-1/2,0.5,5117,3877,4990,3.2
13983,New-c74a786,0-1,0.0,5117,3877,4991,3.1
13987,New-c74a786,0-1,0.0,5117,3877,4992,3.1
13986,Base-f462400,1/2-1/2,0.5,5117,3878,4992,3.1
13989,New-c74a786,1/2-1/2,0.5,5117,3879,4992,3.1
13990,Base-f462400,0-1,1.0,5118,3879,4992,3.1
13988,Base-f462400,1/2-1/2,0.5,5118,3880,4992,3.1
13993,New-c74a786,1-0,1.0,5119,3880,4992,3.2
13991,New-c74a786,1-0,1.0,5120,3880,4992,3.2
13992,Base-f462400,1-0,0.0,5120,3880,4993,3.2
13994,Base-f462400,1-0,0.0,5120,3880,4994,3.1
13995,New-c74a786,0-1,0.0,5120,3880,4995,3.1
13997,New-c74a786,0-1,0.0,5120,3880,4996,3.1
13996,Base-f462400,1-0,0.0,5120,3880,4997,3.1
13998,Base-f462400,1-0,0.0,5120,3880,4998,3.0
14001,New-c74a786,1-0,1.0,5121,3880,4998,3.1
13999,New-c74a786,0-1,0.0,5121,3880,4999,3.0
14006,Base-f462400,1/2-1/2,0.5,5121,3881,4999,3.0
14000,Base-f462400,1/2-1/2,0.5,5121,3882,4999,3.0
14002,Base-f462400,1-0,0.0,5121,3882,5000,3.0
14004,Base-f462400,1-0,0.0,5121,3882,5001,3.0
14003,New-c74a786,1-0,1.0,5122,3882,5001,3.0
14005,New-c74a786,0-1,0.0,5122,3882,5002,3.0
14007,New-c74a786,0-1,0.0,5122,3882,5003,3.0
14011,New-c74a786,1-0,1.0,5123,3882,5003,3.0
14010,Base-f462400,1-0,0.0,5123,3882,5004,3.0
14009,New-c74a786,1-0,1.0,5124,3882,5004,3.0
14012,Base-f462400,0-1,1.0,5125,3882,5004,3.0
14008,Base-f462400,1-0,0.0,5125,3882,5005,3.0
14013,New-c74a786,1-0,1.0,5126,3882,5005,3.0
14014,Base-f462400,0-1,1.0,5127,3882,5005,3.0
14015,New-c74a786,0-1,0.0,5127,3882,5006,3.0
14018,Base-f462400,1/2-1/2,0.5,5127,3883,5006,3.0
14017,New-c74a786,1-0,1.0,5128,3883,5006,3.0
14020,Base-f462400,1-0,0.0,5128,3883,5007,3.0
14016,Base-f462400,1-0,0.0,5128,3883,5008,3.0
14019,New-c74a786,0-1,0.0,5128,3883,5009,2.9
14022,Base-f462400,1/2-1/2,0.5,5128,3884,5009,2.9
14021,New-c74a786,0-1,0.0,5128,3884,5010,2.9
14027,New-c74a786,1/2-1/2,0.5,5128,3885,5010,2.9
14024,Base-f462400,1-0,0.0,5128,3885,5011,2.9
14023,New-c74a786,1-0,1.0,5129,3885,5011,2.9
14025,New-c74a786,1/2-1/2,0.5,5129,3886,5011,2.9
14026,Base-f462400,1-0,0.0,5129,3886,5012,2.9
14029,New-c74a786,0-1,0.0,5129,3886,5013,2.9
14031,New-c74a786,1/2-1/2,0.5,5129,3887,5013,2.9
14028,Base-f462400,1-0,0.0,5129,3887,5014,2.8
14034,Base-f462400,1-0,0.0,5129,3887,5015,2.8
14030,Base-f462400,1/2-1/2,0.5,5129,3888,5015,2.8
14032,Base-f462400,0-1,1.0,5130,3888,5015,2.8
14035,New-c74a786,0-1,0.0,5130,3888,5016,2.8
14037,New-c74a786,0-1,0.0,5130,3888,5017,2.8
14033,New-c74a786,0-1,0.0,5130,3888,5018,2.8
14036,Base-f462400,0-1,1.0,5131,3888,5018,2.8
14038,Base-f462400,1-0,0.0,5131,3888,5019,2.8
14042,Base-f462400,1/2-1/2,0.5,5131,3889,5019,2.8
14041,New-c74a786,0-1,0.0,5131,3889,5020,2.7
14039,New-c74a786,1-0,1.0,5132,3889,5020,2.8
14040,Base-f462400,1-0,0.0,5132,3889,5021,2.7
14044,Base-f462400,1-0,0.0,5132,3889,5022,2.7
14043,New-c74a786,1-0,1.0,5133,3889,5022,2.7
14046,Base-f462400,0-1,1.0,5134,3889,5022,2.8
14045,New-c74a786,0-1,0.0,5134,3889,5023,2.7
14050,Base-f462400,1-0,0.0,5134,3889,5024,2.7
14048,Base-f462400,0-1,1.0,5135,3889,5024,2.7
14053,New-c74a786,1/2-1/2,0.5,5135,3890,5024,2.7
14049,New-c74a786,1-0,1.0,5136,3890,5024,2.8
14047,New-c74a786,1/2-1/2,0.5,5136,3891,5024,2.8
14051,New-c74a786,1/2-1/2,0.5,5136,3892,5024,2.8
14052,Base-f462400,1-0,0.0,5136,3892,5025,2.7
14055,New-c74a786,0-1,0.0,5136,3892,5026,2.7
14054,Base-f462400,1/2-1/2,0.5,5136,3893,5026,2.7
14056,Base-f462400,0-1,1.0,5137,3893,5026,2.7
14057,New-c74a786,1-0,1.0,5138,3893,5026,2.8
14059,New-c74a786,0-1,0.0,5138,3893,5027,2.7
14058,Base-f462400,1-0,0.0,5138,3893,5028,2.7
14061,New-c74a786,1-0,1.0,5139,3893,5028,2.7
14060,Base-f462400,0-1,1.0,5140,3893,5028,2.8
14062,Base-f462400,0-1,1.0,5141,3893,5028,2.8
14063,New-c74a786,0-1,0.0,5141,3893,5029,2.8
14064,Base-f462400,1-0,0.0,5141,3893,5030,2.7
14066,Base-f462400,0-1,1.0,5142,3893,5030,2.8
14067,New-c74a786,0-1,0.0,5142,3893,5031,2.7
14065,New-c74a786,1-0,1.0,5143,3893,5031,2.8
14070,Base-f462400,1-0,0.0,5143,3893,5032,2.7
14071,New-c74a786,0-1,0.0,5143,3893,5033,2.7
14068,Base-f462400,1-0,0.0,5143,3893,5034,2.7
14069,New-c74a786,1-0,1.0,5144,3893,5034,2.7
14072,Base-f462400,1-0,0.0,5144,3893,5035,2.7
14074,Base-f462400,1-0,0.0,5144,3893,5036,2.7
14073,New-c74a786,1-0,1.0,5145,3893,5036,2.7
14075,New-c74a786,1-0,1.0,5146,3893,5036,2.7
14076,Base-f462400,1/2-1/2,0.5,5146,3894,5036,2.7
14078,Base-f462400,1/2-1/2,0.5,5146,3895,5036,2.7
14079,New-c74a786,1-0,1.0,5147,3895,5036,2.7
14077,New-c74a786,1/2-1/2,0.5,5147,3896,5036,2.7
14081,New-c74a786,1-0,1.0,5148,3896,5036,2.8
14080,Base-f462400,1/2-1/2,0.5,5148,3897,5036,2.8
14083,New-c74a786,1/2-1/2,0.5,5148,3898,5036,2.8
14082,Base-f462400,1-0,0.0,5148,3898,5037,2.7
14088,Base-f462400,1/2-1/2,0.5,5148,3899,5037,2.7
14085,New-c74a786,1-0,1.0,5149,3899,5037,2.8
14084,Base-f462400,0-1,1.0,5150,3899,5037,2.8
14089,New-c74a786,1-0,1.0,5151,3899,5037,2.8
14094,Base-f462400,1/2-1/2,0.5,5151,3900,5037,2.8
14086,Base-f462400,1/2-1/2,0.5,5151,3901,5037,2.8
14091,New-c74a786,0-1,0.0,5151,3901,5038,2.8
14090,Base-f462400,0-1,1.0,5152,3901,5038,2.8
14087,New-c74a786,1/2-1/2,0.5,5152,3902,5038,2.8
14093,New-c74a786,1/2-1/2,0.5,5152,3903,5038,2.8
14092,Base-f462400,0-1,1.0,5153,3903,5038,2.8
14098,Base-f462400,1/2-1/2,0.5,5153,3904,5038,2.8
14096,Base-f462400,1-0,0.0,5153,3904,5039,2.8
14099,New-c74a786,1-0,1.0,5154,3904,5039,2.8
14097,New-c74a786,1/2-1/2,0.5,5154,3905,5039,2.8
14101,New-c74a786,0-1,0.0,5154,3905,5040,2.8
14100,Base-f462400,0-1,1.0,5155,3905,5040,2.8
14095,New-c74a786,0-1,0.0,5155,3905,5041,2.8
14103,New-c74a786,1/2-1/2,0.5,5155,3906,5041,2.8
14109,New-c74a786,1/2-1/2,0.5,5155,3907,5041,2.8
14105,New-c74a786,1-0,1.0,5156,3907,5041,2.8
14104,Base-f462400,0-1,1.0,5157,3907,5041,2.9
14102,Base-f462400,1/2-1/2,0.5,5157,3908,5041,2.9
14106,Base-f462400,0-1,1.0,5158,3908,5041,2.9
14110,Base-f462400,1/2-1/2,0.5,5158,3909,5041,2.9
14107,New-c74a786,0-1,0.0,5158,3909,5042,2.9
14108,Base-f462400,1/2-1/2,0.5,5158,3910,5042,2.9
14115,New-c74a786,1/2-1/2,0.5,5158,3911,5042,2.9
14113,New-c74a786,1/2-1/2,0.5,5158,3912,5042,2.9
14114,Base-f462400,1-0,0.0,5158,3912,5043,2.8
14111,New-c74a786,0-1,0.0,5158,3912,5044,2.8
14112,Base-f462400,0-1,1.0,5159,3912,5044,2.8
14118,Base-f462400,1/2-1/2,0.5,5159,3913,5044,2.8
14117,New-c74a786,1/2-1/2,0.5,5159,3914,5044,2.8
14116,Base-f462400,0-1,1.0,5160,3914,5044,2.9
14119,New-c74a786,0-1,0.0,5160,3914,5045,2.8
14122,Base-f462400,0-1,1.0,5161,3914,5045,2.9
14120,Base-f462400,0-1,1.0,5162,3914,5045,2.9
14124,Base-f462400,1-0,0.0,5162,3914,5046,2.9
14121,New-c74a786,1/2-1/2,0.5,5162,3915,5046,2.9
14125,New-c74a786,1-0,1.0,5163,3915,5046,2.9
14123,New-c74a786,0-1,0.0,5163,3915,5047,2.9
14126,Base-f462400,1/2-1/2,0.5,5163,3916,5047,2.9
14127,New-c74a786,0-1,0.0,5163,3916,5048,2.8
14129,New-c74a786,1/2-1/2,0.5,5163,3917,5048,2.8
14128,Base-f462400,1-0,0.0,5163,3917,5049,2.8
14130,Base-f462400,1-0,0.0,5163,3917,5050,2.8
14132,Base-f462400,1/2-1/2,0.5,5163,3918,5050,2.8
14134,Base-f462400,1-0,0.0,5163,3918,5051,2.8
14131,New-c74a786,0-1,0.0,5163,3918,5052,2.7
14133,New-c74a786,1/2-1/2,0.5,5163,3919,5052,2.7
14139,New-c74a786,1-0,1.0,5164,3919,5052,2.8
14136,Base-f462400,1/2-1/2,0.5,5164,3920,5052,2.8
14135,New-c74a786,0-1,0.0,5164,3920,5053,2.7
14138,Base-f462400,1-0,0.0,5164,3920,5054,2.7
14137,New-c74a786,0-1,0.0,5164,3920,5055,2.7
14140,Base-f462400,0-1,1.0,5165,3920,5055,2.7
14141,New-c74a786,0-1,0.0,5165,3920,5056,2.7
14142,Base-f462400,0-1,1.0,5166,3920,5056,2.7
14143,New-c74a786,1/2-1/2,0.5,5166,3921,5056,2.7
14145,New-c74a786,1/2-1/2,0.5,5166,3922,5056,2.7
14146,Base-f462400,0-1,1.0,5167,3922,5056,2.7
14153,New-c74a786,1/2-1/2,0.5,5167,3923,5056,2.7
14144,Base-f462400,0-1,1.0,5168,3923,5056,2.8
14148,Base-f462400,1-0,0.0,5168,3923,5057,2.7
14149,New-c74a786,1/2-1/2,0.5,5168,3924,5057,2.7
14154,Base-f462400,1/2-1/2,0.5,5168,3925,5057,2.7
14151,New-c74a786,1-0,1.0,5169,3925,5057,2.7
14147,New-c74a786,0-1,0.0,5169,3925,5058,2.7
14152,Base-f462400,1/2-1/2,0.5,5169,3926,5058,2.7
14150,Base-f462400,1/2-1/2,0.5,5169,3927,5058,2.7
14155,New-c74a786,1-0,1.0,5170,3927,5058,2.7
14158,Base-f462400,1-0,0.0,5170,3927,5059,2.7
14157,New-c74a786,1-0,1.0,5171,3927,5059,2.7
14156,Base-f462400,0-1,1.0,5172,3927,5059,2.8
14162,Base-f462400,1/2-1/2,0.5,5172,3928,5059,2.8
14161,New-c74a786,1-0,1.0,5173,3928,5059,2.8
14159,New-c74a786,1/2-1/2,0.5,5173,3929,5059,2.8
14160,Base-f462400,1-0,0.0,5173,3929,5060,2.8
14168,Base-f462400,1/2-1/2,0.5,5173,3930,5060,2.8
14163,New-c74a786,1-0,1.0,5174,3930,5060,2.8
14164,Base-f462400,1-0,0.0,5174,3930,5061,2.8
14165,New-c74a786,0-1,0.0,5174,3930,5062,2.7
14167,New-c74a786,1-0,1.0,5175,3930,5062,2.8
14166,Base-f462400,1/2-1/2,0.5,5175,3931,5062,2.8
14169,New-c74a786,1-0,1.0,5176,3931,5062,2.8
14170,Base-f462400,1-0,0.0,5176,3931,5063,2.8
14171,New-c74a786,1-0,1.0,5177,3931,5063,2.8
14172,Base-f462400,1-0,0.0,5177,3931,5064,2.8
14173,New-c74a786,1-0,1.0,5178,3931,5064,2.8
14175,New-c74a786,1-0,1.0,5179,3931,5064,2.8
14174,Base-f462400,1-0,0.0,5179,3931,5065,2.8
14176,Base-f462400,1-0,0.0,5179,3931,5066,2.8
14177,New-c74a786,1/2-1/2,0.5,5179,3932,5066,2.8
14178,Base-f462400,0-1,1.0,5180,3932,5066,2.8
14179,New-c74a786,1-0,1.0,5181,3932,5066,2.8
14185,New-c74a786,1/2-1/2,0.5,5181,3933,5066,2.8
14182,Base-f462400,1-0,0.0,5181,3933,5067,2.8
14180,Base-f462400,0-1,1.0,5182,3933,5067,2.8
14184,Base-f462400,1/2-1/2,0.5,5182,3934,5067,2.8
14181,New-c74a786,1-0,1.0,5183,3934,5067,2.8
14183,New-c74a786,0-1,0.0,5183,3934,5068,2.8
14188,Base-f462400,1-0,0.0,5183,3934,5069,2.8
14187,New-c74a786,0-1,0.0,5183,3934,5070,2.8
14186,Base-f462400,1-0,0.0,5183,3934,5071,2.7
14192,Base-f462400,1-0,0.0,5183,3934,5072,2.7
14189,New-c74a786,1-0,1.0,5184,3934,5072,2.7
14191,New-c74a786,0-1,0.0,5184,3934,5073,2.7
14193,New-c74a786,1/2-1/2,0.5,5184,3935,5073,2.7
14190,Base-f462400,0-1,1.0,5185,3935,5073,2.7
14195,New-c74a786,1/2-1/2,0.5,5185,3936,5073,2.7
14194,Base-f462400,1/2-1/2,0.5,5185,3937,5073,2.7
14196,Base-f462400,1-0,0.0,5185,3937,5074,2.7
14199,New-c74a786,1/2-1/2,0.5,5185,3938,5074,2.7
14200,Base-f462400,1-0,0.0,5185,3938,5075,2.7
14198,Base-f462400,0-1,1.0,5186,3938,5075,2.7
14197,New-c74a786,1/2-1/2,0.5,5186,3939,5075,2.7
14201,New-c74a786,1-0,1.0,5187,3939,5075,2.7
14204,Base-f462400,1-0,0.0,5187,3939,5076,2.7
14202,Base-f462400,0-1,1.0,5188,3939,5076,2.7
14203,New-c74a786,1-0,1.0,5189,3939,5076,2.8
14205,New-c74a786,0-1,0.0,5189,3939,5077,2.7
14207,New-c74a786,0-1,0.0,5189,3939,5078,2.7
14206,Base-f462400,1-0,0.0,5189,3939,5079,2.7
14211,New-c74a786,1-0,1.0,5190,3939,5079,2.7
14208,Base-f462400,0-1,1.0,5191,3939,5079,2.7
14212,Base-f462400,1-0,0.0,5191,3939,5080,2.7
14210,Base-f462400,1-0,0.0,5191,3939,5081,2.7
14209,New-c74a786,1-0,1.0,5192,3939,5081,2.7
14213,New-c74a786,1-0,1.0,5193,3939,5081,2.7
14216,Base-f462400,1-0,0.0,5193,3939,5082,2.7
14215,New-c74a786,1/2-1/2,0.5,5193,3940,5082,2.7
14219,New-c74a786,1-0,1.0,5194,3940,5082,2.7
14220,Base-f462400,1/2-1/2,0.5,5194,3941,5082,2.7
14214,Base-f462400,0-1,1.0,5195,3941,5082,2.8
14218,Base-f462400,0-1,1.0,5196,3941,5082,2.8
14217,New-c74a786,1/2-1/2,0.5,5196,3942,5082,2.8
14223,New-c74a786,1/2-1/2,0.5,5196,3943,5082,2.8
14221,New-c74a786,0-1,0.0,5196,3943,5083,2.8
14222,Base-f462400,1/2-1/2,0.5,5196,3944,5083,2.8
14224,Base-f462400,1/2-1/2,0.5,5196,3945,5083,2.8
14226,Base-f462400,0-1,1.0,5197,3945,5083,2.8
14225,New-c74a786,0-1,0.0,5197,3945,5084,2.8
14227,New-c74a786,1/2-1/2,0.5,5197,3946,5084,2.8
14228,Base-f462400,1-0,0.0,5197,3946,5085,2.7
14229,New-c74a786,1-0,1.0,5198,3946,5085,2.8
14230,Base-f462400,0-1,1.0,5199,3946,5085,2.8
14231,New-c74a786,1/2-1/2,0.5,5199,3947,5085,2.8
14232,Base-f462400,1/2-1/2,0.5,5199,3948,5085,2.8
14233,New-c74a786,0-1,0.0,5199,3948,5086,2.8
14235,New-c74a786,1-0,1.0,5200,3948,5086,2.8
14234,Base-f462400,1-0,0.0,5200,3948,5087,2.8
14237,New-c74a786,1-0,1.0,5201,3948,5087,2.8
14236,Base-f462400,1-0,0.0,5201,3948,5088,2.8
14238,Base-f462400,1/2-1/2,0.5,5201,3949,5088,2.8
14241,New-c74a786,0-1,0.0,5201,3949,5089,2.7
14239,New-c74a786,1-0,1.0,5202,3949,5089,2.8
14244,Base-f462400,1/2-1/2,0.5,5202,3950,5089,2.8
14242,Base-f462400,1-0,0.0,5202,3950,5090,2.7
14240,Base-f462400,0-1,1.0,5203,3950,5090,2.8
14243,New-c74a786,1/2-1/2,0.5,5203,3951,5090,2.8
14247,New-c74a786,1-0,1.0,5204,3951,5090,2.8
14245,New-c74a786,1-0,1.0,5205,3951,5090,2.8
14246,Base-f462400,0-1,1.0,5206,3951,5090,2.8
14248,Base-f462400,1-0,0.0,5206,3951,5091,2.8
14250,Base-f462400,0-1,1.0,5207,3951,5091,2.8
14251,New-c74a786,1-0,1.0,5208,3951,5091,2.9
14249,New-c74a786,1-0,1.0,5209,3951,5091,2.9
14255,New-c74a786,1-0,1.0,5210,3951,5091,2.9
14252,Base-f462400,1-0,0.0,5210,3951,5092,2.9
14254,Base-f462400,1-0,0.0,5210,3951,5093,2.9
14253,New-c74a786,1/2-1/2,0.5,5210,3952,5093,2.9
14256,Base-f462400,1-0,0.0,5210,3952,5094,2.8
14257,New-c74a786,1-0,1.0,5211,3952,5094,2.9
14259,New-c74a786,0-1,0.0,5211,3952,5095,2.8
14262,Base-f462400,1-0,0.0,5211,3952,5096,2.8
14260,Base-f462400,1-0,0.0,5211,3952,5097,2.8
14261,New-c74a786,0-1,0.0,5211,3952,5098,2.8
14263,New-c74a786,1-0,1.0,5212,3952,5098,2.8
14258,Base-f462400,1/2-1/2,0.5,5212,3953,5098,2.8
14264,Base-f462400,1-0,0.0,5212,3953,5099,2.8
14269,New-c74a786,1/2-1/2,0.5,5212,3954,5099,2.8
14266,Base-f462400,1-0,0.0,5212,3954,5100,2.7
14267,New-c74a786,1/2-1/2,0.5,5212,3955,5100,2.7
14265,New-c74a786,1-0,1.0,5213,3955,5100,2.8
14268,Base-f462400,1-0,0.0,5213,3955,5101,2.7
14270,Base-f462400,1-0,0.0,5213,3955,5102,2.7
14271,New-c74a786,0-1,0.0,5213,3955,5103,2.7
14272,Base-f462400,0-1,1.0,5214,3955,5103,2.7
14273,New-c74a786,1-0,1.0,5215,3955,5103,2.7
14275,New-c74a786,1/2-1/2,0.5,5215,3956,5103,2.7
14276,Base-f462400,1/2-1/2,0.5,5215,3957,5103,2.7
14274,Base-f462400,0-1,1.0,5216,3957,5103,2.8
14277,New-c74a786,1-0,1.0,5217,3957,5103,2.8
14279,New-c74a786,1-0,1.0,5218,3957,5103,2.8
14278,Base-f462400,0-1,1.0,5219,3957,5103,2.8
14281,New-c74a786,1-0,1.0,5220,3957,5103,2.8
14284,Base-f462400,0-1,1.0,5221,3957,5103,2.9
14282,Base-f462400,1/2-1/2,0.5,5221,3958,5103,2.9
14283,New-c74a786,1-0,1.0,5222,3958,5103,2.9
14280,Base-f462400,1/2-1/2,0.5,5222,3959,5103,2.9
14285,New-c74a786,0-1,0.0,5222,3959,5104,2.9
14286,Base-f462400,1-0,0.0,5222,3959,5105,2.8
14287,New-c74a786,0-1,0.0,5222,3959,5106,2.8
14288,Base-f462400,1-0,0.0,5222,3959,5107,2.8
14289,New-c74a786,1-0,1.0,5223,3959,5107,2.8
14290,Base-f462400,1/2-1/2,0.5,5223,3960,5107,2.8
14291,New-c74a786,1-0,1.0,5224,3960,5107,2.8
14292,Base-f462400,1-0,0.0,5224,3960,5108,2.8
14295,New-c74a786,1/2-1/2,0.5,5224,3961,5108,2.8
14297,New-c74a786,1/2-1/2,0.5,5224,3962,5108,2.8
14293,New-c74a786,1-0,1.0,5225,3962,5108,2.8
14298,Base-f462400,1/2-1/2,0.5,5225,3963,5108,2.8
14294,Base-f462400,1-0,0.0,5225,3963,5109,2.8
14301,New-c74a786,1/2-1/2,0.5,5225,3964,5109,2.8
14305,New-c74a786,1/2-1/2,0.5,5225,3965,5109,2.8
14296,Base-f462400,0-1,1.0,5226,3965,5109,2.8
14299,New-c74a786,1-0,1.0,5227,3965,5109,2.9
14304,Base-f462400,1/2-1/2,0.5,5227,3966,5109,2.9
14302,Base-f462400,0-1,1.0,5228,3966,5109,2.9
14300,Base-f462400,1/2-1/2,0.5,5228,3967,5109,2.9
14303,New-c74a786,1-0,1.0,5229,3967,5109,2.9
14307,New-c74a786,0-1,0.0,5229,3967,5110,2.9
14306,Base-f462400,0-1,1.0,5230,3967,5110,2.9
14309,New-c74a786,0-1,0.0,5230,3967,5111,2.9
14308,Base-f462400,0-1,1.0,5231,3967,5111,2.9
14310,Base-f462400,1/2-1/2,0.5,5231,3968,5111,2.9
14311,New-c74a786,1/2-1/2,0.5,5231,3969,5111,2.9
14314,Base-f462400,0-1,1.0,5232,3969,5111,2.9
14312,Base-f462400,0-1,1.0,5233,3969,5111,3.0
14313,New-c74a786,1-0,1.0,5234,3969,5111,3.0
14320,Base-f462400,1/2-1/2,0.5,5234,3970,5111,3.0
14315,New-c74a786,1-0,1.0,5235,3970,5111,3.0
14318,Base-f462400,1-0,0.0,5235,3970,5112,3.0
14317,New-c74a786,1-0,1.0,5236,3970,5112,3.0
14316,Base-f462400,0-1,1.0,5237,3970,5112,3.0
14322,Base-f462400,1/2-1/2,0.5,5237,3971,5112,3.0
14319,New-c74a786,0-1,0.0,5237,3971,5113,3.0
14321,New-c74a786,1-0,1.0,5238,3971,5113,3.0
14328,Base-f462400,1/2-1/2,0.5,5238,3972,5113,3.0
14325,New-c74a786,1-0,1.0,5239,3972,5113,3.1
14326,Base-f462400,1/2-1/2,0.5,5239,3973,5113,3.1
14323,New-c74a786,1/2-1/2,0.5,5239,3974,5113,3.1
14327,New-c74a786,1/2-1/2,0.5,5239,3975,5113,3.1
14324,Base-f462400,1/2-1/2,0.5,5239,3976,5113,3.1
14329,New-c74a786,1-0,1.0,5240,3976,5113,3.1
14332,Base-f462400,0-1,1.0,5241,3976,5113,3.1
14330,Base-f462400,1-0,0.0,5241,3976,5114,3.1
14331,New-c74a786,1-0,1.0,5242,3976,5114,3.1
14333,New-c74a786,1-0,1.0,5243,3976,5114,3.1
14334,Base-f462400,0-1,1.0,5244,3976,5114,3.2
14336,Base-f462400,1/2-1/2,0.5,5244,3977,5114,3.2
14338,Base-f462400,1-0,0.0,5244,3977,5115,3.1
14335,New-c74a786,1-0,1.0,5245,3977,5115,3.2
14339,New-c74a786,0-1,0.0,5245,3977,5116,3.1
14337,New-c74a786,1-0,1.0,5246,3977,5116,3.2
14341,New-c74a786,1/2-1/2,0.5,5246,3978,5116,3.1
14340,Base-f462400,0-1,1.0,5247,3978,5116,3.2
14342,Base-f462400,1/2-1/2,0.5,5247,3979,5116,3.2
14343,New-c74a786,1-0,1.0,5248,3979,5116,3.2
14344,Base-f462400,0-1,1.0,5249,3979,5116,3.2
14348,Base-f462400,0-1,1.0,5250,3979,5116,3.2
14347,New-c74a786,0-1,0.0,5250,3979,5117,3.2
14345,New-c74a786,1-0,1.0,5251,3979,5117,3.2
14346,Base-f462400,1/2-1/2,0.5,5251,3980,5117,3.2
14352,Base-f462400,1-0,0.0,5251,3980,5118,3.2
14349,New-c74a786,0-1,0.0,5251,3980,5119,3.2
14351,New-c74a786,0-1,0.0,5251,3980,5120,3.2
14350,Base-f462400,1/2-1/2,0.5,5251,3981,5120,3.2
14356,Base-f462400,0-1,1.0,5252,3981,5120,3.2
14353,New-c74a786,1/2-1/2,0.5,5252,3982,5120,3.2
14354,Base-f462400,0-1,1.0,5253,3982,5120,3.2
14358,Base-f462400,0-1,1.0,5254,3982,5120,3.2
14357,New-c74a786,0-1,0.0,5254,3982,5121,3.2
14355,New-c74a786,1/2-1/2,0.5,5254,3983,5121,3.2
14359,New-c74a786,0-1,0.0,5254,3983,5122,3.2
14360,Base-f462400,1-0,0.0,5254,3983,5123,3.2
14364,Base-f462400,0-1,1.0,5255,3983,5123,3.2
14361,New-c74a786,1-0,1.0,5256,3983,5123,3.2
14363,New-c74a786,1/2-1/2,0.5,5256,3984,5123,3.2
14365,New-c74a786,1/2-1/2,0.5,5256,3985,5123,3.2
14366,Base-f462400,0-1,1.0,5257,3985,5123,3.2
14362,Base-f462400,1/2-1/2,0.5,5257,3986,5123,3.2
14367,New-c74a786,1/2-1/2,0.5,5257,3987,5123,3.2
14368,Base-f462400,0-1,1.0,5258,3987,5123,3.3
14369,New-c74a786,0-1,0.0,5258,3987,5124,3.2
14370,Base-f462400,1-0,0.0,5258,3987,5125,3.2
14372,Base-f462400,1/2-1/2,0.5,5258,3988,5125,3.2
14373,New-c74a786,0-1,0.0,5258,3988,5126,3.2
14376,Base-f462400,1/2-1/2,0.5,5258,3989,5126,3.2
14371,New-c74a786,0-1,0.0,5258,3989,5127,3.2
14375,New-c74a786,1-0,1.0,5259,3989,5127,3.2
14374,Base-f462400,1/2-1/2,0.5,5259,3990,5127,3.2
14377,New-c74a786,0-1,0.0,5259,3990,5128,3.2
14378,Base-f462400,1-0,0.0,5259,3990,5129,3.1
14379,New-c74a786,1-0,1.0,5260,3990,5129,3.2
14380,Base-f462400,1/2-1/2,0.5,5260,3991,5129,3.2
14382,Base-f462400,1-0,0.0,5260,3991,5130,3.1
14384,Base-f462400,1/2-1/2,0.5,5260,3992,5130,3.1
14383,New-c74a786,1-0,1.0,5261,3992,5130,3.2
14381,New-c74a786,1-0,1.0,5262,3992,5130,3.2
14385,New-c74a786,1/2-1/2,0.5,5262,3993,5130,3.2
14386,Base-f462400,0-1,1.0,5263,3993,5130,3.2
14387,New-c74a786,0-1,0.0,5263,3993,5131,3.2
14388,Base-f462400,1-0,0.0,5263,3993,5132,3.2
14391,New-c74a786,1-0,1.0,5264,3993,5132,3.2
14390,Base-f462400,0-1,1.0,5265,3993,5132,3.2
14393,New-c74a786,0-1,0.0,5265,3993,5133,3.2
14392,Base-f462400,1-0,0.0,5265,3993,5134,3.2
14389,New-c74a786,1/2-1/2,0.5,5265,3994,5134,3.2
14397,New-c74a786,1/2-1/2,0.5,5265,3995,5134,3.2
14394,Base-f462400,0-1,1.0,5266,3995,5134,3.2
14396,Base-f462400,1/2-1/2,0.5,5266,3996,5134,3.2
14400,Base-f462400,1/2-1/2,0.5,5266,3997,5134,3.2
14395,New-c74a786,1/2-1/2,0.5,5266,3998,5134,3.2
14399,New-c74a786,1/2-1/2,0.5,5266,3999,5134,3.2
14401,New-c74a786,1-0,1.0,5267,3999,5134,3.2
14398,Base-f462400,1/2-1/2,0.5,5267,4000,5134,3.2
14403,New-c74a786,0-1,0.0,5267,4000,5135,3.2
14402,Base-f462400,1/2-1/2,0.5,5267,4001,5135,3.2
14405,New-c74a786,0-1,0.0,5267,4001,5136,3.2
14404,Base-f462400,0-1,1.0,5268,4001,5136,3.2
14407,New-c74a786,0-1,0.0,5268,4001,5137,3.2
14406,Base-f462400,1/2-1/2,0.5,5268,4002,5137,3.2
14408,Base-f462400,0-1,1.0,5269,4002,5137,3.2
14410,Base-f462400,1-0,0.0,5269,4002,5138,3.2
14409,New-c74a786,1-0,1.0,5270,4002,5138,3.2
14411,New-c74a786,1/2-1/2,0.5,5270,4003,5138,3.2
14412,Base-f462400,1-0,0.0,5270,4003,5139,3.2
14416,Base-f462400,1/2-1/2,0.5,5270,4004,5139,3.2
14414,Base-f462400,1-0,0.0,5270,4004,5140,3.1
14413,New-c74a786,1/2-1/2,0.5,5270,4005,5140,3.1
14418,Base-f462400,0-1,1.0,5271,4005,5140,3.2
14415,New-c74a786,1/2-1/2,0.5,5271,4006,5140,3.2
14420,Base-f462400,1/2-1/2,0.5,5271,4007,5140,3.2
14422,Base-f462400,1/2-1/2,0.5,5271,4008,5140,3.2
14417,New-c74a786,1-0,1.0,5272,4008,5140,3.2
14419,New-c74a786,1-0,1.0,5273,4008,5140,3.2
14421,New-c74a786,0-1,0.0,5273,4008,5141,3.2
14423,New-c74a786,1/2-1/2,0.5,5273,4009,5141,3.2
14425,New-c74a786,1/2-1/2,0.5,5273,4010,5141,3.2
14424,Base-f462400,0-1,1.0,5274,4010,5141,3.2
14428,Base-f462400,1-0,0.0,5274,4010,5142,3.2
14426,Base-f462400,0-1,1.0,5275,4010,5142,3.2
14427,New-c74a786,0-1,0.0,5275,4010,5143,3.2
14429,New-c74a786,0-1,0.0,5275,4010,5144,3.2
14430,Base-f462400,1-0,0.0,5275,4010,5145,3.1
14431,New-c74a786,1-0,1.0,5276,4010,5145,3.2
14432,Base-f462400,0-1,1.0,5277,4010,5145,3.2
14433,New-c74a786,0-1,0.0,5277,4010,5146,3.2
14435,New-c74a786,0-1,0.0,5277,4010,5147,3.1
14438,Base-f462400,1/2-1/2,0.5,5277,4011,5147,3.1
14439,New-c74a786,0-1,0.0,5277,4011,5148,3.1
14434,Base-f462400,1/2-1/2,0.5,5277,4012,5148,3.1
14436,Base-f462400,0-1,1.0,5278,4012,5148,3.1
14437,New-c74a786,1/2-1/2,0.5,5278,4013,5148,3.1
14440,Base-f462400,1-0,0.0,5278,4013,5149,3.1
14441,New-c74a786,1/2-1/2,0.5,5278,4014,5149,3.1
14446,Base-f462400,1-0,0.0,5278,4014,5150,3.1
14442,Base-f462400,1/2-1/2,0.5,5278,4015,5150,3.1
14444,Base-f462400,0-1,1.0,5279,4015,5150,3.1
14443,New-c74a786,0-1,0.0,5279,4015,5151,3.1
14445,New-c74a786,1/2-1/2,0.5,5279,4016,5151,3.1
14447,New-c74a786,0-1,0.0,5279,4016,5152,3.1
14448,Base-f462400,1-0,0.0,5279,4016,5153,3.0
14449,New-c74a786,1/2-1/2,0.5,5279,4017,5153,3.0
14454,Base-f462400,1-0,0.0,5279,4017,5154,3.0
14450,Base-f462400,1/2-1/2,0.5,5279,4018,5154,3.0
14453,New-c74a786,1/2-1/2,0.5,5279,4019,5154,3.0
14452,Base-f462400,0-1,1.0,5280,4019,5154,3.0
14451,New-c74a786,1-0,1.0,5281,4019,5154,3.1
14455,New-c74a786,1-0,1.0,5282,4019,5154,3.1
14457,New-c74a786,1-0,1.0,5283,4019,5154,3.1
14456,Base-f462400,1-0,0.0,5283,4019,5155,3.1
14458,Base-f462400,1-0,0.0,5283,4019,5156,3.1
14459,New-c74a786,0-1,0.0,5283,4019,5157,3.0
14460,Base-f462400,0-1,1.0,5284,4019,5157,3.1
14461,New-c74a786,1/2-1/2,0.5,5284,4020,5157,3.1
14462,Base-f462400,1-0,0.0,5284,4020,5158,3.0
14463,New-c74a786,0-1,0.0,5284,4020,5159,3.0
14464,Base-f462400,0-1,1.0,5285,4020,5159,3.0
14467,New-c74a786,1-0,1.0,5286,4020,5159,3.1
14468,Base-f462400,1/2-1/2,0.5,5286,4021,5159,3.1
14465,New-c74a786,1-0,1.0,5287,4021,5159,3.1
14466,Base-f462400,0-1,1.0,5288,4021,5159,3.1
14471,New-c74a786,1/2-1/2,0.5,5288,4022,5159,3.1
14469,New-c74a786,1-0,1.0,5289,4022,5159,3.1
14470,Base-f462400,0-1,1.0,5290,4022,5159,3.1
14475,New-c74a786,0-1,0.0,5290,4022,5160,3.1
14474,Base-f462400,1/2-1/2,0.5,5290,4023,5160,3.1
14472,Base-f462400,0-1,1.0,5291,4023,5160,3.1
14473,New-c74a786,1-0,1.0,5292,4023,5160,3.2
14479,New-c74a786,1/2-1/2,0.5,5292,4024,5160,3.2
14477,New-c74a786,1-0,1.0,5293,4024,5160,3.2
14480,Base-f462400,0-1,1.0,5294,4024,5160,3.2
14476,Base-f462400,0-1,1.0,5295,4024,5160,3.2
14478,Base-f462400,0-1,1.0,5296,4024,5160,3.3
14481,New-c74a786,1/2-1/2,0.5,5296,4025,5160,3.3
14482,Base-f462400,1/2-1/2,0.5,5296,4026,5160,3.3
14483,New-c74a786,1-0,1.0,5297,4026,5160,3.3
14486,Base-f462400,1/2-1/2,0.5,5297,4027,5160,3.3
14489,New-c74a786,1/2-1/2,0.5,5297,4028,5160,3.3
14485,New-c74a786,0-1,0.0,5297,4028,5161,3.3
14484,Base-f462400,1/2-1/2,0.5,5297,4029,5161,3.3
14488,Base-f462400,1-0,0.0,5297,4029,5162,3.2
14487,New-c74a786,1/2-1/2,0.5,5297,4030,5162,3.2
14490,Base-f462400,1-0,0.0,5297,4030,5163,3.2
14495,New-c74a786,1/2-1/2,0.5,5297,4031,5163,3.2
14491,New-c74a786,1-0,1.0,5298,4031,5163,3.2
14493,New-c74a786,1-0,1.0,5299,4031,5163,3.3
14492,Base-f462400,0-1,1.0,5300,4031,5163,3.3
14496,Base-f462400,1/2-1/2,0.5,5300,4032,5163,3.3
14497,New-c74a786,0-1,0.0,5300,4032,5164,3.3
14498,Base-f462400,1-0,0.0,5300,4032,5165,3.2
14500,Base-f462400,0-1,1.0,5301,4032,5165,3.3
14499,New-c74a786,0-1,0.0,5301,4032,5166,3.2
14494,Base-f462400,1/2-1/2,0.5,5301,4033,5166,3.2
14503,New-c74a786,1/2-1/2,0.5,5301,4034,5166,3.2
14502,Base-f462400,1-0,0.0,5301,4034,5167,3.2
14501,New-c74a786,1-0,1.0,5302,4034,5167,3.2
14505,New-c74a786,0-1,0.0,5302,4034,5168,3.2
14508,Base-f462400,1/2-1/2,0.5,5302,4035,5168,3.2
14507,New-c74a786,1/2-1/2,0.5,5302,4036,5168,3.2
14504,Base-f462400,0-1,1.0,5303,4036,5168,3.2
14506,Base-f462400,1-0,0.0,5303,4036,5169,3.2
14510,Base-f462400,1-0,0.0,5303,4036,5170,3.2
14509,New-c74a786,1/2-1/2,0.5,5303,4037,5170,3.2
14511,New-c74a786,1-0,1.0,5304,4037,5170,3.2
14512,Base-f462400,1-0,0.0,5304,4037,5171,3.2
14514,Base-f462400,0-1,1.0,5305,4037,5171,3.2
14513,New-c74a786,0-1,0.0,5305,4037,5172,3.2
14516,Base-f462400,1/2-1/2,0.5,5305,4038,5172,3.2
14515,New-c74a786,0-1,0.0,5305,4038,5173,3.2
14521,New-c74a786,1/2-1/2,0.5,5305,4039,5173,3.2
14517,New-c74a786,1-0,1.0,5306,4039,5173,3.2
14518,Base-f462400,1-0,0.0,5306,4039,5174,3.2
14522,Base-f462400,1/2-1/2,0.5,5306,4040,5174,3.2
14519,New-c74a786,1/2-1/2,0.5,5306,4041,5174,3.2
14520,Base-f462400,0-1,1.0,5307,4041,5174,3.2
14523,New-c74a786,0-1,0.0,5307,4041,5175,3.2
14524,Base-f462400,1/2-1/2,0.5,5307,4042,5175,3.2
14525,New-c74a786,1-0,1.0,5308,4042,5175,3.2
14526,Base-f462400,1-0,0.0,5308,4042,5176,3.2
14528,Base-f462400,0-1,1.0,5309,4042,5176,3.2
14529,New-c74a786,0-1,0.0,5309,4042,5177,3.2
14530,Base-f462400,0-1,1.0,5310,4042,5177,3.2
14527,New-c74a786,1-0,1.0,5311,4042,5177,3.2
14532,Base-f462400,1/2-1/2,0.5,5311,4043,5177,3.2
14531,New-c74a786,1/2-1/2,0.5,5311,4044,5177,3.2
14534,Base-f462400,1-0,0.0,5311,4044,5178,3.2
14533,New-c74a786,1-0,1.0,5312,4044,5178,3.2
14538,Base-f462400,1-0,0.0,5312,4044,5179,3.2
14535,New-c74a786,1-0,1.0,5313,4044,5179,3.2
14537,New-c74a786,1/2-1/2,0.5,5313,4045,5179,3.2
14536,Base-f462400,1-0,0.0,5313,4045,5180,3.2
14545,New-c74a786,1/2-1/2,0.5,5313,4046,5180,3.2
14539,New-c74a786,0-1,0.0,5313,4046,5181,3.2
14540,Base-f462400,0-1,1.0,5314,4046,5181,3.2
14542,Base-f462400,1-0,0.0,5314,4046,5182,3.2
14543,New-c74a786,1-0,1.0,5315,4046,5182,3.2
14544,Base-f462400,1/2-1/2,0.5,5315,4047,5182,3.2
14546,Base-f462400,1-0,0.0,5315,4047,5183,3.2
14541,New-c74a786,0-1,0.0,5315,4047,5184,3.1
14547,New-c74a786,0-1,0.0,5315,4047,5185,3.1
14548,Base-f462400,0-1,1.0,5316,4047,5185,3.1
14549,New-c74a786,1-0,1.0,5317,4047,5185,3.2
14550,Base-f462400,1-0,0.0,5317,4047,5186,3.1
14551,New-c74a786,1-0,1.0,5318,4047,5186,3.2
14552,Base-f462400,1-0,0.0,5318,4047,5187,3.1
14553,New-c74a786,1-0,1.0,5319,4047,5187,3.2
14554,Base-f462400,0-1,1.0,5320,4047,5187,3.2
14555,New-c74a786,0-1,0.0,5320,4047,5188,3.2
14556,Base-f462400,1-0,0.0,5320,4047,5189,3.1
14558,Base-f462400,1/2-1/2,0.5,5320,4048,5189,3.1
14557,New-c74a786,1-0,1.0,5321,4048,5189,3.2
14559,New-c74a786,1/2-1/2,0.5,5321,4049,5189,3.2
14560,Base-f462400,1/2-1/2,0.5,5321,4050,5189,3.1
14562,Base-f462400,0-1,1.0,5322,4050,5189,3.2
14563,New-c74a786,1-0,1.0,5323,4050,5189,3.2
14561,New-c74a786,0-1,0.0,5323,4050,5190,3.2
14566,Base-f462400,1-0,0.0,5323,4050,5191,3.1
14568,Base-f462400,1/2-1/2,0.5,5323,4051,5191,3.1
14565,New-c74a786,0-1,0.0,5323,4051,5192,3.1
14570,Base-f462400,1/2-1/2,0.5,5323,4052,5192,3.1
14564,Base-f462400,1/2-1/2,0.5,5323,4053,5192,3.1
14567,New-c74a786,0-1,0.0,5323,4053,5193,3.1
14571,New-c74a786,1-0,1.0,5324,4053,5193,3.1
14569,New-c74a786,1-0,1.0,5325,4053,5193,3.1
14574,Base-f462400,1/2-1/2,0.5,5325,4054,5193,3.1
14572,Base-f462400,0-1,1.0,5326,4054,5193,3.2
14573,New-c74a786,1-0,1.0,5327,4054,5193,3.2
14576,Base-f462400,1-0,0.0,5327,4054,5194,3.2
14575,New-c74a786,1-0,1.0,5328,4054,5194,3.2
14578,Base-f462400,1-0,0.0,5328,4054,5195,3.2
14579,New-c74a786,1/2-1/2,0.5,5328,4055,5195,3.2
14580,Base-f462400,1/2-1/2,0.5,5328,4056,5195,3.2
14581,New-c74a786,1/2-1/2,0.5,5328,4057,5195,3.2
14582,Base-f462400,1-0,0.0,5328,4057,5196,3.1
14577,New-c74a786,1/2-1/2,0.5,5328,4058,5196,3.1
14585,New-c74a786,1/2-1/2,0.5,5328,4059,5196,3.1
14584,Base-f462400,1/2-1/2,0.5,5328,4060,5196,3.1
14583,New-c74a786,1-0,1.0,5329,4060,5196,3.2
14586,Base-f462400,1/2-1/2,0.5,5329,4061,5196,3.2
14587,New-c74a786,0-1,0.0,5329,4061,5197,3.1
14589,New-c74a786,1-0,1.0,5330,4061,5197,3.2
14590,Base-f462400,0-1,1.0,5331,4061,5197,3.2
14588,Base-f462400,0-1,1.0,5332,4061,5197,3.2
14591,New-c74a786,0-1,0.0,5332,4061,5198,3.2
14595,New-c74a786,1-0,1.0,5333,4061,5198,3.2
14594,Base-f462400,1-0,0.0,5333,4061,5199,3.2
14592,Base-f462400,0-1,1.0,5334,4061,5199,3.2
14593,New-c74a786,1/2-1/2,0.5,5334,4062,5199,3.2
14597,New-c74a786,1-0,1.0,5335,4062,5199,3.2
14596,Base-f462400,1/2-1/2,0.5,5335,4063,5199,3.2
14602,Base-f462400,0-1,1.0,5336,4063,5199,3.3
14601,New-c74a786,1/2-1/2,0.5,5336,4064,5199,3.3
14598,Base-f462400,0-1,1.0,5337,4064,5199,3.3
14600,Base-f462400,0-1,1.0,5338,4064,5199,3.3
14599,New-c74a786,1-0,1.0,5339,4064,5199,3.3
14604,Base-f462400,1-0,0.0,5339,4064,5200,3.3
14603,New-c74a786,1/2-1/2,0.5,5339,4065,5200,3.3
14606,Base-f462400,0-1,1.0,5340,4065,5200,3.3
14605,New-c74a786,0-1,0.0,5340,4065,5201,3.3
14607,New-c74a786,1/2-1/2,0.5,5340,4066,5201,3.3
14608,Base-f462400,1/2-1/2,0.5,5340,4067,5201,3.3
14611,New-c74a786,0-1,0.0,5340,4067,5202,3.3
14613,New-c74a786,1/2-1/2,0.5,5340,4068,5202,3.3
14610,Base-f462400,1-0,0.0,5340,4068,5203,3.3
14609,New-c74a786,0-1,0.0,5340,4068,5204,3.2
14614,Base-f462400,1/2-1/2,0.5,5340,4069,5204,3.2
14612,Base-f462400,1-0,0.0,5340,4069,5205,3.2
14616,Base-f462400,1-0,0.0,5340,4069,5206,3.2
14615,New-c74a786,1-0,1.0,5341,4069,5206,3.2
14618,Base-f462400,0-1,1.0,5342,4069,5206,3.2
14617,New-c74a786,1-0,1.0,5343,4069,5206,3.3
14619,New-c74a786,0-1,0.0,5343,4069,5207,3.2
14622,Base-f462400,0-1,1.0,5344,4069,5207,3.3
14624,Base-f462400,0-1,1.0,5345,4069,5207,3.3
14621,New-c74a786,0-1,0.0,5345,4069,5208,3.3
14623,New-c74a786,1-0,1.0,5346,4069,5208,3.3
14620,Base-f462400,1/2-1/2,0.5,5346,4070,5208,3.3
14625,New-c74a786,1-0,1.0,5347,4070,5208,3.3
14626,Base-f462400,1-0,0.0,5347,4070,5209,3.3
14631,New-c74a786,1/2-1/2,0.5,5347,4071,5209,3.3
14628,Base-f462400,1/2-1/2,0.5,5347,4072,5209,3.3
14627,New-c74a786,0-1,0.0,5347,4072,5210,3.3
14629,New-c74a786,1/2-1/2,0.5,5347,4073,5210,3.3
14630,Base-f462400,1-0,0.0,5347,4073,5211,3.2
14632,Base-f462400,0-1,1.0,5348,4073,5211,3.3
14633,New-c74a786,1-0,1.0,5349,4073,5211,3.3
14634,Base-f462400,1/2-1/2,0.5,5349,4074,5211,3.3
14635,New-c74a786,1-0,1.0,5350,4074,5211,3.3
14636,Base-f462400,1/2-1/2,0.5,5350,4075,5211,3.3
14637,New-c74a786,0-1,0.0,5350,4075,5212,3.3
14639,New-c74a786,1-0,1.0,5351,4075,5212,3.3
14638,Base-f462400,0-1,1.0,5352,4075,5212,3.3
14640,Base-f462400,1-0,0.0,5352,4075,5213,3.3
14641,New-c74a786,1-0,1.0,5353,4075,5213,3.3
14643,New-c74a786,0-1,0.0,5353,4075,5214,3.3
14642,Base-f462400,0-1,1.0,5354,4075,5214,3.3
14644,Base-f462400,1-0,0.0,5354,4075,5215,3.3
14646,Base-f462400,0-1,1.0,5355,4075,5215,3.3
14645,New-c74a786,0-1,0.0,5355,4075,5216,3.3
14647,New-c74a786,0-1,0.0,5355,4075,5217,3.3
14648,Base-f462400,1/2-1/2,0.5,5355,4076,5217,3.3
14651,New-c74a786,0-1,0.0,5355,4076,5218,3.2
14649,New-c74a786,1/2-1/2,0.5,5355,4077,5218,3.2
14650,Base-f462400,0-1,1.0,5356,4077,5218,3.3
14652,Base-f462400,1/2-1/2,0.5,5356,4078,5218,3.3
14655,New-c74a786,0-1,0.0,5356,4078,5219,3.2
14654,Base-f462400,0-1,1.0,5357,4078,5219,3.3
14653,New-c74a786,1/2-1/2,0.5,5357,4079,5219,3.3
14656,Base-f462400,1-0,0.0,5357,4079,5220,3.2
14657,New-c74a786,1-0,1.0,5358,4079,5220,3.3
14658,Base-f462400,0-1,1.0,5359,4079,5220,3.3
14659,New-c74a786,1-0,1.0,5360,4079,5220,3.3
14660,Base-f462400,0-1,1.0,5361,4079,5220,3.3
14663,New-c74a786,1/2-1/2,0.5,5361,4080,5220,3.3
14662,Base-f462400,1-0,0.0,5361,4080,5221,3.3
14667,New-c74a786,1-0,1.0,5362,4080,5221,3.3
14664,Base-f462400,1/2-1/2,0.5,5362,4081,5221,3.3
14665,New-c74a786,1-0,1.0,5363,4081,5221,3.4
14661,New-c74a786,1/2-1/2,0.5,5363,4082,5221,3.4
14666,Base-f462400,1-0,0.0,5363,4082,5222,3.3
14669,New-c74a786,1-0,1.0,5364,4082,5222,3.4
14670,Base-f462400,0-1,1.0,5365,4082,5222,3.4
14672,Base-f462400,1/2-1/2,0.5,5365,4083,5222,3.4
14675,New-c74a786,0-1,0.0,5365,4083,5223,3.4
14674,Base-f462400,0-1,1.0,5366,4083,5223,3.4
14671,New-c74a786,1-0,1.0,5367,4083,5223,3.4
14668,Base-f462400,1/2-1/2,0.5,5367,4084,5223,3.4
14673,New-c74a786,1/2-1/2,0.5,5367,4085,5223,3.4
14676,Base-f462400,1/2-1/2,0.5,5367,4086,5223,3.4
14682,Base-f462400,1-0,0.0,5367,4086,5224,3.4
14678,Base-f462400,1/2-1/2,0.5,5367,4087,5224,3.4
14679,New-c74a786,0-1,0.0,5367,4087,5225,3.4
14680,Base-f462400,1-0,0.0,5367,4087,5226,3.3
14677,New-c74a786,1/2-1/2,0.5,5367,4088,5226,3.3
14681,New-c74a786,0-1,0.0,5367,4088,5227,3.3
14683,New-c74a786,1-0,1.0,5368,4088,5227,3.3
14686,Base-f462400,1-0,0.0,5368,4088,5228,3.3
14685,New-c74a786,1/2-1/2,0.5,5368,4089,5228,3.3
14684,Base-f462400,1-0,0.0,5368,4089,5229,3.3
14688,Base-f462400,0-1,1.0,5369,4089,5229,3.3
14689,New-c74a786,1-0,1.0,5370,4089,5229,3.3
14687,New-c74a786,0-1,0.0,5370,4089,5230,3.3
14693,New-c74a786,1/2-1/2,0.5,5370,4090,5230,3.3
14690,Base-f462400,0-1,1.0,5371,4090,5230,3.3
14691,New-c74a786,1-0,1.0,5372,4090,5230,3.4
14696,Base-f462400,1-0,0.0,5372,4090,5231,3.3
14695,New-c74a786,1-0,1.0,5373,4090,5231,3.4
14698,Base-f462400,1/2-1/2,0.5,5373,4091,5231,3.4
14692,Base-f462400,1-0,0.0,5373,4091,5232,3.3
14697,New-c74a786,0-1,0.0,5373,4091,5233,3.3
14694,Base-f462400,1/2-1/2,0.5,5373,4092,5233,3.3
14699,New-c74a786,1/2-1/2,0.5,5373,4093,5233,3.3
14700,Base-f462400,1-0,0.0,5373,4093,5234,3.3
14703,New-c74a786,1/2-1/2,0.5,5373,4094,5234,3.3
14706,Base-f462400,1-0,0.0,5373,4094,5235,3.3
14707,New-c74a786,1-0,1.0,5374,4094,5235,3.3
14702,Base-f462400,0-1,1.0,5375,4094,5235,3.3
14701,New-c74a786,1-0,1.0,5376,4094,5235,3.3
14705,New-c74a786,0-1,0.0,5376,4094,5236,3.3
14704,Base-f462400,0-1,1.0,5377,4094,5236,3.3
14711,New-c74a786,1-0,1.0,5378,4094,5236,3.4
14709,New-c74a786,0-1,0.0,5378,4094,5237,3.3
14708,Base-f462400,1-0,0.0,5378,4094,5238,3.3
14712,Base-f462400,1/2-1/2,0.5,5378,4095,5238,3.3
14713,New-c74a786,1-0,1.0,5379,4095,5238,3.3
14710,Base-f462400,1/2-1/2,0.5,5379,4096,5238,3.3
14714,Base-f462400,1-0,0.0,5379,4096,5239,3.3
14715,New-c74a786,1-0,1.0,5380,4096,5239,3.3
14718,Base-f462400,0-1,1.0,5381,4096,5239,3.4
14717,New-c74a786,0-1,0.0,5381,4096,5240,3.3
14720,Base-f462400,1-0,0.0,5381,4096,5241,3.3
14722,Base-f462400,1/2-1/2,0.5,5381,4097,5241,3.3
14716,Base-f462400,1/2-1/2,0.5,5381,4098,5241,3.3
14719,New-c74a786,1-0,1.0,5382,4098,5241,3.3
14721,New-c74a786,1/2-1/2,0.5,5382,4099,5241,3.3
14723,New-c74a786,1-0,1.0,5383,4099,5241,3.4
14731,New-c74a786,0-1,0.0,5383,4099,5242,3.3
14724,Base-f462400,1/2-1/2,0.5,5383,4100,5242,3.3
14725,New-c74a786,1-0,1.0,5384,4100,5242,3.4
14727,New-c74a786,1-0,1.0,5385,4100,5242,3.4
14730,Base-f462400,1/2-1/2,0.5,5385,4101,5242,3.4
14728,Base-f462400,1-0,0.0,5385,4101,5243,3.3
14729,New-c74a786,0-1,0.0,5385,4101,5244,3.3
14732,Base-f462400,1/2-1/2,0.5,5385,4102,5244,3.3
14726,Base-f462400,1/2-1/2,0.5,5385,4103,5244,3.3
14735,New-c74a786,1/2-1/2,0.5,5385,4104,5244,3.3
14737,New-c74a786,1/2-1/2,0.5,5385,4105,5244,3.3
14734,Base-f462400,0-1,1.0,5386,4105,5244,3.3
14733,New-c74a786,0-1,0.0,5386,4105,5245,3.3
14736,Base-f462400,0-1,1.0,5387,4105,5245,3.3
14739,New-c74a786,1/2-1/2,0.5,5387,4106,5245,3.3
14740,Base-f462400,1-0,0.0,5387,4106,5246,3.3
14738,Base-f462400,1-0,0.0,5387,4106,5247,3.3
14742,Base-f462400,1-0,0.0,5387,4106,5248,3.3
14743,New-c74a786,1-0,1.0,5388,4106,5248,3.3
14744,Base-f462400,1-0,0.0,5388,4106,5249,3.3
14746,Base-f462400,1/2-1/2,0.5,5388,4107,5249,3.3
14747,New-c74a786,1-0,1.0,5389,4107,5249,3.3
14748,Base-f462400,0-1,1.0,5390,4107,5249,3.3
14741,New-c74a786,1/2-1/2,0.5,5390,4108,5249,3.3
14745,New-c74a786,1-0,1.0,5391,4108,5249,3.3
14756,Base-f462400,0-1,1.0,5392,4108,5249,3.4
14750,Base-f462400,0-1,1.0,5393,4108,5249,3.4
14751,New-c74a786,0-1,0.0,5393,4108,5250,3.4
14752,Base-f462400,1-0,0.0,5393,4108,5251,3.3
14749,New-c74a786,1-0,1.0,5394,4108,5251,3.4
14754,Base-f462400,1-0,0.0,5394,4108,5252,3.3
14753,New-c74a786,0-1,0.0,5394,4108,5253,3.3
14755,New-c74a786,1-0,1.0,5395,4108,5253,3.3
14757,New-c74a786,0-1,0.0,5395,4108,5254,3.3
14761,New-c74a786,0-1,0.0,5395,4108,5255,3.3
14759,New-c74a786,1-0,1.0,5396,4108,5255,3.3
14758,Base-f462400,1/2-1/2,0.5,5396,4109,5255,3.3
14760,Base-f462400,0-1,1.0,5397,4109,5255,3.3
14762,Base-f462400,0-1,1.0,5398,4109,5255,3.4
14768,Base-f462400,1/2-1/2,0.5,5398,4110,5255,3.4
14764,Base-f462400,1/2-1/2,0.5,5398,4111,5255,3.4
14765,New-c74a786,1-0,1.0,5399,4111,5255,3.4
14767,New-c74a786,1-0,1.0,5400,4111,5255,3.4
14763,New-c74a786,0-1,0.0,5400,4111,5256,3.4
14769,New-c74a786,1-0,1.0,5401,4111,5256,3.4
14766,Base-f462400,1-0,0.0,5401,4111,5257,3.4
14770,Base-f462400,0-1,1.0,5402,4111,5257,3.4
14773,New-c74a786,1/2-1/2,0.5,5402,4112,5257,3.4
14771,New-c74a786,1-0,1.0,5403,4112,5257,3.4
14774,Base-f462400,0-1,1.0,5404,4112,5257,3.5
14772,Base-f462400,1-0,0.0,5404,4112,5258,3.4
14777,New-c74a786,0-1,0.0,5404,4112,5259,3.4
14775,New-c74a786,0-1,0.0,5404,4112,5260,3.4
14778,Base-f462400,1/2-1/2,0.5,5404,4113,5260,3.4
14776,Base-f462400,1-0,0.0,5404,4113,5261,3.4
14779,New-c74a786,0-1,0.0,5404,4113,5262,3.3
14780,Base-f462400,1-0,0.0,5404,4113,5263,3.3
14781,New-c74a786,0-1,0.0,5404,4113,5264,3.3
14782,Base-f462400,1-0,0.0,5404,4113,5265,3.3
14785,New-c74a786,1-0,1.0,5405,4113,5265,3.3
14783,New-c74a786,0-1,0.0,5405,4113,5266,3.3
14790,Base-f462400,1/2-1/2,0.5,5405,4114,5266,3.3
14787,New-c74a786,0-1,0.0,5405,4114,5267,3.2
14784,Base-f462400,0-1,1.0,5406,4114,5267,3.3
14786,Base-f462400,1-0,0.0,5406,4114,5268,3.2
14788,Base-f462400,0-1,1.0,5407,4114,5268,3.3
14789,New-c74a786,0-1,0.0,5407,4114,5269,3.2
14794,Base-f462400,1-0,0.0,5407,4114,5270,3.2
14793,New-c74a786,1-0,1.0,5408,4114,5270,3.2
14791,New-c74a786,1-0,1.0,5409,4114,5270,3.3
14795,New-c74a786,1-0,1.0,5410,4114,5270,3.3
14799,New-c74a786,1/2-1/2,0.5,5410,4115,5270,3.3
14792,Base-f462400,1/2-1/2,0.5,5410,4116,5270,3.3
14796,Base-f462400,1/2-1/2,0.5,5410,4117,5270,3.3
14797,New-c74a786,0-1,0.0,5410,4117,5271,3.3
14798,Base-f462400,1/2-1/2,0.5,5410,4118,5271,3.3
14801,New-c74a786,0-1,0.0,5410,4118,5272,3.2
14805,New-c74a786,1/2-1/2,0.5,5410,4119,5272,3.2
14800,Base-f462400,1-0,0.0,5410,4119,5273,3.2
14802,Base-f462400,0-1,1.0,5411,4119,5273,3.2
14803,New-c74a786,1-0,1.0,5412,4119,5273,3.3
14804,Base-f462400,1-0,0.0,5412,4119,5274,3.2
14806,Base-f462400,1-0,0.0,5412,4119,5275,3.2
14807,New-c74a786,1-0,1.0,5413,4119,5275,3.2
14808,Base-f462400,0-1,1.0,5414,4119,5275,3.3
14809,New-c74a786,1/2-1/2,0.5,5414,4120,5275,3.3
14811,New-c74a786,1/2-1/2,0.5,5414,4121,5275,3.3
14810,Base-f462400,1-0,0.0,5414,4121,5276,3.2
14812,Base-f462400,1-0,0.0,5414,4121,5277,3.2
14814,Base-f462400,1-0,0.0,5414,4121,5278,3.2
14813,New-c74a786,0-1,0.0,5414,4121,5279,3.2
14816,Base-f462400,1-0,0.0,5414,4121,5280,3.1
14818,Base-f462400,0-1,1.0,5415,4121,5280,3.2
14817,New-c74a786,1-0,1.0,5416,4121,5280,3.2
14819,New-c74a786,0-1,0.0,5416,4121,5281,3.2
14820,Base-f462400,0-1,1.0,5417,4121,5281,3.2
14815,New-c74a786,1/2-1/2,0.5,5417,4122,5281,3.2
14821,New-c74a786,0-1,0.0,5417,4122,5282,3.2
14822,Base-f462400,1-0,0.0,5417,4122,5283,3.1
14826,Base-f462400,1/2-1/2,0.5,5417,4123,5283,3.1
14827,New-c74a786,1/2-1/2,0.5,5417,4124,5283,3.1
14823,New-c74a786,1-0,1.0,5418,4124,5283,3.2
14828,Base-f462400,0-1,1.0,5419,4124,5283,3.2
14824,Base-f462400,0-1,1.0,5420,4124,5283,3.2
14825,New-c74a786,0-1,0.0,5420,4124,5284,3.2
14829,New-c74a786,1-0,1.0,5421,4124,5284,3.2
14830,Base-f462400,1-0,0.0,5421,4124,5285,3.2
14832,Base-f462400,1/2-1/2,0.5,5421,4125,5285,3.2
14833,New-c74a786,0-1,0.0,5421,4125,5286,3.2
14834,Base-f462400,1-0,0.0,5421,4125,5287,3.1
14831,New-c74a786,1-0,1.0,5422,4125,5287,3.2
14837,New-c74a786,1-0,1.0,5423,4125,5287,3.2
14835,New-c74a786,0-1,0.0,5423,4125,5288,3.2
14836,Base-f462400,1/2-1/2,0.5,5423,4126,5288,3.2
14841,New-c74a786,1/2-1/2,0.5,5423,4127,5288,3.2
14838,Base-f462400,0-1,1.0,5424,4127,5288,3.2
14844,Base-f462400,1/2-1/2,0.5,5424,4128,5288,3.2
14840,Base-f462400,1/2-1/2,0.5,5424,4129,5288,3.2
14842,Base-f462400,0-1,1.0,5425,4129,5288,3.2
14839,New-c74a786,0-1,0.0,5425,4129,5289,3.2
14845,New-c74a786,0-1,0.0,5425,4129,5290,3.2
14843,New-c74a786,0-1,0.0,5425,4129,5291,3.1
14847,New-c74a786,1-0,1.0,5426,4129,5291,3.2
14846,Base-f462400,1-0,0.0,5426,4129,5292,3.1
14850,Base-f462400,0-1,1.0,5427,4129,5292,3.2
14851,New-c74a786,0-1,0.0,5427,4129,5293,3.1
14854,Base-f462400,1-0,0.0,5427,4129,5294,3.1
14849,New-c74a786,1-0,1.0,5428,4129,5294,3.1
14848,Base-f462400,1/2-1/2,0.5,5428,4130,5294,3.1
14855,New-c74a786,1/2-1/2,0.5,5428,4131,5294,3.1
14853,New-c74a786,0-1,0.0,5428,4131,5295,3.1
14852,Base-f462400,1/2-1/2,0.5,5428,4132,5295,3.1
14856,Base-f462400,1/2-1/2,0.5,5428,4133,5295,3.1
14862,Base-f462400,1-0,0.0,5428,4133,5296,3.1
14858,Base-f462400,1/2-1/2,0.5,5428,4134,5296,3.1
14857,New-c74a786,1-0,1.0,5429,4134,5296,3.1
14860,Base-f462400,1-0,0.0,5429,4134,5297,3.1
14859,New-c74a786,1-0,1.0,5430,4134,5297,3.1
14861,New-c74a786,1-0,1.0,5431,4134,5297,3.1
14863,New-c74a786,0-1,0.0,5431,4134,5298,3.1
14866,Base-f462400,1-0,0.0,5431,4134,5299,3.1
14869,New-c74a786,1/2-1/2,0.5,5431,4135,5299,3.1
14864,Base-f462400,1-0,0.0,5431,4135,5300,3.1
14865,New-c74a786,1-0,1.0,5432,4135,5300,3.1
14868,Base-f462400,0-1,1.0,5433,4135,5300,3.1
14867,New-c74a786,1/2-1/2,0.5,5433,4136,5300,3.1
14871,New-c74a786,0-1,0.0,5433,4136,5301,3.1
14870,Base-f462400,1/2-1/2,0.5,5433,4137,5301,3.1
14874,Base-f462400,1/2-1/2,0.5,5433,4138,5301,3.1
14876,Base-f462400,1-0,0.0,5433,4138,5302,3.1
14873,New-c74a786,1/2-1/2,0.5,5433,4139,5302,3.1
14872,Base-f462400,1/2-1/2,0.5,5433,4140,5302,3.1
14877,New-c74a786,1-0,1.0,5434,4140,5302,3.1
14875,New-c74a786,1-0,1.0,5435,4140,5302,3.1
14880,Base-f462400,1-0,0.0,5435,4140,5303,3.1
14878,Base-f462400,0-1,1.0,5436,4140,5303,3.1
14879,New-c74a786,0-1,0.0,5436,4140,5304,3.1
14882,Base-f462400,0-1,1.0,5437,4140,5304,3.1
14886,Base-f462400,0-1,1.0,5438,4140,5304,3.1
14885,New-c74a786,1/2-1/2,0.5,5438,4141,5304,3.1
14881,New-c74a786,1-0,1.0,5439,4141,5304,3.2
14884,Base-f462400,1-0,0.0,5439,4141,5305,3.1
14888,Base-f462400,1-0,0.0,5439,4141,5306,3.1
14887,New-c74a786,1-0,1.0,5440,4141,5306,3.1
14883,New-c74a786,1-0,1.0,5441,4141,5306,3.2
14889,New-c74a786,0-1,0.0,5441,4141,5307,3.1
14893,New-c74a786,1/2-1/2,0.5,5441,4142,5307,3.1
14890,Base-f462400,1-0,0.0,5441,4142,5308,3.1
14891,New-c74a786,0-1,0.0,5441,4142,5309,3.1
14892,Base-f462400,0-1,1.0,5442,4142,5309,3.1
14894,Base-f462400,1/2-1/2,0.5,5442,4143,5309,3.1
14896,Base-f462400,1/2-1/2,0.5,5442,4144,5309,3.1
14895,New-c74a786,1/2-1/2,0.5,5442,4145,5309,3.1
14899,New-c74a786,0-1,0.0,5442,4145,5310,3.1
14900,Base-f462400,1-0,0.0,5442,4145,5311,3.1
14898,Base-f462400,0-1,1.0,5443,4145,5311,3.1
14897,New-c74a786,1/2-1/2,0.5,5443,4146,5311,3.1
14902,Base-f462400,1/2-1/2,0.5,5443,4147,5311,3.1
14901,New-c74a786,1/2-1/2,0.5,5443,4148,5311,3.1
14903,New-c74a786,1-0,1.0,5444,4148,5311,3.1
14905,New-c74a786,1-0,1.0,5445,4148,5311,3.1
14904,Base-f462400,1-0,0.0,5445,4148,5312,3.1
14907,New-c74a786,1-0,1.0,5446,4148,5312,3.1
14906,Base-f462400,1-0,0.0,5446,4148,5313,3.1
14908,Base-f462400,0-1,1.0,5447,4148,5313,3.1
14911,New-c74a786,1/2-1/2,0.5,5447,4149,5313,3.1
14909,New-c74a786,1-0,1.0,5448,4149,5313,3.1
14910,Base-f462400,0-1,1.0,5449,4149,5313,3.2
14919,New-c74a786,1/2-1/2,0.5,5449,4150,5313,3.2
14912,Base-f462400,1-0,0.0,5449,4150,5314,3.1
14914,Base-f462400,0-1,1.0,5450,4150,5314,3.2
14913,New-c74a786,1-0,1.0,5451,4150,5314,3.2
14916,Base-f462400,1-0,0.0,5451,4150,5315,3.2
14917,New-c74a786,0-1,0.0,5451,4150,5316,3.1
14915,New-c74a786,1/2-1/2,0.5,5451,4151,5316,3.1
14918,Base-f462400,1/2-1/2,0.5,5451,4152,5316,3.1
14921,New-c74a786,1-0,1.0,5452,4152,5316,3.2
14920,Base-f462400,0-1,1.0,5453,4152,5316,3.2
14923,New-c74a786,1-0,1.0,5454,4152,5316,3.2
14922,Base-f462400,1-0,0.0,5454,4152,5317,3.2
14925,New-c74a786,1-0,1.0,5455,4152,5317,3.2
14924,Base-f462400,1-0,0.0,5455,4152,5318,3.2
14926,Base-f462400,0-1,1.0,5456,4152,5318,3.2
14927,New-c74a786,0-1,0.0,5456,4152,5319,3.2
14931,New-c74a786,1-0,1.0,5457,4152,5319,3.2
14928,Base-f462400,1/2-1/2,0.5,5457,4153,5319,3.2
14929,New-c74a786,0-1,0.0,5457,4153,5320,3.2
14930,Base-f462400,1-0,0.0,5457,4153,5321,3.2
14933,New-c74a786,1/2-1/2,0.5,5457,4154,5321,3.2
14934,Base-f462400,1-0,0.0,5457,4154,5322,3.1
14932,Base-f462400,0-1,1.0,5458,4154,5322,3.2
14940,Base-f462400,1-0,0.0,5458,4154,5323,3.1
14935,New-c74a786,1/2-1/2,0.5,5458,4155,5323,3.1
14937,New-c74a786,1-0,1.0,5459,4155,5323,3.2
14936,Base-f462400,1/2-1/2,0.5,5459,4156,5323,3.2
14938,Base-f462400,0-1,1.0,5460,4156,5323,3.2
14939,New-c74a786,1/2-1/2,0.5,5460,4157,5323,3.2
14941,New-c74a786,0-1,0.0,5460,4157,5324,3.2
14942,Base-f462400,0-1,1.0,5461,4157,5324,3.2
14944,Base-f462400,1-0,0.0,5461,4157,5325,3.2
14943,New-c74a786,0-1,0.0,5461,4157,5326,3.1
14945,New-c74a786,0-1,0.0,5461,4157,5327,3.1
14946,Base-f462400,1-0,0.0,5461,4157,5328,3.1
14947,New-c74a786,1-0,1.0,5462,4157,5328,3.1
14948,Base-f462400,1/2-1/2,0.5,5462,4158,5328,3.1
14951,New-c74a786,1/2-1/2,0.5,5462,4159,5328,3.1
14950,Base-f462400,1/2-1/2,0.5,5462,4160,5328,3.1
14949,New-c74a786,1/2-1/2,0.5,5462,4161,5328,3.1
14952,Base-f462400,0-1,1.0,5463,4161,5328,3.1
14953,New-c74a786,0-1,0.0,5463,4161,5329,3.1
14956,Base-f462400,1-0,0.0,5463,4161,5330,3.1
14954,Base-f462400,0-1,1.0,5464,4161,5330,3.1
14957,New-c74a786,1/2-1/2,0.5,5464,4162,5330,3.1
14955,New-c74a786,1-0,1.0,5465,4162,5330,3.1
14958,Base-f462400,1-0,0.0,5465,4162,5331,3.1
14960,Base-f462400,1-0,0.0,5465,4162,5332,3.1
14959,New-c74a786,0-1,0.0,5465,4162,5333,3.1
14961,New-c74a786,0-1,0.0,5465,4162,5334,3.0
14963,New-c74a786,1/2-1/2,0.5,5465,4163,5334,3.0
14964,Base-f462400,1-0,0.0,5465,4163,5335,3.0
14962,Base-f462400,0-1,1.0,5466,4163,5335,3.0
14968,Base-f462400,0-1,1.0,5467,4163,5335,3.1
14966,Base-f462400,1-0,0.0,5467,4163,5336,3.0
14965,New-c74a786,1/2-1/2,0.5,5467,4164,5336,3.0
14972,Base-f462400,0-1,1.0,5468,4164,5336,3.1
14971,New-c74a786,0-1,0.0,5468,4164,5337,3.0
14967,New-c74a786,1-0,1.0,5469,4164,5337,3.1
14969,New-c74a786,1-0,1.0,5470,4164,5337,3.1
14970,Base-f462400,1-0,0.0,5470,4164,5338,3.1
14973,New-c74a786,0-1,0.0,5470,4164,5339,3.0
14974,Base-f462400,1-0,0.0,5470,4164,5340,3.0
14975,New-c74a786,0-1,0.0,5470,4164,5341,3.0
14979,New-c74a786,1-0,1.0,5471,4164,5341,3.0
14978,Base-f462400,1-0,0.0,5471,4164,5342,3.0
14976,Base-f462400,0-1,1.0,5472,4164,5342,3.0
14977,New-c74a786,0-1,0.0,5472,4164,5343,3.0
14980,Base-f462400,1/2-1/2,0.5,5472,4165,5343,3.0
14983,New-c74a786,1-0,1.0,5473,4165,5343,3.0
14981,New-c74a786,1/2-1/2,0.5,5473,4166,5343,3.0
14982,Base-f462400,1-0,0.0,5473,4166,5344,3.0
14984,Base-f462400,0-1,1.0,5474,4166,5344,3.0
14985,New-c74a786,1-0,1.0,5475,4166,5344,3.0
14987,New-c74a786,1-0,1.0,5476,4166,5344,3.1
14986,Base-f462400,1-0,0.0,5476,4166,5345,3.0
14988,Base-f462400,1-0,0.0,5476,4166,5346,3.0
14990,Base-f462400,0-1,1.0,5477,4166,5346,3.0
14991,New-c74a786,1-0,1.0,5478,4166,5346,3.1
14989,New-c74a786,0-1,0.0,5478,4166,5347,3.0
14994,Base-f462400,1-0,0.0,5478,4166,5348,3.0
14995,New-c74a786,1/2-1/2,0.5,5478,4167,5348,3.0
14993,New-c74a786,1/2-1/2,0.5,5478,4168,5348,3.0
14996,Base-f462400,1/2-1/2,0.5,5478,4169,5348,3.0
14992,Base-f462400,0-1,1.0,5479,4169,5348,3.0
14999,New-c74a786,1-0,1.0,5480,4169,5348,3.1
14998,Base-f462400,0-1,1.0,5481,4169,5348,3.1
15000,Base-f462400,1-0,0.0,5481,4169,5349,3.1
14997,New-c74a786,1-0,1.0,5482,4169,5349,3.1
15004,Base-f462400,0-1,1.0,5483,4169,5349,3.1
15002,Base-f462400,0-1,1.0,5484,4169,5349,3.1
15001,New-c74a786,0-1,0.0,5484,4169,5350,3.1
15009,New-c74a786,1/2-1/2,0.5,5484,4170,5350,3.1
15007,New-c74a786,1/2-1/2,0.5,5484,4171,5350,3.1
15005,New-c74a786,1-0,1.0,5485,4171,5350,3.1
15006,Base-f462400,1/2-1/2,0.5,5485,4172,5350,3.1
15003,New-c74a786,1/2-1/2,0.5,5485,4173,5350,3.1
15008,Base-f462400,0-1,1.0,5486,4173,5350,3.1
15011,New-c74a786,1-0,1.0,5487,4173,5350,3.2
15010,Base-f462400,1/2-1/2,0.5,5487,4174,5350,3.2
15012,Base-f462400,0-1,1.0,5488,4174,5350,3.2
15016,Base-f462400,1-0,0.0,5488,4174,5351,3.2
15014,Base-f462400,1/2-1/2,0.5,5488,4175,5351,3.2
15013,New-c74a786,0-1,0.0,5488,4175,5352,3.1
15017,New-c74a786,1/2-1/2,0.5,5488,4176,5352,3.1
15015,New-c74a786,1-0,1.0,5489,4176,5352,3.2
15018,Base-f462400,0-1,1.0,5490,4176,5352,3.2
15022,Base-f462400,1/2-1/2,0.5,5490,4177,5352,3.2
15019,New-c74a786,0-1,0.0,5490,4177,5353,3.2
15020,Base-f462400,1-0,0.0,5490,4177,5354,3.1
15023,New-c74a786,1-0,1.0,5491,4177,5354,3.2
15021,New-c74a786,1-0,1.0,5492,4177,5354,3.2
15024,Base-f462400,0-1,1.0,5493,4177,5354,3.2
15025,New-c74a786,1/2-1/2,0.5,5493,4178,5354,3.2
15026,Base-f462400,1/2-1/2,0.5,5493,4179,5354,3.2
15028,Base-f462400,1/2-1/2,0.5,5493,4180,5354,3.2
15027,New-c74a786,0-1,0.0,5493,4180,5355,3.2
15031,New-c74a786,0-1,0.0,5493,4180,5356,3.2
15029,New-c74a786,0-1,0.0,5493,4180,5357,3.1
15034,Base-f462400,0-1,1.0,5494,4180,5357,3.2
15035,New-c74a786,1/2-1/2,0.5,5494,4181,5357,3.2
15030,Base-f462400,1/2-1/2,0.5,5494,4182,5357,3.2
15032,Base-f462400,0-1,1.0,5495,4182,5357,3.2
15033,New-c74a786,1-0,1.0,5496,4182,5357,3.2
15037,New-c74a786,1-0,1.0,5497,4182,5357,3.2
15036,Base-f462400,0-1,1.0,5498,4182,5357,3.3
15038,Base-f462400,0-1,1.0,5499,4182,5357,3.3
15042,Base-f462400,1/2-1/2,0.5,5499,4183,5357,3.3
15040,Base-f462400,1-0,0.0,5499,4183,5358,3.3
15039,New-c74a786,1-0,1.0,5500,4183,5358,3.3
15041,New-c74a786,1-0,1.0,5501,4183,5358,3.3
15043,New-c74a786,0-1,0.0,5501,4183,5359,3.3
15046,Base-f462400,1-0,0.0,5501,4183,5360,3.3
15047,New-c74a786,1-0,1.0,5502,4183,5360,3.3
15048,Base-f462400,1-0,0.0,5502,4183,5361,3.3
15045,New-c74a786,0-1,0.0,5502,4183,5362,3.2
15044,Base-f462400,0-1,1.0,5503,4183,5362,3.3
15050,Base-f462400,1/2-1/2,0.5,5503,4184,5362,3.3
15049,New-c74a786,0-1,0.0,5503,4184,5363,3.2
15051,New-c74a786,1-0,1.0,5504,4184,5363,3.3
15052,Base-f462400,1-0,0.0,5504,4184,5364,3.2
15054,Base-f462400,1/2-1/2,0.5,5504,4185,5364,3.2
15055,New-c74a786,1-0,1.0,5505,4185,5364,3.3
15053,New-c74a786,1/2-1/2,0.5,5505,4186,5364,3.3
15057,New-c74a786,0-1,0.0,5505,4186,5365,3.2
15056,Base-f462400,1-0,0.0,5505,4186,5366,3.2
15058,Base-f462400,1/2-1/2,0.5,5505,4187,5366,3.2
15060,Base-f462400,1/2-1/2,0.5,5505,4188,5366,3.2
15061,New-c74a786,1/2-1/2,0.5,5505,4189,5366,3.2
15059,New-c74a786,0-1,0.0,5505,4189,5367,3.2
15062,Base-f462400,0-1,1.0,5506,4189,5367,3.2
15063,New-c74a786,1-0,1.0,5507,4189,5367,3.2
15065,New-c74a786,1/2-1/2,0.5,5507,4190,5367,3.2
15066,Base-f462400,1-0,0.0,5507,4190,5368,3.2
15071,New-c74a786,1/2-1/2,0.5,5507,4191,5368,3.2
15064,Base-f462400,1-0,0.0,5507,4191,5369,3.2
15067,New-c74a786,1-0,1.0,5508,4191,5369,3.2
15068,Base-f462400,0-1,1.0,5509,4191,5369,3.2
15069,New-c74a786,1/2-1/2,0.5,5509,4192,5369,3.2
15070,Base-f462400,1/2-1/2,0.5,5509,4193,5369,3.2
15077,New-c74a786,1/2-1/2,0.5,5509,4194,5369,3.2
15074,Base-f462400,1-0,0.0,5509,4194,5370,3.2
15072,Base-f462400,1/2-1/2,0.5,5509,4195,5370,3.2
15073,New-c74a786,0-1,0.0,5509,4195,5371,3.2
15075,New-c74a786,1-0,1.0,5510,4195,5371,3.2
15078,Base-f462400,0-1,1.0,5511,4195,5371,3.2
15076,Base-f462400,1/2-1/2,0.5,5511,4196,5371,3.2
15082,Base-f462400,0-1,1.0,5512,4196,5371,3.2
15079,New-c74a786,1-0,1.0,5513,4196,5371,3.3
15080,Base-f462400,0-1,1.0,5514,4196,5371,3.3
15083,New-c74a786,1-0,1.0,5515,4196,5371,3.3
15086,Base-f462400,0-1,1.0,5516,4196,5371,3.3
15084,Base-f462400,0-1,1.0,5517,4196,5371,3.4
15081,New-c74a786,0-1,0.0,5517,4196,5372,3.3
15085,New-c74a786,1/2-1/2,0.5,5517,4197,5372,3.3
15087,New-c74a786,1-0,1.0,5518,4197,5372,3.4
15089,New-c74a786,0-1,0.0,5518,4197,5373,3.3
15091,New-c74a786,0-1,0.0,5518,4197,5374,3.3
15092,Base-f462400,1-0,0.0,5518,4197,5375,3.3
15093,New-c74a786,0-1,0.0,5518,4197,5376,3.3
15088,Base-f462400,1/2-1/2,0.5,5518,4198,5376,3.3
15090,Base-f462400,1-0,0.0,5518,4198,5377,3.2
15094,Base-f462400,1-0,0.0,5518,4198,5378,3.2
15095,New-c74a786,1-0,1.0,5519,4198,5378,3.2
15097,New-c74a786,0-1,0.0,5519,4198,5379,3.2
15101,New-c74a786,1-0,1.0,5520,4198,5379,3.2
15102,Base-f462400,0-1,1.0,5521,4198,5379,3.3
15096,Base-f462400,1/2-1/2,0.5,5521,4199,5379,3.3
15099,New-c74a786,1-0,1.0,5522,4199,5379,3.3
15103,New-c74a786,1/2-1/2,0.5,5522,4200,5379,3.3
15100,Base-f462400,1/2-1/2,0.5,5522,4201,5379,3.3
15098,Base-f462400,1-0,0.0,5522,4201,5380,3.3
15104,Base-f462400,1-0,0.0,5522,4201,5381,3.2
15110,Base-f462400,0-1,1.0,5523,4201,5381,3.3
15111,New-c74a786,1-0,1.0,5524,4201,5381,3.3
15108,Base-f462400,1-0,0.0,5524,4201,5382,3.3
15106,Base-f462400,0-1,1.0,5525,4201,5382,3.3
15107,New-c74a786,1-0,1.0,5526,4201,5382,3.3
15105,New-c74a786,1-0,1.0,5527,4201,5382,3.3
15109,New-c74a786,1-0,1.0,5528,4201,5382,3.4
15114,Base-f462400,1-0,0.0,5528,4201,5383,3.3
15113,New-c74a786,0-1,0.0,5528,4201,5384,3.3
15118,Base-f462400,1-0,0.0,5528,4201,5385,3.3
15112,Base-f462400,1-0,0.0,5528,4201,5386,3.3
15117,New-c74a786,1-0,1.0,5529,4201,5386,3.3
15116,Base-f462400,1-0,0.0,5529,4201,5387,3.3
15115,New-c74a786,1/2-1/2,0.5,5529,4202,5387,3.3
15119,New-c74a786,1/2-1/2,0.5,5529,4203,5387,3.3
15122,Base-f462400,1/2-1/2,0.5,5529,4204,5387,3.3
15120,Base-f462400,1-0,0.0,5529,4204,5388,3.2
15125,New-c74a786,0-1,0.0,5529,4204,5389,3.2
15123,New-c74a786,0-1,0.0,5529,4204,5390,3.2
15121,New-c74a786,1-0,1.0,5530,4204,5390,3.2
15124,Base-f462400,1-0,0.0,5530,4204,5391,3.2
15127,New-c74a786,1-0,1.0,5531,4204,5391,3.2
15126,Base-f462400,1/2-1/2,0.5,5531,4205,5391,3.2
15128,Base-f462400,1-0,0.0,5531,4205,5392,3.2
15129,New-c74a786,0-1,0.0,5531,4205,5393,3.2
15130,Base-f462400,1/2-1/2,0.5,5531,4206,5393,3.2
15131,New-c74a786,1/2-1/2,0.5,5531,4207,5393,3.2
15133,New-c74a786,1-0,1.0,5532,4207,5393,3.2
15132,Base-f462400,1-0,0.0,5532,4207,5394,3.2
15134,Base-f462400,1/2-1/2,0.5,5532,4208,5394,3.2
15137,New-c74a786,0-1,0.0,5532,4208,5395,3.1
15135,New-c74a786,0-1,0.0,5532,4208,5396,3.1
15138,Base-f462400,0-1,1.0,5533,4208,5396,3.1
15139,New-c74a786,1-0,1.0,5534,4208,5396,3.2
15140,Base-f462400,1-0,0.0,5534,4208,5397,3.1
15141,New-c74a786,0-1,0.0,5534,4208,5398,3.1
15136,Base-f462400,1/2-1/2,0.5,5534,4209,5398,3.1
15144,Base-f462400,1-0,0.0,5534,4209,5399,3.1
15142,Base-f462400,1/2-1/2,0.5,5534,4210,5399,3.1
15143,New-c74a786,1-0,1.0,5535,4210,5399,3.1
15146,Base-f462400,1/2-1/2,0.5,5535,4211,5399,3.1
15145,New-c74a786,1/2-1/2,0.5,5535,4212,5399,3.1
15147,New-c74a786,1-0,1.0,5536,4212,5399,3.1
15148,Base-f462400,0-1,1.0,5537,4212,5399,3.2
15149,New-c74a786,1-0,1.0,5538,4212,5399,3.2
15151,New-c74a786,1/2-1/2,0.5,5538,4213,5399,3.2
15150,Base-f462400,0-1,1.0,5539,4213,5399,3.2
15155,New-c74a786,1/2-1/2,0.5,5539,4214,5399,3.2
15153,New-c74a786,1/2-1/2,0.5,5539,4215,5399,3.2
15154,Base-f462400,1/2-1/2,0.5,5539,4216,5399,3.2
15156,Base-f462400,0-1,1.0,5540,4216,5399,3.2
15152,Base-f462400,0-1,1.0,5541,4216,5399,3.3
15157,New-c74a786,1/2-1/2,0.5,5541,4217,5399,3.3
15161,New-c74a786,1/2-1/2,0.5,5541,4218,5399,3.3
15160,Base-f462400,0-1,1.0,5542,4218,5399,3.3
15163,New-c74a786,1-0,1.0,5543,4218,5399,3.3
15159,New-c74a786,1/2-1/2,0.5,5543,4219,5399,3.3
15158,Base-f462400,1-0,0.0,5543,4219,5400,3.3
15164,Base-f462400,1-0,0.0,5543,4219,5401,3.3
15162,Base-f462400,0-1,1.0,5544,4219,5401,3.3
15168,Base-f462400,1-0,0.0,5544,4219,5402,3.3
15166,Base-f462400,1-0,0.0,5544,4219,5403,3.2
15167,New-c74a786,1/2-1/2,0.5,5544,4220,5403,3.2
15169,New-c74a786,1/2-1/2,0.5,5544,4221,5403,3.2
15165,New-c74a786,0-1,0.0,5544,4221,5404,3.2
15170,Base-f462400,0-1,1.0,5545,4221,5404,3.2
15171,New-c74a786,0-1,0.0,5545,4221,5405,3.2
15175,New-c74a786,1-0,1.0,5546,4221,5405,3.2
15172,Base-f462400,1-0,0.0,5546,4221,5406,3.2
15173,New-c74a786,1/2-1/2,0.5,5546,4222,5406,3.2
15177,New-c74a786,1-0,1.0,5547,4222,5406,3.2
15174,Base-f462400,1-0,0.0,5547,4222,5407,3.2
15178,Base-f462400,1-0,0.0,5547,4222,5408,3.2
15176,Base-f462400,0-1,1.0,5548,4222,5408,3.2
15180,Base-f462400,0-1,1.0,5549,4222,5408,3.2
15179,New-c74a786,1/2-1/2,0.5,5549,4223,5408,3.2
15182,Base-f462400,1-0,0.0,5549,4223,5409,3.2
15183,New-c74a786,1-0,1.0,5550,4223,5409,3.2
15181,New-c74a786,1/2-1/2,0.5,5550,4224,5409,3.2
15184,Base-f462400,1-0,0.0,5550,4224,5410,3.2
15186,Base-f462400,1/2-1/2,0.5,5550,4225,5410,3.2
15185,New-c74a786,1-0,1.0,5551,4225,5410,3.2
15188,Base-f462400,0-1,1.0,5552,4225,5410,3.2
15187,New-c74a786,1-0,1.0,5553,4225,5410,3.3
15190,Base-f462400,1-0,0.0,5553,4225,5411,3.2
15191,New-c74a786,1-0,1.0,5554,4225,5411,3.3
15189,New-c74a786,1-0,1.0,5555,4225,5411,3.3
15193,New-c74a786,1-0,1.0,5556,4225,5411,3.3
15195,New-c74a786,1-0,1.0,5557,4225,5411,3.3
15192,Base-f462400,1-0,0.0,5557,4225,5412,3.3
15197,New-c74a786,0-1,0.0,5557,4225,5413,3.3
15196,Base-f462400,1-0,0.0,5557,4225,5414,3.3
15194,Base-f462400,1-0,0.0,5557,4225,5415,3.2
15199,New-c74a786,1/2-1/2,0.5,5557,4226,5415,3.2
15198,Base-f462400,1/2-1/2,0.5,5557,4227,5415,3.2
15202,Base-f462400,0-1,1.0,5558,4227,5415,3.3
15200,Base-f462400,1/2-1/2,0.5,5558,4228,5415,3.3
15203,New-c74a786,1-0,1.0,5559,4228,5415,3.3
15201,New-c74a786,0-1,0.0,5559,4228,5416,3.3
15205,New-c74a786,0-1,0.0,5559,4228,5417,3.2
15204,Base-f462400,1/2-1/2,0.5,5559,4229,5417,3.2
15206,Base-f462400,0-1,1.0,5560,4229,5417,3.3
15209,New-c74a786,1-0,1.0,5561,4229,5417,3.3
15208,Base-f462400,1-0,0.0,5561,4229,5418,3.3
15210,Base-f462400,0-1,1.0,5562,4229,5418,3.3
15211,New-c74a786,0-1,0.0,5562,4229,5419,3.3
15207,New-c74a786,1/2-1/2,0.5,5562,4230,5419,3.3
15212,Base-f462400,0-1,1.0,5563,4230,5419,3.3
15213,New-c74a786,1/2-1/2,0.5,5563,4231,5419,3.3
15218,Base-f462400,0-1,1.0,5564,4231,5419,3.3
15215,New-c74a786,1-0,1.0,5565,4231,5419,3.3
15217,New-c74a786,0-1,0.0,5565,4231,5420,3.3
15214,Base-f462400,1/2-1/2,0.5,5565,4232,5420,3.3
15216,Base-f462400,1/2-1/2,0.5,5565,4233,5420,3.3
15219,New-c74a786,1/2-1/2,0.5,5565,4234,5420,3.3
15220,Base-f462400,0-1,1.0,5566,4234,5420,3.3
15221,New-c74a786,0-1,0.0,5566,4234,5421,3.3
15222,Base-f462400,0-1,1.0,5567,4234,5421,3.3
15223,New-c74a786,1-0,1.0,5568,4234,5421,3.4
15225,New-c74a786,1/2-1/2,0.5,5568,4235,5421,3.4
15224,Base-f462400,0-1,1.0,5569,4235,5421,3.4
15226,Base-f462400,0-1,1.0,5570,4235,5421,3.4
15227,New-c74a786,0-1,0.0,5570,4235,5422,3.4
15229,New-c74a786,1/2-1/2,0.5,5570,4236,5422,3.4
15228,Base-f462400,0-1,1.0,5571,4236,5422,3.4
15230,Base-f462400,1-0,0.0,5571,4236,5423,3.4
15231,New-c74a786,0-1,0.0,5571,4236,5424,3.4
15232,Base-f462400,0-1,1.0,5572,4236,5424,3.4
15233,New-c74a786,0-1,0.0,5572,4236,5425,3.4
15235,New-c74a786,1-0,1.0,5573,4236,5425,3.4
15234,Base-f462400,1/2-1/2,0.5,5573,4237,5425,3.4
15238,Base-f462400,0-1,1.0,5574,4237,5425,3.4
15236,Base-f462400,1/2-1/2,0.5,5574,4238,5425,3.4
15237,New-c74a786,1/2-1/2,0.5,5574,4239,5425,3.4
15241,New-c74a786,1-0,1.0,5575,4239,5425,3.4
15239,New-c74a786,1-0,1.0,5576,4239,5425,3.4
15240,Base-f462400,0-1,1.0,5577,4239,5425,3.5
15242,Base-f462400,0-1,1.0,5578,4239,5425,3.5
15243,New-c74a786,1-0,1.0,5579,4239,5425,3.5
15250,Base-f462400,1-0,0.0,5579,4239,5426,3.5
15247,New-c74a786,0-1,0.0,5579,4239,5427,3.5
15244,Base-f462400,1/2-1/2,0.5,5579,4240,5427,3.5
15246,Base-f462400,1-0,0.0,5579,4240,5428,3.4
15248,Base-f462400,1-0,0.0,5579,4240,5429,3.4
15245,New-c74a786,1/2-1/2,0.5,5579,4241,5429,3.4
15249,New-c74a786,0-1,0.0,5579,4241,5430,3.4
15251,New-c74a786,1-0,1.0,5580,4241,5430,3.4
15258,Base-f462400,1/2-1/2,0.5,5580,4242,5430,3.4
15254,Base-f462400,0-1,1.0,5581,4242,5430,3.4
15253,New-c74a786,1-0,1.0,5582,4242,5430,3.5
15257,New-c74a786,1-0,1.0,5583,4242,5430,3.5
15256,Base-f462400,0-1,1.0,5584,4242,5430,3.5
15259,New-c74a786,0-1,0.0,5584,4242,5431,3.5
15252,Base-f462400,1/2-1/2,0.5,5584,4243,5431,3.5
15255,New-c74a786,0-1,0.0,5584,4243,5432,3.5
15262,Base-f462400,1/2-1/2,0.5,5584,4244,5432,3.5
15260,Base-f462400,0-1,1.0,5585,4244,5432,3.5
15263,New-c74a786,0-1,0.0,5585,4244,5433,3.5
15261,New-c74a786,1-0,1.0,5586,4244,5433,3.5
15264,Base-f462400,1-0,0.0,5586,4244,5434,3.5
15265,New-c74a786,1-0,1.0,5587,4244,5434,3.5
15267,New-c74a786,1-0,1.0,5588,4244,5434,3.5
15266,Base-f462400,0-1,1.0,5589,4244,5434,3.5
15268,Base-f462400,1-0,0.0,5589,4244,5435,3.5
15271,New-c74a786,1/2-1/2,0.5,5589,4245,5435,3.5
15270,Base-f462400,1-0,0.0,5589,4245,5436,3.5
15269,New-c74a786,1-0,1.0,5590,4245,5436,3.5
15272,Base-f462400,1-0,0.0,5590,4245,5437,3.5
15274,Base-f462400,1/2-1/2,0.5,5590,4246,5437,3.5
15273,New-c74a786,0-1,0.0,5590,4246,5438,3.5
15275,New-c74a786,1-0,1.0,5591,4246,5438,3.5
15276,Base-f462400,1/2-1/2,0.5,5591,4247,5438,3.5
15279,New-c74a786,0-1,0.0,5591,4247,5439,3.5
15277,New-c74a786,1-0,1.0,5592,4247,5439,3.5
15278,Base-f462400,0-1,1.0,5593,4247,5439,3.5
15284,Base-f462400,1-0,0.0,5593,4247,5440,3.5
15281,New-c74a786,1/2-1/2,0.5,5593,4248,5440,3.5
15282,Base-f462400,1-0,0.0,5593,4248,5441,3.5
15283,New-c74a786,1/2-1/2,0.5,5593,4249,5441,3.5
15280,Base-f462400,1/2-1/2,0.5,5593,4250,5441,3.5
15285,New-c74a786,0-1,0.0,5593,4250,5442,3.4
15286,Base-f462400,0-1,1.0,5594,4250,5442,3.5
15287,New-c74a786,0-1,0.0,5594,4250,5443,3.4
15288,Base-f462400,1-0,0.0,5594,4250,5444,3.4
15290,Base-f462400,1/2-1/2,0.5,5594,4251,5444,3.4
15289,New-c74a786,1-0,1.0,5595,4251,5444,3.4
15292,Base-f462400,1-0,0.0,5595,4251,5445,3.4
15293,New-c74a786,1-0,1.0,5596,4251,5445,3.4
15291,New-c74a786,0-1,0.0,5596,4251,5446,3.4
15298,Base-f462400,1-0,0.0,5596,4251,5447,3.4
15295,New-c74a786,1/2-1/2,0.5,5596,4252,5447,3.4
15294,Base-f462400,0-1,1.0,5597,4252,5447,3.4
15296,Base-f462400,0-1,1.0,5598,4252,5447,3.4
15297,New-c74a786,0-1,0.0,5598,4252,5448,3.4
15299,New-c74a786,0-1,0.0,5598,4252,5449,3.4
15300,Base-f462400,1-0,0.0,5598,4252,5450,3.4
15303,New-c74a786,1/2-1/2,0.5,5598,4253,5450,3.4
15302,Base-f462400,1-0,0.0,5598,4253,5451,3.3
15301,New-c74a786,1-0,1.0,5599,4253,5451,3.4
15304,Base-f462400,1/2-1/2,0.5,5599,4254,5451,3.4
15308,Base-f462400,1/2-1/2,0.5,5599,4255,5451,3.4
15305,New-c74a786,0-1,0.0,5599,4255,5452,3.3
15306,Base-f462400,0-1,1.0,5600,4255,5452,3.4
15309,New-c74a786,1/2-1/2,0.5,5600,4256,5452,3.4
15310,Base-f462400,1-0,0.0,5600,4256,5453,3.3
15312,Base-f462400,1-0,0.0,5600,4256,5454,3.3
15307,New-c74a786,0-1,0.0,5600,4256,5455,3.3
15311,New-c74a786,1/2-1/2,0.5,5600,4257,5455,3.3
15313,New-c74a786,0-1,0.0,5600,4257,5456,3.3
15314,Base-f462400,1-0,0.0,5600,4257,5457,3.2
15315,New-c74a786,1-0,1.0,5601,4257,5457,3.3
15320,Base-f462400,1-0,0.0,5601,4257,5458,3.2
15316,Base-f462400,0-1,1.0,5602,4257,5458,3.3
15318,Base-f462400,1-0,0.0,5602,4257,5459,3.2
15319,New-c74a786,0-1,0.0,5602,4257,5460,3.2
15317,New-c74a786,0-1,0.0,5602,4257,5461,3.2
15323,New-c74a786,1/2-1/2,0.5,5602,4258,5461,3.2
15321,New-c74a786,1-0,1.0,5603,4258,5461,3.2
15322,Base-f462400,1/2-1/2,0.5,5603,4259,5461,3.2
15324,Base-f462400,0-1,1.0,5604,4259,5461,3.2
15326,Base-f462400,0-1,1.0,5605,4259,5461,3.3
15325,New-c74a786,0-1,0.0,5605,4259,5462,3.2
15328,Base-f462400,1-0,0.0,5605,4259,5463,3.2
15329,New-c74a786,0-1,0.0,5605,4259,5464,3.2
15327,New-c74a786,0-1,0.0,5605,4259,5465,3.2
15330,Base-f462400,1-0,0.0,5605,4259,5466,3.2
15331,New-c74a786,1-0,1.0,5606,4259,5466,3.2
15332,Base-f462400,1/2-1/2,0.5,5606,4260,5466,3.2
15334,Base-f462400,0-1,1.0,5607,4260,5466,3.2
15337,New-c74a786,0-1,0.0,5607,4260,5467,3.2
15338,Base-f462400,1-0,0.0,5607,4260,5468,3.1
15333,New-c74a786,1-0,1.0,5608,4260,5468,3.2
15336,Base-f462400,0-1,1.0,5609,4260,5468,3.2
15335,New-c74a786,1-0,1.0,5610,4260,5468,3.2
15340,Base-f462400,0-1,1.0,5611,4260,5468,3.2
15339,New-c74a786,1/2-1/2,0.5,5611,4261,5468,3.2
15341,New-c74a786,1/2-1/2,0.5,5611,4262,5468,3.2
15346,Base-f462400,0-1,1.0,5612,4262,5468,3.3
15342,Base-f462400,1/2-1/2,0.5,5612,4263,5468,3.3
15344,Base-f462400,0-1,1.0,5613,4263,5468,3.3
15343,New-c74a786,1/2-1/2,0.5,5613,4264,5468,3.3
15347,New-c74a786,0-1,0.0,5613,4264,5469,3.3
15345,New-c74a786,1/2-1/2,0.5,5613,4265,5469,3.3
15348,Base-f462400,0-1,1.0,5614,4265,5469,3.3
15349,New-c74a786,1/2-1/2,0.5,5614,4266,5469,3.3
15350,Base-f462400,1-0,0.0,5614,4266,5470,3.3
15352,Base-f462400,0-1,1.0,5615,4266,5470,3.3
15351,New-c74a786,0-1,0.0,5615,4266,5471,3.3
15356,Base-f462400,1-0,0.0,5615,4266,5472,3.2
15355,New-c74a786,0-1,0.0,5615,4266,5473,3.2
15353,New-c74a786,1/2-1/2,0.5,5615,4267,5473,3.2
15354,Base-f462400,1/2-1/2,0.5,5615,4268,5473,3.2
15358,Base-f462400,1/2-1/2,0.5,5615,4269,5473,3.2
15360,Base-f462400,0-1,1.0,5616,4269,5473,3.2
15359,New-c74a786,1-0,1.0,5617,4269,5473,3.3
15357,New-c74a786,1/2-1/2,0.5,5617,4270,5473,3.3
15361,New-c74a786,1/2-1/2,0.5,5617,4271,5473,3.3
15362,Base-f462400,0-1,1.0,5618,4271,5473,3.3
15364,Base-f462400,0-1,1.0,5619,4271,5473,3.3
15363,New-c74a786,1-0,1.0,5620,4271,5473,3.3
15369,New-c74a786,1/2-1/2,0.5,5620,4272,5473,3.3
15366,Base-f462400,1/2-1/2,0.5,5620,4273,5473,3.3
15365,New-c74a786,1-0,1.0,5621,4273,5473,3.3
15371,New-c74a786,1-0,1.0,5622,4273,5473,3.4
15367,New-c74a786,1-0,1.0,5623,4273,5473,3.4
15368,Base-f462400,0-1,1.0,5624,4273,5473,3.4
15376,Base-f462400,1/2-1/2,0.5,5624,4274,5473,3.4
15373,New-c74a786,1/2-1/2,0.5,5624,4275,5473,3.4
15370,Base-f462400,1-0,0.0,5624,4275,5474,3.4
15375,New-c74a786,1-0,1.0,5625,4275,5474,3.4
15372,Base-f462400,1/2-1/2,0.5,5625,4276,5474,3.4
15377,New-c74a786,1/2-1/2,0.5,5625,4277,5474,3.4
15374,Base-f462400,1-0,0.0,5625,4277,5475,3.4
15378,Base-f462400,0-1,1.0,5626,4277,5475,3.4
15381,New-c74a786,0-1,0.0,5626,4277,5476,3.4
15379,New-c74a786,0-1,0.0,5626,4277,5477,3.4
15382,Base-f462400,1-0,0.0,5626,4277,5478,3.3
15380,Base-f462400,1-0,0.0,5626,4277,5479,3.3
15385,New-c74a786,1/2-1/2,0.5,5626,4278,5479,3.3
15387,New-c74a786,1/2-1/2,0.5,5626,4279,5479,3.3
15384,Base-f462400,1-0,0.0,5626,4279,5480,3.3
15383,New-c74a786,1-0,1.0,5627,4279,5480,3.3
15386,Base-f462400,1/2-1/2,0.5,5627,4280,5480,3.3
15392,Base-f462400,1/2-1/2,0.5,5627,4281,5480,3.3
15390,Base-f462400,0-1,1.0,5628,4281,5480,3.3
15388,Base-f462400,1/2-1/2,0.5,5628,4282,5480,3.3
15394,Base-f462400,1-0,0.0,5628,4282,5481,3.3
15391,New-c74a786,0-1,0.0,5628,4282,5482,3.3
15393,New-c74a786,1/2-1/2,0.5,5628,4283,5482,3.3
15389,New-c74a786,1-0,1.0,5629,4283,5482,3.3
15395,New-c74a786,1/2-1/2,0.5,5629,4284,5482,3.3
15398,Base-f462400,1/2-1/2,0.5,5629,4285,5482,3.3
15396,Base-f462400,1-0,0.0,5629,4285,5483,3.3
15397,New-c74a786,1/2-1/2,0.5,5629,4286,5483,3.3
15399,New-c74a786,1/2-1/2,0.5,5629,4287,5483,3.3
15401,New-c74a786,0-1,0.0,5629,4287,5484,3.3
15400,Base-f462400,1-0,0.0,5629,4287,5485,3.2
15406,Base-f462400,1/2-1/2,0.5,5629,4288,5485,3.2
15402,Base-f462400,1-0,0.0,5629,4288,5486,3.2
15403,New-c74a786,0-1,0.0,5629,4288,5487,3.2
15408,Base-f462400,1/2-1/2,0.5,5629,4289,5487,3.2
15407,New-c74a786,1-0,1.0,5630,4289,5487,3.2
15404,Base-f462400,0-1,1.0,5631,4289,5487,3.2
15405,New-c74a786,1-0,1.0,5632,4289,5487,3.3
15410,Base-f462400,1/2-1/2,0.5,5632,4290,5487,3.3
15411,New-c74a786,1/2-1/2,0.5,5632,4291,5487,3.3
15409,New-c74a786,1-0,1.0,5633,4291,5487,3.3
15413,New-c74a786,0-1,0.0,5633,4291,5488,3.3
15414,Base-f462400,1/2-1/2,0.5,5633,4292,5488,3.3
15415,New-c74a786,0-1,0.0,5633,4292,5489,3.2
15419,New-c74a786,1/2-1/2,0.5,5633,4293,5489,3.2
15412,Base-f462400,0-1,1.0,5634,4293,5489,3.3
15417,New-c74a786,0-1,0.0,5634,4293,5490,3.2
15418,Base-f462400,1-0,0.0,5634,4293,5491,3.2
15416,Base-f462400,1/2-1/2,0.5,5634,4294,5491,3.2
15420,Base-f462400,1/2-1/2,0.5,5634,4295,5491,3.2
15421,New-c74a786,1/2-1/2,0.5,5634,4296,5491,3.2
15423,New-c74a786,1-0,1.0,5635,4296,5491,3.2
15424,Base-f462400,1/2-1/2,0.5,5635,4297,5491,3.2
15422,Base-f462400,1-0,0.0,5635,4297,5492,3.2
15425,New-c74a786,1-0,1.0,5636,4297,5492,3.2
15427,New-c74a786,1/2-1/2,0.5,5636,4298,5492,3.2
15426,Base-f462400,1/2-1/2,0.5,5636,4299,5492,3.2
15428,Base-f462400,0-1,1.0,5637,4299,5492,3.3
15430,Base-f462400,1-0,0.0,5637,4299,5493,3.2
15431,New-c74a786,0-1,0.0,5637,4299,5494,3.2
15433,New-c74a786,0-1,0.0,5637,4299,5495,3.2
15432,Base-f462400,0-1,1.0,5638,4299,5495,3.2
15429,New-c74a786,0-1,0.0,5638,4299,5496,3.2
15434,Base-f462400,1-0,0.0,5638,4299,5497,3.2
15436,Base-f462400,0-1,1.0,5639,4299,5497,3.2
15435,New-c74a786,1-0,1.0,5640,4299,5497,3.2
15437,New-c74a786,1-0,1.0,5641,4299,5497,3.2
15438,Base-f462400,0-1,1.0,5642,4299,5497,3.3
15440,Base-f462400,0-1,1.0,5643,4299,5497,3.3
15441,New-c74a786,1-0,1.0,5644,4299,5497,3.3
15443,New-c74a786,1-0,1.0,5645,4299,5497,3.3
15439,New-c74a786,1-0,1.0,5646,4299,5497,3.4
15442,Base-f462400,0-1,1.0,5647,4299,5497,3.4
15444,Base-f462400,0-1,1.0,5648,4299,5497,3.4
15445,New-c74a786,0-1,0.0,5648,4299,5498,3.4
15446,Base-f462400,0-1,1.0,5649,4299,5498,3.4
15449,New-c74a786,1-0,1.0,5650,4299,5498,3.4
15448,Base-f462400,1-0,0.0,5650,4299,5499,3.4
15450,Base-f462400,0-1,1.0,5651,4299,5499,3.4
15447,New-c74a786,0-1,0.0,5651,4299,5500,3.4
15451,New-c74a786,0-1,0.0,5651,4299,5501,3.4
15452,Base-f462400,1/2-1/2,0.5,5651,4300,5501,3.4
15453,New-c74a786,1/2-1/2,0.5,5651,4301,5501,3.4
15454,Base-f462400,1-0,0.0,5651,4301,5502,3.3
15455,New-c74a786,1-0,1.0,5652,4301,5502,3.4
15456,Base-f462400,0-1,1.0,5653,4301,5502,3.4
15459,New-c74a786,0-1,0.0,5653,4301,5503,3.4
15457,New-c74a786,1-0,1.0,5654,4301,5503,3.4
15460,Base-f462400,1-0,0.0,5654,4301,5504,3.4
15461,New-c74a786,1/2-1/2,0.5,5654,4302,5504,3.4
15458,Base-f462400,1/2-1/2,0.5,5654,4303,5504,3.4
15469,New-c74a786,1/2-1/2,0.5,5654,4304,5504,3.4
15462,Base-f462400,0-1,1.0,5655,4304,5504,3.4
15465,New-c74a786,1-0,1.0,5656,4304,5504,3.4
15464,Base-f462400,1/2-1/2,0.5,5656,4305,5504,3.4
15463,New-c74a786,1/2-1/2,0.5,5656,4306,5504,3.4
15468,Base-f462400,0-1,1.0,5657,4306,5504,3.4
15466,Base-f462400,1/2-1/2,0.5,5657,4307,5504,3.4
15467,New-c74a786,0-1,0.0,5657,4307,5505,3.4
15471,New-c74a786,1/2-1/2,0.5,5657,4308,5505,3.4
15470,Base-f462400,1-0,0.0,5657,4308,5506,3.4
15472,Base-f462400,0-1,1.0,5658,4308,5506,3.4
15476,Base-f462400,1-0,0.0,5658,4308,5507,3.4
15473,New-c74a786,0-1,0.0,5658,4308,5508,3.4
15474,Base-f462400,0-1,1.0,5659,4308,5508,3.4
15475,New-c74a786,1-0,1.0,5660,4308,5508,3.4
15478,Base-f462400,1-0,0.0,5660,4308,5509,3.4
15477,New-c74a786,1/2-1/2,0.5,5660,4309,5509,3.4
15484,Base-f462400,0-1,1.0,5661,4309,5509,3.4
15483,New-c74a786,1-0,1.0,5662,4309,5509,3.4
15479,New-c74a786,1-0,1.0,5663,4309,5509,3.5
15481,New-c74a786,1-0,1.0,5664,4309,5509,3.5
15480,Base-f462400,0-1,1.0,5665,4309,5509,3.5
15482,Base-f462400,1/2-1/2,0.5,5665,4310,5509,3.5
15485,New-c74a786,1-0,1.0,5666,4310,5509,3.5
15487,New-c74a786,1/2-1/2,0.5,5666,4311,5509,3.5
15486,Base-f462400,0-1,1.0,5667,4311,5509,3.5
15488,Base-f462400,1-0,0.0,5667,4311,5510,3.5
15489,New-c74a786,1-0,1.0,5668,4311,5510,3.5
15492,Base-f462400,0-1,1.0,5669,4311,5510,3.6
15490,Base-f462400,1/2-1/2,0.5,5669,4312,5510,3.6
15493,New-c74a786,1-0,1.0,5670,4312,5510,3.6
15491,New-c74a786,1/2-1/2,0.5,5670,4313,5510,3.6
15494,Base-f462400,1/2-1/2,0.5,5670,4314,5510,3.6
15499,New-c74a786,1/2-1/2,0.5,5670,4315,5510,3.6
15497,New-c74a786,0-1,0.0,5670,4315,5511,3.6
15498,Base-f462400,0-1,1.0,5671,4315,5511,3.6
15495,New-c74a786,1/2-1/2,0.5,5671,4316,5511,3.6
15496,Base-f462400,0-1,1.0,5672,4316,5511,3.6
15500,Base-f462400,0-1,1.0,5673,4316,5511,3.6
15501,New-c74a786,1-0,1.0,5674,4316,5511,3.7
15502,Base-f462400,0-1,1.0,5675,4316,5511,3.7
15503,New-c74a786,1/2-1/2,0.5,5675,4317,5511,3.7
15506,Base-f462400,1/2-1/2,0.5,5675,4318,5511,3.7
15507,New-c74a786,1-0,1.0,5676,4318,5511,3.7
15504,Base-f462400,1/2-1/2,0.5,5676,4319,5511,3.7
15505,New-c74a786,0-1,0.0,5676,4319,5512,3.7
15509,New-c74a786,1/2-1/2,0.5,5676,4320,5512,3.7
15508,Base-f462400,1-0,0.0,5676,4320,5513,3.7
15510,Base-f462400,0-1,1.0,5677,4320,5513,3.7
15511,New-c74a786,1-0,1.0,5678,4320,5513,3.7
15515,New-c74a786,1/2-1/2,0.5,5678,4321,5513,3.7
15512,Base-f462400,1-0,0.0,5678,4321,5514,3.7
15513,New-c74a786,0-1,0.0,5678,4321,5515,3.7
15516,Base-f462400,0-1,1.0,5679,4321,5515,3.7
15514,Base-f462400,0-1,1.0,5680,4321,5515,3.7
15517,New-c74a786,0-1,0.0,5680,4321,5516,3.7
15519,New-c74a786,0-1,0.0,5680,4321,5517,3.6
15518,Base-f462400,0-1,1.0,5681,4321,5517,3.7
15520,Base-f462400,1-0,0.0,5681,4321,5518,3.6
15524,Base-f462400,1-0,0.0,5681,4321,5519,3.6
15523,New-c74a786,1/2-1/2,0.5,5681,4322,5519,3.6
15521,New-c74a786,1-0,1.0,5682,4322,5519,3.6
15525,New-c74a786,1-0,1.0,5683,4322,5519,3.7
15522,Base-f462400,1/2-1/2,0.5,5683,4323,5519,3.7
15526,Base-f462400,1/2-1/2,0.5,5683,4324,5519,3.7
15527,New-c74a786,1-0,1.0,5684,4324,5519,3.7
15533,New-c74a786,1-0,1.0,5685,4324,5519,3.7
15531,New-c74a786,0-1,0.0,5685,4324,5520,3.7
15529,New-c74a786,1/2-1/2,0.5,5685,4325,5520,3.7
15528,Base-f462400,0-1,1.0,5686,4325,5520,3.7
15535,New-c74a786,1/2-1/2,0.5,5686,4326,5520,3.7
15530,Base-f462400,1-0,0.0,5686,4326,5521,3.7
15532,Base-f462400,1/2-1/2,0.5,5686,4327,5521,3.7
15534,Base-f462400,1-0,0.0,5686,4327,5522,3.7
15539,New-c74a786,0-1,0.0,5686,4327,5523,3.6
15538,Base-f462400,1-0,0.0,5686,4327,5524,3.6
15536,Base-f462400,0-1,1.0,5687,4327,5524,3.6
15540,Base-f462400,0-1,1.0,5688,4327,5524,3.7
15541,New-c74a786,1-0,1.0,5689,4327,5524,3.7
15537,New-c74a786,0-1,0.0,5689,4327,5525,3.7
15542,Base-f462400,1-0,0.0,5689,4327,5526,3.6
15543,New-c74a786,0-1,0.0,5689,4327,5527,3.6
15544,Base-f462400,1/2-1/2,0.5,5689,4328,5527,3.6
15549,New-c74a786,1/2-1/2,0.5,5689,4329,5527,3.6
15545,New-c74a786,0-1,0.0,5689,4329,5528,3.6
15547,New-c74a786,0-1,0.0,5689,4329,5529,3.6
15546,Base-f462400,1-0,0.0,5689,4329,5530,3.6
15548,Base-f462400,1-0,0.0,5689,4329,5531,3.5
15550,Base-f462400,0-1,1.0,5690,4329,5531,3.6
15551,New-c74a786,0-1,0.0,5690,4329,5532,3.5
15552,Base-f462400,1/2-1/2,0.5,5690,4330,5532,3.5
15557,New-c74a786,0-1,0.0,5690,4330,5533,3.5
15553,New-c74a786,0-1,0.0,5690,4330,5534,3.5
15555,New-c74a786,1-0,1.0,5691,4330,5534,3.5
15554,Base-f462400,1/2-1/2,0.5,5691,4331,5534,3.5
15556,Base-f462400,0-1,1.0,5692,4331,5534,3.5
15560,Base-f462400,0-1,1.0,5693,4331,5534,3.6
15558,Base-f462400,0-1,1.0,5694,4331,5534,3.6
15561,New-c74a786,0-1,0.0,5694,4331,5535,3.6
15559,New-c74a786,0-1,0.0,5694,4331,5536,3.5
15564,Base-f462400,1-0,0.0,5694,4331,5537,3.5
15563,New-c74a786,1-0,1.0,5695,4331,5537,3.5
15565,New-c74a786,1-0,1.0,5696,4331,5537,3.5
15569,New-c74a786,1/2-1/2,0.5,5696,4332,5537,3.5
15567,New-c74a786,1-0,1.0,5697,4332,5537,3.6
15562,Base-f462400,1/2-1/2,0.5,5697,4333,5537,3.6
15568,Base-f462400,0-1,1.0,5698,4333,5537,3.6
15570,Base-f462400,0-1,1.0,5699,4333,5537,3.6
15566,Base-f462400,1-0,0.0,5699,4333,5538,3.6
15572,Base-f462400,0-1,1.0,5700,4333,5538,3.6
15571,New-c74a786,1/2-1/2,0.5,5700,4334,5538,3.6
15573,New-c74a786,1/2-1/2,0.5,5700,4335,5538,3.6
15575,New-c74a786,1-0,1.0,5701,4335,5538,3.6
15574,Base-f462400,1-0,0.0,5701,4335,5539,3.6
15576,Base-f462400,1/2-1/2,0.5,5701,4336,5539,3.6
15579,New-c74a786,0-1,0.0,5701,4336,5540,3.6
15577,New-c74a786,1-0,1.0,5702,4336,5540,3.6
15580,Base-f462400,0-1,1.0,5703,4336,5540,3.6
15582,Base-f462400,1/2-1/2,0.5,5703,4337,5540,3.6
15578,Base-f462400,1/2-1/2,0.5,5703,4338,5540,3.6
15581,New-c74a786,1-0,1.0,5704,4338,5540,3.7
15584,Base-f462400,1-0,0.0,5704,4338,5541,3.6
15583,New-c74a786,1/2-1/2,0.5,5704,4339,5541,3.6
15588,Base-f462400,1/2-1/2,0.5,5704,4340,5541,3.6
15587,New-c74a786,1-0,1.0,5705,4340,5541,3.7
15589,New-c74a786,1-0,1.0,5706,4340,5541,3.7
15586,Base-f462400,1-0,0.0,5706,4340,5542,3.7
15590,Base-f462400,0-1,1.0,5707,4340,5542,3.7
15591,New-c74a786,1-0,1.0,5708,4340,5542,3.7
15585,New-c74a786,0-1,0.0,5708,4340,5543,3.7
15592,Base-f462400,0-1,1.0,5709,4340,5543,3.7
15595,New-c74a786,1/2-1/2,0.5,5709,4341,5543,3.7
15593,New-c74a786,0-1,0.0,5709,4341,5544,3.7
15597,New-c74a786,1-0,1.0,5710,4341,5544,3.7
15599,New-c74a786,1-0,1.0,5711,4341,5544,3.7
15594,Base-f462400,1-0,0.0,5711,4341,5545,3.7
15598,Base-f462400,0-1,1.0,5712,4341,5545,3.7
15596,Base-f462400,1/2-1/2,0.5,5712,4342,5545,3.7
15600,Base-f462400,0-1,1.0,5713,4342,5545,3.7
15605,New-c74a786,1-0,1.0,5714,4342,5545,3.8
15601,New-c74a786,1/2-1/2,0.5,5714,4343,5545,3.8
15603,New-c74a786,0-1,0.0,5714,4343,5546,3.7
15602,Base-f462400,1-0,0.0,5714,4343,5547,3.7
15604,Base-f462400,1/2-1/2,0.5,5714,4344,5547,3.7
15606,Base-f462400,1-0,0.0,5714,4344,5548,3.7
15608,Base-f462400,1-0,0.0,5714,4344,5549,3.7
15607,New-c74a786,0-1,0.0,5714,4344,5550,3.7
15611,New-c74a786,0-1,0.0,5714,4344,5551,3.6
15610,Base-f462400,1/2-1/2,0.5,5714,4345,5551,3.6
15609,New-c74a786,1/2-1/2,0.5,5714,4346,5551,3.6
15612,Base-f462400,1-0,0.0,5714,4346,5552,3.6
15613,New-c74a786,0-1,0.0,5714,4346,5553,3.6
15614,Base-f462400,1-0,0.0,5714,4346,5554,3.6
15616,Base-f462400,0-1,1.0,5715,4346,5554,3.6
15615,New-c74a786,1/2-1/2,0.5,5715,4347,5554,3.6
15618,Base-f462400,0-1,1.0,5716,4347,5554,3.6
15617,New-c74a786,1/2-1/2,0.5,5716,4348,5554,3.6
15620,Base-f462400,0-1,1.0,5717,4348,5554,3.6
15619,New-c74a786,0-1,0.0,5717,4348,5555,3.6
15621,New-c74a786,1-0,1.0,5718,4348,5555,3.6
15622,Base-f462400,0-1,1.0,5719,4348,5555,3.6
15623,New-c74a786,1-0,1.0,5720,4348,5555,3.7
15625,New-c74a786,1-0,1.0,5721,4348,5555,3.7
15624,Base-f462400,0-1,1.0,5722,4348,5555,3.7
15626,Base-f462400,0-1,1.0,5723,4348,5555,3.7
15628,Base-f462400,1/2-1/2,0.5,5723,4349,5555,3.7
15627,New-c74a786,1-0,1.0,5724,4349,5555,3.8
15629,New-c74a786,1/2-1/2,0.5,5724,4350,5555,3.8
15631,New-c74a786,1-0,1.0,5725,4350,5555,3.8
15630,Base-f462400,0-1,1.0,5726,4350,5555,3.8
15632,Base-f462400,0-1,1.0,5727,4350,5555,3.8
15633,New-c74a786,1-0,1.0,5728,4350,5555,3.8
15634,Base-f462400,0-1,1.0,5729,4350,5555,3.9
15635,New-c74a786,1-0,1.0,5730,4350,5555,3.9
15636,Base-f462400,0-1,1.0,5731,4350,5555,3.9
15637,New-c74a786,0-1,0.0,5731,4350,5556,3.9
15642,Base-f462400,1/2-1/2,0.5,5731,4351,5556,3.9
15639,New-c74a786,1-0,1.0,5732,4351,5556,3.9
15640,Base-f462400,1-0,0.0,5732,4351,5557,3.9
15638,Base-f462400,0-1,1.0,5733,4351,5557,3.9
15641,New-c74a786,1-0,1.0,5734,4351,5557,3.9
15645,New-c74a786,1/2-1/2,0.5,5734,4352,5557,3.9
15643,New-c74a786,1-0,1.0,5735,4352,5557,4.0
15644,Base-f462400,0-1,1.0,5736,4352,5557,4.0
15648,Base-f462400,0-1,1.0,5737,4352,5557,4.0
15646,Base-f462400,0-1,1.0,5738,4352,5557,4.0
15649,New-c74a786,1-0,1.0,5739,4352,5557,4.0
15650,Base-f462400,1/2-1/2,0.5,5739,4353,5557,4.0
15647,New-c74a786,0-1,0.0,5739,4353,5558,4.0
15652,Base-f462400,1/2-1/2,0.5,5739,4354,5558,4.0
15653,New-c74a786,1-0,1.0,5740,4354,5558,4.0
15651,New-c74a786,1-0,1.0,5741,4354,5558,4.1
15655,New-c74a786,0-1,0.0,5741,4354,5559,4.0
15656,Base-f462400,0-1,1.0,5742,4354,5559,4.1
15657,New-c74a786,1-0,1.0,5743,4354,5559,4.1
15660,Base-f462400,1-0,0.0,5743,4354,5560,4.1
15654,Base-f462400,1-0,0.0,5743,4354,5561,4.0
15658,Base-f462400,0-1,1.0,5744,4354,5561,4.1
15659,New-c74a786,1-0,1.0,5745,4354,5561,4.1
15661,New-c74a786,1/2-1/2,0.5,5745,4355,5561,4.1
15665,New-c74a786,0-1,0.0,5745,4355,5562,4.1
15662,Base-f462400,1-0,0.0,5745,4355,5563,4.0
15667,New-c74a786,1-0,1.0,5746,4355,5563,4.1
15664,Base-f462400,0-1,1.0,5747,4355,5563,4.1
15663,New-c74a786,1-0,1.0,5748,4355,5563,4.1
15666,Base-f462400,1-0,0.0,5748,4355,5564,4.1
15668,Base-f462400,0-1,1.0,5749,4355,5564,4.1
15669,New-c74a786,0-1,0.0,5749,4355,5565,4.1
15670,Base-f462400,1/2-1/2,0.5,5749,4356,5565,4.1
15673,New-c74a786,0-1,0.0,5749,4356,5566,4.1
15672,Base-f462400,1-0,0.0,5749,4356,5567,4.0
15671,New-c74a786,1-0,1.0,5750,4356,5567,4.1
15676,Base-f462400,1/2-1/2,0.5,5750,4357,5567,4.1
15674,Base-f462400,1-0,0.0,5750,4357,5568,4.0
15678,Base-f462400,0-1,1.0,5751,4357,5568,4.1
15675,New-c74a786,0-1,0.0,5751,4357,5569,4.0
15677,New-c74a786,1-0,1.0,5752,4357,5569,4.1
15679,New-c74a786,0-1,0.0,5752,4357,5570,4.0
15683,New-c74a786,0-1,0.0,5752,4357,5571,4.0
15681,New-c74a786,1/2-1/2,0.5,5752,4358,5571,4.0
15680,Base-f462400,1-0,0.0,5752,4358,5572,4.0
15684,Base-f462400,0-1,1.0,5753,4358,5572,4.0
15682,Base-f462400,0-1,1.0,5754,4358,5572,4.0
15685,New-c74a786,1/2-1/2,0.5,5754,4359,5572,4.0
15687,New-c74a786,0-1,0.0,5754,4359,5573,4.0
15686,Base-f462400,0-1,1.0,5755,4359,5573,4.0
15688,Base-f462400,0-1,1.0,5756,4359,5573,4.1
15692,Base-f462400,1-0,0.0,5756,4359,5574,4.0
15693,New-c74a786,1-0,1.0,5757,4359,5574,4.1
15690,Base-f462400,1/2-1/2,0.5,5757,4360,5574,4.1
15689,New-c74a786,0-1,0.0,5757,4360,5575,4.0
15694,Base-f462400,1-0,0.0,5757,4360,5576,4.0
15691,New-c74a786,1/2-1/2,0.5,5757,4361,5576,4.0
15695,New-c74a786,1-0,1.0,5758,4361,5576,4.0
15696,Base-f462400,1/2-1/2,0.5,5758,4362,5576,4.0
15700,Base-f462400,1-0,0.0,5758,4362,5577,4.0
15699,New-c74a786,1/2-1/2,0.5,5758,4363,5577,4.0
15697,New-c74a786,0-1,0.0,5758,4363,5578,4.0
15698,Base-f462400,1-0,0.0,5758,4363,5579,4.0
15701,New-c74a786,1/2-1/2,0.5,5758,4364,5579,4.0
15702,Base-f462400,0-1,1.0,5759,4364,5579,4.0
15705,New-c74a786,1/2-1/2,0.5,5759,4365,5579,4.0
15703,New-c74a786,1-0,1.0,5760,4365,5579,4.0
15704,Base-f462400,0-1,1.0,5761,4365,5579,4.0
15708,Base-f462400,0-1,1.0,5762,4365,5579,4.0
15706,Base-f462400,0-1,1.0,5763,4365,5579,4.1
15711,New-c74a786,1/2-1/2,0.5,5763,4366,5579,4.1
15709,New-c74a786,0-1,0.0,5763,4366,5580,4.0
15710,Base-f462400,0-1,1.0,5764,4366,5580,4.1
15707,New-c74a786,1/2-1/2,0.5,5764,4367,5580,4.1
15713,New-c74a786,1/2-1/2,0.5,5764,4368,5580,4.1
15714,Base-f462400,1-0,0.0,5764,4368,5581,4.0
15716,Base-f462400,0-1,1.0,5765,4368,5581,4.1
15712,Base-f462400,1/2-1/2,0.5,5765,4369,5581,4.1
15715,New-c74a786,0-1,0.0,5765,4369,5582,4.0
15717,New-c74a786,0-1,0.0,5765,4369,5583,4.0
15718,Base-f462400,1/2-1/2,0.5,5765,4370,5583,4.0
15719,New-c74a786,1-0,1.0,5766,4370,5583,4.0
15720,Base-f462400,1-0,0.0,5766,4370,5584,4.0
15721,New-c74a786,1/2-1/2,0.5,5766,4371,5584,4.0
15724,Base-f462400,0-1,1.0,5767,4371,5584,4.0
15722,Base-f462400,1-0,0.0,5767,4371,5585,4.0
15727,New-c74a786,1-0,1.0,5768,4371,5585,4.0
15723,New-c74a786,1-0,1.0,5769,4371,5585,4.1
15726,Base-f462400,0-1,1.0,5770,4371,5585,4.1
15729,New-c74a786,1/2-1/2,0.5,5770,4372,5585,4.1
15728,Base-f462400,1/2-1/2,0.5,5770,4373,5585,4.1
15725,New-c74a786,1/2-1/2,0.5,5770,4374,5585,4.1
15730,Base-f462400,1-0,0.0,5770,4374,5586,4.1
15732,Base-f462400,0-1,1.0,5771,4374,5586,4.1
15733,New-c74a786,0-1,0.0,5771,4374,5587,4.1
15731,New-c74a786,1-0,1.0,5772,4374,5587,4.1
15736,Base-f462400,0-1,1.0,5773,4374,5587,4.1
15735,New-c74a786,1/2-1/2,0.5,5773,4375,5587,4.1
15734,Base-f462400,1/2-1/2,0.5,5773,4376,5587,4.1
15737,New-c74a786,1/2-1/2,0.5,5773,4377,5587,4.1
15738,Base-f462400,0-1,1.0,5774,4377,5587,4.1
15739,New-c74a786,0-1,0.0,5774,4377,5588,4.1
15741,New-c74a786,0-1,0.0,5774,4377,5589,4.1
15744,Base-f462400,1/2-1/2,0.5,5774,4378,5589,4.1
15743,New-c74a786,0-1,0.0,5774,4378,5590,4.1
15746,Base-f462400,1-0,0.0,5774,4378,5591,4.0
15748,Base-f462400,0-1,1.0,5775,4378,5591,4.1
15745,New-c74a786,0-1,0.0,5775,4378,5592,4.0
15740,Base-f462400,1/2-1/2,0.5,5775,4379,5592,4.0
15742,Base-f462400,1/2-1/2,0.5,5775,4380,5592,4.0
15747,New-c74a786,1-0,1.0,5776,4380,5592,4.1
15749,New-c74a786,1/2-1/2,0.5,5776,4381,5592,4.1
15750,Base-f462400,1-0,0.0,5776,4381,5593,4.0
15751,New-c74a786,0-1,0.0,5776,4381,5594,4.0
15752,Base-f462400,1-0,0.0,5776,4381,5595,4.0
15753,New-c74a786,1-0,1.0,5777,4381,5595,4.0
15755,New-c74a786,1-0,1.0,5778,4381,5595,4.0
15754,Base-f462400,1-0,0.0,5778,4381,5596,4.0
15756,Base-f462400,0-1,1.0,5779,4381,5596,4.0
15757,New-c74a786,1-0,1.0,5780,4381,5596,4.1
15758,Base-f462400,0-1,1.0,5781,4381,5596,4.1
15759,New-c74a786,0-1,0.0,5781,4381,5597,4.1
15760,Base-f462400,0-1,1.0,5782,4381,5597,4.1
15761,New-c74a786,1/2-1/2,0.5,5782,4382,5597,4.1
15763,New-c74a786,1-0,1.0,5783,4382,5597,4.1
15764,Base-f462400,0-1,1.0,5784,4382,5597,4.1
15762,Base-f462400,0-1,1.0,5785,4382,5597,4.1
15765,New-c74a786,0-1,0.0,5785,4382,5598,4.1
15767,New-c74a786,1-0,1.0,5786,4382,5598,4.1
15766,Base-f462400,1-0,0.0,5786,4382,5599,4.1
15771,New-c74a786,1-0,1.0,5787,4382,5599,4.1
15770,Base-f462400,1-0,0.0,5787,4382,5600,4.1
15772,Base-f462400,1-0,0.0,5787,4382,5601,4.1
15768,Base-f462400,0-1,1.0,5788,4382,5601,4.1
15769,New-c74a786,1-0,1.0,5789,4382,5601,4.1
15773,New-c74a786,1/2-1/2,0.5,5789,4383,5601,4.1
15774,Base-f462400,0-1,1.0,5790,4383,5601,4.2
15775,New-c74a786,0-1,0.0,5790,4383,5602,4.1
15777,New-c74a786,0-1,0.0,5790,4383,5603,4.1
15776,Base-f462400,0-1,1.0,5791,4383,5603,4.1
15778,Base-f462400,0-1,1.0,5792,4383,5603,4.2
15780,Base-f462400,1/2-1/2,0.5,5792,4384,5603,4.2
15779,New-c74a786,1-0,1.0,5793,4384,5603,4.2
15782,Base-f462400,1-0,0.0,5793,4384,5604,4.2
15781,New-c74a786,1-0,1.0,5794,4384,5604,4.2
15783,New-c74a786,1-0,1.0,5795,4384,5604,4.2
15784,Base-f462400,1-0,0.0,5795,4384,5605,4.2
15786,Base-f462400,0-1,1.0,5796,4384,5605,4.2
15788,Base-f462400,1/2-1/2,0.5,5796,4385,5605,4.2
15787,New-c74a786,0-1,0.0,5796,4385,5606,4.2
15785,New-c74a786,0-1,0.0,5796,4385,5607,4.2
15792,Base-f462400,1/2-1/2,0.5,5796,4386,5607,4.2
15789,New-c74a786,1/2-1/2,0.5,5796,4387,5607,4.2
15790,Base-f462400,0-1,1.0,5797,4387,5607,4.2
15791,New-c74a786,1-0,1.0,5798,4387,5607,4.2
15793,New-c74a786,1-0,1.0,5799,4387,5607,4.2
15794,Base-f462400,1-0,0.0,5799,4387,5608,4.2
15795,New-c74a786,0-1,0.0,5799,4387,5609,4.2
15797,New-c74a786,1-0,1.0,5800,4387,5609,4.2
15796,Base-f462400,0-1,1.0,5801,4387,5609,4.2
15798,Base-f462400,1-0,0.0,5801,4387,5610,4.2
15800,Base-f462400,1/2-1/2,0.5,5801,4388,5610,4.2
15801,New-c74a786,0-1,0.0,5801,4388,5611,4.2
15799,New-c74a786,0-1,0.0,5801,4388,5612,4.2
15802,Base-f462400,1-0,0.0,5801,4388,5613,4.1
15803,New-c74a786,0-1,0.0,5801,4388,5614,4.1
15808,Base-f462400,1/2-1/2,0.5,5801,4389,5614,4.1
15804,Base-f462400,1-0,0.0,5801,4389,5615,4.1
15805,New-c74a786,1-0,1.0,5802,4389,5615,4.1
15806,Base-f462400,1-0,0.0,5802,4389,5616,4.1
15807,New-c74a786,1/2-1/2,0.5,5802,4390,5616,4.1
15811,New-c74a786,1-0,1.0,5803,4390,5616,4.1
15809,New-c74a786,1/2-1/2,0.5,5803,4391,5616,4.1
15810,Base-f462400,1/2-1/2,0.5,5803,4392,5616,4.1
15813,New-c74a786,0-1,0.0,5803,4392,5617,4.1
15814,Base-f462400,1-0,0.0,5803,4392,5618,4.1
15812,Base-f462400,1/2-1/2,0.5,5803,4393,5618,4.1
15816,Base-f462400,0-1,1.0,5804,4393,5618,4.1
15815,New-c74a786,1/2-1/2,0.5,5804,4394,5618,4.1
15817,New-c74a786,1/2-1/2,0.5,5804,4395,5618,4.1
15818,Base-f462400,0-1,1.0,5805,4395,5618,4.1
15819,New-c74a786,0-1,0.0,5805,4395,5619,4.1
15820,Base-f462400,0-1,1.0,5806,4395,5619,4.1
15823,New-c74a786,1-0,1.0,5807,4395,5619,4.1
15822,Base-f462400,1-0,0.0,5807,4395,5620,4.1
15821,New-c74a786,0-1,0.0,5807,4395,5621,4.1
15824,Base-f462400,1-0,0.0,5807,4395,5622,4.1
15826,Base-f462400,1/2-1/2,0.5,5807,4396,5622,4.1
15827,New-c74a786,1-0,1.0,5808,4396,5622,4.1
15825,New-c74a786,1-0,1.0,5809,4396,5622,4.1
15828,Base-f462400,1-0,0.0,5809,4396,5623,4.1
15830,Base-f462400,1-0,0.0,5809,4396,5624,4.1
15832,Base-f462400,1/2-1/2,0.5,5809,4397,5624,4.1
15829,New-c74a786,0-1,0.0,5809,4397,5625,4.0
15831,New-c74a786,0-1,0.0,5809,4397,5626,4.0
15834,Base-f462400,1/2-1/2,0.5,5809,4398,5626,4.0
15837,New-c74a786,1-0,1.0,5810,4398,5626,4.0
15838,Base-f462400,1-0,0.0,5810,4398,5627,4.0
15835,New-c74a786,0-1,0.0,5810,4398,5628,4.0
15836,Base-f462400,1-0,0.0,5810,4398,5629,4.0
15833,New-c74a786,1/2-1/2,0.5,5810,4399,5629,4.0
15839,New-c74a786,1/2-1/2,0.5,5810,4400,5629,4.0
15840,Base-f462400,0-1,1.0,5811,4400,5629,4.0
15843,New-c74a786,1-0,1.0,5812,4400,5629,4.0
15841,New-c74a786,0-1,0.0,5812,4400,5630,4.0
15842,Base-f462400,0-1,1.0,5813,4400,5630,4.0
15846,Base-f462400,0-1,1.0,5814,4400,5630,4.0
15845,New-c74a786,0-1,0.0,5814,4400,5631,4.0
15844,Base-f462400,1/2-1/2,0.5,5814,4401,5631,4.0
15850,Base-f462400,1-0,0.0,5814,4401,5632,4.0
15849,New-c74a786,1-0,1.0,5815,4401,5632,4.0
15848,Base-f462400,1-0,0.0,5815,4401,5633,4.0
15851,New-c74a786,1/2-1/2,0.5,5815,4402,5633,4.0
15847,New-c74a786,1-0,1.0,5816,4402,5633,4.0
15853,New-c74a786,1/2-1/2,0.5,5816,4403,5633,4.0
15852,Base-f462400,1/2-1/2,0.5,5816,4404,5633,4.0
15856,Base-f462400,0-1,1.0,5817,4404,5633,4.0
15857,New-c74a786,0-1,0.0,5817,4404,5634,4.0
15859,New-c74a786,0-1,0.0,5817,4404,5635,4.0
15858,Base-f462400,1-0,0.0,5817,4404,5636,4.0
15854,Base-f462400,1/2-1/2,0.5,5817,4405,5636,4.0
15860,Base-f462400,1/2-1/2,0.5,5817,4406,5636,4.0
15855,New-c74a786,1/2-1/2,0.5,5817,4407,5636,4.0
15862,Base-f462400,1-0,0.0,5817,4407,5637,3.9
15861,New-c74a786,0-1,0.0,5817,4407,5638,3.9
15865,New-c74a786,1-0,1.0,5818,4407,5638,3.9
15863,New-c74a786,0-1,0.0,5818,4407,5639,3.9
15866,Base-f462400,1/2-1/2,0.5,5818,4408,5639,3.9
15869,New-c74a786,1-0,1.0,5819,4408,5639,3.9
15864,Base-f462400,1/2-1/2,0.5,5819,4409,5639,3.9
15867,New-c74a786,1/2-1/2,0.5,5819,4410,5639,3.9
15870,Base-f462400,1-0,0.0,5819,4410,5640,3.9
15868,Base-f462400,1/2-1/2,0.5,5819,4411,5640,3.9
15872,Base-f462400,1-0,0.0,5819,4411,5641,3.9
15871,New-c74a786,1/2-1/2,0.5,5819,4412,5641,3.9
15874,Base-f462400,0-1,1.0,5820,4412,5641,3.9
15875,New-c74a786,1-0,1.0,5821,4412,5641,3.9
15873,New-c74a786,1/2-1/2,0.5,5821,4413,5641,3.9
15877,New-c74a786,1/2-1/2,0.5,5821,4414,5641,3.9
15876,Base-f462400,1-0,0.0,5821,4414,5642,3.9
15881,New-c74a786,1/2-1/2,0.5,5821,4415,5642,3.9
15878,Base-f462400,1-0,0.0,5821,4415,5643,3.9
15879,New-c74a786,1-0,1.0,5822,4415,5643,3.9
15880,Base-f462400,1/2-1/2,0.5,5822,4416,5643,3.9
15887,New-c74a786,1/2-1/2,0.5,5822,4417,5643,3.9
15882,Base-f462400,1-0,0.0,5822,4417,5644,3.9
15886,Base-f462400,0-1,1.0,5823,4417,5644,3.9
15884,Base-f462400,1-0,0.0,5823,4417,5645,3.9
15885,New-c74a786,1-0,1.0,5824,4417,5645,3.9
15883,New-c74a786,1/2-1/2,0.5,5824,4418,5645,3.9
15889,New-c74a786,0-1,0.0,5824,4418,5646,3.9
15888,Base-f462400,0-1,1.0,5825,4418,5646,3.9
15890,Base-f462400,0-1,1.0,5826,4418,5646,3.9
15892,Base-f462400,0-1,1.0,5827,4418,5646,4.0
15891,New-c74a786,1/2-1/2,0.5,5827,4419,5646,4.0
15893,New-c74a786,1-0,1.0,5828,4419,5646,4.0
15896,Base-f462400,1/2-1/2,0.5,5828,4420,5646,4.0
15895,New-c74a786,1-0,1.0,5829,4420,5646,4.0
15894,Base-f462400,0-1,1.0,5830,4420,5646,4.0
15897,New-c74a786,1-0,1.0,5831,4420,5646,4.0
15899,New-c74a786,1/2-1/2,0.5,5831,4421,5646,4.0
15898,Base-f462400,1-0,0.0,5831,4421,5647,4.0
15900,Base-f462400,0-1,1.0,5832,4421,5647,4.0
15902,Base-f462400,1-0,0.0,5832,4421,5648,4.0
15905,New-c74a786,1-0,1.0,5833,4421,5648,4.0
15901,New-c74a786,0-1,0.0,5833,4421,5649,4.0
15903,New-c74a786,0-1,0.0,5833,4421,5650,4.0
15904,Base-f462400,1/2-1/2,0.5,5833,4422,5650,4.0
15908,Base-f462400,1-0,0.0,5833,4422,5651,4.0
15906,Base-f462400,0-1,1.0,5834,4422,5651,4.0
15907,New-c74a786,1/2-1/2,0.5,5834,4423,5651,4.0
15909,New-c74a786,0-1,0.0,5834,4423,5652,4.0
15911,New-c74a786,1-0,1.0,5835,4423,5652,4.0
15912,Base-f462400,0-1,1.0,5836,4423,5652,4.0
15910,Base-f462400,1-0,0.0,5836,4423,5653,4.0
15913,New-c74a786,1-0,1.0,5837,4423,5653,4.0
15916,Base-f462400,1/2-1/2,0.5,5837,4424,5653,4.0
15915,New-c74a786,1-0,1.0,5838,4424,5653,4.0
15914,Base-f462400,1-0,0.0,5838,4424,5654,4.0
15921,New-c74a786,1-0,1.0,5839,4424,5654,4.0
15917,New-c74a786,1-0,1.0,5840,4424,5654,4.1
15919,New-c74a786,1-0,1.0,5841,4424,5654,4.1
15920,Base-f462400,1-0,0.0,5841,4424,5655,4.1
15922,Base-f462400,1-0,0.0,5841,4424,5656,4.0
15918,Base-f462400,1-0,0.0,5841,4424,5657,4.0
15924,Base-f462400,0-1,1.0,5842,4424,5657,4.0
15923,New-c74a786,1-0,1.0,5843,4424,5657,4.1
15925,New-c74a786,1/2-1/2,0.5,5843,4425,5657,4.1
15926,Base-f462400,0-1,1.0,5844,4425,5657,4.1
15928,Base-f462400,1/2-1/2,0.5,5844,4426,5657,4.1
15930,Base-f462400,0-1,1.0,5845,4426,5657,4.1
15929,New-c74a786,1/2-1/2,0.5,5845,4427,5657,4.1
15931,New-c74a786,1-0,1.0,5846,4427,5657,4.1
15927,New-c74a786,0-1,0.0,5846,4427,5658,4.1
15933,New-c74a786,1/2-1/2,0.5,5846,4428,5658,4.1
15934,Base-f462400,1/2-1/2,0.5,5846,4429,5658,4.1
15932,Base-f462400,1/2-1/2,0.5,5846,4430,5658,4.1
15935,New-c74a786,0-1,0.0,5846,4430,5659,4.1
15937,New-c74a786,1-0,1.0,5847,4430,5659,4.1
15939,New-c74a786,1/2-1/2,0.5,5847,4431,5659,4.1
15936,Base-f462400,1-0,0.0,5847,4431,5660,4.1
15938,Base-f462400,1-0,0.0,5847,4431,5661,4.1
15942,Base-f462400,1-0,0.0,5847,4431,5662,4.0
15943,New-c74a786,1-0,1.0,5848,4431,5662,4.1
15941,New-c74a786,0-1,0.0,5848,4431,5663,4.0
15945,New-c74a786,1-0,1.0,5849,4431,5663,4.1
15940,Base-f462400,1/2-1/2,0.5,5849,4432,5663,4.1
15946,Base-f462400,0-1,1.0,5850,4432,5663,4.1
15944,Base-f462400,1/2-1/2,0.5,5850,4433,5663,4.1
15947,New-c74a786,1-0,1.0,5851,4433,5663,4.1
15948,Base-f462400,1/2-1/2,0.5,5851,4434,5663,4.1
15949,New-c74a786,0-1,0.0,5851,4434,5664,4.1
15952,Base-f462400,1-0,0.0,5851,4434,5665,4.1
15950,Base-f462400,1-0,0.0,5851,4434,5666,4.0
15951,New-c74a786,1-0,1.0,5852,4434,5666,4.1
15953,New-c74a786,1-0,1.0,5853,4434,5666,4.1
15955,New-c74a786,1/2-1/2,0.5,5853,4435,5666,4.1
15954,Base-f462400,1/2-1/2,0.5,5853,4436,5666,4.1
15956,Base-f462400,1/2-1/2,0.5,5853,4437,5666,4.1
15958,Base-f462400,1-0,0.0,5853,4437,5667,4.1
15957,New-c74a786,1-0,1.0,5854,4437,5667,4.1
15960,Base-f462400,0-1,1.0,5855,4437,5667,4.1
15959,New-c74a786,1/2-1/2,0.5,5855,4438,5667,4.1
15961,New-c74a786,0-1,0.0,5855,4438,5668,4.1
15962,Base-f462400,1/2-1/2,0.5,5855,4439,5668,4.1
15964,Base-f462400,0-1,1.0,5856,4439,5668,4.1
15966,Base-f462400,1/2-1/2,0.5,5856,4440,5668,4.1
15963,New-c74a786,1-0,1.0,5857,4440,5668,4.1
15965,New-c74a786,1/2-1/2,0.5,5857,4441,5668,4.1
15967,New-c74a786,0-1,0.0,5857,4441,5669,4.1
15968,Base-f462400,1-0,0.0,5857,4441,5670,4.1
15969,New-c74a786,0-1,0.0,5857,4441,5671,4.0
15970,Base-f462400,0-1,1.0,5858,4441,5671,4.1
15973,New-c74a786,0-1,0.0,5858,4441,5672,4.0
15972,Base-f462400,0-1,1.0,5859,4441,5672,4.1
15971,New-c74a786,1/2-1/2,0.5,5859,4442,5672,4.1
15974,Base-f462400,0-1,1.0,5860,4442,5672,4.1
15975,New-c74a786,1/2-1/2,0.5,5860,4443,5672,4.1
15978,Base-f462400,0-1,1.0,5861,4443,5672,4.1
15976,Base-f462400,0-1,1.0,5862,4443,5672,4.1
15980,Base-f462400,1/2-1/2,0.5,5862,4444,5672,4.1
15977,New-c74a786,1/2-1/2,0.5,5862,4445,5672,4.1
15979,New-c74a786,0-1,0.0,5862,4445,5673,4.1
15982,Base-f462400,0-1,1.0,5863,4445,5673,4.1
15981,New-c74a786,0-1,0.0,5863,4445,5674,4.1
15983,New-c74a786,0-1,0.0,5863,4445,5675,4.1
15985,New-c74a786,0-1,0.0,5863,4445,5676,4.1
15984,Base-f462400,0-1,1.0,5864,4445,5676,4.1
15986,Base-f462400,0-1,1.0,5865,4445,5676,4.1
15987,New-c74a786,1-0,1.0,5866,4445,5676,4.1
15988,Base-f462400,0-1,1.0,5867,4445,5676,4.2
15989,New-c74a786,0-1,0.0,5867,4445,5677,4.1
15991,New-c74a786,1-0,1.0,5868,4445,5677,4.2
15990,Base-f462400,1/2-1/2,0.5,5868,4446,5677,4.2
15992,Base-f462400,1-0,0.0,5868,4446,5678,4.1
15994,Base-f462400,0-1,1.0,5869,4446,5678,4.1
15993,New-c74a786,1/2-1/2,0.5,5869,4447,5678,4.1
15998,Base-f462400,0-1,1.0,5870,4447,5678,4.2
15996,Base-f462400,0-1,1.0,5871,4447,5678,4.2
15995,New-c74a786,1/2-1/2,0.5,5871,4448,5678,4.2
15997,New-c74a786,1/2-1/2,0.5,5871,4449,5678,4.2
16003,New-c74a786,0-1,0.0,5871,4449,5679,4.2
15999,New-c74a786,1/2-1/2,0.5,5871,4450,5679,4.2
16001,New-c74a786,1/2-1/2,0.5,5871,4451,5679,4.2
16004,Base-f462400,1-0,0.0,5871,4451,5680,4.1
16000,Base-f462400,1-0,0.0,5871,4451,5681,4.1
16002,Base-f462400,0-1,1.0,5872,4451,5681,4.1
16005,New-c74a786,0-1,0.0,5872,4451,5682,4.1
16006,Base-f462400,0-1,1.0,5873,4451,5682,4.1
16007,New-c74a786,1-0,1.0,5874,4451,5682,4.2
16010,Base-f462400,1/2-1/2,0.5,5874,4452,5682,4.2
16009,New-c74a786,1/2-1/2,0.5,5874,4453,5682,4.2
16008,Base-f462400,0-1,1.0,5875,4453,5682,4.2
16012,Base-f462400,0-1,1.0,5876,4453,5682,4.2
16013,New-c74a786,1-0,1.0,5877,4453,5682,4.2
16011,New-c74a786,1/2-1/2,0.5,5877,4454,5682,4.2
16014,Base-f462400,0-1,1.0,5878,4454,5682,4.3
16015,New-c74a786,1/2-1/2,0.5,5878,4455,5682,4.3
16016,Base-f462400,1/2-1/2,0.5,5878,4456,5682,4.3
16018,Base-f462400,1-0,0.0,5878,4456,5683,4.2
16017,New-c74a786,1/2-1/2,0.5,5878,4457,5683,4.2
16020,Base-f462400,1-0,0.0,5878,4457,5684,4.2
16019,New-c74a786,1-0,1.0,5879,4457,5684,4.2
16021,New-c74a786,0-1,0.0,5879,4457,5685,4.2
16022,Base-f462400,0-1,1.0,5880,4457,5685,4.2
16023,New-c74a786,1/2-1/2,0.5,5880,4458,5685,4.2
16027,New-c74a786,1/2-1/2,0.5,5880,4459,5685,4.2
16024,Base-f462400,1/2-1/2,0.5,5880,4460,5685,4.2
16025,New-c74a786,1-0,1.0,5881,4460,5685,4.2
16026,Base-f462400,0-1,1.0,5882,4460,5685,4.3
16028,Base-f462400,1-0,0.0,5882,4460,5686,4.2
16029,New-c74a786,0-1,0.0,5882,4460,5687,4.2
16030,Base-f462400,0-1,1.0,5883,4460,5687,4.2
16032,Base-f462400,0-1,1.0,5884,4460,5687,4.3
16034,Base-f462400,1-0,0.0,5884,4460,5688,4.2
16031,New-c74a786,1/2-1/2,0.5,5884,4461,5688,4.2
16033,New-c74a786,0-1,0.0,5884,4461,5689,4.2
16036,Base-f462400,0-1,1.0,5885,4461,5689,4.2
16035,New-c74a786,1-0,1.0,5886,4461,5689,4.3
16038,Base-f462400,1/2-1/2,0.5,5886,4462,5689,4.3
16037,New-c74a786,1/2-1/2,0.5,5886,4463,5689,4.3
16039,New-c74a786,1/2-1/2,0.5,5886,4464,5689,4.3
16042,Base-f462400,1-0,0.0,5886,4464,5690,4.2
16043,New-c74a786,1/2-1/2,0.5,5886,4465,5690,4.2
16041,New-c74a786,0-1,0.0,5886,4465,5691,4.2
16040,Base-f462400,1/2-1/2,0.5,5886,4466,5691,4.2
16044,Base-f462400,0-1,1.0,5887,4466,5691,4.2
16046,Base-f462400,1/2-1/2,0.5,5887,4467,5691,4.2
16045,New-c74a786,1-0,1.0,5888,4467,5691,4.3
16047,New-c74a786,1/2-1/2,0.5,5888,4468,5691,4.3
16048,Base-f462400,1-0,0.0,5888,4468,5692,4.2
16051,New-c74a786,1/2-1/2,0.5,5888,4469,5692,4.2
16049,New-c74a786,0-1,0.0,5888,4469,5693,4.2
16050,Base-f462400,1/2-1/2,0.5,5888,4470,5693,4.2
16052,Base-f462400,1-0,0.0,5888,4470,5694,4.2
16054,Base-f462400,0-1,1.0,5889,4470,5694,4.2
16053,New-c74a786,0-1,0.0,5889,4470,5695,4.2
16055,New-c74a786,0-1,0.0,5889,4470,5696,4.2
16056,Base-f462400,1-0,0.0,5889,4470,5697,4.2
16059,New-c74a786,1/2-1/2,0.5,5889,4471,5697,4.2
16058,Base-f462400,0-1,1.0,5890,4471,5697,4.2
16057,New-c74a786,1/2-1/2,0.5,5890,4472,5697,4.2
16060,Base-f462400,1-0,0.0,5890,4472,5698,4.2
16062,Base-f462400,0-1,1.0,5891,4472,5698,4.2
16063,New-c74a786,0-1,0.0,5891,4472,5699,4.2
16061,New-c74a786,1-0,1.0,5892,4472,5699,4.2
16064,Base-f462400,0-1,1.0,5893,4472,5699,4.2
16065,New-c74a786,1/2-1/2,0.5,5893,4473,5699,4.2
16069,New-c74a786,1-0,1.0,5894,4473,5699,4.2
16067,New-c74a786,0-1,0.0,5894,4473,5700,4.2
16066,Base-f462400,1-0,0.0,5894,4473,5701,4.2
16068,Base-f462400,0-1,1.0,5895,4473,5701,4.2
16071,New-c74a786,0-1,0.0,5895,4473,5702,4.2
16072,Base-f462400,1-0,0.0,5895,4473,5703,4.2
16070,Base-f462400,1/2-1/2,0.5,5895,4474,5703,4.2
16074,Base-f462400,0-1,1.0,5896,4474,5703,4.2
16073,New-c74a786,1/2-1/2,0.5,5896,4475,5703,4.2
16075,New-c74a786,1/2-1/2,0.5,5896,4476,5703,4.2
16076,Base-f462400,1-0,0.0,5896,4476,5704,4.1
16078,Base-f462400,1-0,0.0,5896,4476,5705,4.1
16080,Base-f462400,1/2-1/2,0.5,5896,4477,5705,4.1
16077,New-c74a786,1-0,1.0,5897,4477,5705,4.1
16083,New-c74a786,1-0,1.0,5898,4477,5705,4.2
16079,New-c74a786,1/2-1/2,0.5,5898,4478,5705,4.2
16082,Base-f462400,1/2-1/2,0.5,5898,4479,5705,4.2
16081,New-c74a786,0-1,0.0,5898,4479,5706,4.1
16085,New-c74a786,1/2-1/2,0.5,5898,4480,5706,4.1
16084,Base-f462400,1-0,0.0,5898,4480,5707,4.1
16086,Base-f462400,0-1,1.0,5899,4480,5707,4.1
16091,New-c74a786,1/2-1/2,0.5,5899,4481,5707,4.1
16088,Base-f462400,0-1,1.0,5900,4481,5707,4.2
16089,New-c74a786,1/2-1/2,0.5,5900,4482,5707,4.2
16087,New-c74a786,1/2-1/2,0.5,5900,4483,5707,4.2
16090,Base-f462400,1-0,0.0,5900,4483,5708,4.1
16093,New-c74a786,0-1,0.0,5900,4483,5709,4.1
16092,Base-f462400,1/2-1/2,0.5,5900,4484,5709,4.1
16096,Base-f462400,0-1,1.0,5901,4484,5709,4.1
16094,Base-f462400,0-1,1.0,5902,4484,5709,4.2
16098,Base-f462400,1/2-1/2,0.5,5902,4485,5709,4.2
16095,New-c74a786,0-1,0.0,5902,4485,5710,4.1
16097,New-c74a786,0-1,0.0,5902,4485,5711,4.1
16100,Base-f462400,1-0,0.0,5902,4485,5712,4.1
16099,New-c74a786,0-1,0.0,5902,4485,5713,4.1
16102,Base-f462400,1-0,0.0,5902,4485,5714,4.1
16101,New-c74a786,1/2-1/2,0.5,5902,4486,5714,4.1
16104,Base-f462400,1/2-1/2,0.5,5902,4487,5714,4.1
16105,New-c74a786,1/2-1/2,0.5,5902,4488,5714,4.1
16103,New-c74a786,1-0,1.0,5903,4488,5714,4.1
16106,Base-f462400,1/2-1/2,0.5,5903,4489,5714,4.1
16107,New-c74a786,1/2-1/2,0.5,5903,4490,5714,4.1
16109,New-c74a786,0-1,0.0,5903,4490,5715,4.1
16108,Base-f462400,1/2-1/2,0.5,5903,4491,5715,4.1
16110,Base-f462400,1/2-1/2,0.5,5903,4492,5715,4.1
16115,New-c74a786,1-0,1.0,5904,4492,5715,4.1
16112,Base-f462400,1-0,0.0,5904,4492,5716,4.1
16113,New-c74a786,0-1,0.0,5904,4492,5717,4.0
16114,Base-f462400,0-1,1.0,5905,4492,5717,4.1
16111,New-c74a786,1-0,1.0,5906,4492,5717,4.1
16116,Base-f462400,0-1,1.0,5907,4492,5717,4.1
16117,New-c74a786,1/2-1/2,0.5,5907,4493,5717,4.1
16119,New-c74a786,0-1,0.0,5907,4493,5718,4.1
16123,New-c74a786,1-0,1.0,5908,4493,5718,4.1
16120,Base-f462400,1-0,0.0,5908,4493,5719,4.1
16121,New-c74a786,0-1,0.0,5908,4493,5720,4.1
16118,Base-f462400,0-1,1.0,5909,4493,5720,4.1
16122,Base-f462400,1/2-1/2,0.5,5909,4494,5720,4.1
16125,New-c74a786,1-0,1.0,5910,4494,5720,4.1
16124,Base-f462400,1-0,0.0,5910,4494,5721,4.1
16126,Base-f462400,1/2-1/2,0.5,5910,4495,5721,4.1
16128,Base-f462400,1/2-1/2,0.5,5910,4496,5721,4.1
16127,New-c74a786,0-1,0.0,5910,4496,5722,4.1
16130,Base-f462400,0-1,1.0,5911,4496,5722,4.1
16132,Base-f462400,0-1,1.0,5912,4496,5722,4.1
16131,New-c74a786,1/2-1/2,0.5,5912,4497,5722,4.1
16129,New-c74a786,1/2-1/2,0.5,5912,4498,5722,4.1
16133,New-c74a786,1-0,1.0,5913,4498,5722,4.1
16134,Base-f462400,0-1,1.0,5914,4498,5722,4.1
16135,New-c74a786,1/2-1/2,0.5,5914,4499,5722,4.1
16137,New-c74a786,0-1,0.0,5914,4499,5723,4.1
16138,Base-f462400,0-1,1.0,5915,4499,5723,4.1
16136,Base-f462400,1/2-1/2,0.5,5915,4500,5723,4.1
16139,New-c74a786,1-0,1.0,5916,4500,5723,4.2
16140,Base-f462400,1-0,0.0,5916,4500,5724,4.1
16141,New-c74a786,1/2-1/2,0.5,5916,4501,5724,4.1
16142,Base-f462400,0-1,1.0,5917,4501,5724,4.2
16143,New-c74a786,1/2-1/2,0.5,5917,4502,5724,4.2
16144,Base-f462400,1/2-1/2,0.5,5917,4503,5724,4.2
16145,New-c74a786,0-1,0.0,5917,4503,5725,4.1
16148,Base-f462400,0-1,1.0,5918,4503,5725,4.2
16147,New-c74a786,0-1,0.0,5918,4503,5726,4.1
16146,Base-f462400,1/2-1/2,0.5,5918,4504,5726,4.1
16149,New-c74a786,1-0,1.0,5919,4504,5726,4.2
16150,Base-f462400,1-0,0.0,5919,4504,5727,4.1
16151,New-c74a786,0-1,0.0,5919,4504,5728,4.1
16152,Base-f462400,1-0,0.0,5919,4504,5729,4.1
16153,New-c74a786,0-1,0.0,5919,4504,5730,4.1
16155,New-c74a786,0-1,0.0,5919,4504,5731,4.0
16156,Base-f462400,1-0,0.0,5919,4504,5732,4.0
16154,Base-f462400,0-1,1.0,5920,4504,5732,4.0
16158,Base-f462400,0-1,1.0,5921,4504,5732,4.1
16157,New-c74a786,1/2-1/2,0.5,5921,4505,5732,4.1
16159,New-c74a786,1-0,1.0,5922,4505,5732,4.1
16162,Base-f462400,1/2-1/2,0.5,5922,4506,5732,4.1
16160,Base-f462400,0-1,1.0,5923,4506,5732,4.1
16165,New-c74a786,1-0,1.0,5924,4506,5732,4.1
16164,Base-f462400,1/2-1/2,0.5,5924,4507,5732,4.1
16163,New-c74a786,1-0,1.0,5925,4507,5732,4.1
16161,New-c74a786,1/2-1/2,0.5,5925,4508,5732,4.1
16166,Base-f462400,0-1,1.0,5926,4508,5732,4.2
16167,New-c74a786,0-1,0.0,5926,4508,5733,4.1
16168,Base-f462400,0-1,1.0,5927,4508,5733,4.2
16169,New-c74a786,1/2-1/2,0.5,5927,4509,5733,4.2
16174,Base-f462400,1/2-1/2,0.5,5927,4510,5733,4.2
16172,Base-f462400,0-1,1.0,5928,4510,5733,4.2
16170,Base-f462400,0-1,1.0,5929,4510,5733,4.2
16173,New-c74a786,1-0,1.0,5930,4510,5733,4.2
16171,New-c74a786,1/2-1/2,0.5,5930,4511,5733,4.2
16175,New-c74a786,1/2-1/2,0.5,5930,4512,5733,4.2
16178,Base-f462400,1-0,0.0,5930,4512,5734,4.2
16176,Base-f462400,1/2-1/2,0.5,5930,4513,5734,4.2
16179,New-c74a786,0-1,0.0,5930,4513,5735,4.2
16177,New-c74a786,1/2-1/2,0.5,5930,4514,5735,4.2
16180,Base-f462400,0-1,1.0,5931,4514,5735,4.2
16182,Base-f462400,1-0,0.0,5931,4514,5736,4.2
16184,Base-f462400,1/2-1/2,0.5,5931,4515,5736,4.2
16181,New-c74a786,0-1,0.0,5931,4515,5737,4.2
16183,New-c74a786,0-1,0.0,5931,4515,5738,4.1
16185,New-c74a786,1-0,1.0,5932,4515,5738,4.2
16186,Base-f462400,1/2-1/2,0.5,5932,4516,5738,4.2
16193,New-c74a786,1/2-1/2,0.5,5932,4517,5738,4.2
16189,New-c74a786,0-1,0.0,5932,4517,5739,4.1
16188,Base-f462400,0-1,1.0,5933,4517,5739,4.2
16187,New-c74a786,1-0,1.0,5934,4517,5739,4.2
16191,New-c74a786,1-0,1.0,5935,4517,5739,4.2
16190,Base-f462400,1/2-1/2,0.5,5935,4518,5739,4.2
16192,Base-f462400,1-0,0.0,5935,4518,5740,4.2
16195,New-c74a786,0-1,0.0,5935,4518,5741,4.2
16196,Base-f462400,1-0,0.0,5935,4518,5742,4.1
16194,Base-f462400,0-1,1.0,5936,4518,5742,4.2
16197,New-c74a786,1/2-1/2,0.5,5936,4519,5742,4.2
16198,Base-f462400,1-0,0.0,5936,4519,5743,4.1
16200,Base-f462400,1-0,0.0,5936,4519,5744,4.1
16199,New-c74a786,0-1,0.0,5936,4519,5745,4.1
16201,New-c74a786,0-1,0.0,5936,4519,5746,4.1
16205,New-c74a786,0-1,0.0,5936,4519,5747,4.1
16202,Base-f462400,0-1,1.0,5937,4519,5747,4.1
16209,New-c74a786,1/2-1/2,0.5,5937,4520,5747,4.1
16203,New-c74a786,0-1,0.0,5937,4520,5748,4.1
16204,Base-f462400,0-1,1.0,5938,4520,5748,4.1
16206,Base-f462400,1-0,0.0,5938,4520,5749,4.1
16208,Base-f462400,0-1,1.0,5939,4520,5749,4.1
16207,New-c74a786,0-1,0.0,5939,4520,5750,4.1
16210,Base-f462400,1/2-1/2,0.5,5939,4521,5750,4.1
16214,Base-f462400,1/2-1/2,0.5,5939,4522,5750,4.1
16213,New-c74a786,0-1,0.0,5939,4522,5751,4.0
16211,New-c74a786,0-1,0.0,5939,4522,5752,4.0
16215,New-c74a786,1-0,1.0,5940,4522,5752,4.0
16212,Base-f462400,0-1,1.0,5941,4522,5752,4.0
16216,Base-f462400,1-0,0.0,5941,4522,5753,4.0
16217,New-c74a786,1-0,1.0,5942,4522,5753,4.0
16218,Base-f462400,1-0,0.0,5942,4522,5754,4.0
16219,New-c74a786,1-0,1.0,5943,4522,5754,4.0
16220,Base-f462400,1/2-1/2,0.5,5943,4523,5754,4.0
16221,New-c74a786,1-0,1.0,5944,4523,5754,4.1
16223,New-c74a786,1-0,1.0,5945,4523,5754,4.1
16222,Base-f462400,1/2-1/2,0.5,5945,4524,5754,4.1
16224,Base-f462400,0-1,1.0,5946,4524,5754,4.1
16225,New-c74a786,1-0,1.0,5947,4524,5754,4.1
16227,New-c74a786,0-1,0.0,5947,4524,5755,4.1
16229,New-c74a786,1-0,1.0,5948,4524,5755,4.1
16232,Base-f462400,1-0,0.0,5948,4524,5756,4.1
16226,Base-f462400,1-0,0.0,5948,4524,5757,4.1
16228,Base-f462400,0-1,1.0,5949,4524,5757,4.1
16230,Base-f462400,0-1,1.0,5950,4524,5757,4.1
16231,New-c74a786,0-1,0.0,5950,4524,5758,4.1
16233,New-c74a786,0-1,0.0,5950,4524,5759,4.1
16236,Base-f462400,1/2-1/2,0.5,5950,4525,5759,4.1
16239,New-c74a786,0-1,0.0,5950,4525,5760,4.1
16234,Base-f462400,1/2-1/2,0.5,5950,4526,5760,4.1
16238,Base-f462400,0-1,1.0,5951,4526,5760,4.1
16237,New-c74a786,1-0,1.0,5952,4526,5760,4.1
16235,New-c74a786,1/2-1/2,0.5,5952,4527,5760,4.1
16240,Base-f462400,0-1,1.0,5953,4527,5760,4.1
16241,New-c74a786,0-1,0.0,5953,4527,5761,4.1
16242,Base-f462400,1-0,0.0,5953,4527,5762,4.1
16244,Base-f462400,1-0,0.0,5953,4527,5763,4.1
16246,Base-f462400,0-1,1.0,5954,4527,5763,4.1
16245,New-c74a786,0-1,0.0,5954,4527,5764,4.1
16249,New-c74a786,0-1,0.0,5954,4527,5765,4.0
16243,New-c74a786,1-0,1.0,5955,4527,5765,4.1
16247,New-c74a786,1/2-1/2,0.5,5955,4528,5765,4.1
16250,Base-f462400,1-0,0.0,5955,4528,5766,4.0
16248,Base-f462400,1/2-1/2,0.5,5955,4529,5766,4.0
16253,New-c74a786,1/2-1/2,0.5,5955,4530,5766,4.0
16251,New-c74a786,1/2-1/2,0.5,5955,4531,5766,4.0
16254,Base-f462400,1-0,0.0,5955,4531,5767,4.0
16252,Base-f462400,0-1,1.0,5956,4531,5767,4.0
16258,Base-f462400,1-0,0.0,5956,4531,5768,4.0
16255,New-c74a786,1/2-1/2,0.5,5956,4532,5768,4.0
16257,New-c74a786,1-0,1.0,5957,4532,5768,4.0
16256,Base-f462400,1/2-1/2,0.5,5957,4533,5768,4.0
16260,Base-f462400,1/2-1/2,0.5,5957,4534,5768,4.0
16259,New-c74a786,1/2-1/2,0.5,5957,4535,5768,4.0
16262,Base-f462400,0-1,1.0,5958,4535,5768,4.1
16264,Base-f462400,1-0,0.0,5958,4535,5769,4.0
16261,New-c74a786,0-1,0.0,5958,4535,5770,4.0
16266,Base-f462400,0-1,1.0,5959,4535,5770,4.0
16265,New-c74a786,1-0,1.0,5960,4535,5770,4.1
16267,New-c74a786,1-0,1.0,5961,4535,5770,4.1
16263,New-c74a786,1/2-1/2,0.5,5961,4536,5770,4.1
16268,Base-f462400,0-1,1.0,5962,4536,5770,4.1
16269,New-c74a786,0-1,0.0,5962,4536,5771,4.1
16272,Base-f462400,1-0,0.0,5962,4536,5772,4.1
16270,Base-f462400,1-0,0.0,5962,4536,5773,4.0
16274,Base-f462400,1/2-1/2,0.5,5962,4537,5773,4.0
16271,New-c74a786,0-1,0.0,5962,4537,5774,4.0
16276,Base-f462400,1-0,0.0,5962,4537,5775,4.0
16273,New-c74a786,0-1,0.0,5962,4537,5776,4.0
16275,New-c74a786,1/2-1/2,0.5,5962,4538,5776,4.0
16277,New-c74a786,1-0,1.0,5963,4538,5776,4.0
16279,New-c74a786,0-1,0.0,5963,4538,5777,4.0
16280,Base-f462400,1-0,0.0,5963,4538,5778,3.9
16281,New-c74a786,1-0,1.0,5964,4538,5778,4.0
16278,Base-f462400,1/2-1/2,0.5,5964,4539,5778,4.0
16282,Base-f462400,1-0,0.0,5964,4539,5779,3.9
16284,Base-f462400,1-0,0.0,5964,4539,5780,3.9
16283,New-c74a786,1/2-1/2,0.5,5964,4540,5780,3.9
16287,New-c74a786,1-0,1.0,5965,4540,5780,3.9
16285,New-c74a786,1/2-1/2,0.5,5965,4541,5780,3.9
16286,Base-f462400,1-0,0.0,5965,4541,5781,3.9
16289,New-c74a786,0-1,0.0,5965,4541,5782,3.9
16290,Base-f462400,0-1,1.0,5966,4541,5782,3.9
16288,Base-f462400,0-1,1.0,5967,4541,5782,3.9
16291,New-c74a786,0-1,0.0,5967,4541,5783,3.9
16294,Base-f462400,1-0,0.0,5967,4541,5784,3.9
16292,Base-f462400,0-1,1.0,5968,4541,5784,3.9
16293,New-c74a786,1-0,1.0,5969,4541,5784,3.9
16295,New-c74a786,1/2-1/2,0.5,5969,4542,5784,3.9
16297,New-c74a786,1/2-1/2,0.5,5969,4543,5784,3.9
16296,Base-f462400,1-0,0.0,5969,4543,5785,3.9
16298,Base-f462400,0-1,1.0,5970,4543,5785,3.9
16299,New-c74a786,0-1,0.0,5970,4543,5786,3.9
16301,New-c74a786,1-0,1.0,5971,4543,5786,3.9
16303,New-c74a786,1/2-1/2,0.5,5971,4544,5786,3.9
16300,Base-f462400,1-0,0.0,5971,4544,5787,3.9
16304,Base-f462400,1-0,0.0,5971,4544,5788,3.9
16306,Base-f462400,1/2-1/2,0.5,5971,4545,5788,3.9
16302,Base-f462400,1/2-1/2,0.5,5971,4546,5788,3.9
16305,New-c74a786,1-0,1.0,5972,4546,5788,3.9
16307,New-c74a786,0-1,0.0,5972,4546,5789,3.9
16308,Base-f462400,1-0,0.0,5972,4546,5790,3.9
16309,New-c74a786,0-1,0.0,5972,4546,5791,3.9
16310,Base-f462400,1-0,0.0,5972,4546,5792,3.8
16311,New-c74a786,0-1,0.0,5972,4546,5793,3.8
16312,Base-f462400,1-0,0.0,5972,4546,5794,3.8
16317,New-c74a786,1/2-1/2,0.5,5972,4547,5794,3.8
16313,New-c74a786,0-1,0.0,5972,4547,5795,3.8
16314,Base-f462400,1/2-1/2,0.5,5972,4548,5795,3.8
16318,Base-f462400,0-1,1.0,5973,4548,5795,3.8
16315,New-c74a786,0-1,0.0,5973,4548,5796,3.8
16316,Base-f462400,0-1,1.0,5974,4548,5796,3.8
16319,New-c74a786,1-0,1.0,5975,4548,5796,3.8
16320,Base-f462400,1-0,0.0,5975,4548,5797,3.8
16321,New-c74a786,0-1,0.0,5975,4548,5798,3.8
16323,New-c74a786,0-1,0.0,5975,4548,5799,3.7
16324,Base-f462400,1-0,0.0,5975,4548,5800,3.7
16325,New-c74a786,1/2-1/2,0.5,5975,4549,5800,3.7
16322,Base-f462400,1/2-1/2,0.5,5975,4550,5800,3.7
16327,New-c74a786,1/2-1/2,0.5,5975,4551,5800,3.7
16326,Base-f462400,1/2-1/2,0.5,5975,4552,5800,3.7
16330,Base-f462400,1/2-1/2,0.5,5975,4553,5800,3.7
16328,Base-f462400,1-0,0.0,5975,4553,5801,3.7
16329,New-c74a786,1/2-1/2,0.5,5975,4554,5801,3.7
16331,New-c74a786,0-1,0.0,5975,4554,5802,3.7
16332,Base-f462400,1-0,0.0,5975,4554,5803,3.7
16335,New-c74a786,0-1,0.0,5975,4554,5804,3.6
16333,New-c74a786,1-0,1.0,5976,4554,5804,3.7
16334,Base-f462400,0-1,1.0,5977,4554,5804,3.7
16337,New-c74a786,1-0,1.0,5978,4554,5804,3.7
16338,Base-f462400,0-1,1.0,5979,4554,5804,3.7
16336,Base-f462400,0-1,1.0,5980,4554,5804,3.7
16339,New-c74a786,1-0,1.0,5981,4554,5804,3.8
16342,Base-f462400,0-1,1.0,5982,4554,5804,3.8
16340,Base-f462400,1-0,0.0,5982,4554,5805,3.8
16343,New-c74a786,1-0,1.0,5983,4554,5805,3.8
16344,Base-f462400,1-0,0.0,5983,4554,5806,3.8
16341,New-c74a786,1/2-1/2,0.5,5983,4555,5806,3.8
16345,New-c74a786,1/2-1/2,0.5,5983,4556,5806,3.8
16346,Base-f462400,1-0,0.0,5983,4556,5807,3.7
16348,Base-f462400,0-1,1.0,5984,4556,5807,3.8
16349,New-c74a786,1/2-1/2,0.5,5984,4557,5807,3.8
16347,New-c74a786,0-1,0.0,5984,4557,5808,3.7
16350,Base-f462400,0-1,1.0,5985,4557,5808,3.8
16353,New-c74a786,1/2-1/2,0.5,5985,4558,5808,3.8
16351,New-c74a786,0-1,0.0,5985,4558,5809,3.7
16352,Base-f462400,1/2-1/2,0.5,5985,4559,5809,3.7
16354,Base-f462400,0-1,1.0,5986,4559,5809,3.8
16355,New-c74a786,0-1,0.0,5986,4559,5810,3.7
16358,Base-f462400,0-1,1.0,5987,4559,5810,3.8
16357,New-c74a786,1/2-1/2,0.5,5987,4560,5810,3.8
16359,New-c74a786,1/2-1/2,0.5,5987,4561,5810,3.8
16360,Base-f462400,0-1,1.0,5988,4561,5810,3.8
16361,New-c74a786,0-1,0.0,5988,4561,5811,3.8
16356,Base-f462400,1/2-1/2,0.5,5988,4562,5811,3.8
16363,New-c74a786,1-0,1.0,5989,4562,5811,3.8
16362,Base-f462400,0-1,1.0,5990,4562,5811,3.8
16370,Base-f462400,0-1,1.0,5991,4562,5811,3.8
16364,Base-f462400,1-0,0.0,5991,4562,5812,3.8
16368,Base-f462400,1/2-1/2,0.5,5991,4563,5812,3.8
16366,Base-f462400,0-1,1.0,5992,4563,5812,3.8
16367,New-c74a786,1/2-1/2,0.5,5992,4564,5812,3.8
16369,New-c74a786,0-1,0.0,5992,4564,5813,3.8
16365,New-c74a786,1/2-1/2,0.5,5992,4565,5813,3.8
16371,New-c74a786,0-1,0.0,5992,4565,5814,3.8
16374,Base-f462400,1-0,0.0,5992,4565,5815,3.8
16373,New-c74a786,0-1,0.0,5992,4565,5816,3.7
16372,Base-f462400,1-0,0.0,5992,4565,5817,3.7
16376,Base-f462400,1-0,0.0,5992,4565,5818,3.7
16375,New-c74a786,0-1,0.0,5992,4565,5819,3.7
16379,New-c74a786,1-0,1.0,5993,4565,5819,3.7
16377,New-c74a786,0-1,0.0,5993,4565,5820,3.7
16378,Base-f462400,0-1,1.0,5994,4565,5820,3.7
16381,New-c74a786,1-0,1.0,5995,4565,5820,3.7
16380,Base-f462400,0-1,1.0,5996,4565,5820,3.7
16382,Base-f462400,1/2-1/2,0.5,5996,4566,5820,3.7
16384,Base-f462400,1-0,0.0,5996,4566,5821,3.7
16385,New-c74a786,1-0,1.0,5997,4566,5821,3.7
16383,New-c74a786,1-0,1.0,5998,4566,5821,3.8
16386,Base-f462400,0-1,1.0,5999,4566,5821,3.8
16387,New-c74a786,1/2-1/2,0.5,5999,4567,5821,3.8
16388,Base-f462400,1-0,0.0,5999,4567,5822,3.8
16389,New-c74a786,1/2-1/2,0.5,5999,4568,5822,3.8
16391,New-c74a786,0-1,0.0,5999,4568,5823,3.7
16390,Base-f462400,0-1,1.0,6000,4568,5823,3.8
16393,New-c74a786,0-1,0.0,6000,4568,5824,3.7
16392,Base-f462400,1-0,0.0,6000,4568,5825,3.7
16394,Base-f462400,0-1,1.0,6001,4568,5825,3.7
16397,New-c74a786,1/2-1/2,0.5,6001,4569,5825,3.7
16395,New-c74a786,0-1,0.0,6001,4569,5826,3.7
16398,Base-f462400,1-0,0.0,6001,4569,5827,3.7
16396,Base-f462400,0-1,1.0,6002,4569,5827,3.7
16400,Base-f462400,1/2-1/2,0.5,6002,4570,5827,3.7
16401,New-c74a786,1/2-1/2,0.5,6002,4571,5827,3.7
16402,Base-f462400,1-0,0.0,6002,4571,5828,3.7
16399,New-c74a786,1/2-1/2,0.5,6002,4572,5828,3.7
16403,New-c74a786,0-1,0.0,6002,4572,5829,3.7
16406,Base-f462400,1/2-1/2,0.5,6002,4573,5829,3.7
16404,Base-f462400,1/2-1/2,0.5,6002,4574,5829,3.7
16405,New-c74a786,0-1,0.0,6002,4574,5830,3.6
16407,New-c74a786,1-0,1.0,6003,4574,5830,3.7
16409,New-c74a786,0-1,0.0,6003,4574,5831,3.6
16414,Base-f462400,0-1,1.0,6004,4574,5831,3.7
16411,New-c74a786,0-1,0.0,6004,4574,5832,3.6
16412,Base-f462400,1/2-1/2,0.5,6004,4575,5832,3.6
16413,New-c74a786,1-0,1.0,6005,4575,5832,3.7
16408,Base-f462400,1/2-1/2,0.5,6005,4576,5832,3.7
16410,Base-f462400,1-0,0.0,6005,4576,5833,3.6
16417,New-c74a786,0-1,0.0,6005,4576,5834,3.6
16415,New-c74a786,1-0,1.0,6006,4576,5834,3.6
16416,Base-f462400,0-1,1.0,6007,4576,5834,3.7
16421,New-c74a786,1/2-1/2,0.5,6007,4577,5834,3.7
16418,Base-f462400,1-0,0.0,6007,4577,5835,3.6
16423,New-c74a786,1/2-1/2,0.5,6007,4578,5835,3.6
16419,New-c74a786,0-1,0.0,6007,4578,5836,3.6
16422,Base-f462400,1-0,0.0,6007,4578,5837,3.6
16420,Base-f462400,1/2-1/2,0.5,6007,4579,5837,3.6
16424,Base-f462400,1-0,0.0,6007,4579,5838,3.6
16427,New-c74a786,1-0,1.0,6008,4579,5838,3.6
16426,Base-f462400,1/2-1/2,0.5,6008,4580,5838,3.6
16429,New-c74a786,0-1,0.0,6008,4580,5839,3.6
16431,New-c74a786,0-1,0.0,6008,4580,5840,3.6
16425,New-c74a786,0-1,0.0,6008,4580,5841,3.5
16428,Base-f462400,0-1,1.0,6009,4580,5841,3.6
16430,Base-f462400,1/2-1/2,0.5,6009,4581,5841,3.6
16434,Base-f462400,1-0,0.0,6009,4581,5842,3.5
16432,Base-f462400,0-1,1.0,6010,4581,5842,3.6
16433,New-c74a786,0-1,0.0,6010,4581,5843,3.5
16436,Base-f462400,1/2-1/2,0.5,6010,4582,5843,3.5
16438,Base-f462400,1/2-1/2,0.5,6010,4583,5843,3.5
16435,New-c74a786,0-1,0.0,6010,4583,5844,3.5
16439,New-c74a786,1-0,1.0,6011,4583,5844,3.5
16437,New-c74a786,1/2-1/2,0.5,6011,4584,5844,3.5
16442,Base-f462400,1/2-1/2,0.5,6011,4585,5844,3.5
16443,New-c74a786,1-0,1.0,6012,4585,5844,3.6
16440,Base-f462400,1-0,0.0,6012,4585,5845,3.5
16446,Base-f462400,1/2-1/2,0.5,6012,4586,5845,3.5
16444,Base-f462400,0-1,1.0,6013,4586,5845,3.5
16441,New-c74a786,1-0,1.0,6014,4586,5845,3.6
16445,New-c74a786,1-0,1.0,6015,4586,5845,3.6
16447,New-c74a786,1-0,1.0,6016,4586,5845,3.6
16449,New-c74a786,1-0,1.0,6017,4586,5845,3.6
16448,Base-f462400,1-0,0.0,6017,4586,5846,3.6
16450,Base-f462400,0-1,1.0,6018,4586,5846,3.6
16451,New-c74a786,1/2-1/2,0.5,6018,4587,5846,3.6
16454,Base-f462400,1-0,0.0,6018,4587,5847,3.6
16453,New-c74a786,1/2-1/2,0.5,6018,4588,5847,3.6
16455,New-c74a786,0-1,0.0,6018,4588,5848,3.6
16456,Base-f462400,0-1,1.0,6019,4588,5848,3.6
16452,Base-f462400,1/2-1/2,0.5,6019,4589,5848,3.6
16457,New-c74a786,0-1,0.0,6019,4589,5849,3.6
16463,New-c74a786,1-0,1.0,6020,4589,5849,3.6
16458,Base-f462400,1/2-1/2,0.5,6020,4590,5849,3.6
16459,New-c74a786,1-0,1.0,6021,4590,5849,3.6
16462,Base-f462400,1-0,0.0,6021,4590,5850,3.6
16461,New-c74a786,0-1,0.0,6021,4590,5851,3.6
16464,Base-f462400,1-0,0.0,6021,4590,5852,3.6
16460,Base-f462400,1/2-1/2,0.5,6021,4591,5852,3.6
16465,New-c74a786,1-0,1.0,6022,4591,5852,3.6
16466,Base-f462400,1-0,0.0,6022,4591,5853,3.6
16467,New-c74a786,1-0,1.0,6023,4591,5853,3.6
16470,Base-f462400,1-0,0.0,6023,4591,5854,3.6
16473,New-c74a786,0-1,0.0,6023,4591,5855,3.5
16472,Base-f462400,1/2-1/2,0.5,6023,4592,5855,3.5
16468,Base-f462400,1-0,0.0,6023,4592,5856,3.5
16471,New-c74a786,1/2-1/2,0.5,6023,4593,5856,3.5
16478,Base-f462400,1/2-1/2,0.5,6023,4594,5856,3.5
16476,Base-f462400,1-0,0.0,6023,4594,5857,3.5
16469,New-c74a786,1/2-1/2,0.5,6023,4595,5857,3.5
16474,Base-f462400,0-1,1.0,6024,4595,5857,3.5
16475,New-c74a786,1/2-1/2,0.5,6024,4596,5857,3.5
16481,New-c74a786,1-0,1.0,6025,4596,5857,3.5
16477,New-c74a786,0-1,0.0,6025,4596,5858,3.5
16480,Base-f462400,1-0,0.0,6025,4596,5859,3.5
16479,New-c74a786,0-1,0.0,6025,4596,5860,3.5
16483,New-c74a786,0-1,0.0,6025,4596,5861,3.5
16484,Base-f462400,1/2-1/2,0.5,6025,4597,5861,3.5
16487,New-c74a786,1-0,1.0,6026,4597,5861,3.5
16482,Base-f462400,1-0,0.0,6026,4597,5862,3.5
16489,New-c74a786,1/2-1/2,0.5,6026,4598,5862,3.5
16486,Base-f462400,1-0,0.0,6026,4598,5863,3.4
16485,New-c74a786,0-1,0.0,6026,4598,5864,3.4
16488,Base-f462400,0-1,1.0,6027,4598,5864,3.4
16493,New-c74a786,0-1,0.0,6027,4598,5865,3.4
16492,Base-f462400,0-1,1.0,6028,4598,5865,3.4
16490,Base-f462400,0-1,1.0,6029,4598,5865,3.5
16495,New-c74a786,0-1,0.0,6029,4598,5866,3.4
16491,New-c74a786,1/2-1/2,0.5,6029,4599,5866,3.4
16496,Base-f462400,1-0,0.0,6029,4599,5867,3.4
16497,New-c74a786,0-1,0.0,6029,4599,5868,3.4
16494,Base-f462400,1/2-1/2,0.5,6029,4600,5868,3.4
16498,Base-f462400,1-0,0.0,6029,4600,5869,3.4
16504,Base-f462400,0-1,1.0,6030,4600,5869,3.4
16499,New-c74a786,1/2-1/2,0.5,6030,4601,5869,3.4
16500,Base-f462400,1-0,0.0,6030,4601,5870,3.4
16502,Base-f462400,1-0,0.0,6030,4601,5871,3.3
16501,New-c74a786,1-0,1.0,6031,4601,5871,3.4
16503,New-c74a786,1/2-1/2,0.5,6031,4602,5871,3.4
16505,New-c74a786,1-0,1.0,6032,4602,5871,3.4
16508,Base-f462400,1/2-1/2,0.5,6032,4603,5871,3.4
16506,Base-f462400,0-1,1.0,6033,4603,5871,3.4
16507,New-c74a786,0-1,0.0,6033,4603,5872,3.4
16509,New-c74a786,0-1,0.0,6033,4603,5873,3.4
16511,New-c74a786,1/2-1/2,0.5,6033,4604,5873,3.4
16510,Base-f462400,0-1,1.0,6034,4604,5873,3.4
16512,Base-f462400,1/2-1/2,0.5,6034,4605,5873,3.4
16513,New-c74a786,1/2-1/2,0.5,6034,4606,5873,3.4
16517,New-c74a786,0-1,0.0,6034,4606,5874,3.4
16516,Base-f462400,1/2-1/2,0.5,6034,4607,5874,3.4
16515,New-c74a786,1-0,1.0,6035,4607,5874,3.4
16518,Base-f462400,0-1,1.0,6036,4607,5874,3.4
16514,Base-f462400,1-0,0.0,6036,4607,5875,3.4
16519,New-c74a786,0-1,0.0,6036,4607,5876,3.4
16521,New-c74a786,0-1,0.0,6036,4607,5877,3.3
16520,Base-f462400,1-0,0.0,6036,4607,5878,3.3
16522,Base-f462400,1-0,0.0,6036,4607,5879,3.3
16523,New-c74a786,1/2-1/2,0.5,6036,4608,5879,3.3
16529,New-c74a786,1/2-1/2,0.5,6036,4609,5879,3.3
16527,New-c74a786,1/2-1/2,0.5,6036,4610,5879,3.3
16525,New-c74a786,1/2-1/2,0.5,6036,4611,5879,3.3
16524,Base-f462400,1/2-1/2,0.5,6036,4612,5879,3.3
16530,Base-f462400,1/2-1/2,0.5,6036,4613,5879,3.3
16528,Base-f462400,1/2-1/2,0.5,6036,4614,5879,3.3
16531,New-c74a786,0-1,0.0,6036,4614,5880,3.3
16526,Base-f462400,1/2-1/2,0.5,6036,4615,5880,3.3
16536,Base-f462400,1/2-1/2,0.5,6036,4616,5880,3.3
16532,Base-f462400,0-1,1.0,6037,4616,5880,3.3
16534,Base-f462400,0-1,1.0,6038,4616,5880,3.3
16535,New-c74a786,1-0,1.0,6039,4616,5880,3.3
16533,New-c74a786,1-0,1.0,6040,4616,5880,3.4
16537,New-c74a786,0-1,0.0,6040,4616,5881,3.3
16540,Base-f462400,0-1,1.0,6041,4616,5881,3.4
16541,New-c74a786,1/2-1/2,0.5,6041,4617,5881,3.4
16539,New-c74a786,0-1,0.0,6041,4617,5882,3.3
16538,Base-f462400,1-0,0.0,6041,4617,5883,3.3
16544,Base-f462400,1/2-1/2,0.5,6041,4618,5883,3.3
16542,Base-f462400,1-0,0.0,6041,4618,5884,3.3
16543,New-c74a786,0-1,0.0,6041,4618,5885,3.3
16545,New-c74a786,1-0,1.0,6042,4618,5885,3.3
16546,Base-f462400,1-0,0.0,6042,4618,5886,3.3
16549,New-c74a786,1-0,1.0,6043,4618,5886,3.3
16547,New-c74a786,1/2-1/2,0.5,6043,4619,5886,3.3
16548,Base-f462400,0-1,1.0,6044,4619,5886,3.3
16550,Base-f462400,0-1,1.0,6045,4619,5886,3.3
16551,New-c74a786,1/2-1/2,0.5,6045,4620,5886,3.3
16553,New-c74a786,0-1,0.0,6045,4620,5887,3.3
16552,Base-f462400,1-0,0.0,6045,4620,5888,3.3
16555,New-c74a786,1-0,1.0,6046,4620,5888,3.3
16556,Base-f462400,0-1,1.0,6047,4620,5888,3.3
16554,Base-f462400,0-1,1.0,6048,4620,5888,3.4
16557,New-c74a786,1/2-1/2,0.5,6048,4621,5888,3.4
16561,New-c74a786,1/2-1/2,0.5,6048,4622,5888,3.4
16558,Base-f462400,1-0,0.0,6048,4622,5889,3.3
16559,New-c74a786,0-1,0.0,6048,4622,5890,3.3
16562,Base-f462400,1-0,0.0,6048,4622,5891,3.3
16563,New-c74a786,1/2-1/2,0.5,6048,4623,5891,3.3
16560,Base-f462400,1-0,0.0,6048,4623,5892,3.3
16566,Base-f462400,0-1,1.0,6049,4623,5892,3.3
16565,New-c74a786,1-0,1.0,6050,4623,5892,3.3
16567,New-c74a786,0-1,0.0,6050,4623,5893,3.3
16564,Base-f462400,0-1,1.0,6051,4623,5893,3.3
16568,Base-f462400,0-1,1.0,6052,4623,5893,3.3
16569,New-c74a786,1-0,1.0,6053,4623,5893,3.4
16570,Base-f462400,0-1,1.0,6054,4623,5893,3.4
16571,New-c74a786,1-0,1.0,6055,4623,5893,3.4
16574,Base-f462400,0-1,1.0,6056,4623,5893,3.4
16572,Base-f462400,1-0,0.0,6056,4623,5894,3.4
16578,Base-f462400,0-1,1.0,6057,4623,5894,3.4
16573,New-c74a786,1/2-1/2,0.5,6057,4624,5894,3.4
16575,New-c74a786,1/2-1/2,0.5,6057,4625,5894,3.4
16577,New-c74a786,1-0,1.0,6058,4625,5894,3.4
16576,Base-f462400,1-0,0.0,6058,4625,5895,3.4
16579,New-c74a786,1-0,1.0,6059,4625,5895,3.4
16580,Base-f462400,1-0,0.0,6059,4625,5896,3.4
16582,Base-f462400,1/2-1/2,0.5,6059,4626,5896,3.4
16583,New-c74a786,1-0,1.0,6060,4626,5896,3.4
16581,New-c74a786,0-1,0.0,6060,4626,5897,3.4
16585,New-c74a786,1/2-1/2,0.5,6060,4627,5897,3.4
16587,New-c74a786,0-1,0.0,6060,4627,5898,3.4
16589,New-c74a786,0-1,0.0,6060,4627,5899,3.4
16586,Base-f462400,0-1,1.0,6061,4627,5899,3.4
16584,Base-f462400,0-1,1.0,6062,4627,5899,3.4
16590,Base-f462400,1-0,0.0,6062,4627,5900,3.4
16591,New-c74a786,0-1,0.0,6062,4627,5901,3.4
16592,Base-f462400,1-0,0.0,6062,4627,5902,3.4
16588,Base-f462400,1/2-1/2,0.5,6062,4628,5902,3.4
16594,Base-f462400,1-0,0.0,6062,4628,5903,3.3
16593,New-c74a786,1-0,1.0,6063,4628,5903,3.4
16596,Base-f462400,1-0,0.0,6063,4628,5904,3.3
16595,New-c74a786,0-1,0.0,6063,4628,5905,3.3
16603,New-c74a786,1/2-1/2,0.5,6063,4629,5905,3.3
16598,Base-f462400,1-0,0.0,6063,4629,5906,3.3
16602,Base-f462400,0-1,1.0,6064,4629,5906,3.3
16599,New-c74a786,1/2-1/2,0.5,6064,4630,5906,3.3
16597,New-c74a786,1/2-1/2,0.5,6064,4631,5906,3.3
16600,Base-f462400,0-1,1.0,6065,4631,5906,3.3
16601,New-c74a786,0-1,0.0,6065,4631,5907,3.3
16604,Base-f462400,0-1,1.0,6066,4631,5907,3.3
16606,Base-f462400,0-1,1.0,6067,4631,5907,3.3
16608,Base-f462400,0-1,1.0,6068,4631,5907,3.4
16609,New-c74a786,0-1,0.0,6068,4631,5908,3.3
16605,New-c74a786,0-1,0.0,6068,4631,5909,3.3
16607,New-c74a786,1/2-1/2,0.5,6068,4632,5909,3.3
16610,Base-f462400,1-0,0.0,6068,4632,5910,3.3
16611,New-c74a786,1-0,1.0,6069,4632,5910,3.3
16612,Base-f462400,1-0,0.0,6069,4632,5911,3.3
16615,New-c74a786,1/2-1/2,0.5,6069,4633,5911,3.3
16617,New-c74a786,1/2-1/2,0.5,6069,4634,5911,3.3
16614,Base-f462400,0-1,1.0,6070,4634,5911,3.3
16613,New-c74a786,1-0,1.0,6071,4634,5911,3.3
16619,New-c74a786,1-0,1.0,6072,4634,5911,3.4
16618,Base-f462400,1-0,0.0,6072,4634,5912,3.3
16616,Base-f462400,1-0,0.0,6072,4634,5913,3.3
16620,Base-f462400,1-0,0.0,6072,4634,5914,3.3
16622,Base-f462400,0-1,1.0,6073,4634,5914,3.3
16623,New-c74a786,1-0,1.0,6074,4634,5914,3.3
16627,New-c74a786,1/2-1/2,0.5,6074,4635,5914,3.3
16621,New-c74a786,1-0,1.0,6075,4635,5914,3.4
16624,Base-f462400,0-1,1.0,6076,4635,5914,3.4
16626,Base-f462400,1-0,0.0,6076,4635,5915,3.4
16625,New-c74a786,1-0,1.0,6077,4635,5915,3.4
16628,Base-f462400,1/2-1/2,0.5,6077,4636,5915,3.4
16635,New-c74a786,1/2-1/2,0.5,6077,4637,5915,3.4
16632,Base-f462400,1/2-1/2,0.5,6077,4638,5915,3.4
16631,New-c74a786,1-0,1.0,6078,4638,5915,3.4
16629,New-c74a786,1-0,1.0,6079,4638,5915,3.4
16633,New-c74a786,1-0,1.0,6080,4638,5915,3.4
16636,Base-f462400,1-0,0.0,6080,4638,5916,3.4
16630,Base-f462400,1/2-1/2,0.5,6080,4639,5916,3.4
16634,Base-f462400,1-0,0.0,6080,4639,5917,3.4
16637,New-c74a786,1-0,1.0,6081,4639,5917,3.4
16640,Base-f462400,1-0,0.0,6081,4639,5918,3.4
16639,New-c74a786,0-1,0.0,6081,4639,5919,3.4
16638,Base-f462400,1-0,0.0,6081,4639,5920,3.4
16643,New-c74a786,1-0,1.0,6082,4639,5920,3.4
16642,Base-f462400,0-1,1.0,6083,4639,5920,3.4
16644,Base-f462400,0-1,1.0,6084,4639,5920,3.4
16641,New-c74a786,0-1,0.0,6084,4639,5921,3.4
16648,Base-f462400,1-0,0.0,6084,4639,5922,3.4
16647,New-c74a786,0-1,0.0,6084,4639,5923,3.4
16646,Base-f462400,1/2-1/2,0.5,6084,4640,5923,3.4
16645,New-c74a786,0-1,0.0,6084,4640,5924,3.3
16650,Base-f462400,0-1,1.0,6085,4640,5924,3.4
16649,New-c74a786,1-0,1.0,6086,4640,5924,3.4
16651,New-c74a786,1-0,1.0,6087,4640,5924,3.4
16652,Base-f462400,0-1,1.0,6088,4640,5924,3.4
16653,New-c74a786,1/2-1/2,0.5,6088,4641,5924,3.4
16654,Base-f462400,0-1,1.0,6089,4641,5924,3.4
16655,New-c74a786,1-0,1.0,6090,4641,5924,3.5
16659,New-c74a786,1-0,1.0,6091,4641,5924,3.5
16657,New-c74a786,1-0,1.0,6092,4641,5924,3.5
16658,Base-f462400,1/2-1/2,0.5,6092,4642,5924,3.5
16656,Base-f462400,1/2-1/2,0.5,6092,4643,5924,3.5
16661,New-c74a786,1-0,1.0,6093,4643,5924,3.5
16660,Base-f462400,1/2-1/2,0.5,6093,4644,5924,3.5
16666,Base-f462400,1/2-1/2,0.5,6093,4645,5924,3.5
16662,Base-f462400,1/2-1/2,0.5,6093,4646,5924,3.5
16663,New-c74a786,0-1,0.0,6093,4646,5925,3.5
16664,Base-f462400,1-0,0.0,6093,4646,5926,3.5
16665,New-c74a786,0-1,0.0,6093,4646,5927,3.5
16671,New-c74a786,1-0,1.0,6094,4646,5927,3.5
16670,Base-f462400,0-1,1.0,6095,4646,5927,3.5
16667,New-c74a786,1/2-1/2,0.5,6095,4647,5927,3.5
16668,Base-f462400,0-1,1.0,6096,4647,5927,3.5
16669,New-c74a786,1/2-1/2,0.5,6096,4648,5927,3.5
16672,Base-f462400,1-0,0.0,6096,4648,5928,3.5
16674,Base-f462400,1-0,0.0,6096,4648,5929,3.5
16673,New-c74a786,0-1,0.0,6096,4648,5930,3.5
16676,Base-f462400,1/2-1/2,0.5,6096,4649,5930,3.5
16678,Base-f462400,1-0,0.0,6096,4649,5931,3.4
16675,New-c74a786,0-1,0.0,6096,4649,5932,3.4
16679,New-c74a786,0-1,0.0,6096,4649,5933,3.4
16677,New-c74a786,1/2-1/2,0.5,6096,4650,5933,3.4
16680,Base-f462400,0-1,1.0,6097,4650,5933,3.4
16681,New-c74a786,0-1,0.0,6097,4650,5934,3.4
16682,Base-f462400,1/2-1/2,0.5,6097,4651,5934,3.4
16683,New-c74a786,0-1,0.0,6097,4651,5935,3.4
16686,Base-f462400,0-1,1.0,6098,4651,5935,3.4
16684,Base-f462400,1-0,0.0,6098,4651,5936,3.4
16689,New-c74a786,1/2-1/2,0.5,6098,4652,5936,3.4
16685,New-c74a786,1/2-1/2,0.5,6098,4653,5936,3.4
16690,Base-f462400,1/2-1/2,0.5,6098,4654,5936,3.4
16688,Base-f462400,0-1,1.0,6099,4654,5936,3.4
16687,New-c74a786,1/2-1/2,0.5,6099,4655,5936,3.4
16691,New-c74a786,0-1,0.0,6099,4655,5937,3.4
16692,Base-f462400,0-1,1.0,6100,4655,5937,3.4
16693,New-c74a786,1/2-1/2,0.5,6100,4656,5937,3.4
16696,Base-f462400,1/2-1/2,0.5,6100,4657,5937,3.4
16694,Base-f462400,1-0,0.0,6100,4657,5938,3.4
16695,New-c74a786,1/2-1/2,0.5,6100,4658,5938,3.4
16699,New-c74a786,1/2-1/2,0.5,6100,4659,5938,3.4
16697,New-c74a786,1-0,1.0,6101,4659,5938,3.4
16701,New-c74a786,1/2-1/2,0.5,6101,4660,5938,3.4
16698,Base-f462400,1-0,0.0,6101,4660,5939,3.4
16702,Base-f462400,0-1,1.0,6102,4660,5939,3.4
16700,Base-f462400,1/2-1/2,0.5,6102,4661,5939,3.4
16703,New-c74a786,1/2-1/2,0.5,6102,4662,5939,3.4
16704,Base-f462400,1/2-1/2,0.5,6102,4663,5939,3.4
16707,New-c74a786,1/2-1/2,0.5,6102,4664,5939,3.4
16705,New-c74a786,0-1,0.0,6102,4664,5940,3.4
16706,Base-f462400,0-1,1.0,6103,4664,5940,3.4
16708,Base-f462400,0-1,1.0,6104,4664,5940,3.4
16709,New-c74a786,0-1,0.0,6104,4664,5941,3.4
16710,Base-f462400,0-1,1.0,6105,4664,5941,3.4
16713,New-c74a786,0-1,0.0,6105,4664,5942,3.4
16714,Base-f462400,0-1,1.0,6106,4664,5942,3.4
16711,New-c74a786,1/2-1/2,0.5,6106,4665,5942,3.4
16717,New-c74a786,1-0,1.0,6107,4665,5942,3.4
16712,Base-f462400,1/2-1/2,0.5,6107,4666,5942,3.4
16716,Base-f462400,1-0,0.0,6107,4666,5943,3.4
16715,New-c74a786,0-1,0.0,6107,4666,5944,3.4
16718,Base-f462400,1-0,0.0,6107,4666,5945,3.4
16724,Base-f462400,1/2-1/2,0.5,6107,4667,5945,3.4
16721,New-c74a786,1-0,1.0,6108,4667,5945,3.4
16719,New-c74a786,1-0,1.0,6109,4667,5945,3.4
16720,Base-f462400,1-0,0.0,6109,4667,5946,3.4
16725,New-c74a786,1-0,1.0,6110,4667,5946,3.4
16722,Base-f462400,0-1,1.0,6111,4667,5946,3.4
16726,Base-f462400,1-0,0.0,6111,4667,5947,3.4
16723,New-c74a786,0-1,0.0,6111,4667,5948,3.4
16727,New-c74a786,1-0,1.0,6112,4667,5948,3.4
16728,Base-f462400,1-0,0.0,6112,4667,5949,3.4
16731,New-c74a786,1-0,1.0,6113,4667,5949,3.4
16732,Base-f462400,1-0,0.0,6113,4667,5950,3.4
16730,Base-f462400,0-1,1.0,6114,4667,5950,3.4
16729,New-c74a786,1/2-1/2,0.5,6114,4668,5950,3.4
16733,New-c74a786,1-0,1.0,6115,4668,5950,3.4
16734,Base-f462400,1-0,0.0,6115,4668,5951,3.4
16735,New-c74a786,1-0,1.0,6116,4668,5951,3.4
16742,Base-f462400,1-0,0.0,6116,4668,5952,3.4
16738,Base-f462400,1-0,0.0,6116,4668,5953,3.4
16736,Base-f462400,1/2-1/2,0.5,6116,4669,5953,3.4
16737,New-c74a786,1-0,1.0,6117,4669,5953,3.4
16741,New-c74a786,1-0,1.0,6118,4669,5953,3.4
16740,Base-f462400,0-1,1.0,6119,4669,5953,3.4
16739,New-c74a786,1/2-1/2,0.5,6119,4670,5953,3.4
16743,New-c74a786,0-1,0.0,6119,4670,5954,3.4
16749,New-c74a786,1/2-1/2,0.5,6119,4671,5954,3.4
16750,Base-f462400,1/2-1/2,0.5,6119,4672,5954,3.4
16744,Base-f462400,1-0,0.0,6119,4672,5955,3.4
16748,Base-f462400,1-0,0.0,6119,4672,5956,3.4
16746,Base-f462400,1-0,0.0,6119,4672,5957,3.4
16745,New-c74a786,0-1,0.0,6119,4672,5958,3.3
16747,New-c74a786,1/2-1/2,0.5,6119,4673,5958,3.3
16751,New-c74a786,1/2-1/2,0.5,6119,4674,5958,3.3
16752,Base-f462400,0-1,1.0,6120,4674,5958,3.4
16753,New-c74a786,1-0,1.0,6121,4674,5958,3.4
16755,New-c74a786,1-0,1.0,6122,4674,5958,3.4
16757,New-c74a786,0-1,0.0,6122,4674,5959,3.4
16754,Base-f462400,1/2-1/2,0.5,6122,4675,5959,3.4
16756,Base-f462400,1-0,0.0,6122,4675,5960,3.4
16758,Base-f462400,0-1,1.0,6123,4675,5960,3.4
16759,New-c74a786,0-1,0.0,6123,4675,5961,3.4
16760,Base-f462400,1/2-1/2,0.5,6123,4676,5961,3.4
16761,New-c74a786,0-1,0.0,6123,4676,5962,3.3
16762,Base-f462400,1-0,0.0,6123,4676,5963,3.3
16765,New-c74a786,0-1,0.0,6123,4676,5964,3.3
16764,Base-f462400,1-0,0.0,6123,4676,5965,3.3
16763,New-c74a786,1/2-1/2,0.5,6123,4677,5965,3.3
16766,Base-f462400,0-1,1.0,6124,4677,5965,3.3
16767,New-c74a786,1-0,1.0,6125,4677,5965,3.3
16770,Base-f462400,0-1,1.0,6126,4677,5965,3.3
16768,Base-f462400,1/2-1/2,0.5,6126,4678,5965,3.3
16769,New-c74a786,0-1,0.0,6126,4678,5966,3.3
16771,New-c74a786,1/2-1/2,0.5,6126,4679,5966,3.3
16772,Base-f462400,1/2-1/2,0.5,6126,4680,5966,3.3
16773,New-c74a786,0-1,0.0,6126,4680,5967,3.3
16775,New-c74a786,1-0,1.0,6127,4680,5967,3.3
16774,Base-f462400,1/2-1/2,0.5,6127,4681,5967,3.3
16776,Base-f462400,0-1,1.0,6128,4681,5967,3.3
16778,Base-f462400,0-1,1.0,6129,4681,5967,3.4
16777,New-c74a786,1-0,1.0,6130,4681,5967,3.4
16780,Base-f462400,1/2-1/2,0.5,6130,4682,5967,3.4
16779,New-c74a786,1/2-1/2,0.5,6130,4683,5967,3.4
16782,Base-f462400,1-0,0.0,6130,4683,5968,3.4
16781,New-c74a786,1-0,1.0,6131,4683,5968,3.4
16784,Base-f462400,0-1,1.0,6132,4683,5968,3.4
16783,New-c74a786,1-0,1.0,6133,4683,5968,3.4
16785,New-c74a786,1/2-1/2,0.5,6133,4684,5968,3.4
16786,Base-f462400,1/2-1/2,0.5,6133,4685,5968,3.4
16787,New-c74a786,1-0,1.0,6134,4685,5968,3.4
16788,Base-f462400,1-0,0.0,6134,4685,5969,3.4
16790,Base-f462400,0-1,1.0,6135,4685,5969,3.4
16792,Base-f462400,0-1,1.0,6136,4685,5969,3.5
16791,New-c74a786,1/2-1/2,0.5,6136,4686,5969,3.5
16789,New-c74a786,1/2-1/2,0.5,6136,4687,5969,3.5
16793,New-c74a786,0-1,0.0,6136,4687,5970,3.4
16795,New-c74a786,1/2-1/2,0.5,6136,4688,5970,3.4
16794,Base-f462400,0-1,1.0,6137,4688,5970,3.5
16796,Base-f462400,1-0,0.0,6137,4688,5971,3.4
16797,New-c74a786,1-0,1.0,6138,4688,5971,3.5
16798,Base-f462400,1/2-1/2,0.5,6138,4689,5971,3.5
16801,New-c74a786,1-0,1.0,6139,4689,5971,3.5
16800,Base-f462400,1-0,0.0,6139,4689,5972,3.5
16799,New-c74a786,1-0,1.0,6140,4689,5972,3.5
16802,Base-f462400,1-0,0.0,6140,4689,5973,3.5
16803,New-c74a786,1-0,1.0,6141,4689,5973,3.5
16804,Base-f462400,0-1,1.0,6142,4689,5973,3.5
16805,New-c74a786,1-0,1.0,6143,4689,5973,3.5
16807,New-c74a786,1-0,1.0,6144,4689,5973,3.5
16806,Base-f462400,1-0,0.0,6144,4689,5974,3.5
16809,New-c74a786,0-1,0.0,6144,4689,5975,3.5
16810,Base-f462400,0-1,1.0,6145,4689,5975,3.5
16808,Base-f462400,1/2-1/2,0.5,6145,4690,5975,3.5
16814,Base-f462400,1/2-1/2,0.5,6145,4691,5975,3.5
16813,New-c74a786,0-1,0.0,6145,4691,5976,3.5
16815,New-c74a786,1/2-1/2,0.5,6145,4692,5976,3.5
16812,Base-f462400,1/2-1/2,0.5,6145,4693,5976,3.5
16816,Base-f462400,0-1,1.0,6146,4693,5976,3.5
16811,New-c74a786,1/2-1/2,0.5,6146,4694,5976,3.5
16817,New-c74a786,1-0,1.0,6147,4694,5976,3.5
16818,Base-f462400,1/2-1/2,0.5,6147,4695,5976,3.5
16822,Base-f462400,0-1,1.0,6148,4695,5976,3.6
16819,New-c74a786,1-0,1.0,6149,4695,5976,3.6
16820,Base-f462400,0-1,1.0,6150,4695,5976,3.6
16823,New-c74a786,1-0,1.0,6151,4695,5976,3.6
16821,New-c74a786,1/2-1/2,0.5,6151,4696,5976,3.6
16824,Base-f462400,1/2-1/2,0.5,6151,4697,5976,3.6
16826,Base-f462400,0-1,1.0,6152,4697,5976,3.6
16825,New-c74a786,0-1,0.0,6152,4697,5977,3.6
16827,New-c74a786,1-0,1.0,6153,4697,5977,3.6
16828,Base-f462400,1/2-1/2,0.5,6153,4698,5977,3.6
16830,Base-f462400,1/2-1/2,0.5,6153,4699,5977,3.6
16829,New-c74a786,1/2-1/2,0.5,6153,4700,5977,3.6
16833,New-c74a786,1-0,1.0,6154,4700,5977,3.7
16832,Base-f462400,1-0,0.0,6154,4700,5978,3.6
16831,New-c74a786,0-1,0.0,6154,4700,5979,3.6
16835,New-c74a786,0-1,0.0,6154,4700,5980,3.6
16834,Base-f462400,1/2-1/2,0.5,6154,4701,5980,3.6
16837,New-c74a786,0-1,0.0,6154,4701,5981,3.6
16836,Base-f462400,1/2-1/2,0.5,6154,4702,5981,3.6
16838,Base-f462400,1-0,0.0,6154,4702,5982,3.5
16842,Base-f462400,1-0,0.0,6154,4702,5983,3.5
16839,New-c74a786,0-1,0.0,6154,4702,5984,3.5
16841,New-c74a786,1-0,1.0,6155,4702,5984,3.5
16843,New-c74a786,1-0,1.0,6156,4702,5984,3.5
16840,Base-f462400,1/2-1/2,0.5,6156,4703,5984,3.5
16844,Base-f462400,0-1,1.0,6157,4703,5984,3.6
16845,New-c74a786,1-0,1.0,6158,4703,5984,3.6
16847,New-c74a786,1-0,1.0,6159,4703,5984,3.6
16851,New-c74a786,0-1,0.0,6159,4703,5985,3.6
16849,New-c74a786,0-1,0.0,6159,4703,5986,3.6
16850,Base-f462400,0-1,1.0,6160,4703,5986,3.6
16848,Base-f462400,1/2-1/2,0.5,6160,4704,5986,3.6
16846,Base-f462400,1/2-1/2,0.5,6160,4705,5986,3.6
16852,Base-f462400,0-1,1.0,6161,4705,5986,3.6
16853,New-c74a786,1-0,1.0,6162,4705,5986,3.6
16854,Base-f462400,1/2-1/2,0.5,6162,4706,5986,3.6
16859,New-c74a786,1/2-1/2,0.5,6162,4707,5986,3.6
16855,New-c74a786,0-1,0.0,6162,4707,5987,3.6
16860,Base-f462400,0-1,1.0,6163,4707,5987,3.6
16857,New-c74a786,0-1,0.0,6163,4707,5988,3.6
16856,Base-f462400,0-1,1.0,6164,4707,5988,3.6
16858,Base-f462400,1/2-1/2,0.5,6164,4708,5988,3.6
16863,New-c74a786,1/2-1/2,0.5,6164,4709,5988,3.6
16861,New-c74a786,1/2-1/2,0.5,6164,4710,5988,3.6
16865,New-c74a786,0-1,0.0,6164,4710,5989,3.6
16864,Base-f462400,1-0,0.0,6164,4710,5990,3.6
16862,Base-f462400,1-0,0.0,6164,4710,5991,3.6
16869,New-c74a786,1-0,1.0,6165,4710,5991,3.6
16866,Base-f462400,0-1,1.0,6166,4710,5991,3.6
16867,New-c74a786,1/2-1/2,0.5,6166,4711,5991,3.6
16870,Base-f462400,1-0,0.0,6166,4711,5992,3.6
16868,Base-f462400,1/2-1/2,0.5,6166,4712,5992,3.6
16872,Base-f462400,1/2-1/2,0.5,6166,4713,5992,3.6
16871,New-c74a786,0-1,0.0,6166,4713,5993,3.6
16874,Base-f462400,1-0,0.0,6166,4713,5994,3.5
16873,New-c74a786,0-1,0.0,6166,4713,5995,3.5
16876,Base-f462400,0-1,1.0,6167,4713,5995,3.5
16875,New-c74a786,1-0,1.0,6168,4713,5995,3.6
16877,New-c74a786,1-0,1.0,6169,4713,5995,3.6
16878,Base-f462400,1/2-1/2,0.5,6169,4714,5995,3.6
16879,New-c74a786,0-1,0.0,6169,4714,5996,3.6
16880,Base-f462400,0-1,1.0,6170,4714,5996,3.6
16882,Base-f462400,1/2-1/2,0.5,6170,4715,5996,3.6
16884,Base-f462400,0-1,1.0,6171,4715,5996,3.6
16881,New-c74a786,0-1,0.0,6171,4715,5997,3.6
16885,New-c74a786,0-1,0.0,6171,4715,5998,3.6
16883,New-c74a786,1-0,1.0,6172,4715,5998,3.6
16886,Base-f462400,0-1,1.0,6173,4715,5998,3.6
16887,New-c74a786,0-1,0.0,6173,4715,5999,3.6
16888,Base-f462400,1/2-1/2,0.5,6173,4716,5999,3.6
16889,New-c74a786,1-0,1.0,6174,4716,5999,3.6
16891,New-c74a786,1-0,1.0,6175,4716,5999,3.6
16893,New-c74a786,0-1,0.0,6175,4716,6000,3.6
16892,Base-f462400,1/2-1/2,0.5,6175,4717,6000,3.6
16894,Base-f462400,1-0,0.0,6175,4717,6001,3.6
16890,Base-f462400,1/2-1/2,0.5,6175,4718,6001,3.6
16895,New-c74a786,0-1,0.0,6175,4718,6002,3.6
16896,Base-f462400,1-0,0.0,6175,4718,6003,3.5
16897,New-c74a786,1-0,1.0,6176,4718,6003,3.6
16901,New-c74a786,0-1,0.0,6176,4718,6004,3.5
16905,New-c74a786,1/2-1/2,0.5,6176,4719,6004,3.5
16898,Base-f462400,1-0,0.0,6176,4719,6005,3.5
16903,New-c74a786,0-1,0.0,6176,4719,6006,3.5
16904,Base-f462400,0-1,1.0,6177,4719,6006,3.5
16900,Base-f462400,1/2-1/2,0.5,6177,4720,6006,3.5
16899,New-c74a786,0-1,0.0,6177,4720,6007,3.5
16902,Base-f462400,1-0,0.0,6177,4720,6008,3.5
16908,Base-f462400,1/2-1/2,0.5,6177,4721,6008,3.5
16907,New-c74a786,0-1,0.0,6177,4721,6009,3.5
16911,New-c74a786,0-1,0.0,6177,4721,6010,3.4
16910,Base-f462400,0-1,1.0,6178,4721,6010,3.5
16912,Base-f462400,1-0,0.0,6178,4721,6011,3.4
16906,Base-f462400,0-1,1.0,6179,4721,6011,3.5
16909,New-c74a786,0-1,0.0,6179,4721,6012,3.4
16913,New-c74a786,0-1,0.0,6179,4721,6013,3.4
16914,Base-f462400,1-0,0.0,6179,4721,6014,3.4
16916,Base-f462400,1-0,0.0,6179,4721,6015,3.4
16915,New-c74a786,1-0,1.0,6180,4721,6015,3.4
16917,New-c74a786,1-0,1.0,6181,4721,6015,3.4
16920,Base-f462400,0-1,1.0,6182,4721,6015,3.4
16918,Base-f462400,1/2-1/2,0.5,6182,4722,6015,3.4
16919,New-c74a786,1-0,1.0,6183,4722,6015,3.4
16921,New-c74a786,1/2-1/2,0.5,6183,4723,6015,3.4
16923,New-c74a786,1-0,1.0,6184,4723,6015,3.5
16922,Base-f462400,1-0,0.0,6184,4723,6016,3.4
16925,New-c74a786,1-0,1.0,6185,4723,6016,3.5
16927,New-c74a786,0-1,0.0,6185,4723,6017,3.4
16926,Base-f462400,0-1,1.0,6186,4723,6017,3.5
16930,Base-f462400,1/2-1/2,0.5,6186,4724,6017,3.5
16928,Base-f462400,1-0,0.0,6186,4724,6018,3.4
16929,New-c74a786,1/2-1/2,0.5,6186,4725,6018,3.4
16933,New-c74a786,1-0,1.0,6187,4725,6018,3.5
16932,Base-f462400,1-0,0.0,6187,4725,6019,3.4
16924,Base-f462400,1/2-1/2,0.5,6187,4726,6019,3.4
16931,New-c74a786,1-0,1.0,6188,4726,6019,3.5
16934,Base-f462400,1/2-1/2,0.5,6188,4727,6019,3.5
16937,New-c74a786,1/2-1/2,0.5,6188,4728,6019,3.5
16936,Base-f462400,1/2-1/2,0.5,6188,4729,6019,3.5
16935,New-c74a786,1/2-1/2,0.5,6188,4730,6019,3.5
16941,New-c74a786,0-1,0.0,6188,4730,6020,3.4
16939,New-c74a786,1-0,1.0,6189,4730,6020,3.5
16938,Base-f462400,1-0,0.0,6189,4730,6021,3.4
16943,New-c74a786,0-1,0.0,6189,4730,6022,3.4
16942,Base-f462400,0-1,1.0,6190,4730,6022,3.4
16945,New-c74a786,1/2-1/2,0.5,6190,4731,6022,3.4
16944,Base-f462400,1-0,0.0,6190,4731,6023,3.4
16947,New-c74a786,0-1,0.0,6190,4731,6024,3.4
16946,Base-f462400,1/2-1/2,0.5,6190,4732,6024,3.4
16951,New-c74a786,1/2-1/2,0.5,6190,4733,6024,3.4
16940,Base-f462400,1/2-1/2,0.5,6190,4734,6024,3.4
16948,Base-f462400,0-1,1.0,6191,4734,6024,3.4
16952,Base-f462400,1/2-1/2,0.5,6191,4735,6024,3.4
16949,New-c74a786,1/2-1/2,0.5,6191,4736,6024,3.4
16953,New-c74a786,0-1,0.0,6191,4736,6025,3.4
16950,Base-f462400,1-0,0.0,6191,4736,6026,3.4
16955,New-c74a786,1-0,1.0,6192,4736,6026,3.4
16954,Base-f462400,1-0,0.0,6192,4736,6027,3.4
16959,New-c74a786,0-1,0.0,6192,4736,6028,3.4
16958,Base-f462400,1-0,0.0,6192,4736,6029,3.3
16956,Base-f462400,0-1,1.0,6193,4736,6029,3.4
16957,New-c74a786,1-0,1.0,6194,4736,6029,3.4
16960,Base-f462400,0-1,1.0,6195,4736,6029,3.4
16962,Base-f462400,0-1,1.0,6196,4736,6029,3.4
16961,New-c74a786,0-1,0.0,6196,4736,6030,3.4
16963,New-c74a786,1/2-1/2,0.5,6196,4737,6030,3.4
16965,New-c74a786,1-0,1.0,6197,4737,6030,3.4
16964,Base-f462400,0-1,1.0,6198,4737,6030,3.4
16968,Base-f462400,1/2-1/2,0.5,6198,4738,6030,3.4
16969,New-c74a786,1-0,1.0,6199,4738,6030,3.5
16966,Base-f462400,1/2-1/2,0.5,6199,4739,6030,3.5
16967,New-c74a786,1-0,1.0,6200,4739,6030,3.5
16970,Base-f462400,0-1,1.0,6201,4739,6030,3.5
16971,New-c74a786,1/2-1/2,0.5,6201,4740,6030,3.5
16974,Base-f462400,1-0,0.0,6201,4740,6031,3.5
16973,New-c74a786,1-0,1.0,6202,4740,6031,3.5
16975,New-c74a786,1-0,1.0,6203,4740,6031,3.5
16976,Base-f462400,0-1,1.0,6204,4740,6031,3.5
16972,Base-f462400,1/2-1/2,0.5,6204,4741,6031,3.5
16978,Base-f462400,0-1,1.0,6205,4741,6031,3.6
16979,New-c74a786,0-1,0.0,6205,4741,6032,3.5
16980,Base-f462400,0-1,1.0,6206,4741,6032,3.6
16977,New-c74a786,1-0,1.0,6207,4741,6032,3.6
16981,New-c74a786,1/2-1/2,0.5,6207,4742,6032,3.6
16988,Base-f462400,1-0,0.0,6207,4742,6033,3.6
16983,New-c74a786,1-0,1.0,6208,4742,6033,3.6
16984,Base-f462400,0-1,1.0,6209,4742,6033,3.6
16982,Base-f462400,0-1,1.0,6210,4742,6033,3.6
16987,New-c74a786,1/2-1/2,0.5,6210,4743,6033,3.6
16986,Base-f462400,0-1,1.0,6211,4743,6033,3.6
16985,New-c74a786,1/2-1/2,0.5,6211,4744,6033,3.6
16989,New-c74a786,1-0,1.0,6212,4744,6033,3.7
16997,New-c74a786,0-1,0.0,6212,4744,6034,3.6
16998,Base-f462400,0-1,1.0,6213,4744,6034,3.7
16990,Base-f462400,1-0,0.0,6213,4744,6035,3.6
16991,New-c74a786,0-1,0.0,6213,4744,6036,3.6
16996,Base-f462400,1-0,0.0,6213,4744,6037,3.6
16992,Base-f462400,1-0,0.0,6213,4744,6038,3.6
16994,Base-f462400,1-0,0.0,6213,4744,6039,3.6
16993,New-c74a786,1/2-1/2,0.5,6213,4745,6039,3.6
16995,New-c74a786,0-1,0.0,6213,4745,6040,3.5
17000,Base-f462400,0-1,1.0,6214,4745,6040,3.6
16999,New-c74a786,0-1,0.0,6214,4745,6041,3.5
17001,New-c74a786,0-1,0.0,6214,4745,6042,3.5
17002,Base-f462400,1-0,0.0,6214,4745,6043,3.5
17003,New-c74a786,0-1,0.0,6214,4745,6044,3.5
17006,Base-f462400,1-0,0.0,6214,4745,6045,3.5
17005,New-c74a786,0-1,0.0,6214,4745,6046,3.4
17004,Base-f462400,1-0,0.0,6214,4745,6047,3.4
17007,New-c74a786,1-0,1.0,6215,4745,6047,3.4
17010,Base-f462400,1/2-1/2,0.5,6215,4746,6047,3.4
17009,New-c74a786,1/2-1/2,0.5,6215,4747,6047,3.4
17008,Base-f462400,1/2-1/2,0.5,6215,4748,6047,3.4
17011,New-c74a786,0-1,0.0,6215,4748,6048,3.4
17012,Base-f462400,0-1,1.0,6216,4748,6048,3.4
17015,New-c74a786,1/2-1/2,0.5,6216,4749,6048,3.4
17018,Base-f462400,1/2-1/2,0.5,6216,4750,6048,3.4
17013,New-c74a786,1/2-1/2,0.5,6216,4751,6048,3.4
17016,Base-f462400,0-1,1.0,6217,4751,6048,3.5
17017,New-c74a786,1/2-1/2,0.5,6217,4752,6048,3.5
17020,Base-f462400,1-0,0.0,6217,4752,6049,3.4
17014,Base-f462400,1-0,0.0,6217,4752,6050,3.4
17019,New-c74a786,1-0,1.0,6218,4752,6050,3.4
17021,New-c74a786,1-0,1.0,6219,4752,6050,3.4
17023,New-c74a786,0-1,0.0,6219,4752,6051,3.4
17025,New-c74a786,0-1,0.0,6219,4752,6052,3.4
17022,Base-f462400,0-1,1.0,6220,4752,6052,3.4
17028,Base-f462400,1/2-1/2,0.5,6220,4753,6052,3.4
17027,New-c74a786,1-0,1.0,6221,4753,6052,3.4
17024,Base-f462400,0-1,1.0,6222,4753,6052,3.5
17026,Base-f462400,1-0,0.0,6222,4753,6053,3.4
17029,New-c74a786,1-0,1.0,6223,4753,6053,3.5
17031,New-c74a786,0-1,0.0,6223,4753,6054,3.4
17032,Base-f462400,0-1,1.0,6224,4753,6054,3.5
17030,Base-f462400,1-0,0.0,6224,4753,6055,3.4
17034,Base-f462400,1-0,0.0,6224,4753,6056,3.4
17036,Base-f462400,1/2-1/2,0.5,6224,4754,6056,3.4
17035,New-c74a786,1/2-1/2,0.5,6224,4755,6056,3.4
17033,New-c74a786,1/2-1/2,0.5,6224,4756,6056,3.4
17038,Base-f462400,0-1,1.0,6225,4756,6056,3.4
17037,New-c74a786,0-1,0.0,6225,4756,6057,3.4
17039,New-c74a786,1-0,1.0,6226,4756,6057,3.4
17043,New-c74a786,1-0,1.0,6227,4756,6057,3.5
17040,Base-f462400,0-1,1.0,6228,4756,6057,3.5
17041,New-c74a786,1-0,1.0,6229,4756,6057,3.5
17046,Base-f462400,1-0,0.0,6229,4756,6058,3.5
17044,Base-f462400,1/2-1/2,0.5,6229,4757,6058,3.5
17051,New-c74a786,1/2-1/2,0.5,6229,4758,6058,3.5
17042,Base-f462400,0-1,1.0,6230,4758,6058,3.5
17045,New-c74a786,1-0,1.0,6231,4758,6058,3.5
17048,Base-f462400,1/2-1/2,0.5,6231,4759,6058,3.5
17047,New-c74a786,0-1,0.0,6231,4759,6059,3.5
17049,New-c74a786,1/2-1/2,0.5,6231,4760,6059,3.5
17050,Base-f462400,0-1,1.0,6232,4760,6059,3.5
17052,Base-f462400,1/2-1/2,0.5,6232,4761,6059,3.5
17054,Base-f462400,1-0,0.0,6232,4761,6060,3.5
17056,Base-f462400,0-1,1.0,6233,4761,6060,3.5
17055,New-c74a786,1-0,1.0,6234,4761,6060,3.5
17058,Base-f462400,0-1,1.0,6235,4761,6060,3.6
17053,New-c74a786,1/2-1/2,0.5,6235,4762,6060,3.6
17057,New-c74a786,1/2-1/2,0.5,6235,4763,6060,3.6
17060,Base-f462400,1/2-1/2,0.5,6235,4764,6060,3.6
17059,New-c74a786,1/2-1/2,0.5,6235,4765,6060,3.6
17063,New-c74a786,1/2-1/2,0.5,6235,4766,6060,3.6
17064,Base-f462400,1-0,0.0,6235,4766,6061,3.5
17061,New-c74a786,0-1,0.0,6235,4766,6062,3.5
17062,Base-f462400,0-1,1.0,6236,4766,6062,3.5
17065,New-c74a786,0-1,0.0,6236,4766,6063,3.5
17066,Base-f462400,0-1,1.0,6237,4766,6063,3.5
17067,New-c74a786,1/2-1/2,0.5,6237,4767,6063,3.5
17068,Base-f462400,0-1,1.0,6238,4767,6063,3.6
17069,New-c74a786,1/2-1/2,0.5,6238,4768,6063,3.6
17072,Base-f462400,1/2-1/2,0.5,6238,4769,6063,3.6
17073,New-c74a786,1-0,1.0,6239,4769,6063,3.6
17070,Base-f462400,1-0,0.0,6239,4769,6064,3.6
17071,New-c74a786,1-0,1.0,6240,4769,6064,3.6
17074,Base-f462400,1-0,0.0,6240,4769,6065,3.6
17075,New-c74a786,0-1,0.0,6240,4769,6066,3.5
17076,Base-f462400,1/2-1/2,0.5,6240,4770,6066,3.5
17078,Base-f462400,0-1,1.0,6241,4770,6066,3.6
17079,New-c74a786,1-0,1.0,6242,4770,6066,3.6
17077,New-c74a786,1/2-1/2,0.5,6242,4771,6066,3.6
17080,Base-f462400,0-1,1.0,6243,4771,6066,3.6
17082,Base-f462400,0-1,1.0,6244,4771,6066,3.6
17081,New-c74a786,1-0,1.0,6245,4771,6066,3.6
17084,Base-f462400,1/2-1/2,0.5,6245,4772,6066,3.6
17086,Base-f462400,1-0,0.0,6245,4772,6067,3.6
17083,New-c74a786,1/2-1/2,0.5,6245,4773,6067,3.6
17085,New-c74a786,1-0,1.0,6246,4773,6067,3.6
17087,New-c74a786,1-0,1.0,6247,4773,6067,3.7
17088,Base-f462400,1/2-1/2,0.5,6247,4774,6067,3.7
17089,New-c74a786,1-0,1.0,6248,4774,6067,3.7
17090,Base-f462400,1-0,0.0,6248,4774,6068,3.7
17092,Base-f462400,1/2-1/2,0.5,6248,4775,6068,3.7
17091,New-c74a786,1-0,1.0,6249,4775,6068,3.7
17094,Base-f462400,0-1,1.0,6250,4775,6068,3.7
17093,New-c74a786,0-1,0.0,6250,4775,6069,3.7
17095,New-c74a786,1/2-1/2,0.5,6250,4776,6069,3.7
17096,Base-f462400,1-0,0.0,6250,4776,6070,3.7
17100,Base-f462400,1/2-1/2,0.5,6250,4777,6070,3.7
17097,New-c74a786,1-0,1.0,6251,4777,6070,3.7
17101,New-c74a786,1/2-1/2,0.5,6251,4778,6070,3.7
17099,New-c74a786,1-0,1.0,6252,4778,6070,3.7
17098,Base-f462400,1-0,0.0,6252,4778,6071,3.7
17102,Base-f462400,1/2-1/2,0.5,6252,4779,6071,3.7
17105,New-c74a786,0-1,0.0,6252,4779,6072,3.7
17106,Base-f462400,0-1,1.0,6253,4779,6072,3.7
17104,Base-f462400,1/2-1/2,0.5,6253,4780,6072,3.7
17109,New-c74a786,1/2-1/2,0.5,6253,4781,6072,3.7
17108,Base-f462400,1-0,0.0,6253,4781,6073,3.7
17103,New-c74a786,1/2-1/2,0.5,6253,4782,6073,3.7
17107,New-c74a786,1-0,1.0,6254,4782,6073,3.7
17110,Base-f462400,0-1,1.0,6255,4782,6073,3.7
17111,New-c74a786,1-0,1.0,6256,4782,6073,3.7
17115,New-c74a786,1/2-1/2,0.5,6256,4783,6073,3.7
17112,Base-f462400,1-0,0.0,6256,4783,6074,3.7
17116,Base-f462400,0-1,1.0,6257,4783,6074,3.7
17114,Base-f462400,0-1,1.0,6258,4783,6074,3.7
17113,New-c74a786,0-1,0.0,6258,4783,6075,3.7
17117,New-c74a786,1/2-1/2,0.5,6258,4784,6075,3.7
17118,Base-f462400,1/2-1/2,0.5,6258,4785,6075,3.7
17122,Base-f462400,1/2-1/2,0.5,6258,4786,6075,3.7
17119,New-c74a786,1/2-1/2,0.5,6258,4787,6075,3.7
17123,New-c74a786,1/2-1/2,0.5,6258,4788,6075,3.7
17121,New-c74a786,0-1,0.0,6258,4788,6076,3.7
17120,Base-f462400,1-0,0.0,6258,4788,6077,3.7
17124,Base-f462400,1-0,0.0,6258,4788,6078,3.7
17127,New-c74a786,1/2-1/2,0.5,6258,4789,6078,3.7
17129,New-c74a786,1/2-1/2,0.5,6258,4790,6078,3.7
17126,Base-f462400,1-0,0.0,6258,4790,6079,3.6
17131,New-c74a786,1/2-1/2,0.5,6258,4791,6079,3.6
17128,Base-f462400,0-1,1.0,6259,4791,6079,3.7
17125,New-c74a786,1/2-1/2,0.5,6259,4792,6079,3.7
17130,Base-f462400,1/2-1/2,0.5,6259,4793,6079,3.7
17132,Base-f462400,1/2-1/2,0.5,6259,4794,6079,3.7
17135,New-c74a786,1/2-1/2,0.5,6259,4795,6079,3.7
17134,Base-f462400,0-1,1.0,6260,4795,6079,3.7
17136,Base-f462400,0-1,1.0,6261,4795,6079,3.7
17133,New-c74a786,1/2-1/2,0.5,6261,4796,6079,3.7
17139,New-c74a786,1-0,1.0,6262,4796,6079,3.7
17137,New-c74a786,0-1,0.0,6262,4796,6080,3.7
17138,Base-f462400,1-0,0.0,6262,4796,6081,3.7
17141,New-c74a786,1/2-1/2,0.5,6262,4797,6081,3.7
17140,Base-f462400,1/2-1/2,0.5,6262,4798,6081,3.7
17144,Base-f462400,1/2-1/2,0.5,6262,4799,6081,3.7
17143,New-c74a786,1-0,1.0,6263,4799,6081,3.7
17146,Base-f462400,0-1,1.0,6264,4799,6081,3.7
17142,Base-f462400,0-1,1.0,6265,4799,6081,3.7
17145,New-c74a786,1-0,1.0,6266,4799,6081,3.7
17148,Base-f462400,1/2-1/2,0.5,6266,4800,6081,3.7
17149,New-c74a786,0-1,0.0,6266,4800,6082,3.7
17147,New-c74a786,1-0,1.0,6267,4800,6082,3.7
17153,New-c74a786,1-0,1.0,6268,4800,6082,3.8
17152,Base-f462400,0-1,1.0,6269,4800,6082,3.8
17150,Base-f462400,0-1,1.0,6270,4800,6082,3.8
17151,New-c74a786,1-0,1.0,6271,4800,6082,3.8
17154,Base-f462400,1-0,0.0,6271,4800,6083,3.8
17157,New-c74a786,0-1,0.0,6271,4800,6084,3.8
17155,New-c74a786,0-1,0.0,6271,4800,6085,3.8
17156,Base-f462400,1-0,0.0,6271,4800,6086,3.7
17158,Base-f462400,1/2-1/2,0.5,6271,4801,6086,3.7
17162,Base-f462400,1-0,0.0,6271,4801,6087,3.7
17159,New-c74a786,0-1,0.0,6271,4801,6088,3.7
17161,New-c74a786,0-1,0.0,6271,4801,6089,3.7
17160,Base-f462400,1/2-1/2,0.5,6271,4802,6089,3.7
17164,Base-f462400,1/2-1/2,0.5,6271,4803,6089,3.7
17163,New-c74a786,1-0,1.0,6272,4803,6089,3.7
17165,New-c74a786,1/2-1/2,0.5,6272,4804,6089,3.7
17167,New-c74a786,1-0,1.0,6273,4804,6089,3.7
17166,Base-f462400,0-1,1.0,6274,4804,6089,3.7
17168,Base-f462400,0-1,1.0,6275,4804,6089,3.8
17169,New-c74a786,0-1,0.0,6275,4804,6090,3.7
17170,Base-f462400,0-1,1.0,6276,4804,6090,3.8
17171,New-c74a786,1/2-1/2,0.5,6276,4805,6090,3.8
17173,New-c74a786,1-0,1.0,6277,4805,6090,3.8
17172,Base-f462400,1/2-1/2,0.5,6277,4806,6090,3.8
17174,Base-f462400,1/2-1/2,0.5,6277,4807,6090,3.8
17175,New-c74a786,0-1,0.0,6277,4807,6091,3.8
17180,Base-f462400,1/2-1/2,0.5,6277,4808,6091,3.8
17176,Base-f462400,1-0,0.0,6277,4808,6092,3.7
17181,New-c74a786,1-0,1.0,6278,4808,6092,3.8
17178,Base-f462400,0-1,1.0,6279,4808,6092,3.8
17179,New-c74a786,0-1,0.0,6279,4808,6093,3.8
17177,New-c74a786,1/2-1/2,0.5,6279,4809,6093,3.8
17183,New-c74a786,0-1,0.0,6279,4809,6094,3.7
17182,Base-f462400,1-0,0.0,6279,4809,6095,3.7
17184,Base-f462400,1/2-1/2,0.5,6279,4810,6095,3.7
17188,Base-f462400,1/2-1/2,0.5,6279,4811,6095,3.7
17185,New-c74a786,1-0,1.0,6280,4811,6095,3.7
17187,New-c74a786,0-1,0.0,6280,4811,6096,3.7
17189,New-c74a786,1-0,1.0,6281,4811,6096,3.7
17190,Base-f462400,1-0,0.0,6281,4811,6097,3.7
17186,Base-f462400,1/2-1/2,0.5,6281,4812,6097,3.7
17192,Base-f462400,0-1,1.0,6282,4812,6097,3.7
17193,New-c74a786,1-0,1.0,6283,4812,6097,3.8
17191,New-c74a786,1-0,1.0,6284,4812,6097,3.8
17194,Base-f462400,0-1,1.0,6285,4812,6097,3.8
17196,Base-f462400,0-1,1.0,6286,4812,6097,3.8
17195,New-c74a786,0-1,0.0,6286,4812,6098,3.8
17198,Base-f462400,1-0,0.0,6286,4812,6099,3.8
17199,New-c74a786,0-1,0.0,6286,4812,6100,3.8
17197,New-c74a786,0-1,0.0,6286,4812,6101,3.7
17200,Base-f462400,1/2-1/2,0.5,6286,4813,6101,3.7
17201,New-c74a786,1-0,1.0,6287,4813,6101,3.8
17202,Base-f462400,0-1,1.0,6288,4813,6101,3.8
17204,Base-f462400,0-1,1.0,6289,4813,6101,3.8
17205,New-c74a786,1/2-1/2,0.5,6289,4814,6101,3.8
17203,New-c74a786,0-1,0.0,6289,4814,6102,3.8
17208,Base-f462400,1/2-1/2,0.5,6289,4815,6102,3.8
17207,New-c74a786,1-0,1.0,6290,4815,6102,3.8
17206,Base-f462400,1-0,0.0,6290,4815,6103,3.8
17209,New-c74a786,1/2-1/2,0.5,6290,4816,6103,3.8
17210,Base-f462400,0-1,1.0,6291,4816,6103,3.8
17213,New-c74a786,0-1,0.0,6291,4816,6104,3.8
17211,New-c74a786,1-0,1.0,6292,4816,6104,3.8
17212,Base-f462400,1/2-1/2,0.5,6292,4817,6104,3.8
17214,Base-f462400,1/2-1/2,0.5,6292,4818,6104,3.8
17215,New-c74a786,0-1,0.0,6292,4818,6105,3.8
17216,Base-f462400,0-1,1.0,6293,4818,6105,3.8
17218,Base-f462400,0-1,1.0,6294,4818,6105,3.8
17219,New-c74a786,0-1,0.0,6294,4818,6106,3.8
17217,New-c74a786,1/2-1/2,0.5,6294,4819,6106,3.8
17221,New-c74a786,0-1,0.0,6294,4819,6107,3.8
17222,Base-f462400,0-1,1.0,6295,4819,6107,3.8
17223,New-c74a786,1/2-1/2,0.5,6295,4820,6107,3.8
17224,Base-f462400,1-0,0.0,6295,4820,6108,3.8
17228,Base-f462400,1/2-1/2,0.5,6295,4821,6108,3.8
17226,Base-f462400,1/2-1/2,0.5,6295,4822,6108,3.8
17225,New-c74a786,1-0,1.0,6296,4822,6108,3.8
17220,Base-f462400,1/2-1/2,0.5,6296,4823,6108,3.8
17229,New-c74a786,0-1,0.0,6296,4823,6109,3.8
17227,New-c74a786,1/2-1/2,0.5,6296,4824,6109,3.8
17230,Base-f462400,0-1,1.0,6297,4824,6109,3.8
17233,New-c74a786,1-0,1.0,6298,4824,6109,3.8
17232,Base-f462400,1-0,0.0,6298,4824,6110,3.8
17239,New-c74a786,1/2-1/2,0.5,6298,4825,6110,3.8
17234,Base-f462400,0-1,1.0,6299,4825,6110,3.8
17231,New-c74a786,0-1,0.0,6299,4825,6111,3.8
17236,Base-f462400,0-1,1.0,6300,4825,6111,3.8
17235,New-c74a786,1/2-1/2,0.5,6300,4826,6111,3.8
17237,New-c74a786,0-1,0.0,6300,4826,6112,3.8
17238,Base-f462400,1/2-1/2,0.5,6300,4827,6112,3.8
17240,Base-f462400,0-1,1.0,6301,4827,6112,3.8
17241,New-c74a786,1-0,1.0,6302,4827,6112,3.8
17242,Base-f462400,1-0,0.0,6302,4827,6113,3.8
17244,Base-f462400,1-0,0.0,6302,4827,6114,3.8
17243,New-c74a786,1/2-1/2,0.5,6302,4828,6114,3.8
17246,Base-f462400,1/2-1/2,0.5,6302,4829,6114,3.8
17245,New-c74a786,0-1,0.0,6302,4829,6115,3.8
17247,New-c74a786,0-1,0.0,6302,4829,6116,3.7
17248,Base-f462400,0-1,1.0,6303,4829,6116,3.8
17252,Base-f462400,1/2-1/2,0.5,6303,4830,6116,3.8
17251,New-c74a786,1-0,1.0,6304,4830,6116,3.8
17249,New-c74a786,1-0,1.0,6305,4830,6116,3.8
17250,Base-f462400,0-1,1.0,6306,4830,6116,3.8
17255,New-c74a786,1/2-1/2,0.5,6306,4831,6116,3.8
17253,New-c74a786,1/2-1/2,0.5,6306,4832,6116,3.8
17254,Base-f462400,1-0,0.0,6306,4832,6117,3.8
17257,New-c74a786,1-0,1.0,6307,4832,6117,3.8
17260,Base-f462400,1/2-1/2,0.5,6307,4833,6117,3.8
17258,Base-f462400,0-1,1.0,6308,4833,6117,3.8
17259,New-c74a786,1-0,1.0,6309,4833,6117,3.9
17261,New-c74a786,1-0,1.0,6310,4833,6117,3.9
17256,Base-f462400,1-0,0.0,6310,4833,6118,3.9
17263,New-c74a786,0-1,0.0,6310,4833,6119,3.8
17262,Base-f462400,0-1,1.0,6311,4833,6119,3.9
17264,Base-f462400,1-0,0.0,6311,4833,6120,3.8
17266,Base-f462400,0-1,1.0,6312,4833,6120,3.9
17265,New-c74a786,1-0,1.0,6313,4833,6120,3.9
17268,Base-f462400,1-0,0.0,6313,4833,6121,3.9
17267,New-c74a786,0-1,0.0,6313,4833,6122,3.8
17273,New-c74a786,1/2-1/2,0.5,6313,4834,6122,3.8
17271,New-c74a786,1-0,1.0,6314,4834,6122,3.9
17269,New-c74a786,1-0,1.0,6315,4834,6122,3.9
17270,Base-f462400,1-0,0.0,6315,4834,6123,3.9
17272,Base-f462400,1/2-1/2,0.5,6315,4835,6123,3.9
17274,Base-f462400,1/2-1/2,0.5,6315,4836,6123,3.9
17275,New-c74a786,0-1,0.0,6315,4836,6124,3.8
17279,New-c74a786,1-0,1.0,6316,4836,6124,3.9
17276,Base-f462400,0-1,1.0,6317,4836,6124,3.9
17277,New-c74a786,0-1,0.0,6317,4836,6125,3.9
17280,Base-f462400,1-0,0.0,6317,4836,6126,3.8
17281,New-c74a786,1/2-1/2,0.5,6317,4837,6126,3.8
17286,Base-f462400,1/2-1/2,0.5,6317,4838,6126,3.8
17278,Base-f462400,0-1,1.0,6318,4838,6126,3.9
17282,Base-f462400,1/2-1/2,0.5,6318,4839,6126,3.9
17284,Base-f462400,0-1,1.0,6319,4839,6126,3.9
17283,New-c74a786,0-1,0.0,6319,4839,6127,3.9
17289,New-c74a786,1/2-1/2,0.5,6319,4840,6127,3.9
17290,Base-f462400,1-0,0.0,6319,4840,6128,3.8
17288,Base-f462400,0-1,1.0,6320,4840,6128,3.9
17287,New-c74a786,0-1,0.0,6320,4840,6129,3.8
17285,New-c74a786,1-0,1.0,6321,4840,6129,3.9
17291,New-c74a786,0-1,0.0,6321,4840,6130,3.8
17293,New-c74a786,1-0,1.0,6322,4840,6130,3.9
17292,Base-f462400,1-0,0.0,6322,4840,6131,3.8
17294,Base-f462400,0-1,1.0,6323,4840,6131,3.9
17297,New-c74a786,0-1,0.0,6323,4840,6132,3.8
17295,New-c74a786,1/2-1/2,0.5,6323,4841,6132,3.8
17298,Base-f462400,0-1,1.0,6324,4841,6132,3.9
17301,New-c74a786,1-0,1.0,6325,4841,6132,3.9
17302,Base-f462400,1-0,0.0,6325,4841,6133,3.9
17296,Base-f462400,0-1,1.0,6326,4841,6133,3.9
17300,Base-f462400,0-1,1.0,6327,4841,6133,3.9
17299,New-c74a786,1-0,1.0,6328,4841,6133,3.9
17303,New-c74a786,1/2-1/2,0.5,6328,4842,6133,3.9
17308,Base-f462400,1-0,0.0,6328,4842,6134,3.9
17305,New-c74a786,1/2-1/2,0.5,6328,4843,6134,3.9
17307,New-c74a786,1-0,1.0,6329,4843,6134,3.9
17304,Base-f462400,1-0,0.0,6329,4843,6135,3.9
17306,Base-f462400,1/2-1/2,0.5,6329,4844,6135,3.9
17309,New-c74a786,0-1,0.0,6329,4844,6136,3.9
17310,Base-f462400,0-1,1.0,6330,4844,6136,3.9
17311,New-c74a786,1/2-1/2,0.5,6330,4845,6136,3.9
17314,Base-f462400,0-1,1.0,6331,4845,6136,3.9
17317,New-c74a786,0-1,0.0,6331,4845,6137,3.9
17312,Base-f462400,0-1,1.0,6332,4845,6137,3.9
17315,New-c74a786,1-0,1.0,6333,4845,6137,3.9
17316,Base-f462400,1-0,0.0,6333,4845,6138,3.9
17318,Base-f462400,1/2-1/2,0.5,6333,4846,6138,3.9
17313,New-c74a786,1/2-1/2,0.5,6333,4847,6138,3.9
17322,Base-f462400,1/2-1/2,0.5,6333,4848,6138,3.9
17319,New-c74a786,0-1,0.0,6333,4848,6139,3.9
17320,Base-f462400,0-1,1.0,6334,4848,6139,3.9
17321,New-c74a786,0-1,0.0,6334,4848,6140,3.9
17323,New-c74a786,0-1,0.0,6334,4848,6141,3.9
17324,Base-f462400,1/2-1/2,0.5,6334,4849,6141,3.9
17325,New-c74a786,1/2-1/2,0.5,6334,4850,6141,3.9
17326,Base-f462400,1-0,0.0,6334,4850,6142,3.9
17327,New-c74a786,1/2-1/2,0.5,6334,4851,6142,3.9
17329,New-c74a786,0-1,0.0,6334,4851,6143,3.8
17328,Base-f462400,0-1,1.0,6335,4851,6143,3.8
17330,Base-f462400,1-0,0.0,6335,4851,6144,3.8
17331,New-c74a786,0-1,0.0,6335,4851,6145,3.8
17332,Base-f462400,1-0,0.0,6335,4851,6146,3.8
17337,New-c74a786,1/2-1/2,0.5,6335,4852,6146,3.8
17336,Base-f462400,0-1,1.0,6336,4852,6146,3.8
17333,New-c74a786,1/2-1/2,0.5,6336,4853,6146,3.8
17334,Base-f462400,0-1,1.0,6337,4853,6146,3.8
17335,New-c74a786,1-0,1.0,6338,4853,6146,3.8
17339,New-c74a786,0-1,0.0,6338,4853,6147,3.8
17340,Base-f462400,1-0,0.0,6338,4853,6148,3.8
17338,Base-f462400,1/2-1/2,0.5,6338,4854,6148,3.8
17342,Base-f462400,0-1,1.0,6339,4854,6148,3.8
17345,New-c74a786,1-0,1.0,6340,4854,6148,3.8
17341,New-c74a786,1-0,1.0,6341,4854,6148,3.9
17344,Base-f462400,0-1,1.0,6342,4854,6148,3.9
17343,New-c74a786,0-1,0.0,6342,4854,6149,3.9
17346,Base-f462400,1-0,0.0,6342,4854,6150,3.8
17348,Base-f462400,1/2-1/2,0.5,6342,4855,6150,3.8
17347,New-c74a786,1/2-1/2,0.5,6342,4856,6150,3.8
17349,New-c74a786,0-1,0.0,6342,4856,6151,3.8
17352,Base-f462400,1-0,0.0,6342,4856,6152,3.8
17351,New-c74a786,1-0,1.0,6343,4856,6152,3.8
17350,Base-f462400,0-1,1.0,6344,4856,6152,3.8
17355,New-c74a786,0-1,0.0,6344,4856,6153,3.8
17356,Base-f462400,1/2-1/2,0.5,6344,4857,6153,3.8
17353,New-c74a786,1/2-1/2,0.5,6344,4858,6153,3.8
17358,Base-f462400,1-0,0.0,6344,4858,6154,3.8
17357,New-c74a786,1-0,1.0,6345,4858,6154,3.8
17360,Base-f462400,1/2-1/2,0.5,6345,4859,6154,3.8
17354,Base-f462400,0-1,1.0,6346,4859,6154,3.8
17361,New-c74a786,0-1,0.0,6346,4859,6155,3.8
17362,Base-f462400,1-0,0.0,6346,4859,6156,3.8
17363,New-c74a786,1/2-1/2,0.5,6346,4860,6156,3.8
17367,New-c74a786,0-1,0.0,6346,4860,6157,3.8
17359,New-c74a786,1/2-1/2,0.5,6346,4861,6157,3.8
17365,New-c74a786,0-1,0.0,6346,4861,6158,3.8
17366,Base-f462400,0-1,1.0,6347,4861,6158,3.8
17368,Base-f462400,0-1,1.0,6348,4861,6158,3.8
17370,Base-f462400,0-1,1.0,6349,4861,6158,3.8
17364,Base-f462400,1/2-1/2,0.5,6349,4862,6158,3.8
17369,New-c74a786,1/2-1/2,0.5,6349,4863,6158,3.8
17371,New-c74a786,1-0,1.0,6350,4863,6158,3.8
17372,Base-f462400,1/2-1/2,0.5,6350,4864,6158,3.8
17375,New-c74a786,1/2-1/2,0.5,6350,4865,6158,3.8
17373,New-c74a786,1/2-1/2,0.5,6350,4866,6158,3.8
17376,Base-f462400,1/2-1/2,0.5,6350,4867,6158,3.8
17374,Base-f462400,1-0,0.0,6350,4867,6159,3.8
17377,New-c74a786,1-0,1.0,6351,4867,6159,3.8
17378,Base-f462400,1/2-1/2,0.5,6351,4868,6159,3.8
17380,Base-f462400,0-1,1.0,6352,4868,6159,3.9
17379,New-c74a786,0-1,0.0,6352,4868,6160,3.8
17383,New-c74a786,1-0,1.0,6353,4868,6160,3.9
17381,New-c74a786,1-0,1.0,6354,4868,6160,3.9
17384,Base-f462400,1-0,0.0,6354,4868,6161,3.9
17382,Base-f462400,1/2-1/2,0.5,6354,4869,6161,3.9
17386,Base-f462400,1/2-1/2,0.5,6354,4870,6161,3.9
17389,New-c74a786,1-0,1.0,6355,4870,6161,3.9
17385,New-c74a786,0-1,0.0,6355,4870,6162,3.9
17387,New-c74a786,0-1,0.0,6355,4870,6163,3.8
17390,Base-f462400,1-0,0.0,6355,4870,6164,3.8
17388,Base-f462400,1-0,0.0,6355,4870,6165,3.8
17394,Base-f462400,1-0,0.0,6355,4870,6166,3.8
17391,New-c74a786,0-1,0.0,6355,4870,6167,3.8
17392,Base-f462400,1-0,0.0,6355,4870,6168,3.7
17395,New-c74a786,1-0,1.0,6356,4870,6168,3.8
17393,New-c74a786,1-0,1.0,6357,4870,6168,3.8
17396,Base-f462400,1-0,0.0,6357,4870,6169,3.8
17400,Base-f462400,1-0,0.0,6357,4870,6170,3.7
17399,New-c74a786,1/2-1/2,0.5,6357,4871,6170,3.7
17397,New-c74a786,1-0,1.0,6358,4871,6170,3.8
17398,Base-f462400,0-1,1.0,6359,4871,6170,3.8
17402,Base-f462400,1/2-1/2,0.5,6359,4872,6170,3.8
17403,New-c74a786,1-0,1.0,6360,4872,6170,3.8
17401,New-c74a786,0-1,0.0,6360,4872,6171,3.8
17404,Base-f462400,0-1,1.0,6361,4872,6171,3.8
17405,New-c74a786,1-0,1.0,6362,4872,6171,3.8
17407,New-c74a786,0-1,0.0,6362,4872,6172,3.8
17408,Base-f462400,0-1,1.0,6363,4872,6172,3.8
17406,Base-f462400,1/2-1/2,0.5,6363,4873,6172,3.8
17410,Base-f462400,1-0,0.0,6363,4873,6173,3.8
17409,New-c74a786,1-0,1.0,6364,4873,6173,3.8
17411,New-c74a786,1-0,1.0,6365,4873,6173,3.8
17415,New-c74a786,1-0,1.0,6366,4873,6173,3.9
17413,New-c74a786,1/2-1/2,0.5,6366,4874,6173,3.9
17416,Base-f462400,1-0,0.0,6366,4874,6174,3.8
17412,Base-f462400,1/2-1/2,0.5,6366,4875,6174,3.8
17414,Base-f462400,1/2-1/2,0.5,6366,4876,6174,3.8
17419,New-c74a786,0-1,0.0,6366,4876,6175,3.8
17417,New-c74a786,1/2-1/2,0.5,6366,4877,6175,3.8
17418,Base-f462400,0-1,1.0,6367,4877,6175,3.8
17420,Base-f462400,0-1,1.0,6368,4877,6175,3.8
17421,New-c74a786,1-0,1.0,6369,4877,6175,3.9
17422,Base-f462400,0-1,1.0,6370,4877,6175,3.9
17424,Base-f462400,0-1,1.0,6371,4877,6175,3.9
17423,New-c74a786,1/2-1/2,0.5,6371,4878,6175,3.9
17426,Base-f462400,1-0,0.0,6371,4878,6176,3.9
17425,New-c74a786,1-0,1.0,6372,4878,6176,3.9
17427,New-c74a786,0-1,0.0,6372,4878,6177,3.9
17428,Base-f462400,1-0,0.0,6372,4878,6178,3.9
17430,Base-f462400,1-0,0.0,6372,4878,6179,3.8
17429,New-c74a786,0-1,0.0,6372,4878,6180,3.8
17434,Base-f462400,1/2-1/2,0.5,6372,4879,6180,3.8
17431,New-c74a786,1-0,1.0,6373,4879,6180,3.8
17433,New-c74a786,1-0,1.0,6374,4879,6180,3.9
17432,Base-f462400,1-0,0.0,6374,4879,6181,3.8
17435,New-c74a786,1/2-1/2,0.5,6374,4880,6181,3.8
17436,Base-f462400,1-0,0.0,6374,4880,6182,3.8
17437,New-c74a786,1-0,1.0,6375,4880,6182,3.8
17438,Base-f462400,1-0,0.0,6375,4880,6183,3.8
17441,New-c74a786,0-1,0.0,6375,4880,6184,3.8
17440,Base-f462400,0-1,1.0,6376,4880,6184,3.8
17443,New-c74a786,1-0,1.0,6377,4880,6184,3.8
17442,Base-f462400,0-1,1.0,6378,4880,6184,3.9
17439,New-c74a786,1/2-1/2,0.5,6378,4881,6184,3.9
17444,Base-f462400,0-1,1.0,6379,4881,6184,3.9
17445,New-c74a786,1-0,1.0,6380,4881,6184,3.9
17449,New-c74a786,1/2-1/2,0.5,6380,4882,6184,3.9
17447,New-c74a786,1/2-1/2,0.5,6380,4883,6184,3.9
17448,Base-f462400,0-1,1.0,6381,4883,6184,3.9
17450,Base-f462400,1-0,0.0,6381,4883,6185,3.9
17446,Base-f462400,1/2-1/2,0.5,6381,4884,6185,3.9
17451,New-c74a786,0-1,0.0,6381,4884,6186,3.9
17452,Base-f462400,1-0,0.0,6381,4884,6187,3.9
17453,New-c74a786,1-0,1.0,6382,4884,6187,3.9
17455,New-c74a786,1-0,1.0,6383,4884,6187,3.9
17457,New-c74a786,1/2-1/2,0.5,6383,4885,6187,3.9
17459,New-c74a786,0-1,0.0,6383,4885,6188,3.9
17458,Base-f462400,1-0,0.0,6383,4885,6189,3.9
17456,Base-f462400,0-1,1.0,6384,4885,6189,3.9
17454,Base-f462400,1-0,0.0,6384,4885,6190,3.9
17460,Base-f462400,1-0,0.0,6384,4885,6191,3.8
17462,Base-f462400,0-1,1.0,6385,4885,6191,3.9
17461,New-c74a786,0-1,0.0,6385,4885,6192,3.8
17464,Base-f462400,1-0,0.0,6385,4885,6193,3.8
17463,New-c74a786,1-0,1.0,6386,4885,6193,3.8
17466,Base-f462400,1-0,0.0,6386,4885,6194,3.8
17467,New-c74a786,1-0,1.0,6387,4885,6194,3.8
17469,New-c74a786,1-0,1.0,6388,4885,6194,3.9
17465,New-c74a786,1/2-1/2,0.5,6388,4886,6194,3.9
17475,New-c74a786,1/2-1/2,0.5,6388,4887,6194,3.9
17468,Base-f462400,1-0,0.0,6388,4887,6195,3.8
17471,New-c74a786,1/2-1/2,0.5,6388,4888,6195,3.8
17470,Base-f462400,1/2-1/2,0.5,6388,4889,6195,3.8
17473,New-c74a786,0-1,0.0,6388,4889,6196,3.8
17474,Base-f462400,0-1,1.0,6389,4889,6196,3.8
17472,Base-f462400,1-0,0.0,6389,4889,6197,3.8
17476,Base-f462400,1-0,0.0,6389,4889,6198,3.8
17477,New-c74a786,0-1,0.0,6389,4889,6199,3.8
17478,Base-f462400,1/2-1/2,0.5,6389,4890,6199,3.8
17480,Base-f462400,0-1,1.0,6390,4890,6199,3.8
17479,New-c74a786,1-0,1.0,6391,4890,6199,3.8
17481,New-c74a786,0-1,0.0,6391,4890,6200,3.8
17484,Base-f462400,1-0,0.0,6391,4890,6201,3.8
17483,New-c74a786,1-0,1.0,6392,4890,6201,3.8
17482,Base-f462400,0-1,1.0,6393,4890,6201,3.8
17485,New-c74a786,0-1,0.0,6393,4890,6202,3.8
17487,New-c74a786,0-1,0.0,6393,4890,6203,3.8
17486,Base-f462400,1/2-1/2,0.5,6393,4891,6203,3.8
17488,Base-f462400,1-0,0.0,6393,4891,6204,3.8
17490,Base-f462400,1/2-1/2,0.5,6393,4892,6204,3.8
17489,New-c74a786,0-1,0.0,6393,4892,6205,3.7
17491,New-c74a786,1-0,1.0,6394,4892,6205,3.8
17493,New-c74a786,1-0,1.0,6395,4892,6205,3.8
17492,Base-f462400,1-0,0.0,6395,4892,6206,3.8
17494,Base-f462400,1/2-1/2,0.5,6395,4893,6206,3.8
17496,Base-f462400,1-0,0.0,6395,4893,6207,3.7
17495,New-c74a786,1-0,1.0,6396,4893,6207,3.8
17497,New-c74a786,1-0,1.0,6397,4893,6207,3.8
17500,Base-f462400,1/2-1/2,0.5,6397,4894,6207,3.8
17499,New-c74a786,0-1,0.0,6397,4894,6208,3.8
17498,Base-f462400,1-0,0.0,6397,4894,6209,3.7
17501,New-c74a786,0-1,0.0,6397,4894,6210,3.7
17502,Base-f462400,0-1,1.0,6398,4894,6210,3.7
17506,Base-f462400,1/2-1/2,0.5,6398,4895,6210,3.7
17503,New-c74a786,0-1,0.0,6398,4895,6211,3.7
17504,Base-f462400,1/2-1/2,0.5,6398,4896,6211,3.7
17509,New-c74a786,1/2-1/2,0.5,6398,4897,6211,3.7
17507,New-c74a786,1/2-1/2,0.5,6398,4898,6211,3.7
17505,New-c74a786,0-1,0.0,6398,4898,6212,3.7
17508,Base-f462400,1-0,0.0,6398,4898,6213,3.7
17510,Base-f462400,1/2-1/2,0.5,6398,4899,6213,3.7
17512,Base-f462400,1/2-1/2,0.5,6398,4900,6213,3.7
17511,New-c74a786,1-0,1.0,6399,4900,6213,3.7
17513,New-c74a786,0-1,0.0,6399,4900,6214,3.7
17514,Base-f462400,1-0,0.0,6399,4900,6215,3.7
17515,New-c74a786,1-0,1.0,6400,4900,6215,3.7
17516,Base-f462400,0-1,1.0,6401,4900,6215,3.7
17517,New-c74a786,0-1,0.0,6401,4900,6216,3.7
17518,Base-f462400,1-0,0.0,6401,4900,6217,3.6
17520,Base-f462400,1-0,0.0,6401,4900,6218,3.6
17519,New-c74a786,1-0,1.0,6402,4900,6218,3.6
17522,Base-f462400,1/2-1/2,0.5,6402,4901,6218,3.6
17521,New-c74a786,0-1,0.0,6402,4901,6219,3.6
17528,Base-f462400,1/2-1/2,0.5,6402,4902,6219,3.6
17526,Base-f462400,1/2-1/2,0.5,6402,4903,6219,3.6
17523,New-c74a786,0-1,0.0,6402,4903,6220,3.6
17525,New-c74a786,1-0,1.0,6403,4903,6220,3.6
17524,Base-f462400,1/2-1/2,0.5,6403,4904,6220,3.6
17527,New-c74a786,1/2-1/2,0.5,6403,4905,6220,3.6
17530,Base-f462400,1-0,0.0,6403,4905,6221,3.6
17531,New-c74a786,0-1,0.0,6403,4905,6222,3.6
17529,New-c74a786,0-1,0.0,6403,4905,6223,3.6
17532,Base-f462400,1/2-1/2,0.5,6403,4906,6223,3.6
17535,New-c74a786,0-1,0.0,6403,4906,6224,3.5
17534,Base-f462400,0-1,1.0,6404,4906,6224,3.6
17533,New-c74a786,1-0,1.0,6405,4906,6224,3.6
17536,Base-f462400,1-0,0.0,6405,4906,6225,3.6
17538,Base-f462400,1/2-1/2,0.5,6405,4907,6225,3.6
17537,New-c74a786,1-0,1.0,6406,4907,6225,3.6
17539,New-c74a786,0-1,0.0,6406,4907,6226,3.6
17543,New-c74a786,1/2-1/2,0.5,6406,4908,6226,3.6
17541,New-c74a786,1/2-1/2,0.5,6406,4909,6226,3.6
17542,Base-f462400,1/2-1/2,0.5,6406,4910,6226,3.6
17540,Base-f462400,1/2-1/2,0.5,6406,4911,6226,3.6
17544,Base-f462400,1-0,0.0,6406,4911,6227,3.5
17545,New-c74a786,1-0,1.0,6407,4911,6227,3.6
17546,Base-f462400,1-0,0.0,6407,4911,6228,3.5
17547,New-c74a786,0-1,0.0,6407,4911,6229,3.5
17549,New-c74a786,0-1,0.0,6407,4911,6230,3.5
17548,Base-f462400,1-0,0.0,6407,4911,6231,3.5
17550,Base-f462400,0-1,1.0,6408,4911,6231,3.5
17552,Base-f462400,1-0,0.0,6408,4911,6232,3.5
17551,New-c74a786,1/2-1/2,0.5,6408,4912,6232,3.5
17554,Base-f462400,0-1,1.0,6409,4912,6232,3.5
17553,New-c74a786,1-0,1.0,6410,4912,6232,3.5
17555,New-c74a786,1-0,1.0,6411,4912,6232,3.5
17556,Base-f462400,1-0,0.0,6411,4912,6233,3.5
17557,New-c74a786,1-0,1.0,6412,4912,6233,3.5
17558,Base-f462400,1-0,0.0,6412,4912,6234,3.5
17560,Base-f462400,1-0,0.0,6412,4912,6235,3.5
17559,New-c74a786,0-1,0.0,6412,4912,6236,3.5
17564,Base-f462400,0-1,1.0,6413,4912,6236,3.5
17562,Base-f462400,1-0,0.0,6413,4912,6237,3.5
17561,New-c74a786,0-1,0.0,6413,4912,6238,3.5
17563,New-c74a786,1-0,1.0,6414,4912,6238,3.5
17566,Base-f462400,1/2-1/2,0.5,6414,4913,6238,3.5
17565,New-c74a786,0-1,0.0,6414,4913,6239,3.5
17568,Base-f462400,0-1,1.0,6415,4913,6239,3.5
17567,New-c74a786,0-1,0.0,6415,4913,6240,3.5
17569,New-c74a786,0-1,0.0,6415,4913,6241,3.4
17570,Base-f462400,1-0,0.0,6415,4913,6242,3.4
17571,New-c74a786,1-0,1.0,6416,4913,6242,3.4
17572,Base-f462400,1/2-1/2,0.5,6416,4914,6242,3.4
17576,Base-f462400,0-1,1.0,6417,4914,6242,3.5
17573,New-c74a786,1-0,1.0,6418,4914,6242,3.5
17574,Base-f462400,0-1,1.0,6419,4914,6242,3.5
17575,New-c74a786,1/2-1/2,0.5,6419,4915,6242,3.5
17577,New-c74a786,0-1,0.0,6419,4915,6243,3.5
17579,New-c74a786,1/2-1/2,0.5,6419,4916,6243,3.5
17578,Base-f462400,0-1,1.0,6420,4916,6243,3.5
17580,Base-f462400,1/2-1/2,0.5,6420,4917,6243,3.5
17581,New-c74a786,0-1,0.0,6420,4917,6244,3.5
17582,Base-f462400,0-1,1.0,6421,4917,6244,3.5
17583,New-c74a786,1-0,1.0,6422,4917,6244,3.5
17585,New-c74a786,0-1,0.0,6422,4917,6245,3.5
17584,Base-f462400,1-0,0.0,6422,4917,6246,3.5
17586,Base-f462400,0-1,1.0,6423,4917,6246,3.5
17587,New-c74a786,0-1,0.0,6423,4917,6247,3.5
17588,Base-f462400,0-1,1.0,6424,4917,6247,3.5
17589,New-c74a786,0-1,0.0,6424,4917,6248,3.5
17590,Base-f462400,1/2-1/2,0.5,6424,4918,6248,3.5
17591,New-c74a786,1/2-1/2,0.5,6424,4919,6248,3.5
17594,Base-f462400,0-1,1.0,6425,4919,6248,3.5
17595,New-c74a786,1/2-1/2,0.5,6425,4920,6248,3.5
17592,Base-f462400,0-1,1.0,6426,4920,6248,3.5
17593,New-c74a786,1/2-1/2,0.5,6426,4921,6248,3.5
17598,Base-f462400,0-1,1.0,6427,4921,6248,3.5
17596,Base-f462400,1-0,0.0,6427,4921,6249,3.5
17597,New-c74a786,1-0,1.0,6428,4921,6249,3.5
17599,New-c74a786,0-1,0.0,6428,4921,6250,3.5
17601,New-c74a786,0-1,0.0,6428,4921,6251,3.5
17602,Base-f462400,1/2-1/2,0.5,6428,4922,6251,3.5
17605,New-c74a786,1/2-1/2,0.5,6428,4923,6251,3.5
17604,Base-f462400,1/2-1/2,0.5,6428,4924,6251,3.5
17600,Base-f462400,1/2-1/2,0.5,6428,4925,6251,3.5
17603,New-c74a786,0-1,0.0,6428,4925,6252,3.5
17606,Base-f462400,1-0,0.0,6428,4925,6253,3.5
17607,New-c74a786,0-1,0.0,6428,4925,6254,3.4
17609,New-c74a786,1/2-1/2,0.5,6428,4926,6254,3.4
17608,Base-f462400,1/2-1/2,0.5,6428,4927,6254,3.4
17611,New-c74a786,1-0,1.0,6429,4927,6254,3.5
17613,New-c74a786,1/2-1/2,0.5,6429,4928,6254,3.5
17610,Base-f462400,1/2-1/2,0.5,6429,4929,6254,3.5
17612,Base-f462400,1/2-1/2,0.5,6429,4930,6254,3.5
17619,New-c74a786,1/2-1/2,0.5,6429,4931,6254,3.5
17614,Base-f462400,0-1,1.0,6430,4931,6254,3.5
17617,New-c74a786,1/2-1/2,0.5,6430,4932,6254,3.5
17615,New-c74a786,1-0,1.0,6431,4932,6254,3.5
17620,Base-f462400,1-0,0.0,6431,4932,6255,3.5
17616,Base-f462400,1/2-1/2,0.5,6431,4933,6255,3.5
17618,Base-f462400,0-1,1.0,6432,4933,6255,3.5
17621,New-c74a786,1-0,1.0,6433,4933,6255,3.5
17626,Base-f462400,1/2-1/2,0.5,6433,4934,6255,3.5
17622,Base-f462400,1-0,0.0,6433,4934,6256,3.5
17623,New-c74a786,1-0,1.0,6434,4934,6256,3.5
17624,Base-f462400,0-1,1.0,6435,4934,6256,3.5
17625,New-c74a786,1-0,1.0,6436,4934,6256,3.5
17627,New-c74a786,1/2-1/2,0.5,6436,4935,6256,3.5
17628,Base-f462400,0-1,1.0,6437,4935,6256,3.6
17632,Base-f462400,1-0,0.0,6437,4935,6257,3.5
17629,New-c74a786,0-1,0.0,6437,4935,6258,3.5
17630,Base-f462400,1/2-1/2,0.5,6437,4936,6258,3.5
17631,New-c74a786,1-0,1.0,6438,4936,6258,3.5
17635,New-c74a786,1-0,1.0,6439,4936,6258,3.6
17634,Base-f462400,1-0,0.0,6439,4936,6259,3.5
17633,New-c74a786,1/2-1/2,0.5,6439,4937,6259,3.5
17636,Base-f462400,1-0,0.0,6439,4937,6260,3.5
17637,New-c74a786,1-0,1.0,6440,4937,6260,3.5
17640,Base-f462400,0-1,1.0,6441,4937,6260,3.6
17638,Base-f462400,0-1,1.0,6442,4937,6260,3.6
17642,Base-f462400,1-0,0.0,6442,4937,6261,3.6
17639,New-c74a786,0-1,0.0,6442,4937,6262,3.5
17641,New-c74a786,0-1,0.0,6442,4937,6263,3.5
17643,New-c74a786,1/2-1/2,0.5,6442,4938,6263,3.5
17646,Base-f462400,1-0,0.0,6442,4938,6264,3.5
17645,New-c74a786,0-1,0.0,6442,4938,6265,3.5
17644,Base-f462400,1/2-1/2,0.5,6442,4939,6265,3.5
17648,Base-f462400,0-1,1.0,6443,4939,6265,3.5
17647,New-c74a786,1-0,1.0,6444,4939,6265,3.5
17649,New-c74a786,0-1,0.0,6444,4939,6266,3.5
17650,Base-f462400,0-1,1.0,6445,4939,6266,3.5
17652,Base-f462400,1-0,0.0,6445,4939,6267,3.5
17651,New-c74a786,1-0,1.0,6446,4939,6267,3.5
17653,New-c74a786,0-1,0.0,6446,4939,6268,3.5
17656,Base-f462400,1-0,0.0,6446,4939,6269,3.5
17654,Base-f462400,0-1,1.0,6447,4939,6269,3.5
17655,New-c74a786,1/2-1/2,0.5,6447,4940,6269,3.5
17657,New-c74a786,1/2-1/2,0.5,6447,4941,6269,3.5
17658,Base-f462400,0-1,1.0,6448,4941,6269,3.5
17659,New-c74a786,0-1,0.0,6448,4941,6270,3.5
17660,Base-f462400,0-1,1.0,6449,4941,6270,3.5
17665,New-c74a786,0-1,0.0,6449,4941,6271,3.5
17664,Base-f462400,0-1,1.0,6450,4941,6271,3.5
17661,New-c74a786,0-1,0.0,6450,4941,6272,3.5
17663,New-c74a786,1/2-1/2,0.5,6450,4942,6272,3.5
17662,Base-f462400,1/2-1/2,0.5,6450,4943,6272,3.5
17666,Base-f462400,1-0,0.0,6450,4943,6273,3.5
17669,New-c74a786,1-0,1.0,6451,4943,6273,3.5
17670,Base-f462400,1-0,0.0,6451,4943,6274,3.5
17668,Base-f462400,1/2-1/2,0.5,6451,4944,6274,3.5
17667,New-c74a786,1-0,1.0,6452,4944,6274,3.5
17671,New-c74a786,1-0,1.0,6453,4944,6274,3.5
17674,Base-f462400,1-0,0.0,6453,4944,6275,3.5
17672,Base-f462400,1/2-1/2,0.5,6453,4945,6275,3.5
17675,New-c74a786,0-1,0.0,6453,4945,6276,3.5
17673,New-c74a786,1-0,1.0,6454,4945,6276,3.5
17676,Base-f462400,1/2-1/2,0.5,6454,4946,6276,3.5
17679,New-c74a786,0-1,0.0,6454,4946,6277,3.5
17678,Base-f462400,1-0,0.0,6454,4946,6278,3.5
17677,New-c74a786,1-0,1.0,6455,4946,6278,3.5
17686,Base-f462400,1/2-1/2,0.5,6455,4947,6278,3.5
17681,New-c74a786,1-0,1.0,6456,4947,6278,3.5
17684,Base-f462400,1/2-1/2,0.5,6456,4948,6278,3.5
17680,Base-f462400,1-0,0.0,6456,4948,6279,3.5
17682,Base-f462400,0-1,1.0,6457,4948,6279,3.5
17683,New-c74a786,0-1,0.0,6457,4948,6280,3.5
17685,New-c74a786,1/2-1/2,0.5,6457,4949,6280,3.5
17687,New-c74a786,1/2-1/2,0.5,6457,4950,6280,3.5
17690,Base-f462400,1/2-1/2,0.5,6457,4951,6280,3.5
17688,Base-f462400,1-0,0.0,6457,4951,6281,3.5
17689,New-c74a786,0-1,0.0,6457,4951,6282,3.4
17693,New-c74a786,1-0,1.0,6458,4951,6282,3.5
17692,Base-f462400,1-0,0.0,6458,4951,6283,3.4
17694,Base-f462400,1-0,0.0,6458,4951,6284,3.4
17691,New-c74a786,1-0,1.0,6459,4951,6284,3.4
17697,New-c74a786,1/2-1/2,0.5,6459,4952,6284,3.4
17696,Base-f462400,0-1,1.0,6460,4952,6284,3.5
17695,New-c74a786,1/2-1/2,0.5,6460,4953,6284,3.5
17702,Base-f462400,1/2-1/2,0.5,6460,4954,6284,3.5
17698,Base-f462400,0-1,1.0,6461,4954,6284,3.5
17701,New-c74a786,0-1,0.0,6461,4954,6285,3.5
17700,Base-f462400,1-0,0.0,6461,4954,6286,3.4
17699,New-c74a786,0-1,0.0,6461,4954,6287,3.4
17703,New-c74a786,0-1,0.0,6461,4954,6288,3.4
17705,New-c74a786,1-0,1.0,6462,4954,6288,3.4
17707,New-c74a786,0-1,0.0,6462,4954,6289,3.4
17708,Base-f462400,1/2-1/2,0.5,6462,4955,6289,3.4
17709,New-c74a786,1/2-1/2,0.5,6462,4956,6289,3.4
17706,Base-f462400,1/2-1/2,0.5,6462,4957,6289,3.4
17704,Base-f462400,0-1,1.0,6463,4957,6289,3.4
17710,Base-f462400,1/2-1/2,0.5,6463,4958,6289,3.4
17712,Base-f462400,0-1,1.0,6464,4958,6289,3.4
17711,New-c74a786,0-1,0.0,6464,4958,6290,3.4
17713,New-c74a786,0-1,0.0,6464,4958,6291,3.4
17715,New-c74a786,1-0,1.0,6465,4958,6291,3.4
17714,Base-f462400,0-1,1.0,6466,4958,6291,3.4
17717,New-c74a786,0-1,0.0,6466,4958,6292,3.4
17716,Base-f462400,1/2-1/2,0.5,6466,4959,6292,3.4
17718,Base-f462400,0-1,1.0,6467,4959,6292,3.4
17722,Base-f462400,1-0,0.0,6467,4959,6293,3.4
17719,New-c74a786,0-1,0.0,6467,4959,6294,3.4
17721,New-c74a786,1-0,1.0,6468,4959,6294,3.4
17724,Base-f462400,1-0,0.0,6468,4959,6295,3.4
17725,New-c74a786,1/2-1/2,0.5,6468,4960,6295,3.4
17723,New-c74a786,1/2-1/2,0.5,6468,4961,6295,3.4
17720,Base-f462400,1/2-1/2,0.5,6468,4962,6295,3.4
17726,Base-f462400,0-1,1.0,6469,4962,6295,3.4
17728,Base-f462400,0-1,1.0,6470,4962,6295,3.4
17727,New-c74a786,1/2-1/2,0.5,6470,4963,6295,3.4
17729,New-c74a786,1-0,1.0,6471,4963,6295,3.4
17731,New-c74a786,1-0,1.0,6472,4963,6295,3.5
17732,Base-f462400,0-1,1.0,6473,4963,6295,3.5
17730,Base-f462400,0-1,1.0,6474,4963,6295,3.5
17733,New-c74a786,1/2-1/2,0.5,6474,4964,6295,3.5
17734,Base-f462400,1-0,0.0,6474,4964,6296,3.5
17735,New-c74a786,0-1,0.0,6474,4964,6297,3.5
17736,Base-f462400,0-1,1.0,6475,4964,6297,3.5
17737,New-c74a786,0-1,0.0,6475,4964,6298,3.5
17738,Base-f462400,1-0,0.0,6475,4964,6299,3.4
17739,New-c74a786,0-1,0.0,6475,4964,6300,3.4
17741,New-c74a786,1-0,1.0,6476,4964,6300,3.4
17743,New-c74a786,1/2-1/2,0.5,6476,4965,6300,3.4
17740,Base-f462400,0-1,1.0,6477,4965,6300,3.5
17744,Base-f462400,0-1,1.0,6478,4965,6300,3.5
17745,New-c74a786,1/2-1/2,0.5,6478,4966,6300,3.5
17742,Base-f462400,1-0,0.0,6478,4966,6301,3.5
17749,New-c74a786,0-1,0.0,6478,4966,6302,3.4
17747,New-c74a786,1/2-1/2,0.5,6478,4967,6302,3.4
17746,Base-f462400,1-0,0.0,6478,4967,6303,3.4
17748,Base-f462400,1-0,0.0,6478,4967,6304,3.4
17751,New-c74a786,1/2-1/2,0.5,6478,4968,6304,3.4
17753,New-c74a786,1-0,1.0,6479,4968,6304,3.4
17750,Base-f462400,1/2-1/2,0.5,6479,4969,6304,3.4
17752,Base-f462400,1/2-1/2,0.5,6479,4970,6304,3.4
17754,Base-f462400,1/2-1/2,0.5,6479,4971,6304,3.4
17757,New-c74a786,1-0,1.0,6480,4971,6304,3.4
17755,New-c74a786,1/2-1/2,0.5,6480,4972,6304,3.4
17759,New-c74a786,1/2-1/2,0.5,6480,4973,6304,3.4
17760,Base-f462400,1-0,0.0,6480,4973,6305,3.4
17756,Base-f462400,0-1,1.0,6481,4973,6305,3.4
17758,Base-f462400,1-0,0.0,6481,4973,6306,3.4
17761,New-c74a786,0-1,0.0,6481,4973,6307,3.4
17762,Base-f462400,1-0,0.0,6481,4973,6308,3.4
17763,New-c74a786,0-1,0.0,6481,4973,6309,3.4
17764,Base-f462400,1-0,0.0,6481,4973,6310,3.3
17767,New-c74a786,1-0,1.0,6482,4973,6310,3.4
17768,Base-f462400,1-0,0.0,6482,4973,6311,3.3
17766,Base-f462400,1-0,0.0,6482,4973,6312,3.3
17765,New-c74a786,1-0,1.0,6483,4973,6312,3.3
17771,New-c74a786,1-0,1.0,6484,4973,6312,3.4
17769,New-c74a786,1/2-1/2,0.5,6484,4974,6312,3.4
17770,Base-f462400,0-1,1.0,6485,4974,6312,3.4
17773,New-c74a786,0-1,0.0,6485,4974,6313,3.4
17774,Base-f462400,0-1,1.0,6486,4974,6313,3.4
17772,Base-f462400,1/2-1/2,0.5,6486,4975,6313,3.4
17779,New-c74a786,0-1,0.0,6486,4975,6314,3.4
17775,New-c74a786,1-0,1.0,6487,4975,6314,3.4
17778,Base-f462400,1-0,0.0,6487,4975,6315,3.4
17776,Base-f462400,1/2-1/2,0.5,6487,4976,6315,3.4
17781,New-c74a786,1/2-1/2,0.5,6487,4977,6315,3.4
17780,Base-f462400,0-1,1.0,6488,4977,6315,3.4
17777,New-c74a786,1/2-1/2,0.5,6488,4978,6315,3.4
17786,Base-f462400,1-0,0.0,6488,4978,6316,3.4
17782,Base-f462400,1-0,0.0,6488,4978,6317,3.3
17783,New-c74a786,1-0,1.0,6489,4978,6317,3.4
17784,Base-f462400,0-1,1.0,6490,4978,6317,3.4
17785,New-c74a786,0-1,0.0,6490,4978,6318,3.4
17787,New-c74a786,1-0,1.0,6491,4978,6318,3.4
17789,New-c74a786,0-1,0.0,6491,4978,6319,3.4
17793,New-c74a786,1/2-1/2,0.5,6491,4979,6319,3.4
17788,Base-f462400,1/2-1/2,0.5,6491,4980,6319,3.4
17790,Base-f462400,1-0,0.0,6491,4980,6320,3.3
17791,New-c74a786,1/2-1/2,0.5,6491,4981,6320,3.3
17794,Base-f462400,1-0,0.0,6491,4981,6321,3.3
17792,Base-f462400,1/2-1/2,0.5,6491,4982,6321,3.3
17795,New-c74a786,1-0,1.0,6492,4982,6321,3.3
17796,Base-f462400,1-0,0.0,6492,4982,6322,3.3
17799,New-c74a786,1/2-1/2,0.5,6492,4983,6322,3.3
17797,New-c74a786,1-0,1.0,6493,4983,6322,3.3
17801,New-c74a786,1/2-1/2,0.5,6493,4984,6322,3.3
17798,Base-f462400,0-1,1.0,6494,4984,6322,3.4
17800,Base-f462400,1/2-1/2,0.5,6494,4985,6322,3.4
17802,Base-f462400,0-1,1.0,6495,4985,6322,3.4
17803,New-c74a786,1-0,1.0,6496,4985,6322,3.4
17804,Base-f462400,0-1,1.0,6497,4985,6322,3.4
17808,Base-f462400,1/2-1/2,0.5,6497,4986,6322,3.4
17806,Base-f462400,1-0,0.0,6497,4986,6323,3.4
17807,New-c74a786,1/2-1/2,0.5,6497,4987,6323,3.4
17805,New-c74a786,1-0,1.0,6498,4987,6323,3.4
17809,New-c74a786,1/2-1/2,0.5,6498,4988,6323,3.4
17810,Base-f462400,0-1,1.0,6499,4988,6323,3.4
17811,New-c74a786,1-0,1.0,6500,4988,6323,3.5
17817,New-c74a786,1-0,1.0,6501,4988,6323,3.5
17816,Base-f462400,1-0,0.0,6501,4988,6324,3.5
17814,Base-f462400,1/2-1/2,0.5,6501,4989,6324,3.5
17815,New-c74a786,0-1,0.0,6501,4989,6325,3.4
17813,New-c74a786,1/2-1/2,0.5,6501,4990,6325,3.4
17812,Base-f462400,1/2-1/2,0.5,6501,4991,6325,3.4
17818,Base-f462400,1-0,0.0,6501,4991,6326,3.4
17819,New-c74a786,1-0,1.0,6502,4991,6326,3.4
17820,Base-f462400,1-0,0.0,6502,4991,6327,3.4
17824,Base-f462400,1-0,0.0,6502,4991,6328,3.4
17823,New-c74a786,1/2-1/2,0.5,6502,4992,6328,3.4
17821,New-c74a786,1/2-1/2,0.5,6502,4993,6328,3.4
17822,Base-f462400,1-0,0.0,6502,4993,6329,3.4
17825,New-c74a786,0-1,0.0,6502,4993,6330,3.4
17826,Base-f462400,0-1,1.0,6503,4993,6330,3.4
17827,New-c74a786,1-0,1.0,6504,4993,6330,3.4
17829,New-c74a786,1-0,1.0,6505,4993,6330,3.4
17832,Base-f462400,1-0,0.0,6505,4993,6331,3.4
17830,Base-f462400,1-0,0.0,6505,4993,6332,3.4
17828,Base-f462400,0-1,1.0,6506,4993,6332,3.4
17831,New-c74a786,1-0,1.0,6507,4993,6332,3.4
17833,New-c74a786,0-1,0.0,6507,4993,6333,3.4
17836,Base-f462400,1-0,0.0,6507,4993,6334,3.4
17834,Base-f462400,1-0,0.0,6507,4993,6335,3.4
17835,New-c74a786,1/2-1/2,0.5,6507,4994,6335,3.4
17840,Base-f462400,1-0,0.0,6507,4994,6336,3.3
17837,New-c74a786,0-1,0.0,6507,4994,6337,3.3
17838,Base-f462400,1/2-1/2,0.5,6507,4995,6337,3.3
17839,New-c74a786,1/2-1/2,0.5,6507,4996,6337,3.3
17841,New-c74a786,1/2-1/2,0.5,6507,4997,6337,3.3
17843,New-c74a786,0-1,0.0,6507,4997,6338,3.3
17842,Base-f462400,1/2-1/2,0.5,6507,4998,6338,3.3
17849,New-c74a786,1-0,1.0,6508,4998,6338,3.3
17845,New-c74a786,1/2-1/2,0.5,6508,4999,6338,3.3
17848,Base-f462400,1-0,0.0,6508,4999,6339,3.3
17846,Base-f462400,1/2-1/2,0.5,6508,5000,6339,3.3
17844,Base-f462400,1-0,0.0,6508,5000,6340,3.3
17847,New-c74a786,1-0,1.0,6509,5000,6340,3.3
17854,Base-f462400,1-0,0.0,6509,5000,6341,3.3
17851,New-c74a786,1-0,1.0,6510,5000,6341,3.3
17853,New-c74a786,0-1,0.0,6510,5000,6342,3.3
17850,Base-f462400,1/2-1/2,0.5,6510,5001,6342,3.3
17852,Base-f462400,1/2-1/2,0.5,6510,5002,6342,3.3
17857,New-c74a786,1-0,1.0,6511,5002,6342,3.3
17855,New-c74a786,1/2-1/2,0.5,6511,5003,6342,3.3
17856,Base-f462400,0-1,1.0,6512,5003,6342,3.3
17859,New-c74a786,1/2-1/2,0.5,6512,5004,6342,3.3
17860,Base-f462400,1-0,0.0,6512,5004,6343,3.3
17861,New-c74a786,1/2-1/2,0.5,6512,5005,6343,3.3
17858,Base-f462400,1/2-1/2,0.5,6512,5006,6343,3.3
17864,Base-f462400,0-1,1.0,6513,5006,6343,3.3
17862,Base-f462400,1/2-1/2,0.5,6513,5007,6343,3.3
17863,New-c74a786,0-1,0.0,6513,5007,6344,3.3
17865,New-c74a786,0-1,0.0,6513,5007,6345,3.3
17866,Base-f462400,1/2-1/2,0.5,6513,5008,6345,3.3
17869,New-c74a786,0-1,0.0,6513,5008,6346,3.2
17867,New-c74a786,1-0,1.0,6514,5008,6346,3.3
17871,New-c74a786,0-1,0.0,6514,5008,6347,3.2
17872,Base-f462400,1-0,0.0,6514,5008,6348,3.2
17870,Base-f462400,1-0,0.0,6514,5008,6349,3.2
17868,Base-f462400,1-0,0.0,6514,5008,6350,3.2
17876,Base-f462400,1-0,0.0,6514,5008,6351,3.2
17874,Base-f462400,1-0,0.0,6514,5008,6352,3.1
17873,New-c74a786,0-1,0.0,6514,5008,6353,3.1
17878,Base-f462400,1/2-1/2,0.5,6514,5009,6353,3.1
17875,New-c74a786,0-1,0.0,6514,5009,6354,3.1
17877,New-c74a786,1-0,1.0,6515,5009,6354,3.1
17879,New-c74a786,1-0,1.0,6516,5009,6354,3.1
17880,Base-f462400,0-1,1.0,6517,5009,6354,3.2
17883,New-c74a786,0-1,0.0,6517,5009,6355,3.1
17882,Base-f462400,0-1,1.0,6518,5009,6355,3.2
17881,New-c74a786,1-0,1.0,6519,5009,6355,3.2
17884,Base-f462400,0-1,1.0,6520,5009,6355,3.2
17885,New-c74a786,0-1,0.0,6520,5009,6356,3.2
17886,Base-f462400,1-0,0.0,6520,5009,6357,3.2
17888,Base-f462400,1-0,0.0,6520,5009,6358,3.1
17887,New-c74a786,0-1,0.0,6520,5009,6359,3.1
17889,New-c74a786,1-0,1.0,6521,5009,6359,3.1
17891,New-c74a786,1-0,1.0,6522,5009,6359,3.2
17890,Base-f462400,0-1,1.0,6523,5009,6359,3.2
17892,Base-f462400,0-1,1.0,6524,5009,6359,3.2
17896,Base-f462400,0-1,1.0,6525,5009,6359,3.2
17894,Base-f462400,1/2-1/2,0.5,6525,5010,6359,3.2
17895,New-c74a786,1-0,1.0,6526,5010,6359,3.2
17893,New-c74a786,1-0,1.0,6527,5010,6359,3.3
17900,Base-f462400,1-0,0.0,6527,5010,6360,3.2
17897,New-c74a786,0-1,0.0,6527,5010,6361,3.2
17903,New-c74a786,1-0,1.0,6528,5010,6361,3.2
17899,New-c74a786,1-0,1.0,6529,5010,6361,3.3
17901,New-c74a786,1-0,1.0,6530,5010,6361,3.3
17904,Base-f462400,1-0,0.0,6530,5010,6362,3.3
17898,Base-f462400,1/2-1/2,0.5,6530,5011,6362,3.3
17902,Base-f462400,1-0,0.0,6530,5011,6363,3.2
17911,New-c74a786,1/2-1/2,0.5,6530,5012,6363,3.2
17905,New-c74a786,0-1,0.0,6530,5012,6364,3.2
17906,Base-f462400,1/2-1/2,0.5,6530,5013,6364,3.2
17909,New-c74a786,1/2-1/2,0.5,6530,5014,6364,3.2
17910,Base-f462400,1-0,0.0,6530,5014,6365,3.2
17907,New-c74a786,1-0,1.0,6531,5014,6365,3.2
17908,Base-f462400,1/2-1/2,0.5,6531,5015,6365,3.2
17912,Base-f462400,1/2-1/2,0.5,6531,5016,6365,3.2
17913,New-c74a786,1-0,1.0,6532,5016,6365,3.2
17914,Base-f462400,1-0,0.0,6532,5016,6366,3.2
17916,Base-f462400,0-1,1.0,6533,5016,6366,3.2
17918,Base-f462400,1/2-1/2,0.5,6533,5017,6366,3.2
17915,New-c74a786,0-1,0.0,6533,5017,6367,3.2
17919,New-c74a786,1-0,1.0,6534,5017,6367,3.2
17917,New-c74a786,1-0,1.0,6535,5017,6367,3.3
17924,Base-f462400,1-0,0.0,6535,5017,6368,3.2
17920,Base-f462400,0-1,1.0,6536,5017,6368,3.3
17925,New-c74a786,1/2-1/2,0.5,6536,5018,6368,3.3
17922,Base-f462400,1-0,0.0,6536,5018,6369,3.2
17927,New-c74a786,1-0,1.0,6537,5018,6369,3.3
17921,New-c74a786,0-1,0.0,6537,5018,6370,3.2
17923,New-c74a786,1-0,1.0,6538,5018,6370,3.3
17926,Base-f462400,1-0,0.0,6538,5018,6371,3.2
17930,Base-f462400,1/2-1/2,0.5,6538,5019,6371,3.2
17928,Base-f462400,1-0,0.0,6538,5019,6372,3.2
17929,New-c74a786,0-1,0.0,6538,5019,6373,3.2
17931,New-c74a786,0-1,0.0,6538,5019,6374,3.2
17933,New-c74a786,1-0,1.0,6539,5019,6374,3.2
17932,Base-f462400,1-0,0.0,6539,5019,6375,3.2
17935,New-c74a786,1-0,1.0,6540,5019,6375,3.2
17937,New-c74a786,1-0,1.0,6541,5019,6375,3.2
17936,Base-f462400,0-1,1.0,6542,5019,6375,3.2
17934,Base-f462400,1/2-1/2,0.5,6542,5020,6375,3.2
17941,New-c74a786,1-0,1.0,6543,5020,6375,3.3
17938,Base-f462400,1-0,0.0,6543,5020,6376,3.2
17939,New-c74a786,1-0,1.0,6544,5020,6376,3.3
17943,New-c74a786,0-1,0.0,6544,5020,6377,3.2
17942,Base-f462400,0-1,1.0,6545,5020,6377,3.3
17945,New-c74a786,1-0,1.0,6546,5020,6377,3.3
17944,Base-f462400,0-1,1.0,6547,5020,6377,3.3
17947,New-c74a786,1/2-1/2,0.5,6547,5021,6377,3.3
17946,Base-f462400,1/2-1/2,0.5,6547,5022,6377,3.3
17940,Base-f462400,1/2-1/2,0.5,6547,5023,6377,3.3
17948,Base-f462400,0-1,1.0,6548,5023,6377,3.3
17949,New-c74a786,0-1,0.0,6548,5023,6378,3.3
17950,Base-f462400,1/2-1/2,0.5,6548,5024,6378,3.3
17951,New-c74a786,1-0,1.0,6549,5024,6378,3.3
17952,Base-f462400,0-1,1.0,6550,5024,6378,3.3
17953,New-c74a786,0-1,0.0,6550,5024,6379,3.3
17956,Base-f462400,1-0,0.0,6550,5024,6380,3.3
17954,Base-f462400,1-0,0.0,6550,5024,6381,3.3
17955,New-c74a786,1/2-1/2,0.5,6550,5025,6381,3.3
17957,New-c74a786,1-0,1.0,6551,5025,6381,3.3
17958,Base-f462400,1-0,0.0,6551,5025,6382,3.3
17959,New-c74a786,1-0,1.0,6552,5025,6382,3.3
17964,Base-f462400,1-0,0.0,6552,5025,6383,3.3
17960,Base-f462400,0-1,1.0,6553,5025,6383,3.3
17961,New-c74a786,1-0,1.0,6554,5025,6383,3.3
17962,Base-f462400,1/2-1/2,0.5,6554,5026,6383,3.3
17967,New-c74a786,1/2-1/2,0.5,6554,5027,6383,3.3
17965,New-c74a786,0-1,0.0,6554,5027,6384,3.3
17966,Base-f462400,0-1,1.0,6555,5027,6384,3.3
17968,Base-f462400,1-0,0.0,6555,5027,6385,3.3
17963,New-c74a786,1/2-1/2,0.5,6555,5028,6385,3.3
17970,Base-f462400,1-0,0.0,6555,5028,6386,3.3
17969,New-c74a786,1-0,1.0,6556,5028,6386,3.3
17971,New-c74a786,0-1,0.0,6556,5028,6387,3.3
17976,Base-f462400,1-0,0.0,6556,5028,6388,3.2
17972,Base-f462400,1-0,0.0,6556,5028,6389,3.2
17973,New-c74a786,0-1,0.0,6556,5028,6390,3.2
17974,Base-f462400,1-0,0.0,6556,5028,6391,3.2
17975,New-c74a786,1/2-1/2,0.5,6556,5029,6391,3.2
17979,New-c74a786,1-0,1.0,6557,5029,6391,3.2
17977,New-c74a786,1/2-1/2,0.5,6557,5030,6391,3.2
17980,Base-f462400,0-1,1.0,6558,5030,6391,3.2
17983,New-c74a786,0-1,0.0,6558,5030,6392,3.2
17978,Base-f462400,0-1,1.0,6559,5030,6392,3.2
17982,Base-f462400,0-1,1.0,6560,5030,6392,3.2
17981,New-c74a786,1-0,1.0,6561,5030,6392,3.3
17984,Base-f462400,1-0,0.0,6561,5030,6393,3.2
17985,New-c74a786,1-0,1.0,6562,5030,6393,3.3
17986,Base-f462400,1-0,0.0,6562,5030,6394,3.2
17987,New-c74a786,0-1,0.0,6562,5030,6395,3.2
17989,New-c74a786,0-1,0.0,6562,5030,6396,3.2
17991,New-c74a786,1-0,1.0,6563,5030,6396,3.2
17988,Base-f462400,0-1,1.0,6564,5030,6396,3.2
17992,Base-f462400,1-0,0.0,6564,5030,6397,3.2
17990,Base-f462400,1-0,0.0,6564,5030,6398,3.2
17993,New-c74a786,0-1,0.0,6564,5030,6399,3.2
17999,New-c74a786,0-1,0.0,6564,5030,6400,3.2
17995,New-c74a786,1/2-1/2,0.5,6564,5031,6400,3.2
17996,Base-f462400,1-0,0.0,6564,5031,6401,3.1
17998,Base-f462400,1-0,0.0,6564,5031,6402,3.1
17994,Base-f462400,1/2-1/2,0.5,6564,5032,6402,3.1
17997,New-c74a786,1/2-1/2,0.5,6564,5033,6402,3.1
18001,New-c74a786,0-1,0.0,6564,5033,6403,3.1
18000,Base-f462400,1/2-1/2,0.5,6564,5034,6403,3.1
18004,Base-f462400,1-0,0.0,6564,5034,6404,3.1
18003,New-c74a786,0-1,0.0,6564,5034,6405,3.1
18002,Base-f462400,0-1,1.0,6565,5034,6405,3.1
18006,Base-f462400,1-0,0.0,6565,5034,6406,3.1
18005,New-c74a786,1-0,1.0,6566,5034,6406,3.1
18007,New-c74a786,0-1,0.0,6566,5034,6407,3.1
18008,Base-f462400,1-0,0.0,6566,5034,6408,3.0
18009,New-c74a786,1/2-1/2,0.5,6566,5035,6408,3.0
18013,New-c74a786,1/2-1/2,0.5,6566,5036,6408,3.0
18012,Base-f462400,0-1,1.0,6567,5036,6408,3.1
18011,New-c74a786,1/2-1/2,0.5,6567,5037,6408,3.1
18014,Base-f462400,1/2-1/2,0.5,6567,5038,6408,3.1
18010,Base-f462400,1/2-1/2,0.5,6567,5039,6408,3.1
18016,Base-f462400,1-0,0.0,6567,5039,6409,3.0
18015,New-c74a786,1-0,1.0,6568,5039,6409,3.1
18018,Base-f462400,0-1,1.0,6569,5039,6409,3.1
18022,Base-f462400,1/2-1/2,0.5,6569,5040,6409,3.1
18017,New-c74a786,1-0,1.0,6570,5040,6409,3.1
18019,New-c74a786,0-1,0.0,6570,5040,6410,3.1
18021,New-c74a786,0-1,0.0,6570,5040,6411,3.1
18020,Base-f462400,0-1,1.0,6571,5040,6411,3.1
18027,New-c74a786,1-0,1.0,6572,5040,6411,3.1
18024,Base-f462400,1-0,0.0,6572,5040,6412,3.1
18023,New-c74a786,0-1,0.0,6572,5040,6413,3.1
18029,New-c74a786,1-0,1.0,6573,5040,6413,3.1
18034,Base-f462400,1/2-1/2,0.5,6573,5041,6413,3.1
18028,Base-f462400,0-1,1.0,6574,5041,6413,3.1
18026,Base-f462400,0-1,1.0,6575,5041,6413,3.1
18033,New-c74a786,1/2-1/2,0.5,6575,5042,6413,3.1
18025,New-c74a786,1/2-1/2,0.5,6575,5043,6413,3.1
18030,Base-f462400,0-1,1.0,6576,5043,6413,3.1
18038,Base-f462400,1/2-1/2,0.5,6576,5044,6413,3.1
18032,Base-f462400,1-0,0.0,6576,5044,6414,3.1
18031,New-c74a786,1-0,1.0,6577,5044,6414,3.1
18035,New-c74a786,1-0,1.0,6578,5044,6414,3.2
18037,New-c74a786,1/2-1/2,0.5,6578,5045,6414,3.2
18039,New-c74a786,0-1,0.0,6578,5045,6415,3.1
18036,Base-f462400,1-0,0.0,6578,5045,6416,3.1
18041,New-c74a786,1/2-1/2,0.5,6578,5046,6416,3.1
18040,Base-f462400,0-1,1.0,6579,5046,6416,3.1
18042,Base-f462400,0-1,1.0,6580,5046,6416,3.2
18044,Base-f462400,1-0,0.0,6580,5046,6417,3.1
18046,Base-f462400,1-0,0.0,6580,5046,6418,3.1
18043,New-c74a786,1-0,1.0,6581,5046,6418,3.1
18045,New-c74a786,1/2-1/2,0.5,6581,5047,6418,3.1
18047,New-c74a786,1-0,1.0,6582,5047,6418,3.2
18048,Base-f462400,1/2-1/2,0.5,6582,5048,6418,3.2
18050,Base-f462400,1-0,0.0,6582,5048,6419,3.1
18049,New-c74a786,1/2-1/2,0.5,6582,5049,6419,3.1
18051,New-c74a786,1/2-1/2,0.5,6582,5050,6419,3.1
18052,Base-f462400,1/2-1/2,0.5,6582,5051,6419,3.1
18054,Base-f462400,1/2-1/2,0.5,6582,5052,6419,3.1
18055,New-c74a786,1/2-1/2,0.5,6582,5053,6419,3.1
18053,New-c74a786,1-0,1.0,6583,5053,6419,3.2
18057,New-c74a786,0-1,0.0,6583,5053,6420,3.1
18059,New-c74a786,0-1,0.0,6583,5053,6421,3.1
18058,Base-f462400,1-0,0.0,6583,5053,6422,3.1
18056,Base-f462400,0-1,1.0,6584,5053,6422,3.1
18063,New-c74a786,0-1,0.0,6584,5053,6423,3.1
18061,New-c74a786,1/2-1/2,0.5,6584,5054,6423,3.1
18060,Base-f462400,1-0,0.0,6584,5054,6424,3.1
18062,Base-f462400,1/2-1/2,0.5,6584,5055,6424,3.1
18064,Base-f462400,1-0,0.0,6584,5055,6425,3.1
18066,Base-f462400,0-1,1.0,6585,5055,6425,3.1
18065,New-c74a786,1/2-1/2,0.5,6585,5056,6425,3.1
18067,New-c74a786,1/2-1/2,0.5,6585,5057,6425,3.1
18069,New-c74a786,1/2-1/2,0.5,6585,5058,6425,3.1
18068,Base-f462400,0-1,1.0,6586,5058,6425,3.1
18070,Base-f462400,1/2-1/2,0.5,6586,5059,6425,3.1
18072,Base-f462400,0-1,1.0,6587,5059,6425,3.1
18071,New-c74a786,0-1,0.0,6587,5059,6426,3.1
18074,Base-f462400,1/2-1/2,0.5,6587,5060,6426,3.1
18075,New-c74a786,0-1,0.0,6587,5060,6427,3.1
18076,Base-f462400,1/2-1/2,0.5,6587,5061,6427,3.1
18073,New-c74a786,1/2-1/2,0.5,6587,5062,6427,3.1
18077,New-c74a786,1-0,1.0,6588,5062,6427,3.1
18079,New-c74a786,0-1,0.0,6588,5062,6428,3.1
18078,Base-f462400,1/2-1/2,0.5,6588,5063,6428,3.1
18081,New-c74a786,0-1,0.0,6588,5063,6429,3.1
18084,Base-f462400,0-1,1.0,6589,5063,6429,3.1
18080,Base-f462400,1-0,0.0,6589,5063,6430,3.1
18082,Base-f462400,1-0,0.0,6589,5063,6431,3.0
18083,New-c74a786,0-1,0.0,6589,5063,6432,3.0
18086,Base-f462400,1-0,0.0,6589,5063,6433,3.0
18087,New-c74a786,0-1,0.0,6589,5063,6434,3.0
18085,New-c74a786,1/2-1/2,0.5,6589,5064,6434,3.0
18090,Base-f462400,1/2-1/2,0.5,6589,5065,6434,3.0
18088,Base-f462400,1/2-1/2,0.5,6589,5066,6434,3.0
18089,New-c74a786,0-1,0.0,6589,5066,6435,3.0
18091,New-c74a786,0-1,0.0,6589,5066,6436,2.9
18092,Base-f462400,1/2-1/2,0.5,6589,5067,6436,2.9
18093,New-c74a786,0-1,0.0,6589,5067,6437,2.9
18099,New-c74a786,1/2-1/2,0.5,6589,5068,6437,2.9
18095,New-c74a786,0-1,0.0,6589,5068,6438,2.9
18094,Base-f462400,1-0,0.0,6589,5068,6439,2.9
18098,Base-f462400,0-1,1.0,6590,5068,6439,2.9
18096,Base-f462400,0-1,1.0,6591,5068,6439,2.9
18097,New-c74a786,1-0,1.0,6592,5068,6439,2.9
18100,Base-f462400,1-0,0.0,6592,5068,6440,2.9
18101,New-c74a786,0-1,0.0,6592,5068,6441,2.9
18102,Base-f462400,1-0,0.0,6592,5068,6442,2.9
18105,New-c74a786,1/2-1/2,0.5,6592,5069,6442,2.9
18104,Base-f462400,1-0,0.0,6592,5069,6443,2.9
18103,New-c74a786,1-0,1.0,6593,5069,6443,2.9
18109,New-c74a786,1/2-1/2,0.5,6593,5070,6443,2.9
18106,Base-f462400,0-1,1.0,6594,5070,6443,2.9
18107,New-c74a786,1-0,1.0,6595,5070,6443,2.9
18108,Base-f462400,0-1,1.0,6596,5070,6443,2.9
18110,Base-f462400,0-1,1.0,6597,5070,6443,3.0
18111,New-c74a786,1-0,1.0,6598,5070,6443,3.0
18113,New-c74a786,0-1,0.0,6598,5070,6444,3.0
18114,Base-f462400,1-0,0.0,6598,5070,6445,2.9
18115,New-c74a786,0-1,0.0,6598,5070,6446,2.9
18112,Base-f462400,0-1,1.0,6599,5070,6446,2.9
18117,New-c74a786,0-1,0.0,6599,5070,6447,2.9
18116,Base-f462400,1/2-1/2,0.5,6599,5071,6447,2.9
18119,New-c74a786,0-1,0.0,6599,5071,6448,2.9
18121,New-c74a786,1/2-1/2,0.5,6599,5072,6448,2.9
18118,Base-f462400,1/2-1/2,0.5,6599,5073,6448,2.9
18120,Base-f462400,0-1,1.0,6600,5073,6448,2.9
18123,New-c74a786,1-0,1.0,6601,5073,6448,2.9
18122,Base-f462400,0-1,1.0,6602,5073,6448,3.0
18124,Base-f462400,1-0,0.0,6602,5073,6449,2.9
18127,New-c74a786,0-1,0.0,6602,5073,6450,2.9
18125,New-c74a786,0-1,0.0,6602,5073,6451,2.9
18129,New-c74a786,1/2-1/2,0.5,6602,5074,6451,2.9
18128,Base-f462400,0-1,1.0,6603,5074,6451,2.9
18126,Base-f462400,1-0,0.0,6603,5074,6452,2.9
18130,Base-f462400,1-0,0.0,6603,5074,6453,2.9
18132,Base-f462400,1-0,0.0,6603,5074,6454,2.9
18135,New-c74a786,1-0,1.0,6604,5074,6454,2.9
18133,New-c74a786,0-1,0.0,6604,5074,6455,2.9
18136,Base-f462400,1-0,0.0,6604,5074,6456,2.8
18131,New-c74a786,1/2-1/2,0.5,6604,5075,6456,2.8
18134,Base-f462400,0-1,1.0,6605,5075,6456,2.9
18137,New-c74a786,0-1,0.0,6605,5075,6457,2.8
18138,Base-f462400,1-0,0.0,6605,5075,6458,2.8
18139,New-c74a786,1/2-1/2,0.5,6605,5076,6458,2.8
18140,Base-f462400,0-1,1.0,6606,5076,6458,2.8
18142,Base-f462400,0-1,1.0,6607,5076,6458,2.9
18141,New-c74a786,1-0,1.0,6608,5076,6458,2.9
18145,New-c74a786,0-1,0.0,6608,5076,6459,2.9
18144,Base-f462400,1-0,0.0,6608,5076,6460,2.8
18146,Base-f462400,0-1,1.0,6609,5076,6460,2.9
18147,New-c74a786,0-1,0.0,6609,5076,6461,2.8
18143,New-c74a786,1/2-1/2,0.5,6609,5077,6461,2.8
18150,Base-f462400,0-1,1.0,6610,5077,6461,2.9
18149,New-c74a786,0-1,0.0,6610,5077,6462,2.8
18148,Base-f462400,1-0,0.0,6610,5077,6463,2.8
18153,New-c74a786,1-0,1.0,6611,5077,6463,2.8
18151,New-c74a786,1-0,1.0,6612,5077,6463,2.9
18155,New-c74a786,0-1,0.0,6612,5077,6464,2.8
18152,Base-f462400,0-1,1.0,6613,5077,6464,2.9
18154,Base-f462400,1/2-1/2,0.5,6613,5078,6464,2.9
18159,New-c74a786,1/2-1/2,0.5,6613,5079,6464,2.9
18157,New-c74a786,0-1,0.0,6613,5079,6465,2.8
18156,Base-f462400,0-1,1.0,6614,5079,6465,2.9
18158,Base-f462400,0-1,1.0,6615,5079,6465,2.9
18161,New-c74a786,0-1,0.0,6615,5079,6466,2.9
18163,New-c74a786,1/2-1/2,0.5,6615,5080,6466,2.9
18162,Base-f462400,1/2-1/2,0.5,6615,5081,6466,2.9
18165,New-c74a786,1-0,1.0,6616,5081,6466,2.9
18164,Base-f462400,1-0,0.0,6616,5081,6467,2.9
18167,New-c74a786,0-1,0.0,6616,5081,6468,2.8
18160,Base-f462400,1/2-1/2,0.5,6616,5082,6468,2.8
18166,Base-f462400,0-1,1.0,6617,5082,6468,2.8
18169,New-c74a786,0-1,0.0,6617,5082,6469,2.8
18173,New-c74a786,1-0,1.0,6618,5082,6469,2.8
18168,Base-f462400,0-1,1.0,6619,5082,6469,2.9
18170,Base-f462400,0-1,1.0,6620,5082,6469,2.9
18172,Base-f462400,1-0,0.0,6620,5082,6470,2.9
18171,New-c74a786,1-0,1.0,6621,5082,6470,2.9
18175,New-c74a786,1-0,1.0,6622,5082,6470,2.9
18174,Base-f462400,1-0,0.0,6622,5082,6471,2.9
18176,Base-f462400,1-0,0.0,6622,5082,6472,2.9
18183,New-c74a786,1-0,1.0,6623,5082,6472,2.9
18178,Base-f462400,1-0,0.0,6623,5082,6473,2.9
18179,New-c74a786,0-1,0.0,6623,5082,6474,2.8
18180,Base-f462400,1-0,0.0,6623,5082,6475,2.8
18177,New-c74a786,1/2-1/2,0.5,6623,5083,6475,2.8
18182,Base-f462400,0-1,1.0,6624,5083,6475,2.8
18181,New-c74a786,1-0,1.0,6625,5083,6475,2.9
18189,New-c74a786,1-0,1.0,6626,5083,6475,2.9
18186,Base-f462400,1/2-1/2,0.5,6626,5084,6475,2.9
18184,Base-f462400,1-0,0.0,6626,5084,6476,2.9
18187,New-c74a786,0-1,0.0,6626,5084,6477,2.8
18188,Base-f462400,0-1,1.0,6627,5084,6477,2.9
18185,New-c74a786,1-0,1.0,6628,5084,6477,2.9
18191,New-c74a786,1/2-1/2,0.5,6628,5085,6477,2.9
18190,Base-f462400,1/2-1/2,0.5,6628,5086,6477,2.9
18195,New-c74a786,1/2-1/2,0.5,6628,5087,6477,2.9
18192,Base-f462400,1-0,0.0,6628,5087,6478,2.9
18193,New-c74a786,1-0,1.0,6629,5087,6478,2.9
18194,Base-f462400,0-1,1.0,6630,5087,6478,2.9
18198,Base-f462400,1-0,0.0,6630,5087,6479,2.9
18197,New-c74a786,0-1,0.0,6630,5087,6480,2.9
18200,Base-f462400,0-1,1.0,6631,5087,6480,2.9
18196,Base-f462400,1-0,0.0,6631,5087,6481,2.9
18199,New-c74a786,1/2-1/2,0.5,6631,5088,6481,2.9
18202,Base-f462400,1-0,0.0,6631,5088,6482,2.8
18201,New-c74a786,0-1,0.0,6631,5088,6483,2.8
18204,Base-f462400,1/2-1/2,0.5,6631,5089,6483,2.8
18203,New-c74a786,1-0,1.0,6632,5089,6483,2.8
18205,New-c74a786,1-0,1.0,6633,5089,6483,2.9
18207,New-c74a786,1-0,1.0,6634,5089,6483,2.9
18206,Base-f462400,1-0,0.0,6634,5089,6484,2.9
18208,Base-f462400,0-1,1.0,6635,5089,6484,2.9
18211,New-c74a786,0-1,0.0,6635,5089,6485,2.9
18209,New-c74a786,1-0,1.0,6636,5089,6485,2.9
18212,Base-f462400,1-0,0.0,6636,5089,6486,2.9
18210,Base-f462400,0-1,1.0,6637,5089,6486,2.9
18214,Base-f462400,1/2-1/2,0.5,6637,5090,6486,2.9
18213,New-c74a786,1/2-1/2,0.5,6637,5091,6486,2.9
18215,New-c74a786,0-1,0.0,6637,5091,6487,2.9
18216,Base-f462400,0-1,1.0,6638,5091,6487,2.9
18217,New-c74a786,0-1,0.0,6638,5091,6488,2.9
18218,Base-f462400,1/2-1/2,0.5,6638,5092,6488,2.9
18219,New-c74a786,1-0,1.0,6639,5092,6488,2.9
18221,New-c74a786,1-0,1.0,6640,5092,6488,2.9
18220,Base-f462400,0-1,1.0,6641,5092,6488,2.9
18226,Base-f462400,1-0,0.0,6641,5092,6489,2.9
18223,New-c74a786,1/2-1/2,0.5,6641,5093,6489,2.9
18225,New-c74a786,0-1,0.0,6641,5093,6490,2.9
18224,Base-f462400,0-1,1.0,6642,5093,6490,2.9
18222,Base-f462400,1/2-1/2,0.5,6642,5094,6490,2.9
18227,New-c74a786,1-0,1.0,6643,5094,6490,2.9
18228,Base-f462400,1-0,0.0,6643,5094,6491,2.9
18233,New-c74a786,1-0,1.0,6644,5094,6491,2.9
18234,Base-f462400,1-0,0.0,6644,5094,6492,2.9
18231,New-c74a786,1-0,1.0,6645,5094,6492,2.9
18232,Base-f462400,0-1,1.0,6646,5094,6492,2.9
18230,Base-f462400,1/2-1/2,0.5,6646,5095,6492,2.9
18235,New-c74a786,0-1,0.0,6646,5095,6493,2.9
18229,New-c74a786,1/2-1/2,0.5,6646,5096,6493,2.9
18236,Base-f462400,0-1,1.0,6647,5096,6493,2.9
18239,New-c74a786,0-1,0.0,6647,5096,6494,2.9
18237,New-c74a786,1/2-1/2,0.5,6647,5097,6494,2.9
18238,Base-f462400,1/2-1/2,0.5,6647,5098,6494,2.9
18242,Base-f462400,1/2-1/2,0.5,6647,5099,6494,2.9
18243,New-c74a786,0-1,0.0,6647,5099,6495,2.9
18240,Base-f462400,1/2-1/2,0.5,6647,5100,6495,2.9
18241,New-c74a786,1-0,1.0,6648,5100,6495,2.9
18244,Base-f462400,1/2-1/2,0.5,6648,5101,6495,2.9
18245,New-c74a786,0-1,0.0,6648,5101,6496,2.9
18251,New-c74a786,1/2-1/2,0.5,6648,5102,6496,2.9
18247,New-c74a786,1-0,1.0,6649,5102,6496,2.9
18248,Base-f462400,1-0,0.0,6649,5102,6497,2.9
18249,New-c74a786,0-1,0.0,6649,5102,6498,2.9
18246,Base-f462400,0-1,1.0,6650,5102,6498,2.9
18250,Base-f462400,1/2-1/2,0.5,6650,5103,6498,2.9
18252,Base-f462400,1-0,0.0,6650,5103,6499,2.9
18253,New-c74a786,1-0,1.0,6651,5103,6499,2.9
18254,Base-f462400,1-0,0.0,6651,5103,6500,2.9
18256,Base-f462400,0-1,1.0,6652,5103,6500,2.9
18255,New-c74a786,1/2-1/2,0.5,6652,5104,6500,2.9
18258,Base-f462400,1/2-1/2,0.5,6652,5105,6500,2.9
18260,Base-f462400,0-1,1.0,6653,5105,6500,2.9
18257,New-c74a786,1/2-1/2,0.5,6653,5106,6500,2.9
18259,New-c74a786,1/2-1/2,0.5,6653,5107,6500,2.9
18261,New-c74a786,0-1,0.0,6653,5107,6501,2.9
18262,Base-f462400,0-1,1.0,6654,5107,6501,2.9
18264,Base-f462400,0-1,1.0,6655,5107,6501,2.9
18263,New-c74a786,1-0,1.0,6656,5107,6501,2.9
18267,New-c74a786,1/2-1/2,0.5,6656,5108,6501,2.9
18266,Base-f462400,0-1,1.0,6657,5108,6501,3.0
18268,Base-f462400,1/2-1/2,0.5,6657,5109,6501,3.0
18265,New-c74a786,1-0,1.0,6658,5109,6501,3.0
18269,New-c74a786,1-0,1.0,6659,5109,6501,3.0
18274,Base-f462400,0-1,1.0,6660,5109,6501,3.0
18271,New-c74a786,1-0,1.0,6661,5109,6501,3.0
18273,New-c74a786,0-1,0.0,6661,5109,6502,3.0
18272,Base-f462400,1-0,0.0,6661,5109,6503,3.0
18276,Base-f462400,0-1,1.0,6662,5109,6503,3.0
18270,Base-f462400,1/2-1/2,0.5,6662,5110,6503,3.0
18275,New-c74a786,1/2-1/2,0.5,6662,5111,6503,3.0
18277,New-c74a786,1-0,1.0,6663,5111,6503,3.0
18280,Base-f462400,1-0,0.0,6663,5111,6504,3.0
18278,Base-f462400,1-0,0.0,6663,5111,6505,3.0
18279,New-c74a786,1-0,1.0,6664,5111,6505,3.0
18281,New-c74a786,1-0,1.0,6665,5111,6505,3.0
18282,Base-f462400,1/2-1/2,0.5,6665,5112,6505,3.0
18283,New-c74a786,0-1,0.0,6665,5112,6506,3.0
18285,New-c74a786,1/2-1/2,0.5,6665,5113,6506,3.0
18287,New-c74a786,1-0,1.0,6666,5113,6506,3.0
18284,Base-f462400,1-0,0.0,6666,5113,6507,3.0
18286,Base-f462400,1-0,0.0,6666,5113,6508,3.0
18289,New-c74a786,1/2-1/2,0.5,6666,5114,6508,3.0
18290,Base-f462400,0-1,1.0,6667,5114,6508,3.0
18293,New-c74a786,0-1,0.0,6667,5114,6509,3.0
18288,Base-f462400,1/2-1/2,0.5,6667,5115,6509,3.0
18294,Base-f462400,0-1,1.0,6668,5115,6509,3.0
18291,New-c74a786,1-0,1.0,6669,5115,6509,3.0
18292,Base-f462400,0-1,1.0,6670,5115,6509,3.1
18298,Base-f462400,0-1,1.0,6671,5115,6509,3.1
18296,Base-f462400,1-0,0.0,6671,5115,6510,3.1
18295,New-c74a786,1/2-1/2,0.5,6671,5116,6510,3.1
18297,New-c74a786,0-1,0.0,6671,5116,6511,3.0
18299,New-c74a786,1-0,1.0,6672,5116,6511,3.1
18300,Base-f462400,1/2-1/2,0.5,6672,5117,6511,3.1
18302,Base-f462400,0-1,1.0,6673,5117,6511,3.1
18303,New-c74a786,1-0,1.0,6674,5117,6511,3.1
18301,New-c74a786,1/2-1/2,0.5,6674,5118,6511,3.1
18304,Base-f462400,1-0,0.0,6674,5118,6512,3.1
18305,New-c74a786,1-0,1.0,6675,5118,6512,3.1
18306,Base-f462400,1/2-1/2,0.5,6675,5119,6512,3.1
18309,New-c74a786,0-1,0.0,6675,5119,6513,3.1
18308,Base-f462400,1/2-1/2,0.5,6675,5120,6513,3.1
18307,New-c74a786,0-1,0.0,6675,5120,6514,3.1
18310,Base-f462400,0-1,1.0,6676,5120,6514,3.1
18311,New-c74a786,1/2-1/2,0.5,6676,5121,6514,3.1
18316,Base-f462400,0-1,1.0,6677,5121,6514,3.1
18315,New-c74a786,1-0,1.0,6678,5121,6514,3.1
18312,Base-f462400,0-1,1.0,6679,5121,6514,3.1
18314,Base-f462400,1-0,0.0,6679,5121,6515,3.1
18313,New-c74a786,1/2-1/2,0.5,6679,5122,6515,3.1
18317,New-c74a786,0-1,0.0,6679,5122,6516,3.1
18318,Base-f462400,0-1,1.0,6680,5122,6516,3.1
18319,New-c74a786,1-0,1.0,6681,5122,6516,3.1
18321,New-c74a786,0-1,0.0,6681,5122,6517,3.1
18322,Base-f462400,1/2-1/2,0.5,6681,5123,6517,3.1
18320,Base-f462400,0-1,1.0,6682,5123,6517,3.1
18325,New-c74a786,1-0,1.0,6683,5123,6517,3.1
18327,New-c74a786,1/2-1/2,0.5,6683,5124,6517,3.1
18323,New-c74a786,1-0,1.0,6684,5124,6517,3.2
18324,Base-f462400,1/2-1/2,0.5,6684,5125,6517,3.2
18326,Base-f462400,0-1,1.0,6685,5125,6517,3.2
18328,Base-f462400,1-0,0.0,6685,5125,6518,3.2
18330,Base-f462400,0-1,1.0,6686,5125,6518,3.2
18329,New-c74a786,1-0,1.0,6687,5125,6518,3.2
18332,Base-f462400,1/2-1/2,0.5,6687,5126,6518,3.2
18331,New-c74a786,1-0,1.0,6688,5126,6518,3.2
18333,New-c74a786,1-0,1.0,6689,5126,6518,3.2
18334,Base-f462400,0-1,1.0,6690,5126,6518,3.3
18335,New-c74a786,1/2-1/2,0.5,6690,5127,6518,3.3
18336,Base-f462400,0-1,1.0,6691,5127,6518,3.3
18339,New-c74a786,1-0,1.0,6692,5127,6518,3.3
18341,New-c74a786,1-0,1.0,6693,5127,6518,3.3
18338,Base-f462400,1-0,0.0,6693,5127,6519,3.3
18337,New-c74a786,1/2-1/2,0.5,6693,5128,6519,3.3
18342,Base-f462400,1/2-1/2,0.5,6693,5129,6519,3.3
18340,Base-f462400,1-0,0.0,6693,5129,6520,3.3
18346,Base-f462400,0-1,1.0,6694,5129,6520,3.3
18348,Base-f462400,1/2-1/2,0.5,6694,5130,6520,3.3
18343,New-c74a786,1/2-1/2,0.5,6694,5131,6520,3.3
18344,Base-f462400,0-1,1.0,6695,5131,6520,3.3
18345,New-c74a786,1-0,1.0,6696,5131,6520,3.3
18349,New-c74a786,1-0,1.0,6697,5131,6520,3.4
18347,New-c74a786,0-1,0.0,6697,5131,6521,3.3
18350,Base-f462400,1-0,0.0,6697,5131,6522,3.3
18351,New-c74a786,1/2-1/2,0.5,6697,5132,6522,3.3
18356,Base-f462400,0-1,1.0,6698,5132,6522,3.3
18352,Base-f462400,1-0,0.0,6698,5132,6523,3.3
18353,New-c74a786,1/2-1/2,0.5,6698,5133,6523,3.3
18354,Base-f462400,1-0,0.0,6698,5133,6524,3.3
18355,New-c74a786,0-1,0.0,6698,5133,6525,3.3
18357,New-c74a786,1/2-1/2,0.5,6698,5134,6525,3.3
18359,New-c74a786,1/2-1/2,0.5,6698,5135,6525,3.3
18358,Base-f462400,0-1,1.0,6699,5135,6525,3.3
18361,New-c74a786,1/2-1/2,0.5,6699,5136,6525,3.3
18364,Base-f462400,0-1,1.0,6700,5136,6525,3.3
18362,Base-f462400,1-0,0.0,6700,5136,6526,3.3
18365,New-c74a786,0-1,0.0,6700,5136,6527,3.3
18360,Base-f462400,1/2-1/2,0.5,6700,5137,6527,3.3
18363,New-c74a786,1-0,1.0,6701,5137,6527,3.3
18366,Base-f462400,1-0,0.0,6701,5137,6528,3.3
18367,New-c74a786,0-1,0.0,6701,5137,6529,3.3
18368,Base-f462400,1-0,0.0,6701,5137,6530,3.2
18369,New-c74a786,1-0,1.0,6702,5137,6530,3.3
18372,Base-f462400,1-0,0.0,6702,5137,6531,3.2
18371,New-c74a786,0-1,0.0,6702,5137,6532,3.2
18374,Base-f462400,0-1,1.0,6703,5137,6532,3.2
18373,New-c74a786,0-1,0.0,6703,5137,6533,3.2
18370,Base-f462400,1/2-1/2,0.5,6703,5138,6533,3.2
18376,Base-f462400,0-1,1.0,6704,5138,6533,3.2
18380,Base-f462400,1/2-1/2,0.5,6704,5139,6533,3.2
18377,New-c74a786,1/2-1/2,0.5,6704,5140,6533,3.2
18381,New-c74a786,0-1,0.0,6704,5140,6534,3.2
18375,New-c74a786,1/2-1/2,0.5,6704,5141,6534,3.2
18379,New-c74a786,1-0,1.0,6705,5141,6534,3.2
18383,New-c74a786,1/2-1/2,0.5,6705,5142,6534,3.2
18378,Base-f462400,1/2-1/2,0.5,6705,5143,6534,3.2
18382,Base-f462400,0-1,1.0,6706,5143,6534,3.3
18384,Base-f462400,0-1,1.0,6707,5143,6534,3.3
18385,New-c74a786,0-1,0.0,6707,5143,6535,3.3
18387,New-c74a786,0-1,0.0,6707,5143,6536,3.2
18386,Base-f462400,1-0,0.0,6707,5143,6537,3.2
18389,New-c74a786,1/2-1/2,0.5,6707,5144,6537,3.2
18388,Base-f462400,1-0,0.0,6707,5144,6538,3.2
18391,New-c74a786,1/2-1/2,0.5,6707,5145,6538,3.2
18390,Base-f462400,1/2-1/2,0.5,6707,5146,6538,3.2
18393,New-c74a786,1-0,1.0,6708,5146,6538,3.2
18392,Base-f462400,1/2-1/2,0.5,6708,5147,6538,3.2
18395,New-c74a786,1-0,1.0,6709,5147,6538,3.2
18397,New-c74a786,1-0,1.0,6710,5147,6538,3.2
18396,Base-f462400,1-0,0.0,6710,5147,6539,3.2
18394,Base-f462400,0-1,1.0,6711,5147,6539,3.2
18400,Base-f462400,1-0,0.0,6711,5147,6540,3.2
18398,Base-f462400,1-0,0.0,6711,5147,6541,3.2
18401,New-c74a786,0-1,0.0,6711,5147,6542,3.2
18402,Base-f462400,0-1,1.0,6712,5147,6542,3.2
18404,Base-f462400,1/2-1/2,0.5,6712,5148,6542,3.2
18399,New-c74a786,1/2-1/2,0.5,6712,5149,6542,3.2
18403,New-c74a786,0-1,0.0,6712,5149,6543,3.2
18405,New-c74a786,1-0,1.0,6713,5149,6543,3.2
18408,Base-f462400,1-0,0.0,6713,5149,6544,3.2
18407,New-c74a786,1-0,1.0,6714,5149,6544,3.2
18406,Base-f462400,0-1,1.0,6715,5149,6544,3.2
18409,New-c74a786,1/2-1/2,0.5,6715,5150,6544,3.2
18412,Base-f462400,0-1,1.0,6716,5150,6544,3.2
18411,New-c74a786,1-0,1.0,6717,5150,6544,3.3
18410,Base-f462400,1/2-1/2,0.5,6717,5151,6544,3.3
18413,New-c74a786,1-0,1.0,6718,5151,6544,3.3
18414,Base-f462400,1/2-1/2,0.5,6718,5152,6544,3.3
18420,Base-f462400,1-0,0.0,6718,5152,6545,3.3
18416,Base-f462400,0-1,1.0,6719,5152,6545,3.3
18415,New-c74a786,1/2-1/2,0.5,6719,5153,6545,3.3
18417,New-c74a786,1/2-1/2,0.5,6719,5154,6545,3.3
18423,New-c74a786,1/2-1/2,0.5,6719,5155,6545,3.3
18418,Base-f462400,0-1,1.0,6720,5155,6545,3.3
18419,New-c74a786,1-0,1.0,6721,5155,6545,3.3
18422,Base-f462400,0-1,1.0,6722,5155,6545,3.3
18426,Base-f462400,1/2-1/2,0.5,6722,5156,6545,3.3
18421,New-c74a786,1-0,1.0,6723,5156,6545,3.4
18424,Base-f462400,1-0,0.0,6723,5156,6546,3.3
18427,New-c74a786,1/2-1/2,0.5,6723,5157,6546,3.3
18425,New-c74a786,1-0,1.0,6724,5157,6546,3.4
18433,New-c74a786,1/2-1/2,0.5,6724,5158,6546,3.4
18429,New-c74a786,1-0,1.0,6725,5158,6546,3.4
18428,Base-f462400,0-1,1.0,6726,5158,6546,3.4
18431,New-c74a786,1/2-1/2,0.5,6726,5159,6546,3.4
18432,Base-f462400,1-0,0.0,6726,5159,6547,3.4
18430,Base-f462400,1/2-1/2,0.5,6726,5160,6547,3.4
18435,New-c74a786,0-1,0.0,6726,5160,6548,3.4
18434,Base-f462400,0-1,1.0,6727,5160,6548,3.4
18436,Base-f462400,0-1,1.0,6728,5160,6548,3.4
18437,New-c74a786,1-0,1.0,6729,5160,6548,3.4
18443,New-c74a786,1-0,1.0,6730,5160,6548,3.4
18438,Base-f462400,0-1,1.0,6731,5160,6548,3.4
18439,New-c74a786,1/2-1/2,0.5,6731,5161,6548,3.4
18442,Base-f462400,1-0,0.0,6731,5161,6549,3.4
18441,New-c74a786,1-0,1.0,6732,5161,6549,3.4
18440,Base-f462400,0-1,1.0,6733,5161,6549,3.5
18444,Base-f462400,1-0,0.0,6733,5161,6550,3.4
18445,New-c74a786,1-0,1.0,6734,5161,6550,3.5
18452,Base-f462400,0-1,1.0,6735,5161,6550,3.5
18447,New-c74a786,0-1,0.0,6735,5161,6551,3.5
18446,Base-f462400,0-1,1.0,6736,5161,6551,3.5
18450,Base-f462400,1/2-1/2,0.5,6736,5162,6551,3.5
18448,Base-f462400,1-0,0.0,6736,5162,6552,3.5
18449,New-c74a786,1/2-1/2,0.5,6736,5163,6552,3.5
18451,New-c74a786,0-1,0.0,6736,5163,6553,3.4
18455,New-c74a786,1-0,1.0,6737,5163,6553,3.5
18453,New-c74a786,1-0,1.0,6738,5163,6553,3.5
18458,Base-f462400,1-0,0.0,6738,5163,6554,3.5
18454,Base-f462400,1-0,0.0,6738,5163,6555,3.4
18456,Base-f462400,1/2-1/2,0.5,6738,5164,6555,3.4
18457,New-c74a786,1-0,1.0,6739,5164,6555,3.5
18459,New-c74a786,1/2-1/2,0.5,6739,5165,6555,3.5
18462,Base-f462400,1/2-1/2,0.5,6739,5166,6555,3.5
18460,Base-f462400,1-0,0.0,6739,5166,6556,3.4
18464,Base-f462400,0-1,1.0,6740,5166,6556,3.5
18465,New-c74a786,1-0,1.0,6741,5166,6556,3.5
18463,New-c74a786,1/2-1/2,0.5,6741,5167,6556,3.5
18461,New-c74a786,1/2-1/2,0.5,6741,5168,6556,3.5
18466,Base-f462400,1-0,0.0,6741,5168,6557,3.5
18468,Base-f462400,1/2-1/2,0.5,6741,5169,6557,3.5
18467,New-c74a786,0-1,0.0,6741,5169,6558,3.4
18469,New-c74a786,1/2-1/2,0.5,6741,5170,6558,3.4
18473,New-c74a786,1/2-1/2,0.5,6741,5171,6558,3.4
18470,Base-f462400,1/2-1/2,0.5,6741,5172,6558,3.4
18471,New-c74a786,0-1,0.0,6741,5172,6559,3.4
18472,Base-f462400,1-0,0.0,6741,5172,6560,3.4
18474,Base-f462400,1-0,0.0,6741,5172,6561,3.4
18476,Base-f462400,1-0,0.0,6741,5172,6562,3.4
18477,New-c74a786,1-0,1.0,6742,5172,6562,3.4
18475,New-c74a786,1-0,1.0,6743,5172,6562,3.4
18480,Base-f462400,1/2-1/2,0.5,6743,5173,6562,3.4
18479,New-c74a786,1/2-1/2,0.5,6743,5174,6562,3.4
18482,Base-f462400,0-1,1.0,6744,5174,6562,3.4
18481,New-c74a786,1/2-1/2,0.5,6744,5175,6562,3.4
18478,Base-f462400,1/2-1/2,0.5,6744,5176,6562,3.4
18483,New-c74a786,0-1,0.0,6744,5176,6563,3.4
18485,New-c74a786,1-0,1.0,6745,5176,6563,3.4
18484,Base-f462400,0-1,1.0,6746,5176,6563,3.4
18486,Base-f462400,1/2-1/2,0.5,6746,5177,6563,3.4
18487,New-c74a786,1-0,1.0,6747,5177,6563,3.5
18488,Base-f462400,1/2-1/2,0.5,6747,5178,6563,3.5
18489,New-c74a786,0-1,0.0,6747,5178,6564,3.4
18493,New-c74a786,1/2-1/2,0.5,6747,5179,6564,3.4
18491,New-c74a786,0-1,0.0,6747,5179,6565,3.4
18490,Base-f462400,0-1,1.0,6748,5179,6565,3.4
18494,Base-f462400,1/2-1/2,0.5,6748,5180,6565,3.4
18492,Base-f462400,1/2-1/2,0.5,6748,5181,6565,3.4
18497,New-c74a786,1/2-1/2,0.5,6748,5182,6565,3.4
18495,New-c74a786,1-0,1.0,6749,5182,6565,3.5
18498,Base-f462400,1/2-1/2,0.5,6749,5183,6565,3.5
18496,Base-f462400,1/2-1/2,0.5,6749,5184,6565,3.5
18499,New-c74a786,1-0,1.0,6750,5184,6565,3.5
18502,Base-f462400,0-1,1.0,6751,5184,6565,3.5
18500,Base-f462400,1-0,0.0,6751,5184,6566,3.5
18501,New-c74a786,0-1,0.0,6751,5184,6567,3.5
18506,Base-f462400,0-1,1.0,6752,5184,6567,3.5
18505,New-c74a786,1-0,1.0,6753,5184,6567,3.5
18504,Base-f462400,0-1,1.0,6754,5184,6567,3.5
18503,New-c74a786,1/2-1/2,0.5,6754,5185,6567,3.5
18509,New-c74a786,0-1,0.0,6754,5185,6568,3.5
18507,New-c74a786,0-1,0.0,6754,5185,6569,3.5
18511,New-c74a786,1-0,1.0,6755,5185,6569,3.5
18508,Base-f462400,1-0,0.0,6755,5185,6570,3.5
18510,Base-f462400,1/2-1/2,0.5,6755,5186,6570,3.5
18512,Base-f462400,0-1,1.0,6756,5186,6570,3.5
18513,New-c74a786,1-0,1.0,6757,5186,6570,3.5
18517,New-c74a786,1-0,1.0,6758,5186,6570,3.5
18518,Base-f462400,0-1,1.0,6759,5186,6570,3.5
18515,New-c74a786,0-1,0.0,6759,5186,6571,3.5
18516,Base-f462400,0-1,1.0,6760,5186,6571,3.5
18514,Base-f462400,1/2-1/2,0.5,6760,5187,6571,3.5
18519,New-c74a786,1-0,1.0,6761,5187,6571,3.6
18520,Base-f462400,0-1,1.0,6762,5187,6571,3.6
18524,Base-f462400,1-0,0.0,6762,5187,6572,3.6
18521,New-c74a786,1-0,1.0,6763,5187,6572,3.6
18522,Base-f462400,0-1,1.0,6764,5187,6572,3.6
18525,New-c74a786,0-1,0.0,6764,5187,6573,3.6
18526,Base-f462400,1/2-1/2,0.5,6764,5188,6573,3.6
18523,New-c74a786,1-0,1.0,6765,5188,6573,3.6
18529,New-c74a786,1/2-1/2,0.5,6765,5189,6573,3.6
18527,New-c74a786,0-1,0.0,6765,5189,6574,3.6
18528,Base-f462400,0-1,1.0,6766,5189,6574,3.6
18535,New-c74a786,1/2-1/2,0.5,6766,5190,6574,3.6
18532,Base-f462400,1/2-1/2,0.5,6766,5191,6574,3.6
18530,Base-f462400,1/2-1/2,0.5,6766,5192,6574,3.6
18531,New-c74a786,1-0,1.0,6767,5192,6574,3.6
18534,Base-f462400,1-0,0.0,6767,5192,6575,3.6
18533,New-c74a786,0-1,0.0,6767,5192,6576,3.6
18541,New-c74a786,1-0,1.0,6768,5192,6576,3.6
18538,Base-f462400,0-1,1.0,6769,5192,6576,3.6
18536,Base-f462400,0-1,1.0,6770,5192,6576,3.6
18537,New-c74a786,1-0,1.0,6771,5192,6576,3.7
18539,New-c74a786,1-0,1.0,6772,5192,6576,3.7
18540,Base-f462400,1-0,0.0,6772,5192,6577,3.7
18542,Base-f462400,0-1,1.0,6773,5192,6577,3.7
18543,New-c74a786,1/2-1/2,0.5,6773,5193,6577,3.7
18544,Base-f462400,0-1,1.0,6774,5193,6577,3.7
18545,New-c74a786,0-1,0.0,6774,5193,6578,3.7
18546,Base-f462400,1-0,0.0,6774,5193,6579,3.7
18548,Base-f462400,1-0,0.0,6774,5193,6580,3.6
18552,Base-f462400,1/2-1/2,0.5,6774,5194,6580,3.6
18547,New-c74a786,1/2-1/2,0.5,6774,5195,6580,3.6
18551,New-c74a786,1-0,1.0,6775,5195,6580,3.7
18549,New-c74a786,1-0,1.0,6776,5195,6580,3.7
18550,Base-f462400,0-1,1.0,6777,5195,6580,3.7
18553,New-c74a786,1/2-1/2,0.5,6777,5196,6580,3.7
18555,New-c74a786,0-1,0.0,6777,5196,6581,3.7
18559,New-c74a786,1-0,1.0,6778,5196,6581,3.7
18556,Base-f462400,1/2-1/2,0.5,6778,5197,6581,3.7
18554,Base-f462400,0-1,1.0,6779,5197,6581,3.7
18557,New-c74a786,0-1,0.0,6779,5197,6582,3.7
18558,Base-f462400,1-0,0.0,6779,5197,6583,3.7
18560,Base-f462400,1/2-1/2,0.5,6779,5198,6583,3.7
18563,New-c74a786,0-1,0.0,6779,5198,6584,3.7
18562,Base-f462400,1-0,0.0,6779,5198,6585,3.6
18565,New-c74a786,0-1,0.0,6779,5198,6586,3.6
18561,New-c74a786,1/2-1/2,0.5,6779,5199,6586,3.6
18566,Base-f462400,1/2-1/2,0.5,6779,5200,6586,3.6
18567,New-c74a786,0-1,0.0,6779,5200,6587,3.6
18568,Base-f462400,0-1,1.0,6780,5200,6587,3.6
18564,Base-f462400,1/2-1/2,0.5,6780,5201,6587,3.6
18570,Base-f462400,0-1,1.0,6781,5201,6587,3.6
18574,Base-f462400,1-0,0.0,6781,5201,6588,3.6
18571,New-c74a786,0-1,0.0,6781,5201,6589,3.6
18569,New-c74a786,1-0,1.0,6782,5201,6589,3.6
18573,New-c74a786,0-1,0.0,6782,5201,6590,3.6
18572,Base-f462400,1/2-1/2,0.5,6782,5202,6590,3.6
18575,New-c74a786,1/2-1/2,0.5,6782,5203,6590,3.6
18576,Base-f462400,1-0,0.0,6782,5203,6591,3.6
18577,New-c74a786,0-1,0.0,6782,5203,6592,3.6
18581,New-c74a786,1/2-1/2,0.5,6782,5204,6592,3.6
18579,New-c74a786,1/2-1/2,0.5,6782,5205,6592,3.6
18582,Base-f462400,0-1,1.0,6783,5205,6592,3.6
18580,Base-f462400,1/2-1/2,0.5,6783,5206,6592,3.6
18578,Base-f462400,1/2-1/2,0.5,6783,5207,6592,3.6
18584,Base-f462400,0-1,1.0,6784,5207,6592,3.6
18583,New-c74a786,1/2-1/2,0.5,6784,5208,6592,3.6
18585,New-c74a786,1-0,1.0,6785,5208,6592,3.6
18586,Base-f462400,0-1,1.0,6786,5208,6592,3.6
18587,New-c74a786,1/2-1/2,0.5,6786,5209,6592,3.6
18588,Base-f462400,1-0,0.0,6786,5209,6593,3.6
18590,Base-f462400,0-1,1.0,6787,5209,6593,3.6
18589,New-c74a786,0-1,0.0,6787,5209,6594,3.6
18591,New-c74a786,1/2-1/2,0.5,6787,5210,6594,3.6
18593,New-c74a786,0-1,0.0,6787,5210,6595,3.6
18598,Base-f462400,1-0,0.0,6787,5210,6596,3.6
18592,Base-f462400,1-0,0.0,6787,5210,6597,3.6
18594,Base-f462400,1-0,0.0,6787,5210,6598,3.5
18595,New-c74a786,1-0,1.0,6788,5210,6598,3.5
18596,Base-f462400,1-0,0.0,6788,5210,6599,3.5
18597,New-c74a786,0-1,0.0,6788,5210,6600,3.5
18599,New-c74a786,0-1,0.0,6788,5210,6601,3.5
18600,Base-f462400,0-1,1.0,6789,5210,6601,3.5
18605,New-c74a786,0-1,0.0,6789,5210,6602,3.5
18602,Base-f462400,1-0,0.0,6789,5210,6603,3.5
18603,New-c74a786,0-1,0.0,6789,5210,6604,3.5
18604,Base-f462400,0-1,1.0,6790,5210,6604,3.5
18601,New-c74a786,0-1,0.0,6790,5210,6605,3.5
18606,Base-f462400,1-0,0.0,6790,5210,6606,3.4
18607,New-c74a786,0-1,0.0,6790,5210,6607,3.4
18614,Base-f462400,1/2-1/2,0.5,6790,5211,6607,3.4
18611,New-c74a786,1-0,1.0,6791,5211,6607,3.4
18608,Base-f462400,0-1,1.0,6792,5211,6607,3.5
18612,Base-f462400,0-1,1.0,6793,5211,6607,3.5
18613,New-c74a786,0-1,0.0,6793,5211,6608,3.5
18610,Base-f462400,0-1,1.0,6794,5211,6608,3.5
18616,Base-f462400,0-1,1.0,6795,5211,6608,3.5
18609,New-c74a786,0-1,0.0,6795,5211,6609,3.5
18615,New-c74a786,0-1,0.0,6795,5211,6610,3.5
18618,Base-f462400,1-0,0.0,6795,5211,6611,3.4
18617,New-c74a786,0-1,0.0,6795,5211,6612,3.4
18619,New-c74a786,0-1,0.0,6795,5211,6613,3.4
18622,Base-f462400,1-0,0.0,6795,5211,6614,3.4
18621,New-c74a786,0-1,0.0,6795,5211,6615,3.4
18620,Base-f462400,1-0,0.0,6795,5211,6616,3.3
18624,Base-f462400,1-0,0.0,6795,5211,6617,3.3
18623,New-c74a786,0-1,0.0,6795,5211,6618,3.3
18626,Base-f462400,1/2-1/2,0.5,6795,5212,6618,3.3
18625,New-c74a786,1-0,1.0,6796,5212,6618,3.3
18627,New-c74a786,1-0,1.0,6797,5212,6618,3.3
18628,Base-f462400,1/2-1/2,0.5,6797,5213,6618,3.3
18629,New-c74a786,0-1,0.0,6797,5213,6619,3.3
18631,New-c74a786,1-0,1.0,6798,5213,6619,3.3
18630,Base-f462400,1-0,0.0,6798,5213,6620,3.3
18632,Base-f462400,0-1,1.0,6799,5213,6620,3.3
18633,New-c74a786,1-0,1.0,6800,5213,6620,3.4
18634,Base-f462400,1-0,0.0,6800,5213,6621,3.3
18635,New-c74a786,1/2-1/2,0.5,6800,5214,6621,3.3
18637,New-c74a786,1-0,1.0,6801,5214,6621,3.4
18636,Base-f462400,1/2-1/2,0.5,6801,5215,6621,3.4
18638,Base-f462400,1-0,0.0,6801,5215,6622,3.3
18639,New-c74a786,0-1,0.0,6801,5215,6623,3.3
18643,New-c74a786,1/2-1/2,0.5,6801,5216,6623,3.3
18641,New-c74a786,1-0,1.0,6802,5216,6623,3.3
18642,Base-f462400,0-1,1.0,6803,5216,6623,3.4
18640,Base-f462400,0-1,1.0,6804,5216,6623,3.4
18649,New-c74a786,1/2-1/2,0.5,6804,5217,6623,3.4
18646,Base-f462400,1/2-1/2,0.5,6804,5218,6623,3.4
18644,Base-f462400,1-0,0.0,6804,5218,6624,3.4
18645,New-c74a786,1-0,1.0,6805,5218,6624,3.4
18650,Base-f462400,1-0,0.0,6805,5218,6625,3.4
18648,Base-f462400,1/2-1/2,0.5,6805,5219,6625,3.4
18647,New-c74a786,1/2-1/2,0.5,6805,5220,6625,3.4
18651,New-c74a786,0-1,0.0,6805,5220,6626,3.3
18653,New-c74a786,0-1,0.0,6805,5220,6627,3.3
18652,Base-f462400,0-1,1.0,6806,5220,6627,3.3
18654,Base-f462400,1/2-1/2,0.5,6806,5221,6627,3.3
18655,New-c74a786,0-1,0.0,6806,5221,6628,3.3
18656,Base-f462400,1-0,0.0,6806,5221,6629,3.3
18657,New-c74a786,1-0,1.0,6807,5221,6629,3.3
18659,New-c74a786,0-1,0.0,6807,5221,6630,3.3
18658,Base-f462400,1-0,0.0,6807,5221,6631,3.3
18661,New-c74a786,1-0,1.0,6808,5221,6631,3.3
18663,New-c74a786,0-1,0.0,6808,5221,6632,3.3
18662,Base-f462400,1/2-1/2,0.5,6808,5222,6632,3.3
18660,Base-f462400,1/2-1/2,0.5,6808,5223,6632,3.3
18665,New-c74a786,0-1,0.0,6808,5223,6633,3.3
18664,Base-f462400,0-1,1.0,6809,5223,6633,3.3
18666,Base-f462400,0-1,1.0,6810,5223,6633,3.3
18667,New-c74a786,1-0,1.0,6811,5223,6633,3.3
18669,New-c74a786,1-0,1.0,6812,5223,6633,3.3
18668,Base-f462400,1/2-1/2,0.5,6812,5224,6633,3.3
18670,Base-f462400,1-0,0.0,6812,5224,6634,3.3
18671,New-c74a786,1-0,1.0,6813,5224,6634,3.3
18672,Base-f462400,1-0,0.0,6813,5224,6635,3.3
18673,New-c74a786,0-1,0.0,6813,5224,6636,3.3
18677,New-c74a786,1/2-1/2,0.5,6813,5225,6636,3.3
18674,Base-f462400,1/2-1/2,0.5,6813,5226,6636,3.3
18676,Base-f462400,1-0,0.0,6813,5226,6637,3.3
18678,Base-f462400,0-1,1.0,6814,5226,6637,3.3
18675,New-c74a786,0-1,0.0,6814,5226,6638,3.3
18679,New-c74a786,1/2-1/2,0.5,6814,5227,6638,3.3
18680,Base-f462400,1-0,0.0,6814,5227,6639,3.3
18683,New-c74a786,1-0,1.0,6815,5227,6639,3.3
18681,New-c74a786,1-0,1.0,6816,5227,6639,3.3
18686,Base-f462400,1-0,0.0,6816,5227,6640,3.3
18682,Base-f462400,1/2-1/2,0.5,6816,5228,6640,3.3
18685,New-c74a786,0-1,0.0,6816,5228,6641,3.3
18684,Base-f462400,0-1,1.0,6817,5228,6641,3.3
18690,Base-f462400,1/2-1/2,0.5,6817,5229,6641,3.3
18688,Base-f462400,1/2-1/2,0.5,6817,5230,6641,3.3
18687,New-c74a786,0-1,0.0,6817,5230,6642,3.3
18692,Base-f462400,1-0,0.0,6817,5230,6643,3.2
18689,New-c74a786,0-1,0.0,6817,5230,6644,3.2
18691,New-c74a786,0-1,0.0,6817,5230,6645,3.2
18696,Base-f462400,0-1,1.0,6818,5230,6645,3.2
18693,New-c74a786,1/2-1/2,0.5,6818,5231,6645,3.2
18695,New-c74a786,0-1,0.0,6818,5231,6646,3.2
18694,Base-f462400,1-0,0.0,6818,5231,6647,3.2
18698,Base-f462400,1-0,0.0,6818,5231,6648,3.2
18700,Base-f462400,1-0,0.0,6818,5231,6649,3.1
18697,New-c74a786,0-1,0.0,6818,5231,6650,3.1
18702,Base-f462400,0-1,1.0,6819,5231,6650,3.1
18704,Base-f462400,1-0,0.0,6819,5231,6651,3.1
18701,New-c74a786,1-0,1.0,6820,5231,6651,3.1
18707,New-c74a786,1/2-1/2,0.5,6820,5232,6651,3.1
18703,New-c74a786,0-1,0.0,6820,5232,6652,3.1
18710,Base-f462400,1/2-1/2,0.5,6820,5233,6652,3.1
18699,New-c74a786,1-0,1.0,6821,5233,6652,3.1
18711,New-c74a786,1/2-1/2,0.5,6821,5234,6652,3.1
18705,New-c74a786,1-0,1.0,6822,5234,6652,3.2
18706,Base-f462400,1/2-1/2,0.5,6822,5235,6652,3.2
18712,Base-f462400,1-0,0.0,6822,5235,6653,3.1
18714,Base-f462400,1/2-1/2,0.5,6822,5236,6653,3.1
18709,New-c74a786,0-1,0.0,6822,5236,6654,3.1
18708,Base-f462400,1/2-1/2,0.5,6822,5237,6654,3.1
18713,New-c74a786,1-0,1.0,6823,5237,6654,3.1
18721,New-c74a786,1-0,1.0,6824,5237,6654,3.2
18716,Base-f462400,0-1,1.0,6825,5237,6654,3.2
18715,New-c74a786,1-0,1.0,6826,5237,6654,3.2
18717,New-c74a786,1-0,1.0,6827,5237,6654,3.2
18720,Base-f462400,1/2-1/2,0.5,6827,5238,6654,3.2
18719,New-c74a786,1-0,1.0,6828,5238,6654,3.2
18718,Base-f462400,0-1,1.0,6829,5238,6654,3.2
18729,New-c74a786,1-0,1.0,6830,5238,6654,3.3
18722,Base-f462400,1-0,0.0,6830,5238,6655,3.2
18723,New-c74a786,0-1,0.0,6830,5238,6656,3.2
18725,New-c74a786,1/2-1/2,0.5,6830,5239,6656,3.2
18724,Base-f462400,0-1,1.0,6831,5239,6656,3.2
18727,New-c74a786,1-0,1.0,6832,5239,6656,3.3
18728,Base-f462400,1/2-1/2,0.5,6832,5240,6656,3.3
18726,Base-f462400,0-1,1.0,6833,5240,6656,3.3
18731,New-c74a786,0-1,0.0,6833,5240,6657,3.3
18730,Base-f462400,1-0,0.0,6833,5240,6658,3.2
18732,Base-f462400,1-0,0.0,6833,5240,6659,3.2
18734,Base-f462400,1-0,0.0,6833,5240,6660,3.2
18735,New-c74a786,0-1,0.0,6833,5240,6661,3.2
18733,New-c74a786,0-1,0.0,6833,5240,6662,3.2
18736,Base-f462400,0-1,1.0,6834,5240,6662,3.2
18737,New-c74a786,1/2-1/2,0.5,6834,5241,6662,3.2
18739,New-c74a786,0-1,0.0,6834,5241,6663,3.2
18738,Base-f462400,1-0,0.0,6834,5241,6664,3.2
18741,New-c74a786,0-1,0.0,6834,5241,6665,3.1
18740,Base-f462400,1-0,0.0,6834,5241,6666,3.1
18742,Base-f462400,0-1,1.0,6835,5241,6666,3.1
18743,New-c74a786,1-0,1.0,6836,5241,6666,3.2
18744,Base-f462400,1/2-1/2,0.5,6836,5242,6666,3.2
18746,Base-f462400,0-1,1.0,6837,5242,6666,3.2
18745,New-c74a786,1-0,1.0,6838,5242,6666,3.2
18750,Base-f462400,1-0,0.0,6838,5242,6667,3.2
18748,Base-f462400,1-0,0.0,6838,5242,6668,3.2
18747,New-c74a786,1/2-1/2,0.5,6838,5243,6668,3.2
18749,New-c74a786,1-0,1.0,6839,5243,6668,3.2
18752,Base-f462400,1-0,0.0,6839,5243,6669,3.2
18751,New-c74a786,1/2-1/2,0.5,6839,5244,6669,3.1
18753,New-c74a786,1-0,1.0,6840,5244,6669,3.2
18757,New-c74a786,1-0,1.0,6841,5244,6669,3.2
18754,Base-f462400,1-0,0.0,6841,5244,6670,3.2
18756,Base-f462400,1-0,0.0,6841,5244,6671,3.1
18755,New-c74a786,0-1,0.0,6841,5244,6672,3.1
18758,Base-f462400,0-1,1.0,6842,5244,6672,3.1
18759,New-c74a786,1-0,1.0,6843,5244,6672,3.2
18760,Base-f462400,0-1,1.0,6844,5244,6672,3.2
18761,New-c74a786,1/2-1/2,0.5,6844,5245,6672,3.2
18762,Base-f462400,1-0,0.0,6844,5245,6673,3.2
18764,Base-f462400,1/2-1/2,0.5,6844,5246,6673,3.2
18765,New-c74a786,1-0,1.0,6845,5246,6673,3.2
18767,New-c74a786,0-1,0.0,6845,5246,6674,3.2
18763,New-c74a786,1/2-1/2,0.5,6845,5247,6674,3.2
18766,Base-f462400,1-0,0.0,6845,5247,6675,3.1
18768,Base-f462400,1-0,0.0,6845,5247,6676,3.1
18771,New-c74a786,1/2-1/2,0.5,6845,5248,6676,3.1
18769,New-c74a786,0-1,0.0,6845,5248,6677,3.1
18770,Base-f462400,1/2-1/2,0.5,6845,5249,6677,3.1
18772,Base-f462400,1-0,0.0,6845,5249,6678,3.1
18773,New-c74a786,1-0,1.0,6846,5249,6678,3.1
18775,New-c74a786,1-0,1.0,6847,5249,6678,3.1
18777,New-c74a786,1-0,1.0,6848,5249,6678,3.1
18776,Base-f462400,0-1,1.0,6849,5249,6678,3.2
18774,Base-f462400,0-1,1.0,6850,5249,6678,3.2
18778,Base-f462400,0-1,1.0,6851,5249,6678,3.2
18780,Base-f462400,1/2-1/2,0.5,6851,5250,6678,3.2
18779,New-c74a786,1-0,1.0,6852,5250,6678,3.2
18781,New-c74a786,1/2-1/2,0.5,6852,5251,6678,3.2
18782,Base-f462400,1/2-1/2,0.5,6852,5252,6678,3.2
18783,New-c74a786,1/2-1/2,0.5,6852,5253,6678,3.2
18784,Base-f462400,1/2-1/2,0.5,6852,5254,6678,3.2
18785,New-c74a786,1-0,1.0,6853,5254,6678,3.2
18787,New-c74a786,1/2-1/2,0.5,6853,5255,6678,3.2
18786,Base-f462400,1/2-1/2,0.5,6853,5256,6678,3.2
18791,New-c74a786,0-1,0.0,6853,5256,6679,3.2
18788,Base-f462400,0-1,1.0,6854,5256,6679,3.2
18789,New-c74a786,1-0,1.0,6855,5256,6679,3.3
18790,Base-f462400,0-1,1.0,6856,5256,6679,3.3
18795,New-c74a786,0-1,0.0,6856,5256,6680,3.3
18792,Base-f462400,1-0,0.0,6856,5256,6681,3.2
18793,New-c74a786,1-0,1.0,6857,5256,6681,3.3
18797,New-c74a786,1-0,1.0,6858,5256,6681,3.3
18796,Base-f462400,0-1,1.0,6859,5256,6681,3.3
18794,Base-f462400,1/2-1/2,0.5,6859,5257,6681,3.3
18799,New-c74a786,1-0,1.0,6860,5257,6681,3.3
18798,Base-f462400,1/2-1/2,0.5,6860,5258,6681,3.3
18800,Base-f462400,0-1,1.0,6861,5258,6681,3.3
18802,Base-f462400,0-1,1.0,6862,5258,6681,3.3
18801,New-c74a786,1-0,1.0,6863,5258,6681,3.4
18807,New-c74a786,0-1,0.0,6863,5258,6682,3.3
18804,Base-f462400,1-0,0.0,6863,5258,6683,3.3
18805,New-c74a786,0-1,0.0,6863,5258,6684,3.3
18803,New-c74a786,1/2-1/2,0.5,6863,5259,6684,3.3
18808,Base-f462400,1/2-1/2,0.5,6863,5260,6684,3.3
18809,New-c74a786,0-1,0.0,6863,5260,6685,3.3
18806,Base-f462400,1/2-1/2,0.5,6863,5261,6685,3.3
18810,Base-f462400,0-1,1.0,6864,5261,6685,3.3
18817,New-c74a786,1-0,1.0,6865,5261,6685,3.3
18815,New-c74a786,1/2-1/2,0.5,6865,5262,6685,3.3
18811,New-c74a786,1-0,1.0,6866,5262,6685,3.3
18812,Base-f462400,1-0,0.0,6866,5262,6686,3.3
18813,New-c74a786,1-0,1.0,6867,5262,6686,3.3
18814,Base-f462400,0-1,1.0,6868,5262,6686,3.4
18816,Base-f462400,0-1,1.0,6869,5262,6686,3.4
18821,New-c74a786,1-0,1.0,6870,5262,6686,3.4
18818,Base-f462400,1-0,0.0,6870,5262,6687,3.4
18820,Base-f462400,1-0,0.0,6870,5262,6688,3.4
18822,Base-f462400,1-0,0.0,6870,5262,6689,3.3
18824,Base-f462400,1-0,0.0,6870,5262,6690,3.3
18823,New-c74a786,0-1,0.0,6870,5262,6691,3.3
18819,New-c74a786,1/2-1/2,0.5,6870,5263,6691,3.3
18825,New-c74a786,0-1,0.0,6870,5263,6692,3.3
18827,New-c74a786,1/2-1/2,0.5,6870,5264,6692,3.3
18826,Base-f462400,1-0,0.0,6870,5264,6693,3.3
18828,Base-f462400,1-0,0.0,6870,5264,6694,3.2
18831,New-c74a786,1-0,1.0,6871,5264,6694,3.3
18832,Base-f462400,0-1,1.0,6872,5264,6694,3.3
18830,Base-f462400,1/2-1/2,0.5,6872,5265,6694,3.3
18835,New-c74a786,0-1,0.0,6872,5265,6695,3.3
18829,New-c74a786,0-1,0.0,6872,5265,6696,3.2
18833,New-c74a786,0-1,0.0,6872,5265,6697,3.2
18834,Base-f462400,1/2-1/2,0.5,6872,5266,6697,3.2
18836,Base-f462400,1/2-1/2,0.5,6872,5267,6697,3.2
18838,Base-f462400,1/2-1/2,0.5,6872,5268,6697,3.2
18839,New-c74a786,0-1,0.0,6872,5268,6698,3.2
18841,New-c74a786,1/2-1/2,0.5,6872,5269,6698,3.2
18837,New-c74a786,1-0,1.0,6873,5269,6698,3.2
18840,Base-f462400,0-1,1.0,6874,5269,6698,3.2
18842,Base-f462400,1/2-1/2,0.5,6874,5270,6698,3.2
18843,New-c74a786,1-0,1.0,6875,5270,6698,3.3
18844,Base-f462400,1/2-1/2,0.5,6875,5271,6698,3.3
18845,New-c74a786,1-0,1.0,6876,5271,6698,3.3
18849,New-c74a786,1-0,1.0,6877,5271,6698,3.3
18847,New-c74a786,0-1,0.0,6877,5271,6699,3.3
18848,Base-f462400,0-1,1.0,6878,5271,6699,3.3
18846,Base-f462400,1/2-1/2,0.5,6878,5272,6699,3.3
18852,Base-f462400,0-1,1.0,6879,5272,6699,3.3
18850,Base-f462400,0-1,1.0,6880,5272,6699,3.3
18853,New-c74a786,1/2-1/2,0.5,6880,5273,6699,3.3
18851,New-c74a786,0-1,0.0,6880,5273,6700,3.3
18854,Base-f462400,1/2-1/2,0.5,6880,5274,6700,3.3
18855,New-c74a786,0-1,0.0,6880,5274,6701,3.3
18856,Base-f462400,1-0,0.0,6880,5274,6702,3.3
18861,New-c74a786,1/2-1/2,0.5,6880,5275,6702,3.3
18858,Base-f462400,1/2-1/2,0.5,6880,5276,6702,3.3
18857,New-c74a786,1-0,1.0,6881,5276,6702,3.3
18860,Base-f462400,1-0,0.0,6881,5276,6703,3.3
18859,New-c74a786,0-1,0.0,6881,5276,6704,3.3
18863,New-c74a786,1/2-1/2,0.5,6881,5277,6704,3.3
18862,Base-f462400,0-1,1.0,6882,5277,6704,3.3
18864,Base-f462400,1/2-1/2,0.5,6882,5278,6704,3.3
18865,New-c74a786,0-1,0.0,6882,5278,6705,3.3
18868,Base-f462400,0-1,1.0,6883,5278,6705,3.3
18866,Base-f462400,1-0,0.0,6883,5278,6706,3.3
18867,New-c74a786,1-0,1.0,6884,5278,6706,3.3
18871,New-c74a786,1-0,1.0,6885,5278,6706,3.3
18869,New-c74a786,0-1,0.0,6885,5278,6707,3.3
18872,Base-f462400,0-1,1.0,6886,5278,6707,3.3
18870,Base-f462400,1-0,0.0,6886,5278,6708,3.3
18873,New-c74a786,0-1,0.0,6886,5278,6709,3.3
18874,Base-f462400,1-0,0.0,6886,5278,6710,3.2
18876,Base-f462400,1-0,0.0,6886,5278,6711,3.2
18875,New-c74a786,1-0,1.0,6887,5278,6711,3.2
18878,Base-f462400,0-1,1.0,6888,5278,6711,3.3
18880,Base-f462400,1/2-1/2,0.5,6888,5279,6711,3.3
18879,New-c74a786,0-1,0.0,6888,5279,6712,3.2
18877,New-c74a786,1/2-1/2,0.5,6888,5280,6712,3.2
18881,New-c74a786,1-0,1.0,6889,5280,6712,3.3
18884,Base-f462400,1-0,0.0,6889,5280,6713,3.2
18883,New-c74a786,1-0,1.0,6890,5280,6713,3.3
18887,New-c74a786,1/2-1/2,0.5,6890,5281,6713,3.3
18885,New-c74a786,1-0,1.0,6891,5281,6713,3.3
18882,Base-f462400,1/2-1/2,0.5,6891,5282,6713,3.3
18886,Base-f462400,0-1,1.0,6892,5282,6713,3.3
18888,Base-f462400,0-1,1.0,6893,5282,6713,3.3
18890,Base-f462400,0-1,1.0,6894,5282,6713,3.3
18889,New-c74a786,1-0,1.0,6895,5282,6713,3.3
18891,New-c74a786,1-0,1.0,6896,5282,6713,3.4
18897,New-c74a786,1/2-1/2,0.5,6896,5283,6713,3.4
18893,New-c74a786,1-0,1.0,6897,5283,6713,3.4
18894,Base-f462400,1/2-1/2,0.5,6897,5284,6713,3.4
18895,New-c74a786,1/2-1/2,0.5,6897,5285,6713,3.4
18892,Base-f462400,1/2-1/2,0.5,6897,5286,6713,3.4
18896,Base-f462400,0-1,1.0,6898,5286,6713,3.4
18901,New-c74a786,1/2-1/2,0.5,6898,5287,6713,3.4
18898,Base-f462400,0-1,1.0,6899,5287,6713,3.4
18899,New-c74a786,1-0,1.0,6900,5287,6713,3.4
18900,Base-f462400,0-1,1.0,6901,5287,6713,3.5
18902,Base-f462400,0-1,1.0,6902,5287,6713,3.5
18903,New-c74a786,0-1,0.0,6902,5287,6714,3.5
18905,New-c74a786,1/2-1/2,0.5,6902,5288,6714,3.5
18904,Base-f462400,1/2-1/2,0.5,6902,5289,6714,3.5
18906,Base-f462400,1-0,0.0,6902,5289,6715,3.4
18909,New-c74a786,1/2-1/2,0.5,6902,5290,6715,3.4
18910,Base-f462400,0-1,1.0,6903,5290,6715,3.5
18907,New-c74a786,1/2-1/2,0.5,6903,5291,6715,3.5
18911,New-c74a786,0-1,0.0,6903,5291,6716,3.4
18913,New-c74a786,0-1,0.0,6903,5291,6717,3.4
18908,Base-f462400,1/2-1/2,0.5,6903,5292,6717,3.4
18912,Base-f462400,1-0,0.0,6903,5292,6718,3.4
18914,Base-f462400,0-1,1.0,6904,5292,6718,3.4
18915,New-c74a786,1-0,1.0,6905,5292,6718,3.4
18917,New-c74a786,0-1,0.0,6905,5292,6719,3.4
18916,Base-f462400,1-0,0.0,6905,5292,6720,3.4
18918,Base-f462400,0-1,1.0,6906,5292,6720,3.4
18922,Base-f462400,0-1,1.0,6907,5292,6720,3.4
18921,New-c74a786,1/2-1/2,0.5,6907,5293,6720,3.4
18919,New-c74a786,1-0,1.0,6908,5293,6720,3.5
18920,Base-f462400,1-0,0.0,6908,5293,6721,3.4
18923,New-c74a786,1-0,1.0,6909,5293,6721,3.5
18924,Base-f462400,1-0,0.0,6909,5293,6722,3.4
18925,New-c74a786,0-1,0.0,6909,5293,6723,3.4
18926,Base-f462400,1-0,0.0,6909,5293,6724,3.4
18927,New-c74a786,1-0,1.0,6910,5293,6724,3.4
18930,Base-f462400,0-1,1.0,6911,5293,6724,3.4
18929,New-c74a786,0-1,0.0,6911,5293,6725,3.4
18928,Base-f462400,0-1,1.0,6912,5293,6725,3.4
18931,New-c74a786,1-0,1.0,6913,5293,6725,3.5
18933,New-c74a786,1-0,1.0,6914,5293,6725,3.5
18935,New-c74a786,1/2-1/2,0.5,6914,5294,6725,3.5
18934,Base-f462400,1/2-1/2,0.5,6914,5295,6725,3.5
18932,Base-f462400,1-0,0.0,6914,5295,6726,3.4
18936,Base-f462400,1-0,0.0,6914,5295,6727,3.4
18939,New-c74a786,1/2-1/2,0.5,6914,5296,6727,3.4
18938,Base-f462400,0-1,1.0,6915,5296,6727,3.4
18937,New-c74a786,0-1,0.0,6915,5296,6728,3.4
18946,Base-f462400,1/2-1/2,0.5,6915,5297,6728,3.4
18941,New-c74a786,0-1,0.0,6915,5297,6729,3.4
18945,New-c74a786,1/2-1/2,0.5,6915,5298,6729,3.4
18940,Base-f462400,1-0,0.0,6915,5298,6730,3.4
18944,Base-f462400,1-0,0.0,6915,5298,6731,3.4
18942,Base-f462400,1-0,0.0,6915,5298,6732,3.4
18943,New-c74a786,0-1,0.0,6915,5298,6733,3.3
18954,Base-f462400,1/2-1/2,0.5,6915,5299,6733,3.3
18947,New-c74a786,0-1,0.0,6915,5299,6734,3.3
18948,Base-f462400,1/2-1/2,0.5,6915,5300,6734,3.3
18950,Base-f462400,0-1,1.0,6916,5300,6734,3.3
18951,New-c74a786,0-1,0.0,6916,5300,6735,3.3
18949,New-c74a786,1/2-1/2,0.5,6916,5301,6735,3.3
18953,New-c74a786,1-0,1.0,6917,5301,6735,3.3
18952,Base-f462400,0-1,1.0,6918,5301,6735,3.4
18956,Base-f462400,1/2-1/2,0.5,6918,5302,6735,3.4
18955,New-c74a786,1/2-1/2,0.5,6918,5303,6735,3.4
18960,Base-f462400,1-0,0.0,6918,5303,6736,3.3
18959,New-c74a786,1-0,1.0,6919,5303,6736,3.4
18958,Base-f462400,1-0,0.0,6919,5303,6737,3.3
18957,New-c74a786,0-1,0.0,6919,5303,6738,3.3
18961,New-c74a786,1/2-1/2,0.5,6919,5304,6738,3.3
18962,Base-f462400,1/2-1/2,0.5,6919,5305,6738,3.3
18964,Base-f462400,1-0,0.0,6919,5305,6739,3.3
18963,New-c74a786,0-1,0.0,6919,5305,6740,3.3
18965,New-c74a786,0-1,0.0,6919,5305,6741,3.3
18967,New-c74a786,1/2-1/2,0.5,6919,5306,6741,3.3
18966,Base-f462400,0-1,1.0,6920,5306,6741,3.3
18968,Base-f462400,0-1,1.0,6921,5306,6741,3.3
18970,Base-f462400,0-1,1.0,6922,5306,6741,3.3
18971,New-c74a786,1-0,1.0,6923,5306,6741,3.3
18969,New-c74a786,1-0,1.0,6924,5306,6741,3.4
18972,Base-f462400,1-0,0.0,6924,5306,6742,3.3
18973,New-c74a786,1-0,1.0,6925,5306,6742,3.4
18975,New-c74a786,0-1,0.0,6925,5306,6743,3.3
18974,Base-f462400,1/2-1/2,0.5,6925,5307,6743,3.3
18976,Base-f462400,1-0,0.0,6925,5307,6744,3.3
18977,New-c74a786,1-0,1.0,6926,5307,6744,3.3
18981,New-c74a786,1-0,1.0,6927,5307,6744,3.4
18978,Base-f462400,1-0,0.0,6927,5307,6745,3.3
18979,New-c74a786,0-1,0.0,6927,5307,6746,3.3
18983,New-c74a786,1-0,1.0,6928,5307,6746,3.3
18980,Base-f462400,1/2-1/2,0.5,6928,5308,6746,3.3
18982,Base-f462400,0-1,1.0,6929,5308,6746,3.3
18984,Base-f462400,0-1,1.0,6930,5308,6746,3.4
18986,Base-f462400,1-0,0.0,6930,5308,6747,3.3
18990,Base-f462400,1-0,0.0,6930,5308,6748,3.3
18988,Base-f462400,1/2-1/2,0.5,6930,5309,6748,3.3
18987,New-c74a786,1-0,1.0,6931,5309,6748,3.3
18985,New-c74a786,1/2-1/2,0.5,6931,5310,6748,3.3
18991,New-c74a786,1-0,1.0,6932,5310,6748,3.4
18992,Base-f462400,1-0,0.0,6932,5310,6749,3.3
18989,New-c74a786,0-1,0.0,6932,5310,6750,3.3
18998,Base-f462400,0-1,1.0,6933,5310,6750,3.3
18993,New-c74a786,1/2-1/2,0.5,6933,5311,6750,3.3
18994,Base-f462400,1-0,0.0,6933,5311,6751,3.3
18996,Base-f462400,0-1,1.0,6934,5311,6751,3.3
19000,Base-f462400,1/2-1/2,0.5,6934,5312,6751,3.3
18995,New-c74a786,1/2-1/2,0.5,6934,5313,6751,3.3
18997,New-c74a786,1-0,1.0,6935,5313,6751,3.4
18999,New-c74a786,1-0,1.0,6936,5313,6751,3.4
19004,Base-f462400,1/2-1/2,0.5,6936,5314,6751,3.4
19006,Base-f462400,1/2-1/2,0.5,6936,5315,6751,3.4
19001,New-c74a786,1-0,1.0,6937,5315,6751,3.4
19003,New-c74a786,1-0,1.0,6938,5315,6751,3.4
19005,New-c74a786,1-0,1.0,6939,5315,6751,3.4
19002,Base-f462400,1/2-1/2,0.5,6939,5316,6751,3.4
19007,New-c74a786,1-0,1.0,6940,5316,6751,3.5
19009,New-c74a786,1/2-1/2,0.5,6940,5317,6751,3.5
19008,Base-f462400,0-1,1.0,6941,5317,6751,3.5
19011,New-c74a786,1-0,1.0,6942,5317,6751,3.5
19010,Base-f462400,1-0,0.0,6942,5317,6752,3.5
19014,Base-f462400,1-0,0.0,6942,5317,6753,3.5
19013,New-c74a786,0-1,0.0,6942,5317,6754,3.4
19012,Base-f462400,1-0,0.0,6942,5317,6755,3.4
19015,New-c74a786,1-0,1.0,6943,5317,6755,3.4
19016,Base-f462400,1-0,0.0,6943,5317,6756,3.4
19018,Base-f462400,1/2-1/2,0.5,6943,5318,6756,3.4
19017,New-c74a786,0-1,0.0,6943,5318,6757,3.4
19019,New-c74a786,1/2-1/2,0.5,6943,5319,6757,3.4
19026,Base-f462400,1/2-1/2,0.5,6943,5320,6757,3.4
19020,Base-f462400,1/2-1/2,0.5,6943,5321,6757,3.4
19021,New-c74a786,0-1,0.0,6943,5321,6758,3.4
19022,Base-f462400,0-1,1.0,6944,5321,6758,3.4
19023,New-c74a786,0-1,0.0,6944,5321,6759,3.4
19028,Base-f462400,1/2-1/2,0.5,6944,5322,6759,3.4
19025,New-c74a786,0-1,0.0,6944,5322,6760,3.4
19024,Base-f462400,1-0,0.0,6944,5322,6761,3.3
19031,New-c74a786,1-0,1.0,6945,5322,6761,3.4
19027,New-c74a786,0-1,0.0,6945,5322,6762,3.3
19033,New-c74a786,1/2-1/2,0.5,6945,5323,6762,3.3
19029,New-c74a786,0-1,0.0,6945,5323,6763,3.3
19030,Base-f462400,0-1,1.0,6946,5323,6763,3.3
19032,Base-f462400,1-0,0.0,6946,5323,6764,3.3
19035,New-c74a786,1/2-1/2,0.5,6946,5324,6764,3.3
19034,Base-f462400,1/2-1/2,0.5,6946,5325,6764,3.3
19039,New-c74a786,1-0,1.0,6947,5325,6764,3.3
19036,Base-f462400,0-1,1.0,6948,5325,6764,3.4
19037,New-c74a786,1-0,1.0,6949,5325,6764,3.4
19040,Base-f462400,1/2-1/2,0.5,6949,5326,6764,3.4
19038,Base-f462400,1-0,0.0,6949,5326,6765,3.4
19041,New-c74a786,1/2-1/2,0.5,6949,5327,6765,3.4
19042,Base-f462400,0-1,1.0,6950,5327,6765,3.4
19043,New-c74a786,0-1,0.0,6950,5327,6766,3.4
19048,Base-f462400,1-0,0.0,6950,5327,6767,3.3
19045,New-c74a786,1-0,1.0,6951,5327,6767,3.4
19044,Base-f462400,1-0,0.0,6951,5327,6768,3.3
19049,New-c74a786,0-1,0.0,6951,5327,6769,3.3
19050,Base-f462400,1-0,0.0,6951,5327,6770,3.3
19047,New-c74a786,0-1,0.0,6951,5327,6771,3.3
19046,Base-f462400,1/2-1/2,0.5,6951,5328,6771,3.3
19052,Base-f462400,0-1,1.0,6952,5328,6771,3.3
19051,New-c74a786,0-1,0.0,6952,5328,6772,3.3
19056,Base-f462400,1/2-1/2,0.5,6952,5329,6772,3.3
19054,Base-f462400,1/2-1/2,0.5,6952,5330,6772,3.3
19055,New-c74a786,1/2-1/2,0.5,6952,5331,6772,3.3
19057,New-c74a786,0-1,0.0,6952,5331,6773,3.3
19058,Base-f462400,1/2-1/2,0.5,6952,5332,6773,3.3
19053,New-c74a786,1/2-1/2,0.5,6952,5333,6773,3.3
19060,Base-f462400,0-1,1.0,6953,5333,6773,3.3
19059,New-c74a786,0-1,0.0,6953,5333,6774,3.3
19061,New-c74a786,1/2-1/2,0.5,6953,5334,6774,3.3
19064,Base-f462400,1-0,0.0,6953,5334,6775,3.2
19062,Base-f462400,1-0,0.0,6953,5334,6776,3.2
19065,New-c74a786,1-0,1.0,6954,5334,6776,3.2
19066,Base-f462400,1-0,0.0,6954,5334,6777,3.2
19067,New-c74a786,0-1,0.0,6954,5334,6778,3.2
19063,New-c74a786,0-1,0.0,6954,5334,6779,3.2
19068,Base-f462400,1-0,0.0,6954,5334,6780,3.2
19069,New-c74a786,0-1,0.0,6954,5334,6781,3.2
19074,Base-f462400,1-0,0.0,6954,5334,6782,3.1
19070,Base-f462400,1-0,0.0,6954,5334,6783,3.1
19071,New-c74a786,1-0,1.0,6955,5334,6783,3.1
19072,Base-f462400,1-0,0.0,6955,5334,6784,3.1
19073,New-c74a786,1/2-1/2,0.5,6955,5335,6784,3.1
19078,Base-f462400,0-1,1.0,6956,5335,6784,3.1
19077,New-c74a786,0-1,0.0,6956,5335,6785,3.1
19076,Base-f462400,1/2-1/2,0.5,6956,5336,6785,3.1
19075,New-c74a786,1/2-1/2,0.5,6956,5337,6785,3.1
19079,New-c74a786,0-1,0.0,6956,5337,6786,3.1
19082,Base-f462400,1-0,0.0,6956,5337,6787,3.1
19080,Base-f462400,1/2-1/2,0.5,6956,5338,6787,3.1
19081,New-c74a786,0-1,0.0,6956,5338,6788,3.1
19083,New-c74a786,0-1,0.0,6956,5338,6789,3.0
19087,New-c74a786,1-0,1.0,6957,5338,6789,3.1
19085,New-c74a786,1-0,1.0,6958,5338,6789,3.1
19086,Base-f462400,0-1,1.0,6959,5338,6789,3.1
19084,Base-f462400,0-1,1.0,6960,5338,6789,3.1
19089,New-c74a786,1-0,1.0,6961,5338,6789,3.1
19090,Base-f462400,1-0,0.0,6961,5338,6790,3.1
19088,Base-f462400,1-0,0.0,6961,5338,6791,3.1
19094,Base-f462400,1-0,0.0,6961,5338,6792,3.1
19092,Base-f462400,0-1,1.0,6962,5338,6792,3.1
19091,New-c74a786,0-1,0.0,6962,5338,6793,3.1
19095,New-c74a786,1/2-1/2,0.5,6962,5339,6793,3.1
19093,New-c74a786,1-0,1.0,6963,5339,6793,3.1
19097,New-c74a786,0-1,0.0,6963,5339,6794,3.1
19096,Base-f462400,1/2-1/2,0.5,6963,5340,6794,3.1
19098,Base-f462400,0-1,1.0,6964,5340,6794,3.1
19099,New-c74a786,1-0,1.0,6965,5340,6794,3.1
19101,New-c74a786,1-0,1.0,6966,5340,6794,3.1
19100,Base-f462400,1-0,0.0,6966,5340,6795,3.1
19102,Base-f462400,1-0,0.0,6966,5340,6796,3.1
19104,Base-f462400,1-0,0.0,6966,5340,6797,3.1
19103,New-c74a786,1-0,1.0,6967,5340,6797,3.1
19106,Base-f462400,1/2-1/2,0.5,6967,5341,6797,3.1
19105,New-c74a786,0-1,0.0,6967,5341,6798,3.1
19108,Base-f462400,1-0,0.0,6967,5341,6799,3.1
19107,New-c74a786,1-0,1.0,6968,5341,6799,3.1
19112,Base-f462400,1-0,0.0,6968,5341,6800,3.1
19114,Base-f462400,1/2-1/2,0.5,6968,5342,6800,3.1
19110,Base-f462400,1-0,0.0,6968,5342,6801,3.0
19113,New-c74a786,0-1,0.0,6968,5342,6802,3.0
19109,New-c74a786,1/2-1/2,0.5,6968,5343,6802,3.0
19111,New-c74a786,0-1,0.0,6968,5343,6803,3.0
19115,New-c74a786,1/2-1/2,0.5,6968,5344,6803,3.0
19117,New-c74a786,0-1,0.0,6968,5344,6804,3.0
19118,Base-f462400,0-1,1.0,6969,5344,6804,3.0
19119,New-c74a786,1-0,1.0,6970,5344,6804,3.0
19116,Base-f462400,0-1,1.0,6971,5344,6804,3.0
19120,Base-f462400,1-0,0.0,6971,5344,6805,3.0
19122,Base-f462400,1/2-1/2,0.5,6971,5345,6805,3.0
19123,New-c74a786,1-0,1.0,6972,5345,6805,3.0
19121,New-c74a786,1/2-1/2,0.5,6972,5346,6805,3.0
19128,Base-f462400,1-0,0.0,6972,5346,6806,3.0
19129,New-c74a786,1/2-1/2,0.5,6972,5347,6806,3.0
19125,New-c74a786,1-0,1.0,6973,5347,6806,3.0
19127,New-c74a786,1/2-1/2,0.5,6973,5348,6806,3.0
19124,Base-f462400,1/2-1/2,0.5,6973,5349,6806,3.0
19132,Base-f462400,1/2-1/2,0.5,6973,5350,6806,3.0
19126,Base-f462400,1/2-1/2,0.5,6973,5351,6806,3.0
19130,Base-f462400,1-0,0.0,6973,5351,6807,3.0
19131,New-c74a786,1-0,1.0,6974,5351,6807,3.0
19135,New-c74a786,1-0,1.0,6975,5351,6807,3.1
19133,New-c74a786,1-0,1.0,6976,5351,6807,3.1
19134,Base-f462400,0-1,1.0,6977,5351,6807,3.1
19137,New-c74a786,1/2-1/2,0.5,6977,5352,6807,3.1
19136,Base-f462400,0-1,1.0,6978,5352,6807,3.1
19139,New-c74a786,1/2-1/2,0.5,6978,5353,6807,3.1
19138,Base-f462400,1/2-1/2,0.5,6978,5354,6807,3.1
19140,Base-f462400,1-0,0.0,6978,5354,6808,3.1
19145,New-c74a786,1/2-1/2,0.5,6978,5355,6808,3.1
19141,New-c74a786,1-0,1.0,6979,5355,6808,3.1
19143,New-c74a786,1-0,1.0,6980,5355,6808,3.1
19144,Base-f462400,1-0,0.0,6980,5355,6809,3.1
19142,Base-f462400,1-0,0.0,6980,5355,6810,3.1
19149,New-c74a786,1-0,1.0,6981,5355,6810,3.1
19148,Base-f462400,1/2-1/2,0.5,6981,5356,6810,3.1
19147,New-c74a786,1/2-1/2,0.5,6981,5357,6810,3.1
19146,Base-f462400,0-1,1.0,6982,5357,6810,3.1
19151,New-c74a786,1-0,1.0,6983,5357,6810,3.1
19152,Base-f462400,0-1,1.0,6984,5357,6810,3.2
19157,New-c74a786,1-0,1.0,6985,5357,6810,3.2
19153,New-c74a786,0-1,0.0,6985,5357,6811,3.2
19150,Base-f462400,1/2-1/2,0.5,6985,5358,6811,3.2
19155,New-c74a786,1/2-1/2,0.5,6985,5359,6811,3.2
19156,Base-f462400,1-0,0.0,6985,5359,6812,3.1
19154,Base-f462400,0-1,1.0,6986,5359,6812,3.2
19158,Base-f462400,0-1,1.0,6987,5359,6812,3.2
19159,New-c74a786,0-1,0.0,6987,5359,6813,3.2
19162,Base-f462400,1-0,0.0,6987,5359,6814,3.1
19160,Base-f462400,1/2-1/2,0.5,6987,5360,6814,3.1
19163,New-c74a786,0-1,0.0,6987,5360,6815,3.1
19161,New-c74a786,1-0,1.0,6988,5360,6815,3.1
19164,Base-f462400,0-1,1.0,6989,5360,6815,3.2
19165,New-c74a786,0-1,0.0,6989,5360,6816,3.1
19169,New-c74a786,1/2-1/2,0.5,6989,5361,6816,3.1
19167,New-c74a786,1-0,1.0,6990,5361,6816,3.2
19168,Base-f462400,0-1,1.0,6991,5361,6816,3.2
19166,Base-f462400,1/2-1/2,0.5,6991,5362,6816,3.2
19173,New-c74a786,1-0,1.0,6992,5362,6816,3.2
19170,Base-f462400,1-0,0.0,6992,5362,6817,3.2
19172,Base-f462400,0-1,1.0,6993,5362,6817,3.2
19171,New-c74a786,1-0,1.0,6994,5362,6817,3.2
19176,Base-f462400,1-0,0.0,6994,5362,6818,3.2
19174,Base-f462400,1/2-1/2,0.5,6994,5363,6818,3.2
19177,New-c74a786,1-0,1.0,6995,5363,6818,3.2
19178,Base-f462400,1-0,0.0,6995,5363,6819,3.2
19175,New-c74a786,1-0,1.0,6996,5363,6819,3.2
19180,Base-f462400,0-1,1.0,6997,5363,6819,3.2
19181,New-c74a786,1-0,1.0,6998,5363,6819,3.2
19183,New-c74a786,1/2-1/2,0.5,6998,5364,6819,3.2
19179,New-c74a786,1/2-1/2,0.5,6998,5365,6819,3.2
19186,Base-f462400,0-1,1.0,6999,5365,6819,3.3
19184,Base-f462400,0-1,1.0,7000,5365,6819,3.3
19182,Base-f462400,1/2-1/2,0.5,7000,5366,6819,3.3
19185,New-c74a786,0-1,0.0,7000,5366,6820,3.3
19188,Base-f462400,0-1,1.0,7001,5366,6820,3.3
19187,New-c74a786,1-0,1.0,7002,5366,6820,3.3
19189,New-c74a786,1-0,1.0,7003,5366,6820,3.3
19191,New-c74a786,0-1,0.0,7003,5366,6821,3.3
19196,Base-f462400,1/2-1/2,0.5,7003,5367,6821,3.3
19194,Base-f462400,1/2-1/2,0.5,7003,5368,6821,3.3
19190,Base-f462400,1/2-1/2,0.5,7003,5369,6821,3.3
19193,New-c74a786,1-0,1.0,7004,5369,6821,3.3
19192,Base-f462400,1/2-1/2,0.5,7004,5370,6821,3.3
19195,New-c74a786,1/2-1/2,0.5,7004,5371,6821,3.3
19201,New-c74a786,1-0,1.0,7005,5371,6821,3.3
19202,Base-f462400,0-1,1.0,7006,5371,6821,3.3
19199,New-c74a786,1-0,1.0,7007,5371,6821,3.4
19197,New-c74a786,1-0,1.0,7008,5371,6821,3.4
19198,Base-f462400,1-0,0.0,7008,5371,6822,3.4
19200,Base-f462400,1-0,0.0,7008,5371,6823,3.3
19204,Base-f462400,1/2-1/2,0.5,7008,5372,6823,3.3
19203,New-c74a786,1/2-1/2,0.5,7008,5373,6823,3.3
19205,New-c74a786,0-1,0.0,7008,5373,6824,3.3
19209,New-c74a786,1/2-1/2,0.5,7008,5374,6824,3.3
19206,Base-f462400,0-1,1.0,7009,5374,6824,3.3
19207,New-c74a786,1-0,1.0,7010,5374,6824,3.4
19208,Base-f462400,1/2-1/2,0.5,7010,5375,6824,3.4
19210,Base-f462400,1-0,0.0,7010,5375,6825,3.3
19211,New-c74a786,1-0,1.0,7011,5375,6825,3.4
19218,Base-f462400,1/2-1/2,0.5,7011,5376,6825,3.4
19212,Base-f462400,1/2-1/2,0.5,7011,5377,6825,3.4
19213,New-c74a786,1/2-1/2,0.5,7011,5378,6825,3.4
19217,New-c74a786,0-1,0.0,7011,5378,6826,3.3
19215,New-c74a786,0-1,0.0,7011,5378,6827,3.3
19214,Base-f462400,1-0,0.0,7011,5378,6828,3.3
19216,Base-f462400,1-0,0.0,7011,5378,6829,3.3
19220,Base-f462400,1-0,0.0,7011,5378,6830,3.3
19221,New-c74a786,1-0,1.0,7012,5378,6830,3.3
19222,Base-f462400,0-1,1.0,7013,5378,6830,3.3
19219,New-c74a786,1/2-1/2,0.5,7013,5379,6830,3.3
19225,New-c74a786,0-1,0.0,7013,5379,6831,3.3
19223,New-c74a786,1-0,1.0,7014,5379,6831,3.3
19226,Base-f462400,0-1,1.0,7015,5379,6831,3.3
19224,Base-f462400,1-0,0.0,7015,5379,6832,3.3
19227,New-c74a786,1/2-1/2,0.5,7015,5380,6832,3.3
19228,Base-f462400,1-0,0.0,7015,5380,6833,3.3
19231,New-c74a786,1/2-1/2,0.5,7015,5381,6833,3.3
19233,New-c74a786,1-0,1.0,7016,5381,6833,3.3
19230,Base-f462400,1-0,0.0,7016,5381,6834,3.3
19229,New-c74a786,1-0,1.0,7017,5381,6834,3.3
19232,Base-f462400,0-1,1.0,7018,5381,6834,3.3
19236,Base-f462400,1-0,0.0,7018,5381,6835,3.3
19234,Base-f462400,1-0,0.0,7018,5381,6836,3.3
19239,New-c74a786,1/2-1/2,0.5,7018,5382,6836,3.3
19235,New-c74a786,1/2-1/2,0.5,7018,5383,6836,3.3
19237,New-c74a786,1-0,1.0,7019,5383,6836,3.3
19240,Base-f462400,0-1,1.0,7020,5383,6836,3.3
19238,Base-f462400,0-1,1.0,7021,5383,6836,3.3
19242,Base-f462400,0-1,1.0,7022,5383,6836,3.4
19243,New-c74a786,1-0,1.0,7023,5383,6836,3.4
19241,New-c74a786,1-0,1.0,7024,5383,6836,3.4
19245,New-c74a786,0-1,0.0,7024,5383,6837,3.4
19247,New-c74a786,0-1,0.0,7024,5383,6838,3.4
19246,Base-f462400,0-1,1.0,7025,5383,6838,3.4
19244,Base-f462400,1-0,0.0,7025,5383,6839,3.4
19249,New-c74a786,1-0,1.0,7026,5383,6839,3.4
19248,Base-f462400,0-1,1.0,7027,5383,6839,3.4
19250,Base-f462400,1-0,0.0,7027,5383,6840,3.4
19251,New-c74a786,1/2-1/2,0.5,7027,5384,6840,3.4
19252,Base-f462400,1/2-1/2,0.5,7027,5385,6840,3.4
19254,Base-f462400,0-1,1.0,7028,5385,6840,3.4
19255,New-c74a786,1/2-1/2,0.5,7028,5386,6840,3.4
19253,New-c74a786,0-1,0.0,7028,5386,6841,3.4
19256,Base-f462400,1/2-1/2,0.5,7028,5387,6841,3.4
19257,New-c74a786,0-1,0.0,7028,5387,6842,3.4
19260,Base-f462400,1/2-1/2,0.5,7028,5388,6842,3.4
19258,Base-f462400,1-0,0.0,7028,5388,6843,3.3
19259,New-c74a786,1/2-1/2,0.5,7028,5389,6843,3.3
19263,New-c74a786,1-0,1.0,7029,5389,6843,3.4
19261,New-c74a786,1-0,1.0,7030,5389,6843,3.4
19262,Base-f462400,0-1,1.0,7031,5389,6843,3.4
19265,New-c74a786,1-0,1.0,7032,5389,6843,3.4
19264,Base-f462400,1/2-1/2,0.5,7032,5390,6843,3.4
19266,Base-f462400,1-0,0.0,7032,5390,6844,3.4
19267,New-c74a786,1-0,1.0,7033,5390,6844,3.4
19269,New-c74a786,1-0,1.0,7034,5390,6844,3.4
19268,Base-f462400,1-0,0.0,7034,5390,6845,3.4
19270,Base-f462400,1-0,0.0,7034,5390,6846,3.4
19272,Base-f462400,1-0,0.0,7034,5390,6847,3.4
19271,New-c74a786,1/2-1/2,0.5,7034,5391,6847,3.4
19274,Base-f462400,1-0,0.0,7034,5391,6848,3.4
19273,New-c74a786,1-0,1.0,7035,5391,6848,3.4
19278,Base-f462400,0-1,1.0,7036,5391,6848,3.4
19275,New-c74a786,1-0,1.0,7037,5391,6848,3.4
19276,Base-f462400,1-0,0.0,7037,5391,6849,3.4
19281,New-c74a786,1/2-1/2,0.5,7037,5392,6849,3.4
19283,New-c74a786,1/2-1/2,0.5,7037,5393,6849,3.4
19285,New-c74a786,1/2-1/2,0.5,7037,5394,6849,3.4
19277,New-c74a786,1/2-1/2,0.5,7037,5395,6849,3.4
19280,Base-f462400,0-1,1.0,7038,5395,6849,3.4
19279,New-c74a786,1/2-1/2,0.5,7038,5396,6849,3.4
19284,Base-f462400,1-0,0.0,7038,5396,6850,3.4
19282,Base-f462400,0-1,1.0,7039,5396,6850,3.4
19287,New-c74a786,1-0,1.0,7040,5396,6850,3.4
19290,Base-f462400,0-1,1.0,7041,5396,6850,3.4
19286,Base-f462400,0-1,1.0,7042,5396,6850,3.5
19288,Base-f462400,1-0,0.0,7042,5396,6851,3.4
19289,New-c74a786,1/2-1/2,0.5,7042,5397,6851,3.4
19294,Base-f462400,1-0,0.0,7042,5397,6852,3.4
19293,New-c74a786,0-1,0.0,7042,5397,6853,3.4
19292,Base-f462400,1/2-1/2,0.5,7042,5398,6853,3.4
19291,New-c74a786,1-0,1.0,7043,5398,6853,3.4
19295,New-c74a786,1/2-1/2,0.5,7043,5399,6853,3.4
19296,Base-f462400,0-1,1.0,7044,5399,6853,3.4
19297,New-c74a786,1/2-1/2,0.5,7044,5400,6853,3.4
19298,Base-f462400,0-1,1.0,7045,5400,6853,3.5
19302,Base-f462400,1-0,0.0,7045,5400,6854,3.4
19301,New-c74a786,1-0,1.0,7046,5400,6854,3.5
19303,New-c74a786,1/2-1/2,0.5,7046,5401,6854,3.5
19299,New-c74a786,1-0,1.0,7047,5401,6854,3.5
19300,Base-f462400,1-0,0.0,7047,5401,6855,3.5
19305,New-c74a786,1/2-1/2,0.5,7047,5402,6855,3.5
19304,Base-f462400,1/2-1/2,0.5,7047,5403,6855,3.5
19306,Base-f462400,1-0,0.0,7047,5403,6856,3.4
19307,New-c74a786,1/2-1/2,0.5,7047,5404,6856,3.4
19309,New-c74a786,1/2-1/2,0.5,7047,5405,6856,3.4
19310,Base-f462400,1-0,0.0,7047,5405,6857,3.4
19311,New-c74a786,1-0,1.0,7048,5405,6857,3.4
19308,Base-f462400,1/2-1/2,0.5,7048,5406,6857,3.4
19312,Base-f462400,0-1,1.0,7049,5406,6857,3.5
19313,New-c74a786,1-0,1.0,7050,5406,6857,3.5
19314,Base-f462400,0-1,1.0,7051,5406,6857,3.5
19321,New-c74a786,1/2-1/2,0.5,7051,5407,6857,3.5
19320,Base-f462400,1/2-1/2,0.5,7051,5408,6857,3.5
19316,Base-f462400,1-0,0.0,7051,5408,6858,3.5
19315,New-c74a786,1-0,1.0,7052,5408,6858,3.5
19318,Base-f462400,0-1,1.0,7053,5408,6858,3.5
19319,New-c74a786,0-1,0.0,7053,5408,6859,3.5
19317,New-c74a786,1/2-1/2,0.5,7053,5409,6859,3.5
19322,Base-f462400,1-0,0.0,7053,5409,6860,3.5
19324,Base-f462400,1-0,0.0,7053,5409,6861,3.5
19323,New-c74a786,1-0,1.0,7054,5409,6861,3.5
19326,Base-f462400,0-1,1.0,7055,5409,6861,3.5
19328,Base-f462400,1/2-1/2,0.5,7055,5410,6861,3.5
19325,New-c74a786,0-1,0.0,7055,5410,6862,3.5
19327,New-c74a786,1/2-1/2,0.5,7055,5411,6862,3.5
19329,New-c74a786,1-0,1.0,7056,5411,6862,3.5
19330,Base-f462400,1-0,0.0,7056,5411,6863,3.5
19332,Base-f462400,1-0,0.0,7056,5411,6864,3.5
19331,New-c74a786,1/2-1/2,0.5,7056,5412,6864,3.5
19333,New-c74a786,0-1,0.0,7056,5412,6865,3.4
19335,New-c74a786,1-0,1.0,7057,5412,6865,3.5
19337,New-c74a786,0-1,0.0,7057,5412,6866,3.4
19334,Base-f462400,1-0,0.0,7057,5412,6867,3.4
19341,New-c74a786,1/2-1/2,0.5,7057,5413,6867,3.4
19336,Base-f462400,1/2-1/2,0.5,7057,5414,6867,3.4
19338,Base-f462400,0-1,1.0,7058,5414,6867,3.4
19340,Base-f462400,1/2-1/2,0.5,7058,5415,6867,3.4
19339,New-c74a786,1-0,1.0,7059,5415,6867,3.4
19342,Base-f462400,1/2-1/2,0.5,7059,5416,6867,3.4
19343,New-c74a786,1/2-1/2,0.5,7059,5417,6867,3.4
19345,New-c74a786,0-1,0.0,7059,5417,6868,3.4
19344,Base-f462400,1-0,0.0,7059,5417,6869,3.4
19347,New-c74a786,1-0,1.0,7060,5417,6869,3.4
19350,Base-f462400,1-0,0.0,7060,5417,6870,3.4
19349,New-c74a786,1/2-1/2,0.5,7060,5418,6870,3.4
19348,Base-f462400,1-0,0.0,7060,5418,6871,3.4
19346,Base-f462400,1-0,0.0,7060,5418,6872,3.4
19351,New-c74a786,1-0,1.0,7061,5418,6872,3.4
19352,Base-f462400,1/2-1/2,0.5,7061,5419,6872,3.4
19354,Base-f462400,0-1,1.0,7062,5419,6872,3.4
19353,New-c74a786,1/2-1/2,0.5,7062,5420,6872,3.4
19356,Base-f462400,1/2-1/2,0.5,7062,5421,6872,3.4
19355,New-c74a786,0-1,0.0,7062,5421,6873,3.4
19357,New-c74a786,1-0,1.0,7063,5421,6873,3.4
19358,Base-f462400,1/2-1/2,0.5,7063,5422,6873,3.4
19360,Base-f462400,0-1,1.0,7064,5422,6873,3.4
19359,New-c74a786,1/2-1/2,0.5,7064,5423,6873,3.4
19362,Base-f462400,0-1,1.0,7065,5423,6873,3.4
19361,New-c74a786,0-1,0.0,7065,5423,6874,3.4
19364,Base-f462400,1/2-1/2,0.5,7065,5424,6874,3.4
19363,New-c74a786,0-1,0.0,7065,5424,6875,3.4
19366,Base-f462400,0-1,1.0,7066,5424,6875,3.4
19365,New-c74a786,0-1,0.0,7066,5424,6876,3.4
19367,New-c74a786,1-0,1.0,7067,5424,6876,3.4
19368,Base-f462400,1/2-1/2,0.5,7067,5425,6876,3.4
19369,New-c74a786,0-1,0.0,7067,5425,6877,3.4
19370,Base-f462400,1/2-1/2,0.5,7067,5426,6877,3.4
19371,New-c74a786,0-1,0.0,7067,5426,6878,3.4
19372,Base-f462400,1/2-1/2,0.5,7067,5427,6878,3.4
19379,New-c74a786,1/2-1/2,0.5,7067,5428,6878,3.4
19374,Base-f462400,1-0,0.0,7067,5428,6879,3.4
19378,Base-f462400,1-0,0.0,7067,5428,6880,3.4
19373,New-c74a786,1/2-1/2,0.5,7067,5429,6880,3.4
19375,New-c74a786,0-1,0.0,7067,5429,6881,3.3
19376,Base-f462400,0-1,1.0,7068,5429,6881,3.4
19377,New-c74a786,1-0,1.0,7069,5429,6881,3.4
19382,Base-f462400,1/2-1/2,0.5,7069,5430,6881,3.4
19385,New-c74a786,1/2-1/2,0.5,7069,5431,6881,3.4
19381,New-c74a786,1-0,1.0,7070,5431,6881,3.4
19380,Base-f462400,1/2-1/2,0.5,7070,5432,6881,3.4
19384,Base-f462400,0-1,1.0,7071,5432,6881,3.4
19388,Base-f462400,1-0,0.0,7071,5432,6882,3.4
19383,New-c74a786,1/2-1/2,0.5,7071,5433,6882,3.4
19386,Base-f462400,1/2-1/2,0.5,7071,5434,6882,3.4
19389,New-c74a786,0-1,0.0,7071,5434,6883,3.4
19387,New-c74a786,1-0,1.0,7072,5434,6883,3.4
19391,New-c74a786,0-1,0.0,7072,5434,6884,3.4
19394,Base-f462400,1-0,0.0,7072,5434,6885,3.4
19390,Base-f462400,0-1,1.0,7073,5434,6885,3.4
19392,Base-f462400,0-1,1.0,7074,5434,6885,3.4
19393,New-c74a786,0-1,0.0,7074,5434,6886,3.4
19395,New-c74a786,0-1,0.0,7074,5434,6887,3.3
19396,Base-f462400,1/2-1/2,0.5,7074,5435,6887,3.3
19397,New-c74a786,0-1,0.0,7074,5435,6888,3.3
19398,Base-f462400,0-1,1.0,7075,5435,6888,3.3
19400,Base-f462400,1/2-1/2,0.5,7075,5436,6888,3.3
19399,New-c74a786,1/2-1/2,0.5,7075,5437,6888,3.3
19402,Base-f462400,1/2-1/2,0.5,7075,5438,6888,3.3
19401,New-c74a786,1/2-1/2,0.5,7075,5439,6888,3.3
19403,New-c74a786,1-0,1.0,7076,5439,6888,3.4
19405,New-c74a786,0-1,0.0,7076,5439,6889,3.3
19407,New-c74a786,0-1,0.0,7076,5439,6890,3.3
19406,Base-f462400,0-1,1.0,7077,5439,6890,3.3
19404,Base-f462400,1/2-1/2,0.5,7077,5440,6890,3.3
19409,New-c74a786,0-1,0.0,7077,5440,6891,3.3
19408,Base-f462400,0-1,1.0,7078,5440,6891,3.3
19410,Base-f462400,1-0,0.0,7078,5440,6892,3.3
19411,New-c74a786,0-1,0.0,7078,5440,6893,3.3
19412,Base-f462400,0-1,1.0,7079,5440,6893,3.3
19413,New-c74a786,1-0,1.0,7080,5440,6893,3.3
19414,Base-f462400,1-0,0.0,7080,5440,6894,3.3
19415,New-c74a786,0-1,0.0,7080,5440,6895,3.3
19417,New-c74a786,1-0,1.0,7081,5440,6895,3.3
19419,New-c74a786,1/2-1/2,0.5,7081,5441,6895,3.3
19418,Base-f462400,1-0,0.0,7081,5441,6896,3.3
19416,Base-f462400,1-0,0.0,7081,5441,6897,3.3
19420,Base-f462400,1-0,0.0,7081,5441,6898,3.3
19421,New-c74a786,0-1,0.0,7081,5441,6899,3.3
19423,New-c74a786,1-0,1.0,7082,5441,6899,3.3
19425,New-c74a786,1-0,1.0,7083,5441,6899,3.3
19424,Base-f462400,1-0,0.0,7083,5441,6900,3.3
19422,Base-f462400,1/2-1/2,0.5,7083,5442,6900,3.3
19427,New-c74a786,0-1,0.0,7083,5442,6901,3.3
19426,Base-f462400,0-1,1.0,7084,5442,6901,3.3
19430,Base-f462400,1-0,0.0,7084,5442,6902,3.3
19429,New-c74a786,1-0,1.0,7085,5442,6902,3.3
19433,New-c74a786,1/2-1/2,0.5,7085,5443,6902,3.3
19428,Base-f462400,0-1,1.0,7086,5443,6902,3.3
19432,Base-f462400,0-1,1.0,7087,5443,6902,3.3
19431,New-c74a786,1-0,1.0,7088,5443,6902,3.3
19435,New-c74a786,0-1,0.0,7088,5443,6903,3.3
19438,Base-f462400,1/2-1/2,0.5,7088,5444,6903,3.3
19437,New-c74a786,0-1,0.0,7088,5444,6904,3.3
19436,Base-f462400,1-0,0.0,7088,5444,6905,3.3
19440,Base-f462400,1/2-1/2,0.5,7088,5445,6905,3.3
19434,Base-f462400,1/2-1/2,0.5,7088,5446,6905,3.3
19441,New-c74a786,1-0,1.0,7089,5446,6905,3.3
19442,Base-f462400,1/2-1/2,0.5,7089,5447,6905,3.3
19439,New-c74a786,1/2-1/2,0.5,7089,5448,6905,3.3
19443,New-c74a786,1/2-1/2,0.5,7089,5449,6905,3.3
19447,New-c74a786,1/2-1/2,0.5,7089,5450,6905,3.3
19445,New-c74a786,1/2-1/2,0.5,7089,5451,6905,3.3
19444,Base-f462400,1-0,0.0,7089,5451,6906,3.3
19450,Base-f462400,1-0,0.0,7089,5451,6907,3.3
19446,Base-f462400,1/2-1/2,0.5,7089,5452,6907,3.3
19448,Base-f462400,0-1,1.0,7090,5452,6907,3.3
19449,New-c74a786,1-0,1.0,7091,5452,6907,3.3
19451,New-c74a786,0-1,0.0,7091,5452,6908,3.3
19453,New-c74a786,0-1,0.0,7091,5452,6909,3.3
19452,Base-f462400,1-0,0.0,7091,5452,6910,3.2
19455,New-c74a786,0-1,0.0,7091,5452,6911,3.2
19456,Base-f462400,1/2-1/2,0.5,7091,5453,6911,3.2
19454,Base-f462400,0-1,1.0,7092,5453,6911,3.2
19457,New-c74a786,1/2-1/2,0.5,7092,5454,6911,3.2
19458,Base-f462400,0-1,1.0,7093,5454,6911,3.2
19459,New-c74a786,0-1,0.0,7093,5454,6912,3.2
19460,Base-f462400,0-1,1.0,7094,5454,6912,3.2
19466,Base-f462400,1/2-1/2,0.5,7094,5455,6912,3.2
19461,New-c74a786,1/2-1/2,0.5,7094,5456,6912,3.2
19467,New-c74a786,1-0,1.0,7095,5456,6912,3.3
19463,New-c74a786,0-1,0.0,7095,5456,6913,3.2
19464,Base-f462400,1/2-1/2,0.5,7095,5457,6913,3.2
19462,Base-f462400,1/2-1/2,0.5,7095,5458,6913,3.2
19465,New-c74a786,1-0,1.0,7096,5458,6913,3.3
19468,Base-f462400,1-0,0.0,7096,5458,6914,3.2
19473,New-c74a786,1/2-1/2,0.5,7096,5459,6914,3.2
19470,Base-f462400,0-1,1.0,7097,5459,6914,3.3
19471,New-c74a786,1/2-1/2,0.5,7097,5460,6914,3.3
19472,Base-f462400,0-1,1.0,7098,5460,6914,3.3
19469,New-c74a786,1-0,1.0,7099,5460,6914,3.3
19474,Base-f462400,0-1,1.0,7100,5460,6914,3.3
19475,New-c74a786,0-1,0.0,7100,5460,6915,3.3
19477,New-c74a786,0-1,0.0,7100,5460,6916,3.3
19476,Base-f462400,0-1,1.0,7101,5460,6916,3.3
19478,Base-f462400,1-0,0.0,7101,5460,6917,3.3
19479,New-c74a786,0-1,0.0,7101,5460,6918,3.3
19481,New-c74a786,1-0,1.0,7102,5460,6918,3.3
19480,Base-f462400,0-1,1.0,7103,5460,6918,3.3
19483,New-c74a786,1-0,1.0,7104,5460,6918,3.3
19482,Base-f462400,0-1,1.0,7105,5460,6918,3.3
19488,Base-f462400,1/2-1/2,0.5,7105,5461,6918,3.3
19485,New-c74a786,1-0,1.0,7106,5461,6918,3.4
19486,Base-f462400,0-1,1.0,7107,5461,6918,3.4
19484,Base-f462400,0-1,1.0,7108,5461,6918,3.4
19487,New-c74a786,0-1,0.0,7108,5461,6919,3.4
19489,New-c74a786,1-0,1.0,7109,5461,6919,3.4
19491,New-c74a786,1/2-1/2,0.5,7109,5462,6919,3.4
19490,Base-f462400,0-1,1.0,7110,5462,6919,3.4
19492,Base-f462400,1-0,0.0,7110,5462,6920,3.4
19495,New-c74a786,1-0,1.0,7111,5462,6920,3.4
19496,Base-f462400,0-1,1.0,7112,5462,6920,3.4
19493,New-c74a786,0-1,0.0,7112,5462,6921,3.4
19498,Base-f462400,0-1,1.0,7113,5462,6921,3.4
19494,Base-f462400,0-1,1.0,7114,5462,6921,3.4
19497,New-c74a786,0-1,0.0,7114,5462,6922,3.4
19499,New-c74a786,1-0,1.0,7115,5462,6922,3.4
19502,Base-f462400,1/2-1/2,0.5,7115,5463,6922,3.4
19500,Base-f462400,1/2-1/2,0.5,7115,5464,6922,3.4
19501,New-c74a786,1-0,1.0,7116,5464,6922,3.5
19509,New-c74a786,1/2-1/2,0.5,7116,5465,6922,3.5
19503,New-c74a786,0-1,0.0,7116,5465,6923,3.4
19510,Base-f462400,1/2-1/2,0.5,7116,5466,6923,3.4
19505,New-c74a786,0-1,0.0,7116,5466,6924,3.4
19507,New-c74a786,1/2-1/2,0.5,7116,5467,6924,3.4
19506,Base-f462400,1/2-1/2,0.5,7116,5468,6924,3.4
19504,Base-f462400,1/2-1/2,0.5,7116,5469,6924,3.4
19508,Base-f462400,1-0,0.0,7116,5469,6925,3.4
19513,New-c74a786,1/2-1/2,0.5,7116,5470,6925,3.4
19512,Base-f462400,1/2-1/2,0.5,7116,5471,6925,3.4
19511,New-c74a786,1/2-1/2,0.5,7116,5472,6925,3.4
19516,Base-f462400,1-0,0.0,7116,5472,6926,3.4
19514,Base-f462400,0-1,1.0,7117,5472,6926,3.4
19515,New-c74a786,0-1,0.0,7117,5472,6927,3.4
19517,New-c74a786,1-0,1.0,7118,5472,6927,3.4
19521,New-c74a786,0-1,0.0,7118,5472,6928,3.4
19519,New-c74a786,0-1,0.0,7118,5472,6929,3.4
19518,Base-f462400,1-0,0.0,7118,5472,6930,3.3
19520,Base-f462400,0-1,1.0,7119,5472,6930,3.4
19522,Base-f462400,1-0,0.0,7119,5472,6931,3.3
19523,New-c74a786,1-0,1.0,7120,5472,6931,3.4
19524,Base-f462400,1/2-1/2,0.5,7120,5473,6931,3.4
19526,Base-f462400,1/2-1/2,0.5,7120,5474,6931,3.4
19525,New-c74a786,0-1,0.0,7120,5474,6932,3.3
19527,New-c74a786,1-0,1.0,7121,5474,6932,3.4
19530,Base-f462400,0-1,1.0,7122,5474,6932,3.4
19528,Base-f462400,0-1,1.0,7123,5474,6932,3.4
19529,New-c74a786,1-0,1.0,7124,5474,6932,3.4
19531,New-c74a786,0-1,0.0,7124,5474,6933,3.4
19532,Base-f462400,0-1,1.0,7125,5474,6933,3.4
19533,New-c74a786,1-0,1.0,7126,5474,6933,3.4
19534,Base-f462400,1/2-1/2,0.5,7126,5475,6933,3.4
19535,New-c74a786,0-1,0.0,7126,5475,6934,3.4
19539,New-c74a786,1/2-1/2,0.5,7126,5476,6934,3.4
19536,Base-f462400,1-0,0.0,7126,5476,6935,3.4
19537,New-c74a786,0-1,0.0,7126,5476,6936,3.4
19538,Base-f462400,0-1,1.0,7127,5476,6936,3.4
19540,Base-f462400,0-1,1.0,7128,5476,6936,3.4
19541,New-c74a786,1-0,1.0,7129,5476,6936,3.4
19542,Base-f462400,0-1,1.0,7130,5476,6936,3.4
19543,New-c74a786,1-0,1.0,7131,5476,6936,3.5
19545,New-c74a786,1-0,1.0,7132,5476,6936,3.5
19546,Base-f462400,1-0,0.0,7132,5476,6937,3.5
19544,Base-f462400,1-0,0.0,7132,5476,6938,3.4
19547,New-c74a786,1/2-1/2,0.5,7132,5477,6938,3.4
19549,New-c74a786,1/2-1/2,0.5,7132,5478,6938,3.4
19548,Base-f462400,1/2-1/2,0.5,7132,5479,6938,3.4
19550,Base-f462400,1-0,0.0,7132,5479,6939,3.4
19553,New-c74a786,0-1,0.0,7132,5479,6940,3.4
19551,New-c74a786,0-1,0.0,7132,5479,6941,3.4
19552,Base-f462400,1-0,0.0,7132,5479,6942,3.4
19554,Base-f462400,1/2-1/2,0.5,7132,5480,6942,3.4
19556,Base-f462400,1/2-1/2,0.5,7132,5481,6942,3.4
19560,Base-f462400,1-0,0.0,7132,5481,6943,3.4
19555,New-c74a786,1-0,1.0,7133,5481,6943,3.4
19561,New-c74a786,1-0,1.0,7134,5481,6943,3.4
19558,Base-f462400,0-1,1.0,7135,5481,6943,3.4
19557,New-c74a786,1/2-1/2,0.5,7135,5482,6943,3.4
19559,New-c74a786,1-0,1.0,7136,5482,6943,3.4
19562,Base-f462400,0-1,1.0,7137,5482,6943,3.4
19563,New-c74a786,1-0,1.0,7138,5482,6943,3.5
19566,Base-f462400,1-0,0.0,7138,5482,6944,3.4
19564,Base-f462400,0-1,1.0,7139,5482,6944,3.5
19565,New-c74a786,1-0,1.0,7140,5482,6944,3.5
19567,New-c74a786,1-0,1.0,7141,5482,6944,3.5
19569,New-c74a786,1/2-1/2,0.5,7141,5483,6944,3.5
19568,Base-f462400,1-0,0.0,7141,5483,6945,3.5
19570,Base-f462400,1/2-1/2,0.5,7141,5484,6945,3.5
19574,Base-f462400,1-0,0.0,7141,5484,6946,3.5
19572,Base-f462400,0-1,1.0,7142,5484,6946,3.5
19571,New-c74a786,1-0,1.0,7143,5484,6946,3.5
19573,New-c74a786,1-0,1.0,7144,5484,6946,3.5
19575,New-c74a786,1-0,1.0,7145,5484,6946,3.5
19576,Base-f462400,1-0,0.0,7145,5484,6947,3.5
19581,New-c74a786,1/2-1/2,0.5,7145,5485,6947,3.5
19577,New-c74a786,0-1,0.0,7145,5485,6948,3.5
19578,Base-f462400,1/2-1/2,0.5,7145,5486,6948,3.5
19579,New-c74a786,0-1,0.0,7145,5486,6949,3.5
19580,Base-f462400,0-1,1.0,7146,5486,6949,3.5
19582,Base-f462400,0-1,1.0,7147,5486,6949,3.5
19586,Base-f462400,1-0,0.0,7147,5486,6950,3.5
19583,New-c74a786,1-0,1.0,7148,5486,6950,3.5
19584,Base-f462400,0-1,1.0,7149,5486,6950,3.5
19587,New-c74a786,1-0,1.0,7150,5486,6950,3.5
19585,New-c74a786,0-1,0.0,7150,5486,6951,3.5
19588,Base-f462400,0-1,1.0,7151,5486,6951,3.5
19589,New-c74a786,0-1,0.0,7151,5486,6952,3.5
19590,Base-f462400,1/2-1/2,0.5,7151,5487,6952,3.5
19597,New-c74a786,1/2-1/2,0.5,7151,5488,6952,3.5
19592,Base-f462400,1/2-1/2,0.5,7151,5489,6952,3.5
19591,New-c74a786,0-1,0.0,7151,5489,6953,3.5
19595,New-c74a786,1/2-1/2,0.5,7151,5490,6953,3.5
19594,Base-f462400,1/2-1/2,0.5,7151,5491,6953,3.5
19596,Base-f462400,0-1,1.0,7152,5491,6953,3.5
19593,New-c74a786,1/2-1/2,0.5,7152,5492,6953,3.5
19598,Base-f462400,1/2-1/2,0.5,7152,5493,6953,3.5
19600,Base-f462400,0-1,1.0,7153,5493,6953,3.5
19599,New-c74a786,0-1,0.0,7153,5493,6954,3.5
19603,New-c74a786,1-0,1.0,7154,5493,6954,3.5
19601,New-c74a786,0-1,0.0,7154,5493,6955,3.5
19602,Base-f462400,0-1,1.0,7155,5493,6955,3.5
19606,Base-f462400,0-1,1.0,7156,5493,6955,3.6
19604,Base-f462400,1-0,0.0,7156,5493,6956,3.5
19605,New-c74a786,0-1,0.0,7156,5493,6957,3.5
19608,Base-f462400,1/2-1/2,0.5,7156,5494,6957,3.5
19609,New-c74a786,1-0,1.0,7157,5494,6957,3.5
19607,New-c74a786,1-0,1.0,7158,5494,6957,3.6
19610,Base-f462400,1-0,0.0,7158,5494,6958,3.5
19612,Base-f462400,0-1,1.0,7159,5494,6958,3.6
19611,New-c74a786,1-0,1.0,7160,5494,6958,3.6
19614,Base-f462400,1-0,0.0,7160,5494,6959,3.6
19615,New-c74a786,0-1,0.0,7160,5494,6960,3.5
19613,New-c74a786,1-0,1.0,7161,5494,6960,3.6
19616,Base-f462400,1-0,0.0,7161,5494,6961,3.5
19619,New-c74a786,1-0,1.0,7162,5494,6961,3.6
19618,Base-f462400,1/2-1/2,0.5,7162,5495,6961,3.6
19620,Base-f462400,1-0,0.0,7162,5495,6962,3.5
19621,New-c74a786,1-0,1.0,7163,5495,6962,3.6
19617,New-c74a786,1/2-1/2,0.5,7163,5496,6962,3.6
19623,New-c74a786,0-1,0.0,7163,5496,6963,3.5
19628,Base-f462400,1-0,0.0,7163,5496,6964,3.5
19626,Base-f462400,1/2-1/2,0.5,7163,5497,6964,3.5
19625,New-c74a786,0-1,0.0,7163,5497,6965,3.5
19629,New-c74a786,1-0,1.0,7164,5497,6965,3.5
19622,Base-f462400,1-0,0.0,7164,5497,6966,3.5
19624,Base-f462400,1/2-1/2,0.5,7164,5498,6966,3.5
19627,New-c74a786,0-1,0.0,7164,5498,6967,3.5
19631,New-c74a786,0-1,0.0,7164,5498,6968,3.5
19636,Base-f462400,0-1,1.0,7165,5498,6968,3.5
19634,Base-f462400,1-0,0.0,7165,5498,6969,3.5
19635,New-c74a786,0-1,0.0,7165,5498,6970,3.5
19633,New-c74a786,1-0,1.0,7166,5498,6970,3.5
19630,Base-f462400,1/2-1/2,0.5,7166,5499,6970,3.5
19632,Base-f462400,1-0,0.0,7166,5499,6971,3.5
19637,New-c74a786,0-1,0.0,7166,5499,6972,3.4
19640,Base-f462400,1-0,0.0,7166,5499,6973,3.4
19638,Base-f462400,1/2-1/2,0.5,7166,5500,6973,3.4
19641,New-c74a786,0-1,0.0,7166,5500,6974,3.4
19644,Base-f462400,1/2-1/2,0.5,7166,5501,6974,3.4
19642,Base-f462400,0-1,1.0,7167,5501,6974,3.4
19639,New-c74a786,0-1,0.0,7167,5501,6975,3.4
19643,New-c74a786,0-1,0.0,7167,5501,6976,3.4
19645,New-c74a786,0-1,0.0,7167,5501,6977,3.4
19646,Base-f462400,1-0,0.0,7167,5501,6978,3.3
19652,Base-f462400,1/2-1/2,0.5,7167,5502,6978,3.3
19648,Base-f462400,0-1,1.0,7168,5502,6978,3.4
19647,New-c74a786,0-1,0.0,7168,5502,6979,3.3
19651,New-c74a786,0-1,0.0,7168,5502,6980,3.3
19649,New-c74a786,1/2-1/2,0.5,7168,5503,6980,3.3
19650,Base-f462400,1/2-1/2,0.5,7168,5504,6980,3.3
19653,New-c74a786,1/2-1/2,0.5,7168,5505,6980,3.3
19658,Base-f462400,1/2-1/2,0.5,7168,5506,6980,3.3
19657,New-c74a786,0-1,0.0,7168,5506,6981,3.3
19655,New-c74a786,0-1,0.0,7168,5506,6982,3.3
19659,New-c74a786,0-1,0.0,7168,5506,6983,3.3
19660,Base-f462400,1/2-1/2,0.5,7168,5507,6983,3.3
19656,Base-f462400,0-1,1.0,7169,5507,6983,3.3
19661,New-c74a786,1-0,1.0,7170,5507,6983,3.3
19654,Base-f462400,1/2-1/2,0.5,7170,5508,6983,3.3
19662,Base-f462400,0-1,1.0,7171,5508,6983,3.3
19663,New-c74a786,0-1,0.0,7171,5508,6984,3.3
19670,Base-f462400,0-1,1.0,7172,5508,6984,3.3
19666,Base-f462400,1-0,0.0,7172,5508,6985,3.3
19665,New-c74a786,1-0,1.0,7173,5508,6985,3.3
19664,Base-f462400,1/2-1/2,0.5,7173,5509,6985,3.3
19667,New-c74a786,1/2-1/2,0.5,7173,5510,6985,3.3
19669,New-c74a786,0-1,0.0,7173,5510,6986,3.3
19668,Base-f462400,1-0,0.0,7173,5510,6987,3.3
19671,New-c74a786,1/2-1/2,0.5,7173,5511,6987,3.3
19675,New-c74a786,0-1,0.0,7173,5511,6988,3.3
19676,Base-f462400,1/2-1/2,0.5,7173,5512,6988,3.3
19673,New-c74a786,0-1,0.0,7173,5512,6989,3.2
19672,Base-f462400,1/2-1/2,0.5,7173,5513,6989,3.2
19674,Base-f462400,1-0,0.0,7173,5513,6990,3.2
19679,New-c74a786,1-0,1.0,7174,5513,6990,3.2
19678,Base-f462400,1-0,0.0,7174,5513,6991,3.2
19677,New-c74a786,1/2-1/2,0.5,7174,5514,6991,3.2
19681,New-c74a786,0-1,0.0,7174,5514,6992,3.2
19682,Base-f462400,1-0,0.0,7174,5514,6993,3.2
19685,New-c74a786,0-1,0.0,7174,5514,6994,3.2
19683,New-c74a786,0-1,0.0,7174,5514,6995,3.2
19680,Base-f462400,1/2-1/2,0.5,7174,5515,6995,3.2
19687,New-c74a786,1-0,1.0,7175,5515,6995,3.2
19684,Base-f462400,0-1,1.0,7176,5515,6995,3.2
19686,Base-f462400,1/2-1/2,0.5,7176,5516,6995,3.2
19688,Base-f462400,0-1,1.0,7177,5516,6995,3.2
19689,New-c74a786,0-1,0.0,7177,5516,6996,3.2
19692,Base-f462400,0-1,1.0,7178,5516,6996,3.2
19691,New-c74a786,1-0,1.0,7179,5516,6996,3.2
19690,Base-f462400,1-0,0.0,7179,5516,6997,3.2
19693,New-c74a786,0-1,0.0,7179,5516,6998,3.2
19694,Base-f462400,1/2-1/2,0.5,7179,5517,6998,3.2
19697,New-c74a786,1/2-1/2,0.5,7179,5518,6998,3.2
19701,New-c74a786,1/2-1/2,0.5,7179,5519,6998,3.2
19695,New-c74a786,1-0,1.0,7180,5519,6998,3.2
19698,Base-f462400,0-1,1.0,7181,5519,6998,3.2
19700,Base-f462400,1/2-1/2,0.5,7181,5520,6998,3.2
19699,New-c74a786,1/2-1/2,0.5,7181,5521,6998,3.2
19696,Base-f462400,1/2-1/2,0.5,7181,5522,6998,3.2
19703,New-c74a786,1/2-1/2,0.5,7181,5523,6998,3.2
19706,Base-f462400,0-1,1.0,7182,5523,6998,3.2
19702,Base-f462400,1-0,0.0,7182,5523,6999,3.2
19705,New-c74a786,1-0,1.0,7183,5523,6999,3.2
19707,New-c74a786,0-1,0.0,7183,5523,7000,3.2
19709,New-c74a786,1-0,1.0,7184,5523,7000,3.2
19710,Base-f462400,1-0,0.0,7184,5523,7001,3.2
19704,Base-f462400,1/2-1/2,0.5,7184,5524,7001,3.2
19708,Base-f462400,1-0,0.0,7184,5524,7002,3.2
19712,Base-f462400,0-1,1.0,7185,5524,7002,3.2
19711,New-c74a786,1/2-1/2,0.5,7185,5525,7002,3.2
19713,New-c74a786,1-0,1.0,7186,5525,7002,3.2
19715,New-c74a786,1/2-1/2,0.5,7186,5526,7002,3.2
19714,Base-f462400,0-1,1.0,7187,5526,7002,3.3
19716,Base-f462400,1/2-1/2,0.5,7187,5527,7002,3.3
19717,New-c74a786,0-1,0.0,7187,5527,7003,3.2
19718,Base-f462400,1-0,0.0,7187,5527,7004,3.2
19719,New-c74a786,0-1,0.0,7187,5527,7005,3.2
19721,New-c74a786,1-0,1.0,7188,5527,7005,3.2
19720,Base-f462400,1-0,0.0,7188,5527,7006,3.2
19722,Base-f462400,0-1,1.0,7189,5527,7006,3.2
19726,Base-f462400,0-1,1.0,7190,5527,7006,3.2
19723,New-c74a786,0-1,0.0,7190,5527,7007,3.2
19727,New-c74a786,1/2-1/2,0.5,7190,5528,7007,3.2
19724,Base-f462400,1-0,0.0,7190,5528,7008,3.2
19725,New-c74a786,1-0,1.0,7191,5528,7008,3.2
19728,Base-f462400,0-1,1.0,7192,5528,7008,3.2
19729,New-c74a786,0-1,0.0,7192,5528,7009,3.2
19732,Base-f462400,1/2-1/2,0.5,7192,5529,7009,3.2
19730,Base-f462400,0-1,1.0,7193,5529,7009,3.2
19733,New-c74a786,1/2-1/2,0.5,7193,5530,7009,3.2
19735,New-c74a786,1-0,1.0,7194,5530,7009,3.3
19731,New-c74a786,1-0,1.0,7195,5530,7009,3.3
19734,Base-f462400,1-0,0.0,7195,5530,7010,3.3
19736,Base-f462400,1/2-1/2,0.5,7195,5531,7010,3.3
19737,New-c74a786,1-0,1.0,7196,5531,7010,3.3
19738,Base-f462400,0-1,1.0,7197,5531,7010,3.3
19739,New-c74a786,1/2-1/2,0.5,7197,5532,7010,3.3
19741,New-c74a786,1/2-1/2,0.5,7197,5533,7010,3.3
19743,New-c74a786,0-1,0.0,7197,5533,7011,3.3
19740,Base-f462400,0-1,1.0,7198,5533,7011,3.3
19742,Base-f462400,0-1,1.0,7199,5533,7011,3.3
19744,Base-f462400,0-1,1.0,7200,5533,7011,3.3
19746,Base-f462400,0-1,1.0,7201,5533,7011,3.3
19748,Base-f462400,0-1,1.0,7202,5533,7011,3.4
19745,New-c74a786,1-0,1.0,7203,5533,7011,3.4
19747,New-c74a786,1/2-1/2,0.5,7203,5534,7011,3.4
19749,New-c74a786,0-1,0.0,7203,5534,7012,3.4
19751,New-c74a786,1-0,1.0,7204,5534,7012,3.4
19750,Base-f462400,1/2-1/2,0.5,7204,5535,7012,3.4
19754,Base-f462400,1/2-1/2,0.5,7204,5536,7012,3.4
19752,Base-f462400,1/2-1/2,0.5,7204,5537,7012,3.4
19755,New-c74a786,0-1,0.0,7204,5537,7013,3.4
19753,New-c74a786,1-0,1.0,7205,5537,7013,3.4
19756,Base-f462400,0-1,1.0,7206,5537,7013,3.4
19757,New-c74a786,1-0,1.0,7207,5537,7013,3.4
19760,Base-f462400,0-1,1.0,7208,5537,7013,3.4
19761,New-c74a786,0-1,0.0,7208,5537,7014,3.4
19758,Base-f462400,1-0,0.0,7208,5537,7015,3.4
19762,Base-f462400,1-0,0.0,7208,5537,7016,3.4
19759,New-c74a786,1/2-1/2,0.5,7208,5538,7016,3.4
19763,New-c74a786,1-0,1.0,7209,5538,7016,3.4
19764,Base-f462400,1/2-1/2,0.5,7209,5539,7016,3.4
19765,New-c74a786,1/2-1/2,0.5,7209,5540,7016,3.4
19767,New-c74a786,1-0,1.0,7210,5540,7016,3.4
19766,Base-f462400,1-0,0.0,7210,5540,7017,3.4
19768,Base-f462400,1-0,0.0,7210,5540,7018,3.4
19772,Base-f462400,1/2-1/2,0.5,7210,5541,7018,3.4
19769,New-c74a786,1/2-1/2,0.5,7210,5542,7018,3.4
19770,Base-f462400,1/2-1/2,0.5,7210,5543,7018,3.4
19773,New-c74a786,1-0,1.0,7211,5543,7018,3.4
19771,New-c74a786,1/2-1/2,0.5,7211,5544,7018,3.4
19774,Base-f462400,0-1,1.0,7212,5544,7018,3.4
19776,Base-f462400,1-0,0.0,7212,5544,7019,3.4
19780,Base-f462400,1/2-1/2,0.5,7212,5545,7019,3.4
19775,New-c74a786,1-0,1.0,7213,5545,7019,3.4
19784,Base-f462400,0-1,1.0,7214,5545,7019,3.4
19777,New-c74a786,0-1,0.0,7214,5545,7020,3.4
19785,New-c74a786,1/2-1/2,0.5,7214,5546,7020,3.4
19779,New-c74a786,0-1,0.0,7214,5546,7021,3.4
19783,New-c74a786,1-0,1.0,7215,5546,7021,3.4
19778,Base-f462400,0-1,1.0,7216,5546,7021,3.4
19782,Base-f462400,0-1,1.0,7217,5546,7021,3.4
19781,New-c74a786,0-1,0.0,7217,5546,7022,3.4
19788,Base-f462400,0-1,1.0,7218,5546,7022,3.4
19786,Base-f462400,1-0,0.0,7218,5546,7023,3.4
19787,New-c74a786,1-0,1.0,7219,5546,7023,3.4
19790,Base-f462400,1/2-1/2,0.5,7219,5547,7023,3.4
19791,New-c74a786,0-1,0.0,7219,5547,7024,3.4
19789,New-c74a786,0-1,0.0,7219,5547,7025,3.4
19792,Base-f462400,1-0,0.0,7219,5547,7026,3.4
19793,New-c74a786,0-1,0.0,7219,5547,7027,3.4
19796,Base-f462400,0-1,1.0,7220,5547,7027,3.4
19795,New-c74a786,1-0,1.0,7221,5547,7027,3.4
19797,New-c74a786,1-0,1.0,7222,5547,7027,3.4
19794,Base-f462400,1-0,0.0,7222,5547,7028,3.4
19799,New-c74a786,0-1,0.0,7222,5547,7029,3.4
19798,Base-f462400,1-0,0.0,7222,5547,7030,3.4
19801,New-c74a786,0-1,0.0,7222,5547,7031,3.4
19800,Base-f462400,0-1,1.0,7223,5547,7031,3.4
19804,Base-f462400,1-0,0.0,7223,5547,7032,3.4
19803,New-c74a786,0-1,0.0,7223,5547,7033,3.3
19802,Base-f462400,1-0,0.0,7223,5547,7034,3.3
19806,Base-f462400,0-1,1.0,7224,5547,7034,3.3
19805,New-c74a786,1-0,1.0,7225,5547,7034,3.4
19810,Base-f462400,1-0,0.0,7225,5547,7035,3.3
19808,Base-f462400,1-0,0.0,7225,5547,7036,3.3
19807,New-c74a786,1/2-1/2,0.5,7225,5548,7036,3.3
19809,New-c74a786,0-1,0.0,7225,5548,7037,3.3
19815,New-c74a786,1/2-1/2,0.5,7225,5549,7037,3.3
19812,Base-f462400,0-1,1.0,7226,5549,7037,3.3
19817,New-c74a786,1/2-1/2,0.5,7226,5550,7037,3.3
19813,New-c74a786,1-0,1.0,7227,5550,7037,3.3
19816,Base-f462400,0-1,1.0,7228,5550,7037,3.3
19818,Base-f462400,0-1,1.0,7229,5550,7037,3.4
19820,Base-f462400,1-0,0.0,7229,5550,7038,3.3
19811,New-c74a786,1/2-1/2,0.5,7229,5551,7038,3.3
19814,Base-f462400,1-0,0.0,7229,5551,7039,3.3
19819,New-c74a786,1-0,1.0,7230,5551,7039,3.3
19821,New-c74a786,0-1,0.0,7230,5551,7040,3.3
19823,New-c74a786,1/2-1/2,0.5,7230,5552,7040,3.3
19828,Base-f462400,1-0,0.0,7230,5552,7041,3.3
19824,Base-f462400,1-0,0.0,7230,5552,7042,3.3
19827,New-c74a786,0-1,0.0,7230,5552,7043,3.3
19825,New-c74a786,1-0,1.0,7231,5552,7043,3.3
19822,Base-f462400,1/2-1/2,0.5,7231,5553,7043,3.3
19826,Base-f462400,0-1,1.0,7232,5553,7043,3.3
19832,Base-f462400,1/2-1/2,0.5,7232,5554,7043,3.3
19829,New-c74a786,1-0,1.0,7233,5554,7043,3.3
19830,Base-f462400,0-1,1.0,7234,5554,7043,3.3
19831,New-c74a786,0-1,0.0,7234,5554,7044,3.3
19834,Base-f462400,1-0,0.0,7234,5554,7045,3.3
19835,New-c74a786,1-0,1.0,7235,5554,7045,3.3
19836,Base-f462400,1-0,0.0,7235,5554,7046,3.3
19833,New-c74a786,0-1,0.0,7235,5554,7047,3.3
19837,New-c74a786,1-0,1.0,7236,5554,7047,3.3
19840,Base-f462400,1-0,0.0,7236,5554,7048,3.3
19838,Base-f462400,1/2-1/2,0.5,7236,5555,7048,3.3
19839,New-c74a786,0-1,0.0,7236,5555,7049,3.3
19842,Base-f462400,1/2-1/2,0.5,7236,5556,7049,3.3
19841,New-c74a786,1-0,1.0,7237,5556,7049,3.3
19844,Base-f462400,0-1,1.0,7238,5556,7049,3.3
19843,New-c74a786,0-1,0.0,7238,5556,7050,3.3
19845,New-c74a786,1-0,1.0,7239,5556,7050,3.3
19846,Base-f462400,0-1,1.0,7240,5556,7050,3.3
19847,New-c74a786,0-1,0.0,7240,5556,7051,3.3
19849,New-c74a786,1-0,1.0,7241,5556,7051,3.3
19852,Base-f462400,1/2-1/2,0.5,7241,5557,7051,3.3
19848,Base-f462400,1/2-1/2,0.5,7241,5558,7051,3.3
19850,Base-f462400,1/2-1/2,0.5,7241,5559,7051,3.3
19851,New-c74a786,1/2-1/2,0.5,7241,5560,7051,3.3
19856,Base-f462400,1-0,0.0,7241,5560,7052,3.3
19855,New-c74a786,0-1,0.0,7241,5560,7053,3.3
19853,New-c74a786,1/2-1/2,0.5,7241,5561,7053,3.3
19854,Base-f462400,1-0,0.0,7241,5561,7054,3.3
19859,New-c74a786,0-1,0.0,7241,5561,7055,3.3
19857,New-c74a786,0-1,0.0,7241,5561,7056,3.2
19858,Base-f462400,1-0,0.0,7241,5561,7057,3.2
19861,New-c74a786,1/2-1/2,0.5,7241,5562,7057,3.2
19860,Base-f462400,1-0,0.0,7241,5562,7058,3.2
19862,Base-f462400,1/2-1/2,0.5,7241,5563,7058,3.2
19864,Base-f462400,1-0,0.0,7241,5563,7059,3.2
19867,New-c74a786,1-0,1.0,7242,5563,7059,3.2
19865,New-c74a786,0-1,0.0,7242,5563,7060,3.2
19863,New-c74a786,1/2-1/2,0.5,7242,5564,7060,3.2
19866,Base-f462400,1/2-1/2,0.5,7242,5565,7060,3.2
19868,Base-f462400,1-0,0.0,7242,5565,7061,3.2
19869,New-c74a786,0-1,0.0,7242,5565,7062,3.1
19870,Base-f462400,1/2-1/2,0.5,7242,5566,7062,3.1
19871,New-c74a786,1-0,1.0,7243,5566,7062,3.2
19873,New-c74a786,1/2-1/2,0.5,7243,5567,7062,3.2
19872,Base-f462400,1/2-1/2,0.5,7243,5568,7062,3.2
19874,Base-f462400,1/2-1/2,0.5,7243,5569,7062,3.2
19875,New-c74a786,1/2-1/2,0.5,7243,5570,7062,3.2
19876,Base-f462400,0-1,1.0,7244,5570,7062,3.2
19880,Base-f462400,1/2-1/2,0.5,7244,5571,7062,3.2
19879,New-c74a786,1/2-1/2,0.5,7244,5572,7062,3.2
19877,New-c74a786,0-1,0.0,7244,5572,7063,3.2
19882,Base-f462400,0-1,1.0,7245,5572,7063,3.2
19878,Base-f462400,1/2-1/2,0.5,7245,5573,7063,3.2
19881,New-c74a786,0-1,0.0,7245,5573,7064,3.2
19883,New-c74a786,1-0,1.0,7246,5573,7064,3.2
19884,Base-f462400,1-0,0.0,7246,5573,7065,3.2
19888,Base-f462400,1-0,0.0,7246,5573,7066,3.1
19886,Base-f462400,1-0,0.0,7246,5573,7067,3.1
19887,New-c74a786,1-0,1.0,7247,5573,7067,3.1
19885,New-c74a786,1-0,1.0,7248,5573,7067,3.2
19890,Base-f462400,1/2-1/2,0.5,7248,5574,7067,3.2
19889,New-c74a786,0-1,0.0,7248,5574,7068,3.1
19891,New-c74a786,0-1,0.0,7248,5574,7069,3.1
19892,Base-f462400,1/2-1/2,0.5,7248,5575,7069,3.1
19895,New-c74a786,0-1,0.0,7248,5575,7070,3.1
19894,Base-f462400,0-1,1.0,7249,5575,7070,3.1
19896,Base-f462400,0-1,1.0,7250,5575,7070,3.1
19893,New-c74a786,1/2-1/2,0.5,7250,5576,7070,3.1
19897,New-c74a786,1-0,1.0,7251,5576,7070,3.2
19898,Base-f462400,0-1,1.0,7252,5576,7070,3.2
19901,New-c74a786,1/2-1/2,0.5,7252,5577,7070,3.2
19900,Base-f462400,1-0,0.0,7252,5577,7071,3.2
19902,Base-f462400,1/2-1/2,0.5,7252,5578,7071,3.2
19899,New-c74a786,0-1,0.0,7252,5578,7072,3.1
19903,New-c74a786,1-0,1.0,7253,5578,7072,3.2
19905,New-c74a786,1-0,1.0,7254,5578,7072,3.2
19906,Base-f462400,1-0,0.0,7254,5578,7073,3.2
19904,Base-f462400,0-1,1.0,7255,5578,7073,3.2
19908,Base-f462400,1-0,0.0,7255,5578,7074,3.2
19910,Base-f462400,1-0,0.0,7255,5578,7075,3.1
19907,New-c74a786,1/2-1/2,0.5,7255,5579,7075,3.1
19909,New-c74a786,0-1,0.0,7255,5579,7076,3.1
19911,New-c74a786,0-1,0.0,7255,5579,7077,3.1
19912,Base-f462400,0-1,1.0,7256,5579,7077,3.1
19915,New-c74a786,1/2-1/2,0.5,7256,5580,7077,3.1
19913,New-c74a786,0-1,0.0,7256,5580,7078,3.1
19914,Base-f462400,1-0,0.0,7256,5580,7079,3.1
19917,New-c74a786,1-0,1.0,7257,5580,7079,3.1
19916,Base-f462400,1-0,0.0,7257,5580,7080,3.1
19922,Base-f462400,1-0,0.0,7257,5580,7081,3.1
19918,Base-f462400,1-0,0.0,7257,5580,7082,3.1
19921,New-c74a786,1-0,1.0,7258,5580,7082,3.1
19923,New-c74a786,0-1,0.0,7258,5580,7083,3.1
19919,New-c74a786,1-0,1.0,7259,5580,7083,3.1
19926,Base-f462400,1-0,0.0,7259,5580,7084,3.1
19920,Base-f462400,1-0,0.0,7259,5580,7085,3.0
19924,Base-f462400,1/2-1/2,0.5,7259,5581,7085,3.0
19925,New-c74a786,0-1,0.0,7259,5581,7086,3.0
19927,New-c74a786,0-1,0.0,7259,5581,7087,3.0
19928,Base-f462400,1/2-1/2,0.5,7259,5582,7087,3.0
19929,New-c74a786,1-0,1.0,7260,5582,7087,3.0
19931,New-c74a786,1-0,1.0,7261,5582,7087,3.0
19932,Base-f462400,1-0,0.0,7261,5582,7088,3.0
19930,Base-f462400,0-1,1.0,7262,5582,7088,3.0
19935,New-c74a786,1/2-1/2,0.5,7262,5583,7088,3.0
19933,New-c74a786,1/2-1/2,0.5,7262,5584,7088,3.0
19936,Base-f462400,1/2-1/2,0.5,7262,5585,7088,3.0
19934,Base-f462400,0-1,1.0,7263,5585,7088,3.0
19937,New-c74a786,1/2-1/2,0.5,7263,5586,7088,3.0
19938,Base-f462400,0-1,1.0,7264,5586,7088,3.1
19939,New-c74a786,0-1,0.0,7264,5586,7089,3.0
19941,New-c74a786,1-0,1.0,7265,5586,7089,3.1
19940,Base-f462400,1-0,0.0,7265,5586,7090,3.0
19943,New-c74a786,1/2-1/2,0.5,7265,5587,7090,3.0
19946,Base-f462400,1/2-1/2,0.5,7265,5588,7090,3.0
19942,Base-f462400,1-0,0.0,7265,5588,7091,3.0
19947,New-c74a786,1-0,1.0,7266,5588,7091,3.0
19948,Base-f462400,0-1,1.0,7267,5588,7091,3.1
19944,Base-f462400,1-0,0.0,7267,5588,7092,3.0
19945,New-c74a786,1-0,1.0,7268,5588,7092,3.1
19949,New-c74a786,1-0,1.0,7269,5588,7092,3.1
19951,New-c74a786,1-0,1.0,7270,5588,7092,3.1
19950,Base-f462400,0-1,1.0,7271,5588,7092,3.1
19953,New-c74a786,1-0,1.0,7272,5588,7092,3.1
19956,Base-f462400,0-1,1.0,7273,5588,7092,3.2
19954,Base-f462400,0-1,1.0,7274,5588,7092,3.2
19952,Base-f462400,0-1,1.0,7275,5588,7092,3.2
19957,New-c74a786,1-0,1.0,7276,5588,7092,3.2
19955,New-c74a786,1/2-1/2,0.5,7276,5589,7092,3.2
19961,New-c74a786,1-0,1.0,7277,5589,7092,3.2
19958,Base-f462400,1/2-1/2,0.5,7277,5590,7092,3.2
19962,Base-f462400,0-1,1.0,7278,5590,7092,3.2
19960,Base-f462400,1-0,0.0,7278,5590,7093,3.2
19959,New-c74a786,0-1,0.0,7278,5590,7094,3.2
19966,Base-f462400,1/2-1/2,0.5,7278,5591,7094,3.2
19964,Base-f462400,0-1,1.0,7279,5591,7094,3.2
19963,New-c74a786,1-0,1.0,7280,5591,7094,3.2
19965,New-c74a786,1-0,1.0,7281,5591,7094,3.3
19967,New-c74a786,0-1,0.0,7281,5591,7095,3.2
19968,Base-f462400,1-0,0.0,7281,5591,7096,3.2
19970,Base-f462400,0-1,1.0,7282,5591,7096,3.2
19971,New-c74a786,1-0,1.0,7283,5591,7096,3.3
19973,New-c74a786,1/2-1/2,0.5,7283,5592,7096,3.3
19974,Base-f462400,0-1,1.0,7284,5592,7096,3.3
19972,Base-f462400,1-0,0.0,7284,5592,7097,3.3
19975,New-c74a786,1/2-1/2,0.5,7284,5593,7097,3.3
19969,New-c74a786,1/2-1/2,0.5,7284,5594,7097,3.3
19977,New-c74a786,0-1,0.0,7284,5594,7098,3.2
19976,Base-f462400,0-1,1.0,7285,5594,7098,3.3
19979,New-c74a786,0-1,0.0,7285,5594,7099,3.2
19978,Base-f462400,0-1,1.0,7286,5594,7099,3.3
19981,New-c74a786,0-1,0.0,7286,5594,7100,3.2
19982,Base-f462400,0-1,1.0,7287,5594,7100,3.3
19980,Base-f462400,1-0,0.0,7287,5594,7101,3.2
19983,New-c74a786,1/2-1/2,0.5,7287,5595,7101,3.2
19987,New-c74a786,1/2-1/2,0.5,7287,5596,7101,3.2
19984,Base-f462400,1-0,0.0,7287,5596,7102,3.2
19988,Base-f462400,1-0,0.0,7287,5596,7103,3.2
19989,New-c74a786,1-0,1.0,7288,5596,7103,3.2
19985,New-c74a786,1-0,1.0,7289,5596,7103,3.2
19986,Base-f462400,1/2-1/2,0.5,7289,5597,7103,3.2
19991,New-c74a786,0-1,0.0,7289,5597,7104,3.2
19990,Base-f462400,1-0,0.0,7289,5597,7105,3.2
19994,Base-f462400,0-1,1.0,7290,5597,7105,3.2
19993,New-c74a786,0-1,0.0,7290,5597,7106,3.2
19992,Base-f462400,1/2-1/2,0.5,7290,5598,7106,3.2
19995,New-c74a786,1-0,1.0,7291,5598,7106,3.2
19997,New-c74a786,1-0,1.0,7292,5598,7106,3.2
19999,New-c74a786,0-1,0.0,7292,5598,7107,3.2
19998,Base-f462400,1/2-1/2,0.5,7292,5599,7107,3.2
19996,Base-f462400,1/2-1/2,0.5,7292,5600,7107,3.2
20002,Base-f462400,1-0,0.0,7292,5600,7108,3.2
20001,New-c74a786,0-1,0.0,7292,5600,7109,3.2
20000,Base-f462400,1-0,0.0,7292,5600,7110,3.2
20005,New-c74a786,1-0,1.0,7293,5600,7110,3.2
20003,New-c74a786,1/2-1/2,0.5,7293,5601,7110,3.2
20010,Base-f462400,1/2-1/2,0.5,7293,5602,7110,3.2
20004,Base-f462400,1-0,0.0,7293,5602,7111,3.2
20007,New-c74a786,1/2-1/2,0.5,7293,5603,7111,3.2
20006,Base-f462400,1/2-1/2,0.5,7293,5604,7111,3.2
20008,Base-f462400,1-0,0.0,7293,5604,7112,3.1
20013,New-c74a786,1/2-1/2,0.5,7293,5605,7112,3.1
20011,New-c74a786,0-1,0.0,7293,5605,7113,3.1
20014,Base-f462400,1-0,0.0,7293,5605,7114,3.1
20015,New-c74a786,1/2-1/2,0.5,7293,5606,7114,3.1
20012,Base-f462400,1-0,0.0,7293,5606,7115,3.1
20009,New-c74a786,1/2-1/2,0.5,7293,5607,7115,3.1
20017,New-c74a786,1/2-1/2,0.5,7293,5608,7115,3.1
20016,Base-f462400,0-1,1.0,7294,5608,7115,3.1
20018,Base-f462400,1/2-1/2,0.5,7294,5609,7115,3.1
20019,New-c74a786,1-0,1.0,7295,5609,7115,3.1
20021,New-c74a786,1-0,1.0,7296,5609,7115,3.1
20020,Base-f462400,0-1,1.0,7297,5609,7115,3.2
20025,New-c74a786,1-0,1.0,7298,5609,7115,3.2
20024,Base-f462400,1/2-1/2,0.5,7298,5610,7115,3.2
20023,New-c74a786,0-1,0.0,7298,5610,7116,3.2
20022,Base-f462400,0-1,1.0,7299,5610,7116,3.2
20027,New-c74a786,1/2-1/2,0.5,7299,5611,7116,3.2
20026,Base-f462400,1-0,0.0,7299,5611,7117,3.2
20029,New-c74a786,1-0,1.0,7300,5611,7117,3.2
20031,New-c74a786,1/2-1/2,0.5,7300,5612,7117,3.2
20033,New-c74a786,1-0,1.0,7301,5612,7117,3.2
20030,Base-f462400,0-1,1.0,7302,5612,7117,3.2
20032,Base-f462400,1-0,0.0,7302,5612,7118,3.2
20028,Base-f462400,1/2-1/2,0.5,7302,5613,7118,3.2
20035,New-c74a786,0-1,0.0,7302,5613,7119,3.2
20034,Base-f462400,1-0,0.0,7302,5613,7120,3.2
20038,Base-f462400,1-0,0.0,7302,5613,7121,3.1
20040,Base-f462400,1/2-1/2,0.5,7302,5614,7121,3.1
20039,New-c74a786,1/2-1/2,0.5,7302,5615,7121,3.1
20037,New-c74a786,1-0,1.0,7303,5615,7121,3.2
20036,Base-f462400,1/2-1/2,0.5,7303,5616,7121,3.2
20041,New-c74a786,1-0,1.0,7304,5616,7121,3.2
20042,Base-f462400,1/2-1/2,0.5,7304,5617,7121,3.2
20049,New-c74a786,1/2-1/2,0.5,7304,5618,7121,3.2
20044,Base-f462400,0-1,1.0,7305,5618,7121,3.2
20045,New-c74a786,1-0,1.0,7306,5618,7121,3.2
20048,Base-f462400,1/2-1/2,0.5,7306,5619,7121,3.2
20043,New-c74a786,0-1,0.0,7306,5619,7122,3.2
20046,Base-f462400,1/2-1/2,0.5,7306,5620,7122,3.2
20050,Base-f462400,1-0,0.0,7306,5620,7123,3.2
20047,New-c74a786,1/2-1/2,0.5,7306,5621,7123,3.2
20052,Base-f462400,1-0,0.0,7306,5621,7124,3.2
20053,New-c74a786,0-1,0.0,7306,5621,7125,3.1
20051,New-c74a786,1-0,1.0,7307,5621,7125,3.2
20054,Base-f462400,1-0,0.0,7307,5621,7126,3.1
20055,New-c74a786,1-0,1.0,7308,5621,7126,3.2
20057,New-c74a786,0-1,0.0,7308,5621,7127,3.1
20056,Base-f462400,1/2-1/2,0.5,7308,5622,7127,3.1
20058,Base-f462400,1-0,0.0,7308,5622,7128,3.1
20060,Base-f462400,1/2-1/2,0.5,7308,5623,7128,3.1
20063,New-c74a786,1-0,1.0,7309,5623,7128,3.1
20059,New-c74a786,1/2-1/2,0.5,7309,5624,7128,3.1
20062,Base-f462400,0-1,1.0,7310,5624,7128,3.2
20064,Base-f462400,1/2-1/2,0.5,7310,5625,7128,3.2
20061,New-c74a786,0-1,0.0,7310,5625,7129,3.1
20065,New-c74a786,1-0,1.0,7311,5625,7129,3.2
20066,Base-f462400,0-1,1.0,7312,5625,7129,3.2
20070,Base-f462400,0-1,1.0,7313,5625,7129,3.2
20067,New-c74a786,1/2-1/2,0.5,7313,5626,7129,3.2
20069,New-c74a786,1-0,1.0,7314,5626,7129,3.2
20068,Base-f462400,0-1,1.0,7315,5626,7129,3.2
20071,New-c74a786,1/2-1/2,0.5,7315,5627,7129,3.2
20074,Base-f462400,0-1,1.0,7316,5627,7129,3.2
20072,Base-f462400,1/2-1/2,0.5,7316,5628,7129,3.2
20075,New-c74a786,1/2-1/2,0.5,7316,5629,7129,3.2
20076,Base-f462400,1-0,0.0,7316,5629,7130,3.2
20073,New-c74a786,1-0,1.0,7317,5629,7130,3.2
20077,New-c74a786,1-0,1.0,7318,5629,7130,3.3
20078,Base-f462400,0-1,1.0,7319,5629,7130,3.3
20079,New-c74a786,0-1,0.0,7319,5629,7131,3.3
20080,Base-f462400,1-0,0.0,7319,5629,7132,3.2
20085,New-c74a786,1-0,1.0,7320,5629,7132,3.3
20081,New-c74a786,1-0,1.0,7321,5629,7132,3.3
20083,New-c74a786,1-0,1.0,7322,5629,7132,3.3
20084,Base-f462400,1-0,0.0,7322,5629,7133,3.3
20086,Base-f462400,1/2-1/2,0.5,7322,5630,7133,3.3
20082,Base-f462400,1/2-1/2,0.5,7322,5631,7133,3.3
20087,New-c74a786,0-1,0.0,7322,5631,7134,3.3
20088,Base-f462400,0-1,1.0,7323,5631,7134,3.3
20089,New-c74a786,1-0,1.0,7324,5631,7134,3.3
20092,Base-f462400,0-1,1.0,7325,5631,7134,3.3
20090,Base-f462400,0-1,1.0,7326,5631,7134,3.3
20091,New-c74a786,1-0,1.0,7327,5631,7134,3.3
20094,Base-f462400,0-1,1.0,7328,5631,7134,3.4
20095,New-c74a786,0-1,0.0,7328,5631,7135,3.3
20093,New-c74a786,0-1,0.0,7328,5631,7136,3.3
20096,Base-f462400,0-1,1.0,7329,5631,7136,3.3
20097,New-c74a786,1-0,1.0,7330,5631,7136,3.4
20098,Base-f462400,0-1,1.0,7331,5631,7136,3.4
20100,Base-f462400,0-1,1.0,7332,5631,7136,3.4
20102,Base-f462400,1/2-1/2,0.5,7332,5632,7136,3.4
20099,New-c74a786,1-0,1.0,7333,5632,7136,3.4
20103,New-c74a786,0-1,0.0,7333,5632,7137,3.4
20101,New-c74a786,1-0,1.0,7334,5632,7137,3.4
20104,Base-f462400,1/2-1/2,0.5,7334,5633,7137,3.4
20105,New-c74a786,1/2-1/2,0.5,7334,5634,7137,3.4
20107,New-c74a786,1/2-1/2,0.5,7334,5635,7137,3.4
20108,Base-f462400,1-0,0.0,7334,5635,7138,3.4
20106,Base-f462400,0-1,1.0,7335,5635,7138,3.4
20111,New-c74a786,1-0,1.0,7336,5635,7138,3.4
20109,New-c74a786,1-0,1.0,7337,5635,7138,3.4
20110,Base-f462400,1-0,0.0,7337,5635,7139,3.4
20115,New-c74a786,1-0,1.0,7338,5635,7139,3.4
20112,Base-f462400,1-0,0.0,7338,5635,7140,3.4
20116,Base-f462400,1-0,0.0,7338,5635,7141,3.4
20113,New-c74a786,0-1,0.0,7338,5635,7142,3.4
20118,Base-f462400,1-0,0.0,7338,5635,7143,3.4
20114,Base-f462400,1/2-1/2,0.5,7338,5636,7143,3.4
20117,New-c74a786,1/2-1/2,0.5,7338,5637,7143,3.4
20121,New-c74a786,0-1,0.0,7338,5637,7144,3.4
20123,New-c74a786,0-1,0.0,7338,5637,7145,3.3
20122,Base-f462400,1-0,0.0,7338,5637,7146,3.3
20119,New-c74a786,1-0,1.0,7339,5637,7146,3.3
20120,Base-f462400,1-0,0.0,7339,5637,7147,3.3
20125,New-c74a786,1-0,1.0,7340,5637,7147,3.3
20124,Base-f462400,1-0,0.0,7340,5637,7148,3.3
20126,Base-f462400,0-1,1.0,7341,5637,7148,3.3
20127,New-c74a786,0-1,0.0,7341,5637,7149,3.3
20128,Base-f462400,1-0,0.0,7341,5637,7150,3.3
20129,New-c74a786,1-0,1.0,7342,5637,7150,3.3
20131,New-c74a786,1-0,1.0,7343,5637,7150,3.3
20130,Base-f462400,0-1,1.0,7344,5637,7150,3.3
20132,Base-f462400,1-0,0.0,7344,5637,7151,3.3
20133,New-c74a786,1-0,1.0,7345,5637,7151,3.3
20134,Base-f462400,1-0,0.0,7345,5637,7152,3.3
20136,Base-f462400,1/2-1/2,0.5,7345,5638,7152,3.3
20135,New-c74a786,0-1,0.0,7345,5638,7153,3.3
20137,New-c74a786,1-0,1.0,7346,5638,7153,3.3
20138,Base-f462400,0-1,1.0,7347,5638,7153,3.3
20141,New-c74a786,1-0,1.0,7348,5638,7153,3.4
20142,Base-f462400,1/2-1/2,0.5,7348,5639,7153,3.4
20139,New-c74a786,1/2-1/2,0.5,7348,5640,7153,3.4
20140,Base-f462400,1-0,0.0,7348,5640,7154,3.3
20143,New-c74a786,0-1,0.0,7348,5640,7155,3.3
20144,Base-f462400,1-0,0.0,7348,5640,7156,3.3
20149,New-c74a786,0-1,0.0,7348,5640,7157,3.3
20146,Base-f462400,0-1,1.0,7349,5640,7157,3.3
20145,New-c74a786,1-0,1.0,7350,5640,7157,3.3
20147,New-c74a786,1/2-1/2,0.5,7350,5641,7157,3.3
20148,Base-f462400,1-0,0.0,7350,5641,7158,3.3
20151,New-c74a786,1-0,1.0,7351,5641,7158,3.3
20150,Base-f462400,1-0,0.0,7351,5641,7159,3.3
20154,Base-f462400,1-0,0.0,7351,5641,7160,3.3
20157,New-c74a786,1-0,1.0,7352,5641,7160,3.3
20153,New-c74a786,1-0,1.0,7353,5641,7160,3.3
20152,Base-f462400,1/2-1/2,0.5,7353,5642,7160,3.3
20156,Base-f462400,0-1,1.0,7354,5642,7160,3.3
20155,New-c74a786,0-1,0.0,7354,5642,7161,3.3
20161,New-c74a786,1/2-1/2,0.5,7354,5643,7161,3.3
20159,New-c74a786,1/2-1/2,0.5,7354,5644,7161,3.3
20160,Base-f462400,1-0,0.0,7354,5644,7162,3.3
20158,Base-f462400,0-1,1.0,7355,5644,7162,3.3
20162,Base-f462400,0-1,1.0,7356,5644,7162,3.3
20165,New-c74a786,1-0,1.0,7357,5644,7162,3.4
20163,New-c74a786,1-0,1.0,7358,5644,7162,3.4
20166,Base-f462400,0-1,1.0,7359,5644,7162,3.4
20167,New-c74a786,1/2-1/2,0.5,7359,5645,7162,3.4
20164,Base-f462400,1/2-1/2,0.5,7359,5646,7162,3.4
20168,Base-f462400,1/2-1/2,0.5,7359,5647,7162,3.4
20169,New-c74a786,1-0,1.0,7360,5647,7162,3.4
20170,Base-f462400,0-1,1.0,7361,5647,7162,3.4
20172,Base-f462400,0-1,1.0,7362,5647,7162,3.4
20171,New-c74a786,1-0,1.0,7363,5647,7162,3.5
20173,New-c74a786,1-0,1.0,7364,5647,7162,3.5
20176,Base-f462400,1-0,0.0,7364,5647,7163,3.5
20175,New-c74a786,1-0,1.0,7365,5647,7163,3.5
20177,New-c74a786,1-0,1.0,7366,5647,7163,3.5
20181,New-c74a786,1/2-1/2,0.5,7366,5648,7163,3.5
20180,Base-f462400,0-1,1.0,7367,5648,7163,3.5
20174,Base-f462400,1/2-1/2,0.5,7367,5649,7163,3.5
20178,Base-f462400,1/2-1/2,0.5,7367,5650,7163,3.5
20179,New-c74a786,1-0,1.0,7368,5650,7163,3.5
20185,New-c74a786,1/2-1/2,0.5,7368,5651,7163,3.5
20182,Base-f462400,0-1,1.0,7369,5651,7163,3.5
20184,Base-f462400,1-0,0.0,7369,5651,7164,3.5
20191,New-c74a786,1/2-1/2,0.5,7369,5652,7164,3.5
20186,Base-f462400,0-1,1.0,7370,5652,7164,3.5
20187,New-c74a786,0-1,0.0,7370,5652,7165,3.5
20183,New-c74a786,1/2-1/2,0.5,7370,5653,7165,3.5
20188,Base-f462400,0-1,1.0,7371,5653,7165,3.5
20190,Base-f462400,1/2-1/2,0.5,7371,5654,7165,3.5
20192,Base-f462400,1/2-1/2,0.5,7371,5655,7165,3.5
20189,New-c74a786,1/2-1/2,0.5,7371,5656,7165,3.5
20198,Base-f462400,1-0,0.0,7371,5656,7166,3.5
20193,New-c74a786,1/2-1/2,0.5,7371,5657,7166,3.5
20196,Base-f462400,1-0,0.0,7371,5657,7167,3.5
20197,New-c74a786,1/2-1/2,0.5,7371,5658,7167,3.5
20195,New-c74a786,1-0,1.0,7372,5658,7167,3.5
20194,Base-f462400,0-1,1.0,7373,5658,7167,3.5
20200,Base-f462400,1-0,0.0,7373,5658,7168,3.5
20207,New-c74a786,0-1,0.0,7373,5658,7169,3.5
20201,New-c74a786,1-0,1.0,7374,5658,7169,3.5
20204,Base-f462400,1-0,0.0,7374,5658,7170,3.5
20199,New-c74a786,1/2-1/2,0.5,7374,5659,7170,3.5
20202,Base-f462400,1/2-1/2,0.5,7374,5660,7170,3.5
20206,Base-f462400,0-1,1.0,7375,5660,7170,3.5
20203,New-c74a786,1-0,1.0,7376,5660,7170,3.5
20205,New-c74a786,1-0,1.0,7377,5660,7170,3.6
20215,New-c74a786,1/2-1/2,0.5,7377,5661,7170,3.6
20212,Base-f462400,1-0,0.0,7377,5661,7171,3.5
20211,New-c74a786,0-1,0.0,7377,5661,7172,3.5
20209,New-c74a786,0-1,0.0,7377,5661,7173,3.5
20208,Base-f462400,0-1,1.0,7378,5661,7173,3.5
20213,New-c74a786,1/2-1/2,0.5,7378,5662,7173,3.5
20210,Base-f462400,1-0,0.0,7378,5662,7174,3.5
20214,Base-f462400,1-0,0.0,7378,5662,7175,3.5
20218,Base-f462400,1/2-1/2,0.5,7378,5663,7175,3.5
20216,Base-f462400,1-0,0.0,7378,5663,7176,3.5
20217,New-c74a786,1-0,1.0,7379,5663,7176,3.5
20222,Base-f462400,1-0,0.0,7379,5663,7177,3.5
20220,Base-f462400,1/2-1/2,0.5,7379,5664,7177,3.5
20221,New-c74a786,1/2-1/2,0.5,7379,5665,7177,3.5
20219,New-c74a786,1-0,1.0,7380,5665,7177,3.5
20223,New-c74a786,1-0,1.0,7381,5665,7177,3.5
20226,Base-f462400,1-0,0.0,7381,5665,7178,3.5
20225,New-c74a786,0-1,0.0,7381,5665,7179,3.5
20224,Base-f462400,0-1,1.0,7382,5665,7179,3.5
20227,New-c74a786,1/2-1/2,0.5,7382,5666,7179,3.5
20228,Base-f462400,1-0,0.0,7382,5666,7180,3.5
20231,New-c74a786,1-0,1.0,7383,5666,7180,3.5
20230,Base-f462400,0-1,1.0,7384,5666,7180,3.5
20232,Base-f462400,0-1,1.0,7385,5666,7180,3.5
20233,New-c74a786,1-0,1.0,7386,5666,7180,3.5
20234,Base-f462400,1/2-1/2,0.5,7386,5667,7180,3.5
20229,New-c74a786,1/2-1/2,0.5,7386,5668,7180,3.5
20235,New-c74a786,1/2-1/2,0.5,7386,5669,7180,3.5
20236,Base-f462400,0-1,1.0,7387,5669,7180,3.6
20242,Base-f462400,1-0,0.0,7387,5669,7181,3.5
20237,New-c74a786,0-1,0.0,7387,5669,7182,3.5
20239,New-c74a786,1-0,1.0,7388,5669,7182,3.5
20238,Base-f462400,0-1,1.0,7389,5669,7182,3.6
20240,Base-f462400,0-1,1.0,7390,5669,7182,3.6
20241,New-c74a786,0-1,0.0,7390,5669,7183,3.6
20243,New-c74a786,1-0,1.0,7391,5669,7183,3.6
20244,Base-f462400,0-1,1.0,7392,5669,7183,3.6
20245,New-c74a786,1-0,1.0,7393,5669,7183,3.6
20247,New-c74a786,1/2-1/2,0.5,7393,5670,7183,3.6
20248,Base-f462400,1-0,0.0,7393,5670,7184,3.6
20246,Base-f462400,1-0,0.0,7393,5670,7185,3.6
20249,New-c74a786,1-0,1.0,7394,5670,7185,3.6
20250,Base-f462400,0-1,1.0,7395,5670,7185,3.6
20251,New-c74a786,1-0,1.0,7396,5670,7185,3.6
20254,Base-f462400,1/2-1/2,0.5,7396,5671,7185,3.6
20252,Base-f462400,1-0,0.0,7396,5671,7186,3.6
20255,New-c74a786,1-0,1.0,7397,5671,7186,3.6
20256,Base-f462400,1-0,0.0,7397,5671,7187,3.6
20253,New-c74a786,1-0,1.0,7398,5671,7187,3.6
20258,Base-f462400,0-1,1.0,7399,5671,7187,3.6
20259,New-c74a786,1-0,1.0,7400,5671,7187,3.7
20257,New-c74a786,1-0,1.0,7401,5671,7187,3.7
20263,New-c74a786,0-1,0.0,7401,5671,7188,3.7
20264,Base-f462400,1/2-1/2,0.5,7401,5672,7188,3.7
20262,Base-f462400,1-0,0.0,7401,5672,7189,3.6
20261,New-c74a786,1-0,1.0,7402,5672,7189,3.7
20260,Base-f462400,1-0,0.0,7402,5672,7190,3.6
20266,Base-f462400,1-0,0.0,7402,5672,7191,3.6
20265,New-c74a786,1/2-1/2,0.5,7402,5673,7191,3.6
20267,New-c74a786,0-1,0.0,7402,5673,7192,3.6
20269,New-c74a786,1-0,1.0,7403,5673,7192,3.6
20268,Base-f462400,1-0,0.0,7403,5673,7193,3.6
20271,New-c74a786,0-1,0.0,7403,5673,7194,3.6
20270,Base-f462400,1-0,0.0,7403,5673,7195,3.6
20272,Base-f462400,1-0,0.0,7403,5673,7196,3.5
20273,New-c74a786,0-1,0.0,7403,5673,7197,3.5
20274,Base-f462400,1-0,0.0,7403,5673,7198,3.5
20278,Base-f462400,1-0,0.0,7403,5673,7199,3.5
20275,New-c74a786,1-0,1.0,7404,5673,7199,3.5
20277,New-c74a786,1-0,1.0,7405,5673,7199,3.5
20279,New-c74a786,1-0,1.0,7406,5673,7199,3.5
20276,Base-f462400,1/2-1/2,0.5,7406,5674,7199,3.5
20281,New-c74a786,0-1,0.0,7406,5674,7200,3.5
20280,Base-f462400,1-0,0.0,7406,5674,7201,3.5
20282,Base-f462400,1-0,0.0,7406,5674,7202,3.5
20286,Base-f462400,1/2-1/2,0.5,7406,5675,7202,3.5
20283,New-c74a786,1/2-1/2,0.5,7406,5676,7202,3.5
20287,New-c74a786,0-1,0.0,7406,5676,7203,3.5
20284,Base-f462400,0-1,1.0,7407,5676,7203,3.5
20288,Base-f462400,1/2-1/2,0.5,7407,5677,7203,3.5
20285,New-c74a786,0-1,0.0,7407,5677,7204,3.5
20289,New-c74a786,0-1,0.0,7407,5677,7205,3.5
20293,New-c74a786,1/2-1/2,0.5,7407,5678,7205,3.5
20290,Base-f462400,1/2-1/2,0.5,7407,5679,7205,3.5
20294,Base-f462400,0-1,1.0,7408,5679,7205,3.5
20291,New-c74a786,0-1,0.0,7408,5679,7206,3.5
20296,Base-f462400,0-1,1.0,7409,5679,7206,3.5
20292,Base-f462400,0-1,1.0,7410,5679,7206,3.5
20295,New-c74a786,0-1,0.0,7410,5679,7207,3.5
20297,New-c74a786,1/2-1/2,0.5,7410,5680,7207,3.5
20302,Base-f462400,1/2-1/2,0.5,7410,5681,7207,3.5
20298,Base-f462400,0-1,1.0,7411,5681,7207,3.5
20301,New-c74a786,1/2-1/2,0.5,7411,5682,7207,3.5
20300,Base-f462400,0-1,1.0,7412,5682,7207,3.5
20304,Base-f462400,1-0,0.0,7412,5682,7208,3.5
20303,New-c74a786,1-0,1.0,7413,5682,7208,3.5
20299,New-c74a786,0-1,0.0,7413,5682,7209,3.5
20305,New-c74a786,0-1,0.0,7413,5682,7210,3.5
20306,Base-f462400,1-0,0.0,7413,5682,7211,3.5
20310,Base-f462400,1-0,0.0,7413,5682,7212,3.4
20307,New-c74a786,1/2-1/2,0.5,7413,5683,7212,3.4
20313,New-c74a786,1-0,1.0,7414,5683,7212,3.5
20312,Base-f462400,1-0,0.0,7414,5683,7213,3.4
20309,New-c74a786,1-0,1.0,7415,5683,7213,3.5
20311,New-c74a786,0-1,0.0,7415,5683,7214,3.4
20308,Base-f462400,1/2-1/2,0.5,7415,5684,7214,3.4
20315,New-c74a786,1-0,1.0,7416,5684,7214,3.5
20314,Base-f462400,1/2-1/2,0.5,7416,5685,7214,3.5
20321,New-c74a786,1/2-1/2,0.5,7416,5686,7214,3.5
20316,Base-f462400,1-0,0.0,7416,5686,7215,3.4
20317,New-c74a786,0-1,0.0,7416,5686,7216,3.4
20318,Base-f462400,0-1,1.0,7417,5686,7216,3.4
20320,Base-f462400,1-0,0.0,7417,5686,7217,3.4
20319,New-c74a786,1-0,1.0,7418,5686,7217,3.4
20323,New-c74a786,0-1,0.0,7418,5686,7218,3.4
20322,Base-f462400,1/2-1/2,0.5,7418,5687,7218,3.4
20324,Base-f462400,1-0,0.0,7418,5687,7219,3.4
20325,New-c74a786,0-1,0.0,7418,5687,7220,3.4
20326,Base-f462400,1/2-1/2,0.5,7418,5688,7220,3.4
20328,Base-f462400,1-0,0.0,7418,5688,7221,3.4
20329,New-c74a786,1-0,1.0,7419,5688,7221,3.4
20327,New-c74a786,1-0,1.0,7420,5688,7221,3.4
20330,Base-f462400,1-0,0.0,7420,5688,7222,3.4
20331,New-c74a786,0-1,0.0,7420,5688,7223,3.4
20332,Base-f462400,1/2-1/2,0.5,7420,5689,7223,3.4
20333,New-c74a786,0-1,0.0,7420,5689,7224,3.3
20337,New-c74a786,1/2-1/2,0.5,7420,5690,7224,3.3
20334,Base-f462400,0-1,1.0,7421,5690,7224,3.4
20336,Base-f462400,1-0,0.0,7421,5690,7225,3.3
20335,New-c74a786,0-1,0.0,7421,5690,7226,3.3
