game,white,result,score,running_wins,running_draws,running_losses,running_elo
6,Base-8d0ff77,1-0,0.0,0,0,1,-1199.8
3,New-90ba5a4,1/2-1/2,0.5,0,1,1,-190.8
4,Base-8d0ff77,0-1,1.0,1,1,1,-0.0
8,Base-8d0ff77,1-0,0.0,1,1,2,-88.7
7,New-90ba5a4,1-0,1.0,2,1,2,-0.0
5,New-90ba5a4,0-1,0.0,2,1,3,-58.5
2,Base-8d0ff77,1/2-1/2,0.5,2,2,3,-50.0
1,New-90ba5a4,1/2-1/2,0.5,2,3,3,-43.7
9,New-90ba5a4,0-1,0.0,2,3,4,-78.5
11,New-90ba5a4,0-1,0.0,2,3,5,-107.5
12,Base-8d0ff77,1/2-1/2,0.5,2,4,5,-97.2
10,Base-8d0ff77,1-0,0.0,2,4,6,-120.4
13,New-90ba5a4,0-1,0.0,2,4,7,-140.9
14,Base-8d0ff77,1-0,0.0,2,4,8,-159.2
15,New-90ba5a4,0-1,0.0,2,4,9,-175.7
16,Base-8d0ff77,0-1,1.0,3,4,9,-137.0
22,Base-8d0ff77,1/2-1/2,0.5,3,5,9,-128.1
17,New-90ba5a4,1-0,1.0,4,5,9,-99.1
19,New-90ba5a4,1-0,1.0,5,5,9,-74.3
18,Base-8d0ff77,1/2-1/2,0.5,5,6,9,-70.4
20,Base-8d0ff77,1/2-1/2,0.5,5,7,9,-67.0
21,New-90ba5a4,1-0,1.0,6,7,9,-47.7
23,New-90ba5a4,1-0,1.0,7,7,9,-30.3
24,Base-8d0ff77,0-1,1.0,8,7,9,-14.5
25,New-90ba5a4,1-0,1.0,9,7,9,-0.0
26,Base-8d0ff77,1/2-1/2,0.5,9,8,9,-0.0
31,New-90ba5a4,1/2-1/2,0.5,9,9,9,-0.0
28,Base-8d0ff77,1-0,0.0,9,9,10,-12.4
30,Base-8d0ff77,1/2-1/2,0.5,9,10,10,-12.0
27,New-90ba5a4,1/2-1/2,0.5,9,11,10,-11.6
29,New-90ba5a4,1-0,1.0,10,11,10,-0.0
33,New-90ba5a4,1-0,1.0,11,11,10,10.9
34,Base-8d0ff77,1-0,0.0,11,11,11,-0.0
32,Base-8d0ff77,1/2-1/2,0.5,11,12,11,-0.0
35,New-90ba5a4,0-1,0.0,11,12,12,-9.9
36,Base-8d0ff77,1/2-1/2,0.5,11,13,12,-9.7
37,New-90ba5a4,1-0,1.0,12,13,12,-0.0
38,Base-8d0ff77,1-0,0.0,12,13,13,-9.1
40,Base-8d0ff77,0-1,1.0,13,13,13,-0.0
39,New-90ba5a4,1/2-1/2,0.5,13,14,13,-0.0
42,Base-8d0ff77,0-1,1.0,14,14,13,8.5
45,New-90ba5a4,1-0,1.0,15,14,13,16.6
43,New-90ba5a4,1/2-1/2,0.5,15,15,13,16.2
44,Base-8d0ff77,1-0,0.0,15,15,14,7.9
46,Base-8d0ff77,1-0,0.0,15,15,15,-0.0
41,New-90ba5a4,1/2-1/2,0.5,15,16,15,-0.0
47,New-90ba5a4,0-1,0.0,15,16,16,-7.4
54,Base-8d0ff77,1-0,0.0,15,16,17,-14.5
48,Base-8d0ff77,1/2-1/2,0.5,15,17,17,-14.2
51,New-90ba5a4,1/2-1/2,0.5,15,18,17,-13.9
52,Base-8d0ff77,1/2-1/2,0.5,15,19,17,-13.6
50,Base-8d0ff77,1-0,0.0,15,19,18,-20.1
53,New-90ba5a4,0-1,0.0,15,19,19,-26.3
49,New-90ba5a4,1/2-1/2,0.5,15,20,19,-25.8
55,New-90ba5a4,1/2-1/2,0.5,15,21,19,-25.3
57,New-90ba5a4,0-1,0.0,15,21,20,-31.1
58,Base-8d0ff77,0-1,1.0,16,21,20,-24.4
56,Base-8d0ff77,1-0,0.0,16,21,21,-30.0
59,New-90ba5a4,1-0,1.0,17,21,21,-23.6
62,Base-8d0ff77,0-1,1.0,18,21,21,-17.4
60,Base-8d0ff77,1-0,0.0,18,21,22,-22.8
61,New-90ba5a4,0-1,0.0,18,21,23,-28.1
63,New-90ba5a4,1-0,1.0,19,21,23,-22.1
68,Base-8d0ff77,1/2-1/2,0.5,19,22,23,-21.7
64,Base-8d0ff77,1-0,0.0,19,22,24,-26.8
65,New-90ba5a4,1/2-1/2,0.5,19,23,24,-26.4
66,Base-8d0ff77,1/2-1/2,0.5,19,24,24,-26.0
69,New-90ba5a4,1-0,1.0,20,24,24,-20.5
67,New-90ba5a4,1/2-1/2,0.5,20,25,24,-20.2
70,Base-8d0ff77,1-0,0.0,20,25,25,-24.9
72,Base-8d0ff77,0-1,1.0,21,25,25,-19.6
71,New-90ba5a4,0-1,0.0,21,25,26,-24.2
73,New-90ba5a4,1/2-1/2,0.5,21,26,26,-23.8
74,Base-8d0ff77,0-1,1.0,22,26,26,-18.8
75,New-90ba5a4,1-0,1.0,23,26,26,-13.9
78,Base-8d0ff77,1-0,0.0,23,26,27,-18.3
76,Base-8d0ff77,1-0,0.0,23,26,28,-22.6
77,New-90ba5a4,1-0,1.0,24,26,28,-17.8
79,New-90ba5a4,1/2-1/2,0.5,24,27,28,-17.6
80,Base-8d0ff77,0-1,1.0,25,27,28,-13.0
81,New-90ba5a4,1/2-1/2,0.5,25,28,28,-12.9
82,Base-8d0ff77,0-1,1.0,26,28,28,-8.5
84,Base-8d0ff77,0-1,1.0,27,28,28,-4.2
83,New-90ba5a4,0-1,0.0,27,28,29,-8.3
85,New-90ba5a4,1-0,1.0,28,28,29,-4.1
87,New-90ba5a4,1-0,1.0,29,28,29,-0.0
86,Base-8d0ff77,0-1,1.0,30,28,29,4.0
88,Base-8d0ff77,1/2-1/2,0.5,30,29,29,3.9
89,New-90ba5a4,1-0,1.0,31,29,29,7.8
90,Base-8d0ff77,1/2-1/2,0.5,31,30,29,7.7
91,New-90ba5a4,1-0,1.0,32,30,29,11.5
92,Base-8d0ff77,1/2-1/2,0.5,32,31,29,11.3
93,New-90ba5a4,0-1,0.0,32,31,30,7.5
94,Base-8d0ff77,1/2-1/2,0.5,32,32,30,7.4
95,New-90ba5a4,0-1,0.0,32,32,31,3.7
97,New-90ba5a4,1-0,1.0,33,32,31,7.2
100,Base-8d0ff77,1-0,0.0,33,32,32,3.6
98,Base-8d0ff77,0-1,1.0,34,32,32,7.1
99,New-90ba5a4,1/2-1/2,0.5,34,33,32,7.0
101,New-90ba5a4,0-1,0.0,34,33,33,3.5
96,Base-8d0ff77,1/2-1/2,0.5,34,34,33,3.4
102,Base-8d0ff77,1-0,0.0,34,34,34,-0.0
104,Base-8d0ff77,1/2-1/2,0.5,34,35,34,-0.0
105,New-90ba5a4,0-1,0.0,34,35,35,-3.3
103,New-90ba5a4,1/2-1/2,0.5,34,36,35,-3.3
108,Base-8d0ff77,1-0,0.0,34,36,36,-6.6
109,New-90ba5a4,1/2-1/2,0.5,34,37,36,-6.5
107,New-90ba5a4,0-1,0.0,34,37,37,-9.7
106,Base-8d0ff77,1-0,0.0,34,37,38,-12.8
110,Base-8d0ff77,1-0,0.0,34,37,39,-15.8
112,Base-8d0ff77,0-1,1.0,35,37,39,-12.5
111,New-90ba5a4,1-0,1.0,36,37,39,-9.3
113,New-90ba5a4,0-1,0.0,36,37,40,-12.3
114,Base-8d0ff77,0-1,1.0,37,37,40,-9.1
117,New-90ba5a4,1-0,1.0,38,37,40,-6.0
115,New-90ba5a4,0-1,0.0,38,37,41,-9.0
116,Base-8d0ff77,0-1,1.0,39,37,41,-5.9
118,Base-8d0ff77,0-1,1.0,40,37,41,-2.9
119,New-90ba5a4,1/2-1/2,0.5,40,38,41,-2.9
122,Base-8d0ff77,0-1,1.0,41,38,41,-0.0
120,Base-8d0ff77,0-1,1.0,42,38,41,2.9
121,New-90ba5a4,1-0,1.0,43,38,41,5.7
125,New-90ba5a4,0-1,0.0,43,38,42,2.8
123,New-90ba5a4,0-1,0.0,43,38,43,-0.0
124,Base-8d0ff77,1-0,0.0,43,38,44,-2.8
126,Base-8d0ff77,0-1,1.0,44,38,44,-0.0
127,New-90ba5a4,1-0,1.0,45,38,44,2.7
128,Base-8d0ff77,0-1,1.0,46,38,44,5.4
130,Base-8d0ff77,1-0,0.0,46,38,45,2.7
129,New-90ba5a4,1/2-1/2,0.5,46,39,45,2.7
132,Base-8d0ff77,1-0,0.0,46,39,46,-0.0
131,New-90ba5a4,1-0,1.0,47,39,46,2.6
133,New-90ba5a4,1-0,1.0,48,39,46,5.2
135,New-90ba5a4,0-1,0.0,48,39,47,2.6
134,Base-8d0ff77,1-0,0.0,48,39,48,-0.0
136,Base-8d0ff77,1-0,0.0,48,39,49,-2.6
140,Base-8d0ff77,1/2-1/2,0.5,48,40,49,-2.5
137,New-90ba5a4,1-0,1.0,49,40,49,-0.0
139,New-90ba5a4,0-1,0.0,49,40,50,-2.5
138,Base-8d0ff77,0-1,1.0,50,40,50,-0.0
141,New-90ba5a4,1-0,1.0,51,40,50,2.5
143,New-90ba5a4,1-0,1.0,52,40,50,4.9
142,Base-8d0ff77,1-0,0.0,52,40,51,2.4
147,New-90ba5a4,1/2-1/2,0.5,52,41,51,2.4
145,New-90ba5a4,1/2-1/2,0.5,52,42,51,2.4
146,Base-8d0ff77,0-1,1.0,53,42,51,4.8
148,Base-8d0ff77,1-0,0.0,53,42,52,2.4
144,Base-8d0ff77,1/2-1/2,0.5,53,43,52,2.3
150,Base-8d0ff77,1/2-1/2,0.5,53,44,52,2.3
151,New-90ba5a4,1-0,1.0,54,44,52,4.6
149,New-90ba5a4,1/2-1/2,0.5,54,45,52,4.6
152,Base-8d0ff77,1/2-1/2,0.5,54,46,52,4.6
153,New-90ba5a4,0-1,0.0,54,46,53,2.3
156,Base-8d0ff77,1/2-1/2,0.5,54,47,53,2.3
155,New-90ba5a4,1-0,1.0,55,47,53,4.5
154,Base-8d0ff77,0-1,1.0,56,47,53,6.7
160,Base-8d0ff77,1/2-1/2,0.5,56,48,53,6.6
157,New-90ba5a4,1/2-1/2,0.5,56,49,53,6.6
162,Base-8d0ff77,1-0,0.0,56,49,54,4.4
158,Base-8d0ff77,1-0,0.0,56,49,55,2.2
163,New-90ba5a4,1/2-1/2,0.5,56,50,55,2.2
159,New-90ba5a4,0-1,0.0,56,50,56,-0.0
164,Base-8d0ff77,1/2-1/2,0.5,56,51,56,-0.0
161,New-90ba5a4,1-0,1.0,57,51,56,2.1
166,Base-8d0ff77,0-1,1.0,58,51,56,4.2
165,New-90ba5a4,1-0,1.0,59,51,56,6.3
167,New-90ba5a4,1-0,1.0,60,51,56,8.3
171,New-90ba5a4,0-1,0.0,60,51,57,6.2
168,Base-8d0ff77,0-1,1.0,61,51,57,8.2
169,New-90ba5a4,1/2-1/2,0.5,61,52,57,8.2
170,Base-8d0ff77,1/2-1/2,0.5,61,53,57,8.1
172,Base-8d0ff77,0-1,1.0,62,53,57,10.1
176,Base-8d0ff77,0-1,1.0,63,53,57,12.1
175,New-90ba5a4,0-1,0.0,63,53,58,10.0
173,New-90ba5a4,1-0,1.0,64,53,58,11.9
177,New-90ba5a4,0-1,0.0,64,53,59,9.9
174,Base-8d0ff77,1/2-1/2,0.5,64,54,59,9.8
178,Base-8d0ff77,1-0,0.0,64,54,60,7.8
179,New-90ba5a4,1-0,1.0,65,54,60,9.7
182,Base-8d0ff77,1-0,0.0,65,54,61,7.7
180,Base-8d0ff77,1-0,0.0,65,54,62,5.8
183,New-90ba5a4,0-1,0.0,65,54,63,3.8
181,New-90ba5a4,0-1,0.0,65,54,64,1.9
189,New-90ba5a4,1-0,1.0,66,54,64,3.8
186,Base-8d0ff77,0-1,1.0,67,54,64,5.6
185,New-90ba5a4,0-1,0.0,67,54,65,3.7
187,New-90ba5a4,1-0,1.0,68,54,65,5.6
184,Base-8d0ff77,1/2-1/2,0.5,68,55,65,5.5
188,Base-8d0ff77,1-0,0.0,68,55,66,3.7
190,Base-8d0ff77,0-1,1.0,69,55,66,5.5
192,Base-8d0ff77,0-1,1.0,70,55,66,7.3
193,New-90ba5a4,1-0,1.0,71,55,66,9.0
194,Base-8d0ff77,0-1,1.0,72,55,66,10.8
196,Base-8d0ff77,0-1,1.0,73,55,66,12.5
191,New-90ba5a4,1/2-1/2,0.5,73,56,66,12.5
195,New-90ba5a4,1-0,1.0,74,56,66,14.2
197,New-90ba5a4,1/2-1/2,0.5,74,57,66,14.1
198,Base-8d0ff77,0-1,1.0,75,57,66,15.8
201,New-90ba5a4,1/2-1/2,0.5,75,58,66,15.7
200,Base-8d0ff77,1-0,0.0,75,58,67,13.9
202,Base-8d0ff77,1/2-1/2,0.5,75,59,67,13.8
203,New-90ba5a4,1/2-1/2,0.5,75,60,67,13.8
199,New-90ba5a4,0-1,0.0,75,60,68,12.0
205,New-90ba5a4,1/2-1/2,0.5,75,61,68,11.9
204,Base-8d0ff77,1/2-1/2,0.5,75,62,68,11.9
206,Base-8d0ff77,0-1,1.0,76,62,68,13.5
210,Base-8d0ff77,1-0,0.0,76,62,69,11.8
207,New-90ba5a4,1/2-1/2,0.5,76,63,69,11.7
209,New-90ba5a4,0-1,0.0,76,63,70,10.0
208,Base-8d0ff77,0-1,1.0,77,63,70,11.6
212,Base-8d0ff77,1-0,0.0,77,63,71,9.9
211,New-90ba5a4,1-0,1.0,78,63,71,11.5
213,New-90ba5a4,0-1,0.0,78,63,72,9.8
215,New-90ba5a4,1-0,1.0,79,63,72,11.4
214,Base-8d0ff77,1/2-1/2,0.5,79,64,72,11.3
218,Base-8d0ff77,1-0,0.0,79,64,73,9.7
217,New-90ba5a4,0-1,0.0,79,64,74,8.0
216,Base-8d0ff77,1/2-1/2,0.5,79,65,74,8.0
219,New-90ba5a4,1-0,1.0,80,65,74,9.5
220,Base-8d0ff77,1-0,0.0,80,65,75,7.9
221,New-90ba5a4,0-1,0.0,80,65,76,6.3
222,Base-8d0ff77,1-0,0.0,80,65,77,4.7
225,New-90ba5a4,1-0,1.0,81,65,77,6.2
224,Base-8d0ff77,0-1,1.0,82,65,77,7.8
226,Base-8d0ff77,1/2-1/2,0.5,82,66,77,7.7
223,New-90ba5a4,1/2-1/2,0.5,82,67,77,7.7
227,New-90ba5a4,1/2-1/2,0.5,82,68,77,7.7
228,Base-8d0ff77,1-0,0.0,82,68,78,6.1
229,New-90ba5a4,0-1,0.0,82,68,79,4.6
230,Base-8d0ff77,0-1,1.0,83,68,79,6.0
232,Base-8d0ff77,1/2-1/2,0.5,83,69,79,6.0
235,New-90ba5a4,1-0,1.0,84,69,79,7.5
234,Base-8d0ff77,1/2-1/2,0.5,84,70,79,7.5
231,New-90ba5a4,0-1,0.0,84,70,80,5.9
233,New-90ba5a4,1-0,1.0,85,70,80,7.4
236,Base-8d0ff77,0-1,1.0,86,70,80,8.8
238,Base-8d0ff77,1/2-1/2,0.5,86,71,80,8.8
237,New-90ba5a4,0-1,0.0,86,71,81,7.3
239,New-90ba5a4,1-0,1.0,87,71,81,8.7
240,Base-8d0ff77,1-0,0.0,87,71,82,7.2
241,New-90ba5a4,0-1,0.0,87,71,83,5.8
243,New-90ba5a4,0-1,0.0,87,71,84,4.3
242,Base-8d0ff77,0-1,1.0,88,71,84,5.7
244,Base-8d0ff77,1/2-1/2,0.5,88,72,84,5.7
245,New-90ba5a4,1-0,1.0,89,72,84,7.1
246,Base-8d0ff77,0-1,1.0,90,72,84,8.5
247,New-90ba5a4,0-1,0.0,90,72,85,7.0
248,Base-8d0ff77,1-0,0.0,90,72,86,5.6
249,New-90ba5a4,1-0,1.0,91,72,86,7.0
251,New-90ba5a4,0-1,0.0,91,72,87,5.6
253,New-90ba5a4,1/2-1/2,0.5,91,73,87,5.5
250,Base-8d0ff77,1/2-1/2,0.5,91,74,87,5.5
252,Base-8d0ff77,0-1,1.0,92,74,87,6.9
254,Base-8d0ff77,1-0,0.0,92,74,88,5.5
256,Base-8d0ff77,0-1,1.0,93,74,88,6.8
258,Base-8d0ff77,1/2-1/2,0.5,93,75,88,6.8
255,New-90ba5a4,0-1,0.0,93,75,89,5.4
260,Base-8d0ff77,0-1,1.0,94,75,89,6.7
257,New-90ba5a4,1-0,1.0,95,75,89,8.1
259,New-90ba5a4,1-0,1.0,96,75,89,9.4
261,New-90ba5a4,0-1,0.0,96,75,90,8.0
262,Base-8d0ff77,1-0,0.0,96,75,91,6.6
266,Base-8d0ff77,0-1,1.0,97,75,91,7.9
263,New-90ba5a4,1/2-1/2,0.5,97,76,91,7.9
268,Base-8d0ff77,1-0,0.0,97,76,92,6.6
267,New-90ba5a4,0-1,0.0,97,76,93,5.2
264,Base-8d0ff77,1-0,0.0,97,76,94,3.9
269,New-90ba5a4,0-1,0.0,97,76,95,2.6
265,New-90ba5a4,1/2-1/2,0.5,97,77,95,2.6
273,New-90ba5a4,1/2-1/2,0.5,97,78,95,2.6
270,Base-8d0ff77,1-0,0.0,97,78,96,1.3
272,Base-8d0ff77,0-1,1.0,98,78,96,2.6
271,New-90ba5a4,1-0,1.0,99,78,96,3.8
274,Base-8d0ff77,1-0,0.0,99,78,97,2.5
275,New-90ba5a4,1-0,1.0,100,78,97,3.8
276,Base-8d0ff77,1-0,0.0,100,78,98,2.5
278,Base-8d0ff77,0-1,1.0,101,78,98,3.8
277,New-90ba5a4,1-0,1.0,102,78,98,5.0
280,Base-8d0ff77,1/2-1/2,0.5,102,79,98,5.0
279,New-90ba5a4,1-0,1.0,103,79,98,6.2
281,New-90ba5a4,1-0,1.0,104,79,98,7.4
282,Base-8d0ff77,0-1,1.0,105,79,98,8.6
283,New-90ba5a4,0-1,0.0,105,79,99,7.4
284,Base-8d0ff77,1/2-1/2,0.5,105,80,99,7.3
288,Base-8d0ff77,0-1,1.0,106,80,99,8.5
287,New-90ba5a4,0-1,0.0,106,80,100,7.3
285,New-90ba5a4,0-1,0.0,106,80,101,6.1
286,Base-8d0ff77,1-0,0.0,106,80,102,4.8
290,Base-8d0ff77,1-0,0.0,106,80,103,3.6
289,New-90ba5a4,1-0,1.0,107,80,103,4.8
292,Base-8d0ff77,0-1,1.0,108,80,103,6.0
291,New-90ba5a4,1-0,1.0,109,80,103,7.1
293,New-90ba5a4,0-1,0.0,109,80,104,5.9
296,Base-8d0ff77,1-0,0.0,109,80,105,4.7
295,New-90ba5a4,1-0,1.0,110,80,105,5.9
294,Base-8d0ff77,1/2-1/2,0.5,110,81,105,5.9
297,New-90ba5a4,1-0,1.0,111,81,105,7.0
298,Base-8d0ff77,1-0,0.0,111,81,106,5.8
299,New-90ba5a4,0-1,0.0,111,81,107,4.6
300,Base-8d0ff77,0-1,1.0,112,81,107,5.8
302,Base-8d0ff77,0-1,1.0,113,81,107,6.9
301,New-90ba5a4,1-0,1.0,114,81,107,8.1
304,Base-8d0ff77,1/2-1/2,0.5,114,82,107,8.0
305,New-90ba5a4,1/2-1/2,0.5,114,83,107,8.0
306,Base-8d0ff77,1/2-1/2,0.5,114,84,107,8.0
303,New-90ba5a4,1/2-1/2,0.5,114,85,107,7.9
307,New-90ba5a4,1/2-1/2,0.5,114,86,107,7.9
309,New-90ba5a4,1-0,1.0,115,86,107,9.0
308,Base-8d0ff77,0-1,1.0,116,86,107,10.1
310,Base-8d0ff77,1-0,0.0,116,86,108,9.0
313,New-90ba5a4,1-0,1.0,117,86,108,10.1
311,New-90ba5a4,1/2-1/2,0.5,117,87,108,10.0
312,Base-8d0ff77,1/2-1/2,0.5,117,88,108,10.0
316,Base-8d0ff77,0-1,1.0,118,88,108,11.1
314,Base-8d0ff77,0-1,1.0,119,88,108,12.1
315,New-90ba5a4,1-0,1.0,120,88,108,13.2
317,New-90ba5a4,0-1,0.0,120,88,109,12.1
319,New-90ba5a4,1/2-1/2,0.5,120,89,109,12.0
318,Base-8d0ff77,0-1,1.0,121,89,109,13.1
321,New-90ba5a4,1-0,1.0,122,89,109,14.1
323,New-90ba5a4,1/2-1/2,0.5,122,90,109,14.1
322,Base-8d0ff77,0-1,1.0,123,90,109,15.1
324,Base-8d0ff77,0-1,1.0,124,90,109,16.1
320,Base-8d0ff77,1-0,0.0,124,90,110,15.0
326,Base-8d0ff77,0-1,1.0,125,90,110,16.0
327,New-90ba5a4,1/2-1/2,0.5,125,91,110,16.0
325,New-90ba5a4,1-0,1.0,126,91,110,17.0
329,New-90ba5a4,0-1,0.0,126,91,111,15.9
330,Base-8d0ff77,1/2-1/2,0.5,126,92,111,15.9
328,Base-8d0ff77,1/2-1/2,0.5,126,93,111,15.8
331,New-90ba5a4,1-0,1.0,127,93,111,16.8
335,New-90ba5a4,1-0,1.0,128,93,111,17.8
332,Base-8d0ff77,0-1,1.0,129,93,111,18.8
334,Base-8d0ff77,0-1,1.0,130,93,111,19.8
333,New-90ba5a4,1/2-1/2,0.5,130,94,111,19.7
336,Base-8d0ff77,1-0,0.0,130,94,112,18.6
337,New-90ba5a4,1/2-1/2,0.5,130,95,112,18.6
342,Base-8d0ff77,0-1,1.0,131,95,112,19.6
338,Base-8d0ff77,0-1,1.0,132,95,112,20.5
339,New-90ba5a4,1/2-1/2,0.5,132,96,112,20.5
341,New-90ba5a4,1-0,1.0,133,96,112,21.4
340,Base-8d0ff77,0-1,1.0,134,96,112,22.4
343,New-90ba5a4,1-0,1.0,135,96,112,23.3
345,New-90ba5a4,0-1,0.0,135,96,113,22.3
346,Base-8d0ff77,0-1,1.0,136,96,113,23.2
344,Base-8d0ff77,1/2-1/2,0.5,136,97,113,23.1
350,Base-8d0ff77,1-0,0.0,136,97,114,22.1
347,New-90ba5a4,0-1,0.0,136,97,115,21.0
351,New-90ba5a4,1/2-1/2,0.5,136,98,115,20.9
348,Base-8d0ff77,1/2-1/2,0.5,136,99,115,20.9
349,New-90ba5a4,1-0,1.0,137,99,115,21.8
353,New-90ba5a4,0-1,0.0,137,99,116,20.8
354,Base-8d0ff77,1-0,0.0,137,99,117,19.7
352,Base-8d0ff77,0-1,1.0,138,99,117,20.6
358,Base-8d0ff77,1/2-1/2,0.5,138,100,117,20.6
356,Base-8d0ff77,1-0,0.0,138,100,118,19.5
355,New-90ba5a4,1-0,1.0,139,100,118,20.5
357,New-90ba5a4,1-0,1.0,140,100,118,21.4
359,New-90ba5a4,0-1,0.0,140,100,119,20.3
360,Base-8d0ff77,0-1,1.0,141,100,119,21.3
366,Base-8d0ff77,1/2-1/2,0.5,141,101,119,21.2
363,New-90ba5a4,0-1,0.0,141,101,120,20.2
361,New-90ba5a4,0-1,0.0,141,101,121,19.2
362,Base-8d0ff77,1/2-1/2,0.5,141,102,121,19.1
365,New-90ba5a4,1-0,1.0,142,102,121,20.0
364,Base-8d0ff77,0-1,1.0,143,102,121,20.9
367,New-90ba5a4,0-1,0.0,143,102,122,19.9
369,New-90ba5a4,1/2-1/2,0.5,143,103,122,19.8
368,Base-8d0ff77,1-0,0.0,143,103,123,18.8
370,Base-8d0ff77,0-1,1.0,144,103,123,19.7
371,New-90ba5a4,1-0,1.0,145,103,123,20.6
373,New-90ba5a4,1-0,1.0,146,103,123,21.5
372,Base-8d0ff77,1/2-1/2,0.5,146,104,123,21.5
374,Base-8d0ff77,0-1,1.0,147,104,123,22.3
375,New-90ba5a4,0-1,0.0,147,104,124,21.3
377,New-90ba5a4,1-0,1.0,148,104,124,22.2
376,Base-8d0ff77,1/2-1/2,0.5,148,105,124,22.1
378,Base-8d0ff77,0-1,1.0,149,105,124,23.0
380,Base-8d0ff77,1-0,0.0,149,105,125,22.0
381,New-90ba5a4,0-1,0.0,149,105,126,21.1
382,Base-8d0ff77,1/2-1/2,0.5,149,106,126,21.0
384,Base-8d0ff77,0-1,1.0,150,106,126,21.9
379,New-90ba5a4,1/2-1/2,0.5,150,107,126,21.8
385,New-90ba5a4,1-0,1.0,151,107,126,22.7
387,New-90ba5a4,1-0,1.0,152,107,126,23.5
383,New-90ba5a4,0-1,0.0,152,107,127,22.5
386,Base-8d0ff77,1-0,0.0,152,107,128,21.6
388,Base-8d0ff77,1-0,0.0,152,107,129,20.6
389,New-90ba5a4,1-0,1.0,153,107,129,21.5
394,Base-8d0ff77,1-0,0.0,153,107,130,20.5
390,Base-8d0ff77,1-0,0.0,153,107,131,19.6
391,New-90ba5a4,1/2-1/2,0.5,153,108,131,19.5
393,New-90ba5a4,0-1,0.0,153,108,132,18.6
392,Base-8d0ff77,0-1,1.0,154,108,132,19.4
396,Base-8d0ff77,0-1,1.0,155,108,132,20.3
395,New-90ba5a4,1/2-1/2,0.5,155,109,132,20.2
397,New-90ba5a4,1-0,1.0,156,109,132,21.0
398,Base-8d0ff77,1-0,0.0,156,109,133,20.1
399,New-90ba5a4,1-0,1.0,157,109,133,20.9
400,Base-8d0ff77,1-0,0.0,157,109,134,20.0
402,Base-8d0ff77,1-0,0.0,157,109,135,19.1
401,New-90ba5a4,0-1,0.0,157,109,136,18.2
403,New-90ba5a4,0-1,0.0,157,109,137,17.3
404,Base-8d0ff77,1-0,0.0,157,109,138,16.4
405,New-90ba5a4,0-1,0.0,157,109,139,15.5
407,New-90ba5a4,1-0,1.0,158,109,139,16.3
406,Base-8d0ff77,0-1,1.0,159,109,139,17.1
410,Base-8d0ff77,1-0,0.0,159,109,140,16.2
408,Base-8d0ff77,1-0,0.0,159,109,141,15.3
411,New-90ba5a4,1-0,1.0,160,109,141,16.1
409,New-90ba5a4,1-0,1.0,161,109,141,16.9
412,Base-8d0ff77,0-1,1.0,162,109,141,17.7
415,New-90ba5a4,1/2-1/2,0.5,162,110,141,17.7
413,New-90ba5a4,1-0,1.0,163,110,141,18.5
414,Base-8d0ff77,1-0,0.0,163,110,142,17.6
419,New-90ba5a4,1-0,1.0,164,110,142,18.4
418,Base-8d0ff77,1-0,0.0,164,110,143,17.5
417,New-90ba5a4,1-0,1.0,165,110,143,18.3
420,Base-8d0ff77,1/2-1/2,0.5,165,111,143,18.3
416,Base-8d0ff77,1/2-1/2,0.5,165,112,143,18.2
421,New-90ba5a4,0-1,0.0,165,112,144,17.3
424,Base-8d0ff77,0-1,1.0,166,112,144,18.1
423,New-90ba5a4,0-1,0.0,166,112,145,17.3
422,Base-8d0ff77,0-1,1.0,167,112,145,18.0
425,New-90ba5a4,1/2-1/2,0.5,167,113,145,18.0
426,Base-8d0ff77,1/2-1/2,0.5,167,114,145,18.0
427,New-90ba5a4,1-0,1.0,168,114,145,18.7
428,Base-8d0ff77,1/2-1/2,0.5,168,115,145,18.7
429,New-90ba5a4,1-0,1.0,169,115,145,19.5
430,Base-8d0ff77,1-0,0.0,169,115,146,18.6
431,New-90ba5a4,1-0,1.0,170,115,146,19.4
433,New-90ba5a4,1/2-1/2,0.5,170,116,146,19.3
435,New-90ba5a4,0-1,0.0,170,116,147,18.5
434,Base-8d0ff77,1-0,0.0,170,116,148,17.6
432,Base-8d0ff77,0-1,1.0,171,116,148,18.4
436,Base-8d0ff77,1-0,0.0,171,116,149,17.5
440,Base-8d0ff77,1-0,0.0,171,116,150,16.7
437,New-90ba5a4,1-0,1.0,172,116,150,17.5
439,New-90ba5a4,0-1,0.0,172,116,151,16.6
438,Base-8d0ff77,1-0,0.0,172,116,152,15.8
442,Base-8d0ff77,0-1,1.0,173,116,152,16.6
441,New-90ba5a4,0-1,0.0,173,116,153,15.7
444,Base-8d0ff77,1/2-1/2,0.5,173,117,153,15.7
448,Base-8d0ff77,1/2-1/2,0.5,173,118,153,15.7
445,New-90ba5a4,1/2-1/2,0.5,173,119,153,15.6
449,New-90ba5a4,1-0,1.0,174,119,153,16.4
443,New-90ba5a4,1-0,1.0,175,119,153,17.1
447,New-90ba5a4,0-1,0.0,175,119,154,16.3
450,Base-8d0ff77,1-0,0.0,175,119,155,15.5
451,New-90ba5a4,1-0,1.0,176,119,155,16.2
457,New-90ba5a4,1-0,1.0,177,119,155,17.0
446,Base-8d0ff77,1/2-1/2,0.5,177,120,155,16.9
453,New-90ba5a4,0-1,0.0,177,120,156,16.1
456,Base-8d0ff77,0-1,1.0,178,120,156,16.8
458,Base-8d0ff77,1-0,0.0,178,120,157,16.0
452,Base-8d0ff77,1/2-1/2,0.5,178,121,157,16.0
454,Base-8d0ff77,1/2-1/2,0.5,178,122,157,16.0
455,New-90ba5a4,0-1,0.0,178,122,158,15.2
459,New-90ba5a4,1-0,1.0,179,122,158,15.9
461,New-90ba5a4,1/2-1/2,0.5,179,123,158,15.9
460,Base-8d0ff77,0-1,1.0,180,123,158,16.6
463,New-90ba5a4,1-0,1.0,181,123,158,17.3
462,Base-8d0ff77,1-0,0.0,181,123,159,16.5
466,Base-8d0ff77,1-0,0.0,181,123,160,15.7
464,Base-8d0ff77,0-1,1.0,182,123,160,16.5
465,New-90ba5a4,0-1,0.0,182,123,161,15.7
468,Base-8d0ff77,1-0,0.0,182,123,162,14.9
467,New-90ba5a4,1-0,1.0,183,123,162,15.6
469,New-90ba5a4,1-0,1.0,184,123,162,16.3
472,Base-8d0ff77,0-1,1.0,185,123,162,17.0
470,Base-8d0ff77,0-1,1.0,186,123,162,17.7
471,New-90ba5a4,1-0,1.0,187,123,162,18.4
473,New-90ba5a4,1-0,1.0,188,123,162,19.1
474,Base-8d0ff77,1/2-1/2,0.5,188,124,162,19.1
476,Base-8d0ff77,0-1,1.0,189,124,162,19.8
477,New-90ba5a4,1/2-1/2,0.5,189,125,162,19.7
475,New-90ba5a4,1/2-1/2,0.5,189,126,162,19.7
479,New-90ba5a4,1-0,1.0,190,126,162,20.4
480,Base-8d0ff77,1/2-1/2,0.5,190,127,162,20.3
478,Base-8d0ff77,0-1,1.0,191,127,162,21.0
481,New-90ba5a4,0-1,0.0,191,127,163,20.2
482,Base-8d0ff77,1-0,0.0,191,127,164,19.5
483,New-90ba5a4,1/2-1/2,0.5,191,128,164,19.4
485,New-90ba5a4,0-1,0.0,191,128,165,18.7
487,New-90ba5a4,1/2-1/2,0.5,191,129,165,18.6
486,Base-8d0ff77,1/2-1/2,0.5,191,130,165,18.6
484,Base-8d0ff77,1/2-1/2,0.5,191,131,165,18.6
492,Base-8d0ff77,1/2-1/2,0.5,191,132,165,18.5
491,New-90ba5a4,0-1,0.0,191,132,166,17.8
488,Base-8d0ff77,1/2-1/2,0.5,191,133,166,17.7
489,New-90ba5a4,0-1,0.0,191,133,167,17.0
494,Base-8d0ff77,0-1,1.0,192,133,167,17.7
490,Base-8d0ff77,0-1,1.0,193,133,167,18.3
493,New-90ba5a4,0-1,0.0,193,133,168,17.6
495,New-90ba5a4,1-0,1.0,194,133,168,18.3
497,New-90ba5a4,1/2-1/2,0.5,194,134,168,18.2
496,Base-8d0ff77,1-0,0.0,194,134,169,17.5
499,New-90ba5a4,1/2-1/2,0.5,194,135,169,17.5
498,Base-8d0ff77,0-1,1.0,195,135,169,18.1
500,Base-8d0ff77,1-0,0.0,195,135,170,17.4
501,New-90ba5a4,0-1,0.0,195,135,171,16.7
502,Base-8d0ff77,1-0,0.0,195,135,172,15.9
504,Base-8d0ff77,1-0,0.0,195,135,173,15.2
503,New-90ba5a4,0-1,0.0,195,135,174,14.5
505,New-90ba5a4,1-0,1.0,196,135,174,15.1
506,Base-8d0ff77,1/2-1/2,0.5,196,136,174,15.1
507,New-90ba5a4,1/2-1/2,0.5,196,137,174,15.1
510,Base-8d0ff77,1-0,0.0,196,137,175,14.4
508,Base-8d0ff77,1-0,0.0,196,137,176,13.7
509,New-90ba5a4,1/2-1/2,0.5,196,138,176,13.6
511,New-90ba5a4,1-0,1.0,197,138,176,14.3
513,New-90ba5a4,1-0,1.0,198,138,176,14.9
512,Base-8d0ff77,1-0,0.0,198,138,177,14.2
517,New-90ba5a4,0-1,0.0,198,138,178,13.5
518,Base-8d0ff77,1-0,0.0,198,138,179,12.8
514,Base-8d0ff77,1/2-1/2,0.5,198,139,179,12.8
516,Base-8d0ff77,1-0,0.0,198,139,180,12.1
515,New-90ba5a4,0-1,0.0,198,139,181,11.4
522,Base-8d0ff77,1-0,0.0,198,139,182,10.7
519,New-90ba5a4,1-0,1.0,199,139,182,11.4
521,New-90ba5a4,0-1,0.0,199,139,183,10.7
520,Base-8d0ff77,1-0,0.0,199,139,184,10.0
523,New-90ba5a4,0-1,0.0,199,139,185,9.3
524,Base-8d0ff77,1-0,0.0,199,139,186,8.6
525,New-90ba5a4,1-0,1.0,200,139,186,9.3
527,New-90ba5a4,1-0,1.0,201,139,186,9.9
526,Base-8d0ff77,1-0,0.0,201,139,187,9.2
528,Base-8d0ff77,1-0,0.0,201,139,188,8.6
530,Base-8d0ff77,0-1,1.0,202,139,188,9.2
529,New-90ba5a4,1-0,1.0,203,139,188,9.8
531,New-90ba5a4,0-1,0.0,203,139,189,9.2
537,New-90ba5a4,1/2-1/2,0.5,203,140,189,9.1
535,New-90ba5a4,1/2-1/2,0.5,203,141,189,9.1
534,Base-8d0ff77,1/2-1/2,0.5,203,142,189,9.1
533,New-90ba5a4,1-0,1.0,204,142,189,9.7
532,Base-8d0ff77,1-0,0.0,204,142,190,9.1
538,Base-8d0ff77,0-1,1.0,205,142,190,9.7
536,Base-8d0ff77,0-1,1.0,206,142,190,10.3
542,Base-8d0ff77,1/2-1/2,0.5,206,143,190,10.3
540,Base-8d0ff77,0-1,1.0,207,143,190,10.9
544,Base-8d0ff77,0-1,1.0,208,143,190,11.6
541,New-90ba5a4,1-0,1.0,209,143,190,12.2
539,New-90ba5a4,0-1,0.0,209,143,191,11.5
543,New-90ba5a4,0-1,0.0,209,143,192,10.9
546,Base-8d0ff77,1/2-1/2,0.5,209,144,192,10.8
545,New-90ba5a4,1/2-1/2,0.5,209,145,192,10.8
550,Base-8d0ff77,1/2-1/2,0.5,209,146,192,10.8
548,Base-8d0ff77,1-0,0.0,209,146,193,10.1
552,Base-8d0ff77,1/2-1/2,0.5,209,147,193,10.1
547,New-90ba5a4,0-1,0.0,209,147,194,9.5
551,New-90ba5a4,0-1,0.0,209,147,195,8.8
549,New-90ba5a4,0-1,0.0,209,147,196,8.2
553,New-90ba5a4,0-1,0.0,209,147,197,7.5
555,New-90ba5a4,1-0,1.0,210,147,197,8.2
556,Base-8d0ff77,1-0,0.0,210,147,198,7.5
558,Base-8d0ff77,1-0,0.0,210,147,199,6.9
559,New-90ba5a4,1-0,1.0,211,147,199,7.5
560,Base-8d0ff77,1/2-1/2,0.5,211,148,199,7.5
557,New-90ba5a4,0-1,0.0,211,148,200,6.8
554,Base-8d0ff77,1/2-1/2,0.5,211,149,200,6.8
561,New-90ba5a4,0-1,0.0,211,149,201,6.2
562,Base-8d0ff77,1-0,0.0,211,149,202,5.6
564,Base-8d0ff77,0-1,1.0,212,149,202,6.2
565,New-90ba5a4,1-0,1.0,213,149,202,6.8
563,New-90ba5a4,1-0,1.0,214,149,202,7.4
566,Base-8d0ff77,1-0,0.0,214,149,203,6.8
568,Base-8d0ff77,0-1,1.0,215,149,203,7.4
567,New-90ba5a4,1-0,1.0,216,149,203,8.0
569,New-90ba5a4,1/2-1/2,0.5,216,150,203,7.9
572,Base-8d0ff77,1/2-1/2,0.5,216,151,203,7.9
570,Base-8d0ff77,0-1,1.0,217,151,203,8.5
573,New-90ba5a4,1-0,1.0,218,151,203,9.1
571,New-90ba5a4,1-0,1.0,219,151,203,9.7
576,Base-8d0ff77,1-0,0.0,219,151,204,9.1
575,New-90ba5a4,0-1,0.0,219,151,205,8.5
574,Base-8d0ff77,0-1,1.0,220,151,205,9.0
577,New-90ba5a4,0-1,0.0,220,151,206,8.4
578,Base-8d0ff77,0-1,1.0,221,151,206,9.0
579,New-90ba5a4,1-0,1.0,222,151,206,9.6
580,Base-8d0ff77,0-1,1.0,223,151,206,10.2
582,Base-8d0ff77,1/2-1/2,0.5,223,152,206,10.2
581,New-90ba5a4,1-0,1.0,224,152,206,10.7
583,New-90ba5a4,1/2-1/2,0.5,224,153,206,10.7
584,Base-8d0ff77,1/2-1/2,0.5,224,154,206,10.7
585,New-90ba5a4,1/2-1/2,0.5,224,155,206,10.7
586,Base-8d0ff77,1-0,0.0,224,155,207,10.1
588,Base-8d0ff77,0-1,1.0,225,155,207,10.7
587,New-90ba5a4,1-0,1.0,226,155,207,11.2
591,New-90ba5a4,1-0,1.0,227,155,207,11.8
590,Base-8d0ff77,0-1,1.0,228,155,207,12.4
592,Base-8d0ff77,0-1,1.0,229,155,207,12.9
589,New-90ba5a4,1-0,1.0,230,155,207,13.5
594,Base-8d0ff77,1-0,0.0,230,155,208,12.9
593,New-90ba5a4,1-0,1.0,231,155,208,13.5
595,New-90ba5a4,1-0,1.0,232,155,208,14.0
596,Base-8d0ff77,1/2-1/2,0.5,232,156,208,14.0
598,Base-8d0ff77,1-0,0.0,232,156,209,13.4
597,New-90ba5a4,1/2-1/2,0.5,232,157,209,13.4
599,New-90ba5a4,0-1,0.0,232,157,210,12.8
600,Base-8d0ff77,0-1,1.0,233,157,210,13.3
602,Base-8d0ff77,1-0,0.0,233,157,211,12.7
601,New-90ba5a4,0-1,0.0,233,157,212,12.1
603,New-90ba5a4,1-0,1.0,234,157,212,12.7
604,Base-8d0ff77,0-1,1.0,235,157,212,13.2
605,New-90ba5a4,1-0,1.0,236,157,212,13.8
606,Base-8d0ff77,1/2-1/2,0.5,236,158,212,13.8
610,Base-8d0ff77,0-1,1.0,237,158,212,14.3
608,Base-8d0ff77,0-1,1.0,238,158,212,14.9
607,New-90ba5a4,1/2-1/2,0.5,238,159,212,14.8
609,New-90ba5a4,0-1,0.0,238,159,213,14.2
612,Base-8d0ff77,0-1,1.0,239,159,213,14.8
611,New-90ba5a4,0-1,0.0,239,159,214,14.2
613,New-90ba5a4,1/2-1/2,0.5,239,160,214,14.2
615,New-90ba5a4,0-1,0.0,239,160,215,13.6
614,Base-8d0ff77,0-1,1.0,240,160,215,14.1
617,New-90ba5a4,1/2-1/2,0.5,240,161,215,14.1
616,Base-8d0ff77,1-0,0.0,240,161,216,13.5
619,New-90ba5a4,0-1,0.0,240,161,217,12.9
618,Base-8d0ff77,1-0,0.0,240,161,218,12.4
626,Base-8d0ff77,1-0,0.0,240,161,219,11.8
624,Base-8d0ff77,1-0,0.0,240,161,220,11.2
622,Base-8d0ff77,0-1,1.0,241,161,220,11.7
621,New-90ba5a4,0-1,0.0,241,161,221,11.2
627,New-90ba5a4,1-0,1.0,242,161,221,11.7
625,New-90ba5a4,0-1,0.0,242,161,222,11.1
623,New-90ba5a4,1-0,1.0,243,161,222,11.7
620,Base-8d0ff77,0-1,1.0,244,161,222,12.2
634,Base-8d0ff77,1/2-1/2,0.5,244,162,222,12.2
628,Base-8d0ff77,0-1,1.0,245,162,222,12.7
630,Base-8d0ff77,0-1,1.0,246,162,222,13.2
629,New-90ba5a4,0-1,0.0,246,162,223,12.7
631,New-90ba5a4,1-0,1.0,247,162,223,13.2
635,New-90ba5a4,0-1,0.0,247,162,224,12.6
636,Base-8d0ff77,1/2-1/2,0.5,247,163,224,12.6
633,New-90ba5a4,1/2-1/2,0.5,247,164,224,12.6
632,Base-8d0ff77,1/2-1/2,0.5,247,165,224,12.6
644,Base-8d0ff77,0-1,1.0,248,165,224,13.1
637,New-90ba5a4,0-1,0.0,248,165,225,12.5
638,Base-8d0ff77,0-1,1.0,249,165,225,13.1
640,Base-8d0ff77,1-0,0.0,249,165,226,12.5
641,New-90ba5a4,1-0,1.0,250,165,226,13.0
643,New-90ba5a4,1-0,1.0,251,165,226,13.5
642,Base-8d0ff77,1-0,0.0,251,165,227,13.0
648,Base-8d0ff77,1/2-1/2,0.5,251,166,227,13.0
639,New-90ba5a4,1/2-1/2,0.5,251,167,227,12.9
650,Base-8d0ff77,1-0,0.0,251,167,228,12.4
646,Base-8d0ff77,0-1,1.0,252,167,228,12.9
647,New-90ba5a4,0-1,0.0,252,167,229,12.3
649,New-90ba5a4,0-1,0.0,252,167,230,11.8
651,New-90ba5a4,0-1,0.0,252,167,231,11.2
645,New-90ba5a4,1-0,1.0,253,167,231,11.7
653,New-90ba5a4,1-0,1.0,254,167,231,12.3
652,Base-8d0ff77,1-0,0.0,254,167,232,11.7
658,Base-8d0ff77,1/2-1/2,0.5,254,168,232,11.7
654,Base-8d0ff77,1-0,0.0,254,168,233,11.1
660,Base-8d0ff77,1-0,0.0,254,168,234,10.6
661,New-90ba5a4,0-1,0.0,254,168,235,10.1
656,Base-8d0ff77,1-0,0.0,254,168,236,9.5
657,New-90ba5a4,1-0,1.0,255,168,236,10.0
659,New-90ba5a4,1-0,1.0,256,168,236,10.5
655,New-90ba5a4,1/2-1/2,0.5,256,169,236,10.5
665,New-90ba5a4,1/2-1/2,0.5,256,170,236,10.5
662,Base-8d0ff77,0-1,1.0,257,170,236,11.0
663,New-90ba5a4,1/2-1/2,0.5,257,171,236,11.0
668,Base-8d0ff77,1/2-1/2,0.5,257,172,236,11.0
667,New-90ba5a4,1-0,1.0,258,172,236,11.5
666,Base-8d0ff77,1/2-1/2,0.5,258,173,236,11.5
664,Base-8d0ff77,0-1,1.0,259,173,236,12.0
675,New-90ba5a4,0-1,0.0,259,173,237,11.4
669,New-90ba5a4,1-0,1.0,260,173,237,11.9
671,New-90ba5a4,1-0,1.0,261,173,237,12.4
670,Base-8d0ff77,0-1,1.0,262,173,237,12.9
673,New-90ba5a4,1-0,1.0,263,173,237,13.4
674,Base-8d0ff77,0-1,1.0,264,173,237,13.9
672,Base-8d0ff77,1-0,0.0,264,173,238,13.4
676,Base-8d0ff77,1-0,0.0,264,173,239,12.9
678,Base-8d0ff77,0-1,1.0,265,173,239,13.3
679,New-90ba5a4,1/2-1/2,0.5,265,174,239,13.3
677,New-90ba5a4,1/2-1/2,0.5,265,175,239,13.3
684,Base-8d0ff77,1-0,0.0,265,175,240,12.8
680,Base-8d0ff77,1-0,0.0,265,175,241,12.2
681,New-90ba5a4,0-1,0.0,265,175,242,11.7
685,New-90ba5a4,0-1,0.0,265,175,243,11.2
682,Base-8d0ff77,1/2-1/2,0.5,265,176,243,11.2
683,New-90ba5a4,0-1,0.0,265,176,244,10.7
686,Base-8d0ff77,0-1,1.0,266,176,244,11.1
687,New-90ba5a4,1/2-1/2,0.5,266,177,244,11.1
688,Base-8d0ff77,1/2-1/2,0.5,266,178,244,11.1
689,New-90ba5a4,1-0,1.0,267,178,244,11.6
693,New-90ba5a4,0-1,0.0,267,178,245,11.1
690,Base-8d0ff77,1-0,0.0,267,178,246,10.6
695,New-90ba5a4,0-1,0.0,267,178,247,10.0
692,Base-8d0ff77,1/2-1/2,0.5,267,179,247,10.0
697,New-90ba5a4,1-0,1.0,268,179,247,10.5
691,New-90ba5a4,1-0,1.0,269,179,247,11.0
694,Base-8d0ff77,1-0,0.0,269,179,248,10.5
699,New-90ba5a4,1-0,1.0,270,179,248,11.0
696,Base-8d0ff77,1/2-1/2,0.5,270,180,248,11.0
698,Base-8d0ff77,0-1,1.0,271,180,248,11.4
700,Base-8d0ff77,1/2-1/2,0.5,271,181,248,11.4
701,New-90ba5a4,0-1,0.0,271,181,249,10.9
704,Base-8d0ff77,1-0,0.0,271,181,250,10.4
702,Base-8d0ff77,1/2-1/2,0.5,271,182,250,10.4
703,New-90ba5a4,1/2-1/2,0.5,271,183,250,10.4
705,New-90ba5a4,1-0,1.0,272,183,250,10.8
706,Base-8d0ff77,1-0,0.0,272,183,251,10.3
710,Base-8d0ff77,0-1,1.0,273,183,251,10.8
708,Base-8d0ff77,1-0,0.0,273,183,252,10.3
709,New-90ba5a4,0-1,0.0,273,183,253,9.8
707,New-90ba5a4,0-1,0.0,273,183,254,9.3
711,New-90ba5a4,1-0,1.0,274,183,254,9.8
712,Base-8d0ff77,1/2-1/2,0.5,274,184,254,9.8
713,New-90ba5a4,1/2-1/2,0.5,274,185,254,9.7
715,New-90ba5a4,1-0,1.0,275,185,254,10.2
714,Base-8d0ff77,1-0,0.0,275,185,255,9.7
719,New-90ba5a4,0-1,0.0,275,185,256,9.2
717,New-90ba5a4,1-0,1.0,276,185,256,9.7
718,Base-8d0ff77,1-0,0.0,276,185,257,9.2
721,New-90ba5a4,1-0,1.0,277,185,257,9.7
723,New-90ba5a4,1-0,1.0,278,185,257,10.1
720,Base-8d0ff77,0-1,1.0,279,185,257,10.6
716,Base-8d0ff77,1/2-1/2,0.5,279,186,257,10.6
725,New-90ba5a4,1-0,1.0,280,186,257,11.1
724,Base-8d0ff77,1/2-1/2,0.5,280,187,257,11.0
722,Base-8d0ff77,1/2-1/2,0.5,280,188,257,11.0
727,New-90ba5a4,1/2-1/2,0.5,280,189,257,11.0
730,Base-8d0ff77,1/2-1/2,0.5,280,190,257,11.0
726,Base-8d0ff77,1-0,0.0,280,190,258,10.5
728,Base-8d0ff77,0-1,1.0,281,190,258,11.0
729,New-90ba5a4,1-0,1.0,282,190,258,11.4
731,New-90ba5a4,1-0,1.0,283,190,258,11.9
736,Base-8d0ff77,1-0,0.0,283,190,259,11.4
732,Base-8d0ff77,0-1,1.0,284,190,259,11.9
733,New-90ba5a4,0-1,0.0,284,190,260,11.4
734,Base-8d0ff77,0-1,1.0,285,190,260,11.8
741,New-90ba5a4,1/2-1/2,0.5,285,191,260,11.8
735,New-90ba5a4,1-0,1.0,286,191,260,12.3
737,New-90ba5a4,1/2-1/2,0.5,286,192,260,12.2
738,Base-8d0ff77,1/2-1/2,0.5,286,193,260,12.2
739,New-90ba5a4,1/2-1/2,0.5,286,194,260,12.2
740,Base-8d0ff77,1-0,0.0,286,194,261,11.7
742,Base-8d0ff77,1-0,0.0,286,194,262,11.2
743,New-90ba5a4,0-1,0.0,286,194,263,10.8
744,Base-8d0ff77,0-1,1.0,287,194,263,11.2
746,Base-8d0ff77,0-1,1.0,288,194,263,11.7
745,New-90ba5a4,1/2-1/2,0.5,288,195,263,11.6
747,New-90ba5a4,0-1,0.0,288,195,264,11.2
748,Base-8d0ff77,0-1,1.0,289,195,264,11.6
749,New-90ba5a4,1/2-1/2,0.5,289,196,264,11.6
751,New-90ba5a4,1/2-1/2,0.5,289,197,264,11.6
750,Base-8d0ff77,1-0,0.0,289,197,265,11.1
754,Base-8d0ff77,1/2-1/2,0.5,289,198,265,11.1
753,New-90ba5a4,1-0,1.0,290,198,265,11.5
752,Base-8d0ff77,1-0,0.0,290,198,266,11.1
757,New-90ba5a4,1-0,1.0,291,198,266,11.5
755,New-90ba5a4,0-1,0.0,291,198,267,11.0
756,Base-8d0ff77,0-1,1.0,292,198,267,11.5
762,Base-8d0ff77,1-0,0.0,292,198,268,11.0
758,Base-8d0ff77,1/2-1/2,0.5,292,199,268,11.0
759,New-90ba5a4,1-0,1.0,293,199,268,11.4
761,New-90ba5a4,1/2-1/2,0.5,293,200,268,11.4
760,Base-8d0ff77,1/2-1/2,0.5,293,201,268,11.4
764,Base-8d0ff77,1/2-1/2,0.5,293,202,268,11.4
763,New-90ba5a4,0-1,0.0,293,202,269,10.9
765,New-90ba5a4,1/2-1/2,0.5,293,203,269,10.9
766,Base-8d0ff77,1-0,0.0,293,203,270,10.4
767,New-90ba5a4,1-0,1.0,294,203,270,10.9
769,New-90ba5a4,0-1,0.0,294,203,271,10.4
770,Base-8d0ff77,1-0,0.0,294,203,272,9.9
768,Base-8d0ff77,1-0,0.0,294,203,273,9.5
773,New-90ba5a4,1-0,1.0,295,203,273,9.9
771,New-90ba5a4,0-1,0.0,295,203,274,9.5
772,Base-8d0ff77,1-0,0.0,295,203,275,9.0
774,Base-8d0ff77,1/2-1/2,0.5,295,204,275,9.0
775,New-90ba5a4,1/2-1/2,0.5,295,205,275,9.0
778,Base-8d0ff77,1/2-1/2,0.5,295,206,275,9.0
776,Base-8d0ff77,1-0,0.0,295,206,276,8.5
779,New-90ba5a4,0-1,0.0,295,206,277,8.0
777,New-90ba5a4,0-1,0.0,295,206,278,7.6
781,New-90ba5a4,0-1,0.0,295,206,279,7.1
780,Base-8d0ff77,1-0,0.0,295,206,280,6.7
782,Base-8d0ff77,0-1,1.0,296,206,280,7.1
783,New-90ba5a4,1-0,1.0,297,206,280,7.5
784,Base-8d0ff77,1-0,0.0,297,206,281,7.1
785,New-90ba5a4,1-0,1.0,298,206,281,7.5
788,Base-8d0ff77,1-0,0.0,298,206,282,7.1
786,Base-8d0ff77,0-1,1.0,299,206,282,7.5
787,New-90ba5a4,1-0,1.0,300,206,282,7.9
789,New-90ba5a4,1-0,1.0,301,206,282,8.4
791,New-90ba5a4,1-0,1.0,302,206,282,8.8
790,Base-8d0ff77,1-0,0.0,302,206,283,8.3
793,New-90ba5a4,1-0,1.0,303,206,283,8.8
794,Base-8d0ff77,1/2-1/2,0.5,303,207,283,8.8
792,Base-8d0ff77,1/2-1/2,0.5,303,208,283,8.8
795,New-90ba5a4,0-1,0.0,303,208,284,8.3
799,New-90ba5a4,1/2-1/2,0.5,303,209,284,8.3
797,New-90ba5a4,1/2-1/2,0.5,303,210,284,8.3
796,Base-8d0ff77,0-1,1.0,304,210,284,8.7
798,Base-8d0ff77,1-0,0.0,304,210,285,8.3
802,Base-8d0ff77,1-0,0.0,304,210,286,7.8
800,Base-8d0ff77,1-0,0.0,304,210,287,7.4
803,New-90ba5a4,0-1,0.0,304,210,288,6.9
801,New-90ba5a4,1/2-1/2,0.5,304,211,288,6.9
805,New-90ba5a4,1-0,1.0,305,211,288,7.3
806,Base-8d0ff77,1-0,0.0,305,211,289,6.9
804,Base-8d0ff77,0-1,1.0,306,211,289,7.3
807,New-90ba5a4,1-0,1.0,307,211,289,7.8
808,Base-8d0ff77,1/2-1/2,0.5,307,212,289,7.7
809,New-90ba5a4,1-0,1.0,308,212,289,8.2
811,New-90ba5a4,0-1,0.0,308,212,290,7.7
813,New-90ba5a4,1-0,1.0,309,212,290,8.1
812,Base-8d0ff77,1-0,0.0,309,212,291,7.7
814,Base-8d0ff77,1/2-1/2,0.5,309,213,291,7.7
815,New-90ba5a4,0-1,0.0,309,213,292,7.3
810,Base-8d0ff77,1/2-1/2,0.5,309,214,292,7.2
820,Base-8d0ff77,1/2-1/2,0.5,309,215,292,7.2
818,Base-8d0ff77,0-1,1.0,310,215,292,7.7
817,New-90ba5a4,1-0,1.0,311,215,292,8.1
816,Base-8d0ff77,0-1,1.0,312,215,292,8.5
819,New-90ba5a4,1/2-1/2,0.5,312,216,292,8.5
821,New-90ba5a4,1/2-1/2,0.5,312,217,292,8.5
822,Base-8d0ff77,1-0,0.0,312,217,293,8.0
825,New-90ba5a4,0-1,0.0,312,217,294,7.6
823,New-90ba5a4,1/2-1/2,0.5,312,218,294,7.6
826,Base-8d0ff77,0-1,1.0,313,218,294,8.0
824,Base-8d0ff77,1-0,0.0,313,218,295,7.6
827,New-90ba5a4,1-0,1.0,314,218,295,8.0
830,Base-8d0ff77,1/2-1/2,0.5,314,219,295,8.0
828,Base-8d0ff77,1/2-1/2,0.5,314,220,295,8.0
829,New-90ba5a4,1-0,1.0,315,220,295,8.4
835,New-90ba5a4,1/2-1/2,0.5,315,221,295,8.4
831,New-90ba5a4,1-0,1.0,316,221,295,8.8
833,New-90ba5a4,1-0,1.0,317,221,295,9.2
832,Base-8d0ff77,1-0,0.0,317,221,296,8.8
836,Base-8d0ff77,0-1,1.0,318,221,296,9.2
834,Base-8d0ff77,1-0,0.0,318,221,297,8.7
837,New-90ba5a4,0-1,0.0,318,221,298,8.3
840,Base-8d0ff77,1-0,0.0,318,221,299,7.9
841,New-90ba5a4,0-1,0.0,318,221,300,7.5
839,New-90ba5a4,1-0,1.0,319,221,300,7.9
842,Base-8d0ff77,1/2-1/2,0.5,319,222,300,7.9
838,Base-8d0ff77,1/2-1/2,0.5,319,223,300,7.8
843,New-90ba5a4,1-0,1.0,320,223,300,8.2
844,Base-8d0ff77,0-1,1.0,321,223,300,8.6
846,Base-8d0ff77,1-0,0.0,321,223,301,8.2
849,New-90ba5a4,1-0,1.0,322,223,301,8.6
845,New-90ba5a4,1-0,1.0,323,223,301,9.0
847,New-90ba5a4,1-0,1.0,324,223,301,9.4
851,New-90ba5a4,0-1,0.0,324,223,302,9.0
850,Base-8d0ff77,1-0,0.0,324,223,303,8.6
848,Base-8d0ff77,1/2-1/2,0.5,324,224,303,8.6
852,Base-8d0ff77,1-0,0.0,324,224,304,8.2
854,Base-8d0ff77,1-0,0.0,324,224,305,7.7
855,New-90ba5a4,1-0,1.0,325,224,305,8.1
853,New-90ba5a4,0-1,0.0,325,224,306,7.7
856,Base-8d0ff77,0-1,1.0,326,224,306,8.1
857,New-90ba5a4,1-0,1.0,327,224,306,8.5
859,New-90ba5a4,1/2-1/2,0.5,327,225,306,8.5
858,Base-8d0ff77,1-0,0.0,327,225,307,8.1
860,Base-8d0ff77,1/2-1/2,0.5,327,226,307,8.1
861,New-90ba5a4,1/2-1/2,0.5,327,227,307,8.1
863,New-90ba5a4,0-1,0.0,327,227,308,7.7
862,Base-8d0ff77,1/2-1/2,0.5,327,228,308,7.7
864,Base-8d0ff77,0-1,1.0,328,228,308,8.0
865,New-90ba5a4,1-0,1.0,329,228,308,8.4
868,Base-8d0ff77,1/2-1/2,0.5,329,229,308,8.4
866,Base-8d0ff77,0-1,1.0,330,229,308,8.8
867,New-90ba5a4,1-0,1.0,331,229,308,9.2
869,New-90ba5a4,1-0,1.0,332,229,308,9.6
871,New-90ba5a4,0-1,0.0,332,229,309,9.2
870,Base-8d0ff77,0-1,1.0,333,229,309,9.6
872,Base-8d0ff77,0-1,1.0,334,229,309,10.0
873,New-90ba5a4,1/2-1/2,0.5,334,230,309,10.0
874,Base-8d0ff77,0-1,1.0,335,230,309,10.3
875,New-90ba5a4,1-0,1.0,336,230,309,10.7
877,New-90ba5a4,1-0,1.0,337,230,309,11.1
876,Base-8d0ff77,1-0,0.0,337,230,310,10.7
878,Base-8d0ff77,0-1,1.0,338,230,310,11.1
882,Base-8d0ff77,1-0,0.0,338,230,311,10.7
879,New-90ba5a4,1-0,1.0,339,230,311,11.1
881,New-90ba5a4,1-0,1.0,340,230,311,11.4
880,Base-8d0ff77,0-1,1.0,341,230,311,11.8
883,New-90ba5a4,1-0,1.0,342,230,311,12.2
885,New-90ba5a4,0-1,0.0,342,230,312,11.8
886,Base-8d0ff77,1/2-1/2,0.5,342,231,312,11.8
887,New-90ba5a4,1-0,1.0,343,231,312,12.2
884,Base-8d0ff77,1/2-1/2,0.5,343,232,312,12.1
890,Base-8d0ff77,1-0,0.0,343,232,313,11.7
888,Base-8d0ff77,1-0,0.0,343,232,314,11.3
889,New-90ba5a4,1/2-1/2,0.5,343,233,314,11.3
891,New-90ba5a4,0-1,0.0,343,233,315,10.9
892,Base-8d0ff77,1-0,0.0,343,233,316,10.5
895,New-90ba5a4,1-0,1.0,344,233,316,10.9
893,New-90ba5a4,1-0,1.0,345,233,316,11.3
894,Base-8d0ff77,1-0,0.0,345,233,317,10.9
898,Base-8d0ff77,0-1,1.0,346,233,317,11.2
896,Base-8d0ff77,1-0,0.0,346,233,318,10.8
897,New-90ba5a4,1-0,1.0,347,233,318,11.2
899,New-90ba5a4,1/2-1/2,0.5,347,234,318,11.2
900,Base-8d0ff77,0-1,1.0,348,234,318,11.6
901,New-90ba5a4,1/2-1/2,0.5,348,235,318,11.6
903,New-90ba5a4,0-1,0.0,348,235,319,11.2
902,Base-8d0ff77,0-1,1.0,349,235,319,11.5
904,Base-8d0ff77,1/2-1/2,0.5,349,236,319,11.5
905,New-90ba5a4,1-0,1.0,350,236,319,11.9
906,Base-8d0ff77,0-1,1.0,351,236,319,12.3
907,New-90ba5a4,0-1,0.0,351,236,320,11.9
909,New-90ba5a4,1-0,1.0,352,236,320,12.2
911,New-90ba5a4,1/2-1/2,0.5,352,237,320,12.2
908,Base-8d0ff77,1-0,0.0,352,237,321,11.8
910,Base-8d0ff77,1/2-1/2,0.5,352,238,321,11.8
912,Base-8d0ff77,0-1,1.0,353,238,321,12.2
915,New-90ba5a4,1/2-1/2,0.5,353,239,321,12.2
917,New-90ba5a4,1-0,1.0,354,239,321,12.5
914,Base-8d0ff77,1-0,0.0,354,239,322,12.2
913,New-90ba5a4,0-1,0.0,354,239,323,11.8
916,Base-8d0ff77,1-0,0.0,354,239,324,11.4
919,New-90ba5a4,1-0,1.0,355,239,324,11.7
918,Base-8d0ff77,0-1,1.0,356,239,324,12.1
920,Base-8d0ff77,0-1,1.0,357,239,324,12.5
923,New-90ba5a4,1-0,1.0,358,239,324,12.8
921,New-90ba5a4,1-0,1.0,359,239,324,13.2
922,Base-8d0ff77,1-0,0.0,359,239,325,12.8
927,New-90ba5a4,1-0,1.0,360,239,325,13.2
924,Base-8d0ff77,1-0,0.0,360,239,326,12.8
925,New-90ba5a4,1-0,1.0,361,239,326,13.1
926,Base-8d0ff77,0-1,1.0,362,239,326,13.5
928,Base-8d0ff77,1/2-1/2,0.5,362,240,326,13.5
929,New-90ba5a4,0-1,0.0,362,240,327,13.1
931,New-90ba5a4,1/2-1/2,0.5,362,241,327,13.1
930,Base-8d0ff77,1-0,0.0,362,241,328,12.7
932,Base-8d0ff77,0-1,1.0,363,241,328,13.1
933,New-90ba5a4,0-1,0.0,363,241,329,12.7
934,Base-8d0ff77,1-0,0.0,363,241,330,12.3
935,New-90ba5a4,0-1,0.0,363,241,331,11.9
936,Base-8d0ff77,1-0,0.0,363,241,332,11.5
937,New-90ba5a4,1-0,1.0,364,241,332,11.9
938,Base-8d0ff77,1-0,0.0,364,241,333,11.5
939,New-90ba5a4,0-1,0.0,364,241,334,11.1
941,New-90ba5a4,1/2-1/2,0.5,364,242,334,11.1
940,Base-8d0ff77,0-1,1.0,365,242,334,11.4
942,Base-8d0ff77,1/2-1/2,0.5,365,243,334,11.4
943,New-90ba5a4,1-0,1.0,366,243,334,11.8
944,Base-8d0ff77,1/2-1/2,0.5,366,244,334,11.8
949,New-90ba5a4,1-0,1.0,367,244,334,12.1
946,Base-8d0ff77,0-1,1.0,368,244,334,12.5
945,New-90ba5a4,1-0,1.0,369,244,334,12.8
948,Base-8d0ff77,1-0,0.0,369,244,335,12.5
947,New-90ba5a4,0-1,0.0,369,244,336,12.1
951,New-90ba5a4,0-1,0.0,369,244,337,11.7
950,Base-8d0ff77,1-0,0.0,369,244,338,11.3
952,Base-8d0ff77,1/2-1/2,0.5,369,245,338,11.3
953,New-90ba5a4,1/2-1/2,0.5,369,246,338,11.3
954,Base-8d0ff77,1/2-1/2,0.5,369,247,338,11.3
955,New-90ba5a4,1-0,1.0,370,247,338,11.6
958,Base-8d0ff77,0-1,1.0,371,247,338,12.0
957,New-90ba5a4,0-1,0.0,371,247,339,11.6
956,Base-8d0ff77,0-1,1.0,372,247,339,12.0
960,Base-8d0ff77,0-1,1.0,373,247,339,12.3
959,New-90ba5a4,1-0,1.0,374,247,339,12.7
964,Base-8d0ff77,1-0,0.0,374,247,340,12.3
962,Base-8d0ff77,1-0,0.0,374,247,341,11.9
963,New-90ba5a4,0-1,0.0,374,247,342,11.5
965,New-90ba5a4,1-0,1.0,375,247,342,11.9
966,Base-8d0ff77,0-1,1.0,376,247,342,12.2
961,New-90ba5a4,1/2-1/2,0.5,376,248,342,12.2
968,Base-8d0ff77,0-1,1.0,377,248,342,12.6
967,New-90ba5a4,1/2-1/2,0.5,377,249,342,12.6
972,Base-8d0ff77,1/2-1/2,0.5,377,250,342,12.6
970,Base-8d0ff77,0-1,1.0,378,250,342,12.9
974,Base-8d0ff77,1/2-1/2,0.5,378,251,342,12.9
973,New-90ba5a4,1/2-1/2,0.5,378,252,342,12.9
969,New-90ba5a4,1/2-1/2,0.5,378,253,342,12.9
971,New-90ba5a4,1/2-1/2,0.5,378,254,342,12.8
975,New-90ba5a4,1-0,1.0,379,254,342,13.2
980,Base-8d0ff77,0-1,1.0,380,254,342,13.5
977,New-90ba5a4,1-0,1.0,381,254,342,13.9
978,Base-8d0ff77,1-0,0.0,381,254,343,13.5
976,Base-8d0ff77,0-1,1.0,382,254,343,13.8
979,New-90ba5a4,0-1,0.0,382,254,344,13.5
982,Base-8d0ff77,1-0,0.0,382,254,345,13.1
983,New-90ba5a4,1/2-1/2,0.5,382,255,345,13.1
981,New-90ba5a4,1-0,1.0,383,255,345,13.4
984,Base-8d0ff77,1-0,0.0,383,255,346,13.1
985,New-90ba5a4,1-0,1.0,384,255,346,13.4
988,Base-8d0ff77,1/2-1/2,0.5,384,256,346,13.4
986,Base-8d0ff77,1-0,0.0,384,256,347,13.0
987,New-90ba5a4,0-1,0.0,384,256,348,12.7
994,Base-8d0ff77,1/2-1/2,0.5,384,257,348,12.7
990,Base-8d0ff77,0-1,1.0,385,257,348,13.0
991,New-90ba5a4,1/2-1/2,0.5,385,258,348,13.0
989,New-90ba5a4,0-1,0.0,385,258,349,12.6
992,Base-8d0ff77,1-0,0.0,385,258,350,12.3
993,New-90ba5a4,1/2-1/2,0.5,385,259,350,12.2
995,New-90ba5a4,1-0,1.0,386,259,350,12.6
996,Base-8d0ff77,1/2-1/2,0.5,386,260,350,12.6
997,New-90ba5a4,1-0,1.0,387,260,350,12.9
998,Base-8d0ff77,1-0,0.0,387,260,351,12.5
999,New-90ba5a4,1-0,1.0,388,260,351,12.9
1000,Base-8d0ff77,0-1,1.0,389,260,351,13.2
1004,Base-8d0ff77,0-1,1.0,390,260,351,13.5
1001,New-90ba5a4,1/2-1/2,0.5,390,261,351,13.5
1002,Base-8d0ff77,1-0,0.0,390,261,352,13.2
1003,New-90ba5a4,1-0,1.0,391,261,352,13.5
1006,Base-8d0ff77,1-0,0.0,391,261,353,13.1
1005,New-90ba5a4,1-0,1.0,392,261,353,13.5
1010,Base-8d0ff77,1-0,0.0,392,261,354,13.1
1007,New-90ba5a4,0-1,0.0,392,261,355,12.8
1008,Base-8d0ff77,0-1,1.0,393,261,355,13.1
1011,New-90ba5a4,1-0,1.0,394,261,355,13.4
1009,New-90ba5a4,1/2-1/2,0.5,394,262,355,13.4
1012,Base-8d0ff77,0-1,1.0,395,262,355,13.7
1015,New-90ba5a4,1-0,1.0,396,262,355,14.1
1018,Base-8d0ff77,1/2-1/2,0.5,396,263,355,14.1
1013,New-90ba5a4,0-1,0.0,396,263,356,13.7
1016,Base-8d0ff77,1/2-1/2,0.5,396,264,356,13.7
1014,Base-8d0ff77,1-0,0.0,396,264,357,13.3
1017,New-90ba5a4,1-0,1.0,397,264,357,13.7
1019,New-90ba5a4,1-0,1.0,398,264,357,14.0
1020,Base-8d0ff77,0-1,1.0,399,264,357,14.3
1024,Base-8d0ff77,1/2-1/2,0.5,399,265,357,14.3
1021,New-90ba5a4,0-1,0.0,399,265,358,13.9
1022,Base-8d0ff77,1-0,0.0,399,265,359,13.6
1025,New-90ba5a4,0-1,0.0,399,265,360,13.2
1023,New-90ba5a4,0-1,0.0,399,265,361,12.9
1026,Base-8d0ff77,1-0,0.0,399,265,362,12.5
1028,Base-8d0ff77,0-1,1.0,400,265,362,12.9
1027,New-90ba5a4,0-1,0.0,400,265,363,12.5
1029,New-90ba5a4,0-1,0.0,400,265,364,12.2
1030,Base-8d0ff77,1/2-1/2,0.5,400,266,364,12.1
1031,New-90ba5a4,1-0,1.0,401,266,364,12.5
1032,Base-8d0ff77,1/2-1/2,0.5,401,267,364,12.5
1033,New-90ba5a4,1-0,1.0,402,267,364,12.8
1036,Base-8d0ff77,1/2-1/2,0.5,402,268,364,12.8
1038,Base-8d0ff77,1-0,0.0,402,268,365,12.4
1034,Base-8d0ff77,1/2-1/2,0.5,402,269,365,12.4
1037,New-90ba5a4,1-0,1.0,403,269,365,12.7
1039,New-90ba5a4,0-1,0.0,403,269,366,12.4
1035,New-90ba5a4,0-1,0.0,403,269,367,12.0
1040,Base-8d0ff77,1-0,0.0,403,269,368,11.7
1042,Base-8d0ff77,1-0,0.0,403,269,369,11.4
1041,New-90ba5a4,1-0,1.0,404,269,369,11.7
1043,New-90ba5a4,1-0,1.0,405,269,369,12.0
1046,Base-8d0ff77,0-1,1.0,406,269,369,12.3
1044,Base-8d0ff77,1/2-1/2,0.5,406,270,369,12.3
1047,New-90ba5a4,1-0,1.0,407,270,369,12.6
1045,New-90ba5a4,1/2-1/2,0.5,407,271,369,12.6
1048,Base-8d0ff77,1/2-1/2,0.5,407,272,369,12.6
1049,New-90ba5a4,1-0,1.0,408,272,369,12.9
1051,New-90ba5a4,0-1,0.0,408,272,370,12.6
1054,Base-8d0ff77,1-0,0.0,408,272,371,12.2
1050,Base-8d0ff77,1/2-1/2,0.5,408,273,371,12.2
1056,Base-8d0ff77,1-0,0.0,408,273,372,11.9
1052,Base-8d0ff77,1-0,0.0,408,273,373,11.5
1053,New-90ba5a4,1-0,1.0,409,273,373,11.9
1055,New-90ba5a4,1-0,1.0,410,273,373,12.2
1057,New-90ba5a4,1-0,1.0,411,273,373,12.5
1060,Base-8d0ff77,1-0,0.0,411,273,374,12.2
1058,Base-8d0ff77,0-1,1.0,412,273,374,12.5
1059,New-90ba5a4,1/2-1/2,0.5,412,274,374,12.5
1062,Base-8d0ff77,0-1,1.0,413,274,374,12.8
1063,New-90ba5a4,1/2-1/2,0.5,413,275,374,12.8
1061,New-90ba5a4,0-1,0.0,413,275,375,12.4
1064,Base-8d0ff77,1-0,0.0,413,275,376,12.1
1066,Base-8d0ff77,1/2-1/2,0.5,413,276,376,12.1
1065,New-90ba5a4,0-1,0.0,413,276,377,11.7
1067,New-90ba5a4,0-1,0.0,413,276,378,11.4
1070,Base-8d0ff77,1-0,0.0,413,276,379,11.1
1068,Base-8d0ff77,1-0,0.0,413,276,380,10.7
1072,Base-8d0ff77,0-1,1.0,414,276,380,11.0
1071,New-90ba5a4,1-0,1.0,415,276,380,11.4
1069,New-90ba5a4,1/2-1/2,0.5,415,277,380,11.3
1073,New-90ba5a4,0-1,0.0,415,277,381,11.0
1076,Base-8d0ff77,0-1,1.0,416,277,381,11.3
1075,New-90ba5a4,1-0,1.0,417,277,381,11.6
1078,Base-8d0ff77,0-1,1.0,418,277,381,12.0
1077,New-90ba5a4,0-1,0.0,418,277,382,11.6
1074,Base-8d0ff77,1/2-1/2,0.5,418,278,382,11.6
1079,New-90ba5a4,1/2-1/2,0.5,418,279,382,11.6
1080,Base-8d0ff77,1-0,0.0,418,279,383,11.3
1082,Base-8d0ff77,1-0,0.0,418,279,384,10.9
1081,New-90ba5a4,1-0,1.0,419,279,384,11.2
1085,New-90ba5a4,0-1,0.0,419,279,385,10.9
1083,New-90ba5a4,1-0,1.0,420,279,385,11.2
1087,New-90ba5a4,0-1,0.0,420,279,386,10.9
1084,Base-8d0ff77,1-0,0.0,420,279,387,10.6
1086,Base-8d0ff77,1/2-1/2,0.5,420,280,387,10.6
1089,New-90ba5a4,1-0,1.0,421,280,387,10.9
1088,Base-8d0ff77,0-1,1.0,422,280,387,11.2
1090,Base-8d0ff77,0-1,1.0,423,280,387,11.5
1093,New-90ba5a4,0-1,0.0,423,280,388,11.1
1092,Base-8d0ff77,0-1,1.0,424,280,388,11.5
1094,Base-8d0ff77,0-1,1.0,425,280,388,11.8
1091,New-90ba5a4,1/2-1/2,0.5,425,281,388,11.8
1098,Base-8d0ff77,1/2-1/2,0.5,425,282,388,11.7
1097,New-90ba5a4,1/2-1/2,0.5,425,283,388,11.7
1095,New-90ba5a4,1/2-1/2,0.5,425,284,388,11.7
1096,Base-8d0ff77,0-1,1.0,426,284,388,12.0
1099,New-90ba5a4,1/2-1/2,0.5,426,285,388,12.0
1100,Base-8d0ff77,1-0,0.0,426,285,389,11.7
1103,New-90ba5a4,1/2-1/2,0.5,426,286,389,11.7
1101,New-90ba5a4,0-1,0.0,426,286,390,11.4
1102,Base-8d0ff77,0-1,1.0,427,286,390,11.7
1104,Base-8d0ff77,1-0,0.0,427,286,391,11.3
1106,Base-8d0ff77,0-1,1.0,428,286,391,11.6
1105,New-90ba5a4,0-1,0.0,428,286,392,11.3
1108,Base-8d0ff77,1/2-1/2,0.5,428,287,392,11.3
1107,New-90ba5a4,1-0,1.0,429,287,392,11.6
1113,New-90ba5a4,1-0,1.0,430,287,392,11.9
1110,Base-8d0ff77,1/2-1/2,0.5,430,288,392,11.9
1112,Base-8d0ff77,0-1,1.0,431,288,392,12.2
1109,New-90ba5a4,1/2-1/2,0.5,431,289,392,12.2
1115,New-90ba5a4,1-0,1.0,432,289,392,12.5
1111,New-90ba5a4,1/2-1/2,0.5,432,290,392,12.5
1114,Base-8d0ff77,0-1,1.0,433,290,392,12.8
1116,Base-8d0ff77,1-0,0.0,433,290,393,12.5
1119,New-90ba5a4,1-0,1.0,434,290,393,12.8
1118,Base-8d0ff77,1/2-1/2,0.5,434,291,393,12.7
1122,Base-8d0ff77,1-0,0.0,434,291,394,12.4
1117,New-90ba5a4,0-1,0.0,434,291,395,12.1
1121,New-90ba5a4,0-1,0.0,434,291,396,11.8
1120,Base-8d0ff77,1-0,0.0,434,291,397,11.5
1123,New-90ba5a4,1-0,1.0,435,291,397,11.8
1126,Base-8d0ff77,0-1,1.0,436,291,397,12.1
1124,Base-8d0ff77,1/2-1/2,0.5,436,292,397,12.0
1128,Base-8d0ff77,0-1,1.0,437,292,397,12.3
1127,New-90ba5a4,1-0,1.0,438,292,397,12.6
1130,Base-8d0ff77,0-1,1.0,439,292,397,12.9
1129,New-90ba5a4,1/2-1/2,0.5,439,293,397,12.9
1125,New-90ba5a4,1/2-1/2,0.5,439,294,397,12.9
1131,New-90ba5a4,1/2-1/2,0.5,439,295,397,12.9
1134,Base-8d0ff77,1/2-1/2,0.5,439,296,397,12.9
1132,Base-8d0ff77,1-0,0.0,439,296,398,12.6
1136,Base-8d0ff77,1/2-1/2,0.5,439,297,398,12.6
1135,New-90ba5a4,1/2-1/2,0.5,439,298,398,12.6
1133,New-90ba5a4,1/2-1/2,0.5,439,299,398,12.5
1138,Base-8d0ff77,1-0,0.0,439,299,399,12.2
1137,New-90ba5a4,0-1,0.0,439,299,400,11.9
1139,New-90ba5a4,1-0,1.0,440,299,400,12.2
1140,Base-8d0ff77,1-0,0.0,440,299,401,11.9
1143,New-90ba5a4,0-1,0.0,440,299,402,11.6
1147,New-90ba5a4,1/2-1/2,0.5,440,300,402,11.6
1141,New-90ba5a4,0-1,0.0,440,300,403,11.3
1142,Base-8d0ff77,1-0,0.0,440,300,404,10.9
1145,New-90ba5a4,1-0,1.0,441,300,404,11.2
1144,Base-8d0ff77,0-1,1.0,442,300,404,11.5
1146,Base-8d0ff77,1/2-1/2,0.5,442,301,404,11.5
1148,Base-8d0ff77,0-1,1.0,443,301,404,11.8
1149,New-90ba5a4,1-0,1.0,444,301,404,12.1
1150,Base-8d0ff77,0-1,1.0,445,301,404,12.4
1153,New-90ba5a4,1-0,1.0,446,301,404,12.7
1152,Base-8d0ff77,0-1,1.0,447,301,404,13.0
1151,New-90ba5a4,0-1,0.0,447,301,405,12.7
1155,New-90ba5a4,0-1,0.0,447,301,406,12.3
1154,Base-8d0ff77,1-0,0.0,447,301,407,12.0
1160,Base-8d0ff77,0-1,1.0,448,301,407,12.3
1157,New-90ba5a4,0-1,0.0,448,301,408,12.0
1156,Base-8d0ff77,1/2-1/2,0.5,448,302,408,12.0
1159,New-90ba5a4,1-0,1.0,449,302,408,12.3
1158,Base-8d0ff77,1-0,0.0,449,302,409,12.0
1162,Base-8d0ff77,1-0,0.0,449,302,410,11.7
1161,New-90ba5a4,0-1,0.0,449,302,411,11.4
1163,New-90ba5a4,1-0,1.0,450,302,411,11.7
1164,Base-8d0ff77,1/2-1/2,0.5,450,303,411,11.6
1165,New-90ba5a4,1/2-1/2,0.5,450,304,411,11.6
1166,Base-8d0ff77,0-1,1.0,451,304,411,11.9
1168,Base-8d0ff77,1/2-1/2,0.5,451,305,411,11.9
1167,New-90ba5a4,1/2-1/2,0.5,451,306,411,11.9
1171,New-90ba5a4,1/2-1/2,0.5,451,307,411,11.9
1169,New-90ba5a4,0-1,0.0,451,307,412,11.6
1170,Base-8d0ff77,1-0,0.0,451,307,413,11.3
1176,Base-8d0ff77,0-1,1.0,452,307,413,11.6
1172,Base-8d0ff77,0-1,1.0,453,307,413,11.9
1174,Base-8d0ff77,0-1,1.0,454,307,413,12.1
1175,New-90ba5a4,1-0,1.0,455,307,413,12.4
1173,New-90ba5a4,1/2-1/2,0.5,455,308,413,12.4
1177,New-90ba5a4,1/2-1/2,0.5,455,309,413,12.4
1182,Base-8d0ff77,1/2-1/2,0.5,455,310,413,12.4
1178,Base-8d0ff77,0-1,1.0,456,310,413,12.7
1184,Base-8d0ff77,1/2-1/2,0.5,456,311,413,12.7
1180,Base-8d0ff77,1-0,0.0,456,311,414,12.4
1179,New-90ba5a4,0-1,0.0,456,311,415,12.1
1189,New-90ba5a4,1/2-1/2,0.5,456,312,415,12.0
1188,Base-8d0ff77,1/2-1/2,0.5,456,313,415,12.0
1183,New-90ba5a4,0-1,0.0,456,313,416,11.7
1181,New-90ba5a4,1/2-1/2,0.5,456,314,416,11.7
1186,Base-8d0ff77,0-1,1.0,457,314,416,12.0
1190,Base-8d0ff77,1/2-1/2,0.5,457,315,416,12.0
1187,New-90ba5a4,0-1,0.0,457,315,417,11.7
1185,New-90ba5a4,1/2-1/2,0.5,457,316,417,11.7
1192,Base-8d0ff77,1/2-1/2,0.5,457,317,417,11.7
1191,New-90ba5a4,0-1,0.0,457,317,418,11.4
1196,Base-8d0ff77,0-1,1.0,458,317,418,11.7
1195,New-90ba5a4,1-0,1.0,459,317,418,11.9
1194,Base-8d0ff77,1-0,0.0,459,317,419,11.6
1193,New-90ba5a4,1/2-1/2,0.5,459,318,419,11.6
1197,New-90ba5a4,1/2-1/2,0.5,459,319,419,11.6
1198,Base-8d0ff77,1/2-1/2,0.5,459,320,419,11.6
1199,New-90ba5a4,1-0,1.0,460,320,419,11.9
1202,Base-8d0ff77,1-0,0.0,460,320,420,11.6
1201,New-90ba5a4,1-0,1.0,461,320,420,11.9
1203,New-90ba5a4,1-0,1.0,462,320,420,12.1
1200,Base-8d0ff77,0-1,1.0,463,320,420,12.4
1204,Base-8d0ff77,1/2-1/2,0.5,463,321,420,12.4
1206,Base-8d0ff77,1-0,0.0,463,321,421,12.1
1205,New-90ba5a4,1-0,1.0,464,321,421,12.4
1208,Base-8d0ff77,1/2-1/2,0.5,464,322,421,12.4
1209,New-90ba5a4,1/2-1/2,0.5,464,323,421,12.4
1211,New-90ba5a4,0-1,0.0,464,323,422,12.1
1207,New-90ba5a4,0-1,0.0,464,323,423,11.8
1212,Base-8d0ff77,1-0,0.0,464,323,424,11.5
1210,Base-8d0ff77,1-0,0.0,464,323,425,11.2
1213,New-90ba5a4,1/2-1/2,0.5,464,324,425,11.2
1214,Base-8d0ff77,1-0,0.0,464,324,426,10.9
1215,New-90ba5a4,1-0,1.0,465,324,426,11.2
1216,Base-8d0ff77,1-0,0.0,465,324,427,10.9
1217,New-90ba5a4,1-0,1.0,466,324,427,11.1
1219,New-90ba5a4,1/2-1/2,0.5,466,325,427,11.1
1218,Base-8d0ff77,1-0,0.0,466,325,428,10.8
1222,Base-8d0ff77,0-1,1.0,467,325,428,11.1
1223,New-90ba5a4,1-0,1.0,468,325,428,11.4
1221,New-90ba5a4,0-1,0.0,468,325,429,11.1
1220,Base-8d0ff77,1-0,0.0,468,325,430,10.8
1224,Base-8d0ff77,1/2-1/2,0.5,468,326,430,10.8
1227,New-90ba5a4,1/2-1/2,0.5,468,327,430,10.8
1225,New-90ba5a4,1-0,1.0,469,327,430,11.1
1230,Base-8d0ff77,0-1,1.0,470,327,430,11.3
1229,New-90ba5a4,0-1,0.0,470,327,431,11.0
1228,Base-8d0ff77,0-1,1.0,471,327,431,11.3
1232,Base-8d0ff77,1-0,0.0,471,327,432,11.0
1233,New-90ba5a4,0-1,0.0,471,327,433,10.7
1231,New-90ba5a4,0-1,0.0,471,327,434,10.4
1226,Base-8d0ff77,1/2-1/2,0.5,471,328,434,10.4
1237,New-90ba5a4,0-1,0.0,471,328,435,10.1
1235,New-90ba5a4,0-1,0.0,471,328,436,9.8
1234,Base-8d0ff77,1/2-1/2,0.5,471,329,436,9.8
1236,Base-8d0ff77,0-1,1.0,472,329,436,10.1
1240,Base-8d0ff77,1-0,0.0,472,329,437,9.8
1238,Base-8d0ff77,1-0,0.0,472,329,438,9.5
1241,New-90ba5a4,0-1,0.0,472,329,439,9.2
1243,New-90ba5a4,1-0,1.0,473,329,439,9.5
1242,Base-8d0ff77,1/2-1/2,0.5,473,330,439,9.5
1244,Base-8d0ff77,1-0,0.0,473,330,440,9.2
1239,New-90ba5a4,1/2-1/2,0.5,473,331,440,9.2
1245,New-90ba5a4,0-1,0.0,473,331,441,8.9
1246,Base-8d0ff77,1-0,0.0,473,331,442,8.6
1248,Base-8d0ff77,1-0,0.0,473,331,443,8.4
1247,New-90ba5a4,1/2-1/2,0.5,473,332,443,8.4
1250,Base-8d0ff77,1-0,0.0,473,332,444,8.1
1251,New-90ba5a4,0-1,0.0,473,332,445,7.8
1252,Base-8d0ff77,1-0,0.0,473,332,446,7.5
1249,New-90ba5a4,1/2-1/2,0.5,473,333,446,7.5
1253,New-90ba5a4,1-0,1.0,474,333,446,7.8
1254,Base-8d0ff77,1-0,0.0,474,333,447,7.5
1255,New-90ba5a4,1/2-1/2,0.5,474,334,447,7.5
1257,New-90ba5a4,1/2-1/2,0.5,474,335,447,7.5
1256,Base-8d0ff77,0-1,1.0,475,335,447,7.7
1259,New-90ba5a4,1/2-1/2,0.5,475,336,447,7.7
1260,Base-8d0ff77,1/2-1/2,0.5,475,337,447,7.7
1258,Base-8d0ff77,1-0,0.0,475,337,448,7.4
1261,New-90ba5a4,1-0,1.0,476,337,448,7.7
1262,Base-8d0ff77,1-0,0.0,476,337,449,7.4
1264,Base-8d0ff77,1/2-1/2,0.5,476,338,449,7.4
1265,New-90ba5a4,0-1,0.0,476,338,450,7.1
1267,New-90ba5a4,1-0,1.0,477,338,450,7.4
1263,New-90ba5a4,0-1,0.0,477,338,451,7.1
1266,Base-8d0ff77,0-1,1.0,478,338,451,7.4
1268,Base-8d0ff77,1/2-1/2,0.5,478,339,451,7.4
1269,New-90ba5a4,1-0,1.0,479,339,451,7.7
1274,Base-8d0ff77,1-0,0.0,479,339,452,7.4
1270,Base-8d0ff77,0-1,1.0,480,339,452,7.7
1272,Base-8d0ff77,1-0,0.0,480,339,453,7.4
1273,New-90ba5a4,1-0,1.0,481,339,453,7.6
1271,New-90ba5a4,1/2-1/2,0.5,481,340,453,7.6
1275,New-90ba5a4,1-0,1.0,482,340,453,7.9
1276,Base-8d0ff77,1-0,0.0,482,340,454,7.6
1277,New-90ba5a4,1-0,1.0,483,340,454,7.9
1279,New-90ba5a4,1-0,1.0,484,340,454,8.2
1278,Base-8d0ff77,0-1,1.0,485,340,454,8.4
1284,Base-8d0ff77,1-0,0.0,485,340,455,8.1
1280,Base-8d0ff77,0-1,1.0,486,340,455,8.4
1281,New-90ba5a4,1-0,1.0,487,340,455,8.7
1282,Base-8d0ff77,0-1,1.0,488,340,455,8.9
1287,New-90ba5a4,1/2-1/2,0.5,488,341,455,8.9
1286,Base-8d0ff77,1/2-1/2,0.5,488,342,455,8.9
1285,New-90ba5a4,1/2-1/2,0.5,488,343,455,8.9
1283,New-90ba5a4,1/2-1/2,0.5,488,344,455,8.9
1288,Base-8d0ff77,0-1,1.0,489,344,455,9.2
1290,Base-8d0ff77,1/2-1/2,0.5,489,345,455,9.2
1289,New-90ba5a4,0-1,0.0,489,345,456,8.9
1291,New-90ba5a4,0-1,0.0,489,345,457,8.6
1292,Base-8d0ff77,1-0,0.0,489,345,458,8.3
1294,Base-8d0ff77,0-1,1.0,490,345,458,8.6
1293,New-90ba5a4,1-0,1.0,491,345,458,8.9
1295,New-90ba5a4,0-1,0.0,491,345,459,8.6
1296,Base-8d0ff77,1-0,0.0,491,345,460,8.3
1298,Base-8d0ff77,0-1,1.0,492,345,460,8.6
1297,New-90ba5a4,1/2-1/2,0.5,492,346,460,8.6
1301,New-90ba5a4,0-1,0.0,492,346,461,8.3
1300,Base-8d0ff77,1-0,0.0,492,346,462,8.0
1304,Base-8d0ff77,1/2-1/2,0.5,492,347,462,8.0
1302,Base-8d0ff77,1-0,0.0,492,347,463,7.7
1303,New-90ba5a4,1/2-1/2,0.5,492,348,463,7.7
1299,New-90ba5a4,1/2-1/2,0.5,492,349,463,7.7
1308,Base-8d0ff77,0-1,1.0,493,349,463,8.0
1306,Base-8d0ff77,0-1,1.0,494,349,463,8.2
1305,New-90ba5a4,1/2-1/2,0.5,494,350,463,8.2
1309,New-90ba5a4,0-1,0.0,494,350,464,8.0
1311,New-90ba5a4,1/2-1/2,0.5,494,351,464,8.0
1307,New-90ba5a4,1-0,1.0,495,351,464,8.2
1310,Base-8d0ff77,0-1,1.0,496,351,464,8.5
1312,Base-8d0ff77,1-0,0.0,496,351,465,8.2
1314,Base-8d0ff77,0-1,1.0,497,351,465,8.5
1317,New-90ba5a4,0-1,0.0,497,351,466,8.2
1315,New-90ba5a4,1-0,1.0,498,351,466,8.5
1313,New-90ba5a4,0-1,0.0,498,351,467,8.2
1320,Base-8d0ff77,1/2-1/2,0.5,498,352,467,8.2
1316,Base-8d0ff77,1-0,0.0,498,352,468,7.9
1318,Base-8d0ff77,0-1,1.0,499,352,468,8.2
1319,New-90ba5a4,1-0,1.0,500,352,468,8.4
1321,New-90ba5a4,0-1,0.0,500,352,469,8.2
1326,Base-8d0ff77,1-0,0.0,500,352,470,7.9
1324,Base-8d0ff77,0-1,1.0,501,352,470,8.1
1325,New-90ba5a4,0-1,0.0,501,352,471,7.9
1323,New-90ba5a4,1/2-1/2,0.5,501,353,471,7.9
1328,Base-8d0ff77,0-1,1.0,502,353,471,8.1
1327,New-90ba5a4,1-0,1.0,503,353,471,8.4
1322,Base-8d0ff77,1/2-1/2,0.5,503,354,471,8.4
1334,Base-8d0ff77,1/2-1/2,0.5,503,355,471,8.4
1336,Base-8d0ff77,1-0,0.0,503,355,472,8.1
1329,New-90ba5a4,1-0,1.0,504,355,472,8.4
1331,New-90ba5a4,1-0,1.0,505,355,472,8.6
1335,New-90ba5a4,1/2-1/2,0.5,505,356,472,8.6
1333,New-90ba5a4,1-0,1.0,506,356,472,8.9
1332,Base-8d0ff77,0-1,1.0,507,356,472,9.1
1330,Base-8d0ff77,1/2-1/2,0.5,507,357,472,9.1
1340,Base-8d0ff77,1-0,0.0,507,357,473,8.8
1339,New-90ba5a4,1/2-1/2,0.5,507,358,473,8.8
1341,New-90ba5a4,1-0,1.0,508,358,473,9.1
1337,New-90ba5a4,0-1,0.0,508,358,474,8.8
1342,Base-8d0ff77,0-1,1.0,509,358,474,9.1
1338,Base-8d0ff77,0-1,1.0,510,358,474,9.3
1343,New-90ba5a4,0-1,0.0,510,358,475,9.1
1344,Base-8d0ff77,1-0,0.0,510,358,476,8.8
1348,Base-8d0ff77,0-1,1.0,511,358,476,9.0
1347,New-90ba5a4,0-1,0.0,511,358,477,8.8
1345,New-90ba5a4,1-0,1.0,512,358,477,9.0
1346,Base-8d0ff77,0-1,1.0,513,358,477,9.3
1352,Base-8d0ff77,0-1,1.0,514,358,477,9.5
1350,Base-8d0ff77,0-1,1.0,515,358,477,9.8
1349,New-90ba5a4,0-1,0.0,515,358,478,9.5
1353,New-90ba5a4,1/2-1/2,0.5,515,359,478,9.5
1354,Base-8d0ff77,1-0,0.0,515,359,479,9.2
1351,New-90ba5a4,1-0,1.0,516,359,479,9.5
1355,New-90ba5a4,1/2-1/2,0.5,516,360,479,9.5
1358,Base-8d0ff77,1-0,0.0,516,360,480,9.2
1357,New-90ba5a4,1-0,1.0,517,360,480,9.5
1356,Base-8d0ff77,0-1,1.0,518,360,480,9.7
1359,New-90ba5a4,1-0,1.0,519,360,480,10.0
1360,Base-8d0ff77,1-0,0.0,519,360,481,9.7
1361,New-90ba5a4,1-0,1.0,520,360,481,10.0
1362,Base-8d0ff77,1-0,0.0,520,360,482,9.7
1363,New-90ba5a4,1-0,1.0,521,360,482,9.9
1365,New-90ba5a4,1-0,1.0,522,360,482,10.2
1366,Base-8d0ff77,1-0,0.0,522,360,483,9.9
1367,New-90ba5a4,1-0,1.0,523,360,483,10.2
1364,Base-8d0ff77,1/2-1/2,0.5,523,361,483,10.2
1368,Base-8d0ff77,0-1,1.0,524,361,483,10.4
1371,New-90ba5a4,1-0,1.0,525,361,483,10.7
1369,New-90ba5a4,0-1,0.0,525,361,484,10.4
1370,Base-8d0ff77,0-1,1.0,526,361,484,10.6
1372,Base-8d0ff77,1-0,0.0,526,361,485,10.4
1375,New-90ba5a4,1/2-1/2,0.5,526,362,485,10.4
1373,New-90ba5a4,1/2-1/2,0.5,526,363,485,10.4
1374,Base-8d0ff77,1/2-1/2,0.5,526,364,485,10.4
1377,New-90ba5a4,1-0,1.0,527,364,485,10.6
1376,Base-8d0ff77,0-1,1.0,528,364,485,10.9
1379,New-90ba5a4,1/2-1/2,0.5,528,365,485,10.8
1378,Base-8d0ff77,1/2-1/2,0.5,528,366,485,10.8
1381,New-90ba5a4,1-0,1.0,529,366,485,11.1
1380,Base-8d0ff77,1/2-1/2,0.5,529,367,485,11.1
1382,Base-8d0ff77,1/2-1/2,0.5,529,368,485,11.1
1383,New-90ba5a4,1-0,1.0,530,368,485,11.3
1384,Base-8d0ff77,1/2-1/2,0.5,530,369,485,11.3
1387,New-90ba5a4,1-0,1.0,531,369,485,11.5
1385,New-90ba5a4,1/2-1/2,0.5,531,370,485,11.5
1386,Base-8d0ff77,1-0,0.0,531,370,486,11.3
1388,Base-8d0ff77,0-1,1.0,532,370,486,11.5
1389,New-90ba5a4,1/2-1/2,0.5,532,371,486,11.5
1390,Base-8d0ff77,1-0,0.0,532,371,487,11.3
1391,New-90ba5a4,1-0,1.0,533,371,487,11.5
1394,Base-8d0ff77,1-0,0.0,533,371,488,11.2
1393,New-90ba5a4,0-1,0.0,533,371,489,11.0
1392,Base-8d0ff77,1/2-1/2,0.5,533,372,489,11.0
1396,Base-8d0ff77,1/2-1/2,0.5,533,373,489,11.0
1397,New-90ba5a4,1/2-1/2,0.5,533,374,489,11.0
1395,New-90ba5a4,1-0,1.0,534,374,489,11.2
1398,Base-8d0ff77,1-0,0.0,534,374,490,10.9
1401,New-90ba5a4,0-1,0.0,534,374,491,10.7
1402,Base-8d0ff77,1-0,0.0,534,374,492,10.4
1399,New-90ba5a4,0-1,0.0,534,374,493,10.2
1400,Base-8d0ff77,1/2-1/2,0.5,534,375,493,10.2
1405,New-90ba5a4,0-1,0.0,534,375,494,9.9
1404,Base-8d0ff77,0-1,1.0,535,375,494,10.1
1403,New-90ba5a4,1/2-1/2,0.5,535,376,494,10.1
1410,Base-8d0ff77,0-1,1.0,536,376,494,10.4
1406,Base-8d0ff77,1-0,0.0,536,376,495,10.1
1407,New-90ba5a4,0-1,0.0,536,376,496,9.9
1409,New-90ba5a4,0-1,0.0,536,376,497,9.6
1408,Base-8d0ff77,1/2-1/2,0.5,536,377,497,9.6
1412,Base-8d0ff77,1/2-1/2,0.5,536,378,497,9.6
1411,New-90ba5a4,1-0,1.0,537,378,497,9.8
1414,Base-8d0ff77,1-0,0.0,537,378,498,9.6
1413,New-90ba5a4,1-0,1.0,538,378,498,9.8
1417,New-90ba5a4,0-1,0.0,538,378,499,9.6
1418,Base-8d0ff77,1-0,0.0,538,378,500,9.3
1416,Base-8d0ff77,1-0,0.0,538,378,501,9.1
1415,New-90ba5a4,0-1,0.0,538,378,502,8.8
1420,Base-8d0ff77,0-1,1.0,539,378,502,9.1
1419,New-90ba5a4,1-0,1.0,540,378,502,9.3
1425,New-90ba5a4,0-1,0.0,540,378,503,9.0
1421,New-90ba5a4,1-0,1.0,541,378,503,9.3
1428,Base-8d0ff77,1/2-1/2,0.5,541,379,503,9.3
1424,Base-8d0ff77,1/2-1/2,0.5,541,380,503,9.3
1422,Base-8d0ff77,0-1,1.0,542,380,503,9.5
1423,New-90ba5a4,1/2-1/2,0.5,542,381,503,9.5
1427,New-90ba5a4,1/2-1/2,0.5,542,382,503,9.5
1426,Base-8d0ff77,1-0,0.0,542,382,504,9.2
1429,New-90ba5a4,1-0,1.0,543,382,504,9.5
1432,Base-8d0ff77,1-0,0.0,543,382,505,9.2
1431,New-90ba5a4,0-1,0.0,543,382,506,9.0
1430,Base-8d0ff77,1-0,0.0,543,382,507,8.7
1435,New-90ba5a4,0-1,0.0,543,382,508,8.5
1433,New-90ba5a4,1/2-1/2,0.5,543,383,508,8.5
1434,Base-8d0ff77,1-0,0.0,543,383,509,8.2
1436,Base-8d0ff77,1/2-1/2,0.5,543,384,509,8.2
1437,New-90ba5a4,1-0,1.0,544,384,509,8.5
1438,Base-8d0ff77,1-0,0.0,544,384,510,8.2
1439,New-90ba5a4,0-1,0.0,544,384,511,8.0
1440,Base-8d0ff77,1/2-1/2,0.5,544,385,511,8.0
1444,Base-8d0ff77,0-1,1.0,545,385,511,8.2
1441,New-90ba5a4,0-1,0.0,545,385,512,8.0
1442,Base-8d0ff77,0-1,1.0,546,385,512,8.2
1443,New-90ba5a4,1/2-1/2,0.5,546,386,512,8.2
1447,New-90ba5a4,1/2-1/2,0.5,546,387,512,8.2
1445,New-90ba5a4,1-0,1.0,547,387,512,8.4
1448,Base-8d0ff77,1/2-1/2,0.5,547,388,512,8.4
1446,Base-8d0ff77,1-0,0.0,547,388,513,8.2
1449,New-90ba5a4,1/2-1/2,0.5,547,389,513,8.2
1450,Base-8d0ff77,1-0,0.0,547,389,514,7.9
1451,New-90ba5a4,1/2-1/2,0.5,547,390,514,7.9
1453,New-90ba5a4,1-0,1.0,548,390,514,8.1
1452,Base-8d0ff77,1/2-1/2,0.5,548,391,514,8.1
1455,New-90ba5a4,1/2-1/2,0.5,548,392,514,8.1
1454,Base-8d0ff77,1/2-1/2,0.5,548,393,514,8.1
1457,New-90ba5a4,1-0,1.0,549,393,514,8.4
1456,Base-8d0ff77,1-0,0.0,549,393,515,8.1
1458,Base-8d0ff77,1/2-1/2,0.5,549,394,515,8.1
1459,New-90ba5a4,1-0,1.0,550,394,515,8.3
1460,Base-8d0ff77,1-0,0.0,550,394,516,8.1
1465,New-90ba5a4,1/2-1/2,0.5,550,395,516,8.1
1462,Base-8d0ff77,0-1,1.0,551,395,516,8.3
1461,New-90ba5a4,0-1,0.0,551,395,517,8.1
1464,Base-8d0ff77,1-0,0.0,551,395,518,7.8
1463,New-90ba5a4,0-1,0.0,551,395,519,7.6
1466,Base-8d0ff77,0-1,1.0,552,395,519,7.8
1468,Base-8d0ff77,1-0,0.0,552,395,520,7.6
1467,New-90ba5a4,1-0,1.0,553,395,520,7.8
1470,Base-8d0ff77,1-0,0.0,553,395,521,7.6
1469,New-90ba5a4,1-0,1.0,554,395,521,7.8
1471,New-90ba5a4,1/2-1/2,0.5,554,396,521,7.8
1479,New-90ba5a4,0-1,0.0,554,396,522,7.6
1480,Base-8d0ff77,0-1,1.0,555,396,522,7.8
1472,Base-8d0ff77,1-0,0.0,555,396,523,7.5
1473,New-90ba5a4,0-1,0.0,555,396,524,7.3
1474,Base-8d0ff77,1-0,0.0,555,396,525,7.1
1478,Base-8d0ff77,0-1,1.0,556,396,525,7.3
1476,Base-8d0ff77,1-0,0.0,556,396,526,7.1
1477,New-90ba5a4,1/2-1/2,0.5,556,397,526,7.0
1475,New-90ba5a4,1-0,1.0,557,397,526,7.3
1482,Base-8d0ff77,0-1,1.0,558,397,526,7.5
1483,New-90ba5a4,1/2-1/2,0.5,558,398,526,7.5
1481,New-90ba5a4,0-1,0.0,558,398,527,7.3
1485,New-90ba5a4,1/2-1/2,0.5,558,399,527,7.3
1484,Base-8d0ff77,1/2-1/2,0.5,558,400,527,7.3
1486,Base-8d0ff77,1-0,0.0,558,400,528,7.0
1487,New-90ba5a4,0-1,0.0,558,400,529,6.8
1488,Base-8d0ff77,0-1,1.0,559,400,529,7.0
1489,New-90ba5a4,1-0,1.0,560,400,529,7.2
1490,Base-8d0ff77,1-0,0.0,560,400,530,7.0
1491,New-90ba5a4,0-1,0.0,560,400,531,6.8
1494,Base-8d0ff77,1-0,0.0,560,400,532,6.5
1493,New-90ba5a4,1-0,1.0,561,400,532,6.7
1492,Base-8d0ff77,1/2-1/2,0.5,561,401,532,6.7
1495,New-90ba5a4,1-0,1.0,562,401,532,7.0
1496,Base-8d0ff77,1-0,0.0,562,401,533,6.7
1500,Base-8d0ff77,1/2-1/2,0.5,562,402,533,6.7
1497,New-90ba5a4,1-0,1.0,563,402,533,7.0
1498,Base-8d0ff77,0-1,1.0,564,402,533,7.2
1499,New-90ba5a4,1/2-1/2,0.5,564,403,533,7.2
1503,New-90ba5a4,0-1,0.0,564,403,534,6.9
1505,New-90ba5a4,1/2-1/2,0.5,564,404,534,6.9
1504,Base-8d0ff77,0-1,1.0,565,404,534,7.2
1507,New-90ba5a4,1/2-1/2,0.5,565,405,534,7.2
1501,New-90ba5a4,1/2-1/2,0.5,565,406,534,7.2
1502,Base-8d0ff77,1/2-1/2,0.5,565,407,534,7.2
1506,Base-8d0ff77,1/2-1/2,0.5,565,408,534,7.1
1508,Base-8d0ff77,1-0,0.0,565,408,535,6.9
1511,New-90ba5a4,1-0,1.0,566,408,535,7.1
1509,New-90ba5a4,0-1,0.0,566,408,536,6.9
1514,Base-8d0ff77,1/2-1/2,0.5,566,409,536,6.9
1512,Base-8d0ff77,0-1,1.0,567,409,536,7.1
1510,Base-8d0ff77,1/2-1/2,0.5,567,410,536,7.1
1515,New-90ba5a4,0-1,0.0,567,410,537,6.9
1513,New-90ba5a4,0-1,0.0,567,410,538,6.7
1516,Base-8d0ff77,0-1,1.0,568,410,538,6.9
1518,Base-8d0ff77,1-0,0.0,568,410,539,6.6
1517,New-90ba5a4,0-1,0.0,568,410,540,6.4
1521,New-90ba5a4,0-1,0.0,568,410,541,6.2
1519,New-90ba5a4,1-0,1.0,569,410,541,6.4
1520,Base-8d0ff77,1-0,0.0,569,410,542,6.2
1523,New-90ba5a4,1-0,1.0,570,410,542,6.4
1524,Base-8d0ff77,0-1,1.0,571,410,542,6.6
1522,Base-8d0ff77,0-1,1.0,572,410,542,6.8
1527,New-90ba5a4,0-1,0.0,572,410,543,6.6
1528,Base-8d0ff77,1-0,0.0,572,410,544,6.4
1529,New-90ba5a4,1-0,1.0,573,410,544,6.6
1530,Base-8d0ff77,1-0,0.0,573,410,545,6.4
1532,Base-8d0ff77,1-0,0.0,573,410,546,6.1
1525,New-90ba5a4,1/2-1/2,0.5,573,411,546,6.1
1526,Base-8d0ff77,1/2-1/2,0.5,573,412,546,6.1
1531,New-90ba5a4,1-0,1.0,574,412,546,6.4
1533,New-90ba5a4,1/2-1/2,0.5,574,413,546,6.3
1534,Base-8d0ff77,1/2-1/2,0.5,574,414,546,6.3
1539,New-90ba5a4,1-0,1.0,575,414,546,6.6
1535,New-90ba5a4,0-1,0.0,575,414,547,6.3
1536,Base-8d0ff77,0-1,1.0,576,414,547,6.6
1538,Base-8d0ff77,1-0,0.0,576,414,548,6.3
1537,New-90ba5a4,1-0,1.0,577,414,548,6.5
1540,Base-8d0ff77,1/2-1/2,0.5,577,415,548,6.5
1541,New-90ba5a4,1-0,1.0,578,415,548,6.8
1543,New-90ba5a4,0-1,0.0,578,415,549,6.5
1542,Base-8d0ff77,1-0,0.0,578,415,550,6.3
1544,Base-8d0ff77,0-1,1.0,579,415,550,6.5
1545,New-90ba5a4,1/2-1/2,0.5,579,416,550,6.5
1546,Base-8d0ff77,0-1,1.0,580,416,550,6.7
1548,Base-8d0ff77,0-1,1.0,581,416,550,7.0
1547,New-90ba5a4,1/2-1/2,0.5,581,417,550,7.0
1549,New-90ba5a4,1/2-1/2,0.5,581,418,550,7.0
1551,New-90ba5a4,1-0,1.0,582,418,550,7.2
1550,Base-8d0ff77,1-0,0.0,582,418,551,6.9
1553,New-90ba5a4,1/2-1/2,0.5,582,419,551,6.9
1555,New-90ba5a4,0-1,0.0,582,419,552,6.7
1554,Base-8d0ff77,1/2-1/2,0.5,582,420,552,6.7
1552,Base-8d0ff77,0-1,1.0,583,420,552,6.9
1556,Base-8d0ff77,0-1,1.0,584,420,552,7.1
1558,Base-8d0ff77,1-0,0.0,584,420,553,6.9
1557,New-90ba5a4,0-1,0.0,584,420,554,6.7
1559,New-90ba5a4,0-1,0.0,584,420,555,6.5
1562,Base-8d0ff77,1/2-1/2,0.5,584,421,555,6.5
1561,New-90ba5a4,1/2-1/2,0.5,584,422,555,6.5
1560,Base-8d0ff77,1-0,0.0,584,422,556,6.2
1567,New-90ba5a4,1/2-1/2,0.5,584,423,556,6.2
1563,New-90ba5a4,0-1,0.0,584,423,557,6.0
1564,Base-8d0ff77,1/2-1/2,0.5,584,424,557,6.0
1566,Base-8d0ff77,0-1,1.0,585,424,557,6.2
1565,New-90ba5a4,0-1,0.0,585,424,558,6.0
1570,Base-8d0ff77,0-1,1.0,586,424,558,6.2
1568,Base-8d0ff77,1-0,0.0,586,424,559,6.0
1571,New-90ba5a4,0-1,0.0,586,424,560,5.8
1569,New-90ba5a4,0-1,0.0,586,424,561,5.5
1573,New-90ba5a4,1-0,1.0,587,424,561,5.7
1572,Base-8d0ff77,1/2-1/2,0.5,587,425,561,5.7
1575,New-90ba5a4,1-0,1.0,588,425,561,6.0
1574,Base-8d0ff77,0-1,1.0,589,425,561,6.2
1577,New-90ba5a4,1-0,1.0,590,425,561,6.4
1576,Base-8d0ff77,1/2-1/2,0.5,590,426,561,6.4
1579,New-90ba5a4,1/2-1/2,0.5,590,427,561,6.4
1580,Base-8d0ff77,1/2-1/2,0.5,590,428,561,6.4
1581,New-90ba5a4,0-1,0.0,590,428,562,6.2
1583,New-90ba5a4,0-1,0.0,590,428,563,5.9
1582,Base-8d0ff77,1-0,0.0,590,428,564,5.7
1585,New-90ba5a4,0-1,0.0,590,428,565,5.5
1578,Base-8d0ff77,1-0,0.0,590,428,566,5.3
1587,New-90ba5a4,0-1,0.0,590,428,567,5.0
1584,Base-8d0ff77,1-0,0.0,590,428,568,4.8
1586,Base-8d0ff77,1/2-1/2,0.5,590,429,568,4.8
1588,Base-8d0ff77,0-1,1.0,591,429,568,5.0
1589,New-90ba5a4,0-1,0.0,591,429,569,4.8
1592,Base-8d0ff77,1-0,0.0,591,429,570,4.6
1591,New-90ba5a4,1/2-1/2,0.5,591,430,570,4.6
1594,Base-8d0ff77,0-1,1.0,592,430,570,4.8
1590,Base-8d0ff77,1-0,0.0,592,430,571,4.6
1593,New-90ba5a4,1-0,1.0,593,430,571,4.8
1595,New-90ba5a4,1-0,1.0,594,430,571,5.0
1598,Base-8d0ff77,1-0,0.0,594,430,572,4.8
1596,Base-8d0ff77,1/2-1/2,0.5,594,431,572,4.8
1599,New-90ba5a4,1/2-1/2,0.5,594,432,572,4.8
1597,New-90ba5a4,1-0,1.0,595,432,572,5.0
1601,New-90ba5a4,1-0,1.0,596,432,572,5.2
1602,Base-8d0ff77,0-1,1.0,597,432,572,5.4
1603,New-90ba5a4,1-0,1.0,598,432,572,5.6
1600,Base-8d0ff77,1/2-1/2,0.5,598,433,572,5.6
1606,Base-8d0ff77,1/2-1/2,0.5,598,434,572,5.6
1605,New-90ba5a4,0-1,0.0,598,434,573,5.4
1604,Base-8d0ff77,1-0,0.0,598,434,574,5.2
1607,New-90ba5a4,1-0,1.0,599,434,574,5.4
1609,New-90ba5a4,1-0,1.0,600,434,574,5.6
1610,Base-8d0ff77,0-1,1.0,601,434,574,5.8
1612,Base-8d0ff77,0-1,1.0,602,434,574,6.0
1611,New-90ba5a4,0-1,0.0,602,434,575,5.8
1608,Base-8d0ff77,1-0,0.0,602,434,576,5.6
1615,New-90ba5a4,0-1,0.0,602,434,577,5.4
1613,New-90ba5a4,1-0,1.0,603,434,577,5.6
1614,Base-8d0ff77,0-1,1.0,604,434,577,5.8
1617,New-90ba5a4,1/2-1/2,0.5,604,435,577,5.8
1616,Base-8d0ff77,1-0,0.0,604,435,578,5.6
1620,Base-8d0ff77,1-0,0.0,604,435,579,5.4
1619,New-90ba5a4,1/2-1/2,0.5,604,436,579,5.4
1618,Base-8d0ff77,1-0,0.0,604,436,580,5.1
1621,New-90ba5a4,1-0,1.0,605,436,580,5.4
1622,Base-8d0ff77,1-0,0.0,605,436,581,5.1
1624,Base-8d0ff77,1/2-1/2,0.5,605,437,581,5.1
1625,New-90ba5a4,1/2-1/2,0.5,605,438,581,5.1
1623,New-90ba5a4,1/2-1/2,0.5,605,439,581,5.1
1626,Base-8d0ff77,0-1,1.0,606,439,581,5.3
1627,New-90ba5a4,1-0,1.0,607,439,581,5.6
1628,Base-8d0ff77,1-0,0.0,607,439,582,5.3
1629,New-90ba5a4,1-0,1.0,608,439,582,5.5
1630,Base-8d0ff77,0-1,1.0,609,439,582,5.8
1632,Base-8d0ff77,1-0,0.0,609,439,583,5.5
1631,New-90ba5a4,1-0,1.0,610,439,583,5.7
1633,New-90ba5a4,1-0,1.0,611,439,583,6.0
1634,Base-8d0ff77,1/2-1/2,0.5,611,440,583,6.0
1635,New-90ba5a4,0-1,0.0,611,440,584,5.7
1636,Base-8d0ff77,1/2-1/2,0.5,611,441,584,5.7
1639,New-90ba5a4,0-1,0.0,611,441,585,5.5
1637,New-90ba5a4,0-1,0.0,611,441,586,5.3
1638,Base-8d0ff77,1/2-1/2,0.5,611,442,586,5.3
1640,Base-8d0ff77,1-0,0.0,611,442,587,5.1
1641,New-90ba5a4,1-0,1.0,612,442,587,5.3
1645,New-90ba5a4,1/2-1/2,0.5,612,443,587,5.3
1643,New-90ba5a4,0-1,0.0,612,443,588,5.1
1642,Base-8d0ff77,1/2-1/2,0.5,612,444,588,5.1
1644,Base-8d0ff77,0-1,1.0,613,444,588,5.3
1646,Base-8d0ff77,1-0,0.0,613,444,589,5.1
1647,New-90ba5a4,1/2-1/2,0.5,613,445,589,5.1
1648,Base-8d0ff77,1/2-1/2,0.5,613,446,589,5.1
1649,New-90ba5a4,1-0,1.0,614,446,589,5.3
1650,Base-8d0ff77,1/2-1/2,0.5,614,447,589,5.3
1652,Base-8d0ff77,0-1,1.0,615,447,589,5.5
1651,New-90ba5a4,0-1,0.0,615,447,590,5.3
1654,Base-8d0ff77,0-1,1.0,616,447,590,5.5
1655,New-90ba5a4,1-0,1.0,617,447,590,5.7
1653,New-90ba5a4,1/2-1/2,0.5,617,448,590,5.7
1657,New-90ba5a4,1-0,1.0,618,448,590,5.9
1656,Base-8d0ff77,0-1,1.0,619,448,590,6.1
1661,New-90ba5a4,0-1,0.0,619,448,591,5.9
1659,New-90ba5a4,1-0,1.0,620,448,591,6.1
1658,Base-8d0ff77,1/2-1/2,0.5,620,449,591,6.1
1660,Base-8d0ff77,0-1,1.0,621,449,591,6.3
1663,New-90ba5a4,0-1,0.0,621,449,592,6.1
1662,Base-8d0ff77,0-1,1.0,622,449,592,6.3
1664,Base-8d0ff77,0-1,1.0,623,449,592,6.5
1666,Base-8d0ff77,0-1,1.0,624,449,592,6.7
1667,New-90ba5a4,1-0,1.0,625,449,592,6.9
1671,New-90ba5a4,1-0,1.0,626,449,592,7.1
1668,Base-8d0ff77,1-0,0.0,626,449,593,6.9
1669,New-90ba5a4,0-1,0.0,626,449,594,6.7
1665,New-90ba5a4,1-0,1.0,627,449,594,6.9
1670,Base-8d0ff77,0-1,1.0,628,449,594,7.1
1674,Base-8d0ff77,1-0,0.0,628,449,595,6.9
1673,New-90ba5a4,1-0,1.0,629,449,595,7.1
1676,Base-8d0ff77,0-1,1.0,630,449,595,7.3
1675,New-90ba5a4,1-0,1.0,631,449,595,7.5
1678,Base-8d0ff77,0-1,1.0,632,449,595,7.7
1672,Base-8d0ff77,1/2-1/2,0.5,632,450,595,7.7
1677,New-90ba5a4,1-0,1.0,633,450,595,7.9
1680,Base-8d0ff77,1-0,0.0,633,450,596,7.7
1679,New-90ba5a4,1-0,1.0,634,450,596,7.9
1681,New-90ba5a4,1/2-1/2,0.5,634,451,596,7.9
1683,New-90ba5a4,0-1,0.0,634,451,597,7.6
1682,Base-8d0ff77,0-1,1.0,635,451,597,7.8
1684,Base-8d0ff77,0-1,1.0,636,451,597,8.0
1685,New-90ba5a4,1/2-1/2,0.5,636,452,597,8.0
1691,New-90ba5a4,0-1,0.0,636,452,598,7.8
1686,Base-8d0ff77,1-0,0.0,636,452,599,7.6
1688,Base-8d0ff77,0-1,1.0,637,452,599,7.8
1687,New-90ba5a4,1/2-1/2,0.5,637,453,599,7.8
1689,New-90ba5a4,1/2-1/2,0.5,637,454,599,7.8
1692,Base-8d0ff77,0-1,1.0,638,454,599,8.0
1690,Base-8d0ff77,1/2-1/2,0.5,638,455,599,8.0
1693,New-90ba5a4,0-1,0.0,638,455,600,7.8
1695,New-90ba5a4,1/2-1/2,0.5,638,456,600,7.8
1694,Base-8d0ff77,1-0,0.0,638,456,601,7.6
1697,New-90ba5a4,0-1,0.0,638,456,602,7.4
1696,Base-8d0ff77,1/2-1/2,0.5,638,457,602,7.4
1699,New-90ba5a4,0-1,0.0,638,457,603,7.2
1698,Base-8d0ff77,0-1,1.0,639,457,603,7.4
1700,Base-8d0ff77,1-0,0.0,639,457,604,7.2
1701,New-90ba5a4,1-0,1.0,640,457,604,7.4
1703,New-90ba5a4,1-0,1.0,641,457,604,7.6
1702,Base-8d0ff77,1-0,0.0,641,457,605,7.3
1704,Base-8d0ff77,0-1,1.0,642,457,605,7.5
1707,New-90ba5a4,1/2-1/2,0.5,642,458,605,7.5
1705,New-90ba5a4,1/2-1/2,0.5,642,459,605,7.5
1706,Base-8d0ff77,1/2-1/2,0.5,642,460,605,7.5
1708,Base-8d0ff77,0-1,1.0,643,460,605,7.7
1710,Base-8d0ff77,0-1,1.0,644,460,605,7.9
1709,New-90ba5a4,1-0,1.0,645,460,605,8.1
1712,Base-8d0ff77,0-1,1.0,646,460,605,8.3
1718,Base-8d0ff77,1-0,0.0,646,460,606,8.1
1711,New-90ba5a4,1/2-1/2,0.5,646,461,606,8.1
1715,New-90ba5a4,0-1,0.0,646,461,607,7.9
1713,New-90ba5a4,1-0,1.0,647,461,607,8.1
1714,Base-8d0ff77,1/2-1/2,0.5,647,462,607,8.1
1716,Base-8d0ff77,1/2-1/2,0.5,647,463,607,8.1
1717,New-90ba5a4,1/2-1/2,0.5,647,464,607,8.1
1719,New-90ba5a4,0-1,0.0,647,464,608,7.9
1721,New-90ba5a4,1/2-1/2,0.5,647,465,608,7.9
1725,New-90ba5a4,1-0,1.0,648,465,608,8.1
1722,Base-8d0ff77,0-1,1.0,649,465,608,8.3
1720,Base-8d0ff77,0-1,1.0,650,465,608,8.5
1724,Base-8d0ff77,0-1,1.0,651,465,608,8.7
1723,New-90ba5a4,0-1,0.0,651,465,609,8.5
1730,Base-8d0ff77,1/2-1/2,0.5,651,466,609,8.5
1726,Base-8d0ff77,1-0,0.0,651,466,610,8.2
1731,New-90ba5a4,1/2-1/2,0.5,651,467,610,8.2
1727,New-90ba5a4,0-1,0.0,651,467,611,8.0
1729,New-90ba5a4,1/2-1/2,0.5,651,468,611,8.0
1735,New-90ba5a4,1/2-1/2,0.5,651,469,611,8.0
1728,Base-8d0ff77,1/2-1/2,0.5,651,470,611,8.0
1732,Base-8d0ff77,1-0,0.0,651,470,612,7.8
1733,New-90ba5a4,1-0,1.0,652,470,612,8.0
1734,Base-8d0ff77,0-1,1.0,653,470,612,8.2
1736,Base-8d0ff77,1-0,0.0,653,470,613,8.0
1738,Base-8d0ff77,1-0,0.0,653,470,614,7.8
1741,New-90ba5a4,0-1,0.0,653,470,615,7.6
1739,New-90ba5a4,0-1,0.0,653,470,616,7.4
1743,New-90ba5a4,0-1,0.0,653,470,617,7.2
1737,New-90ba5a4,1/2-1/2,0.5,653,471,617,7.2
1740,Base-8d0ff77,0-1,1.0,654,471,617,7.4
1745,New-90ba5a4,1-0,1.0,655,471,617,7.6
1742,Base-8d0ff77,0-1,1.0,656,471,617,7.8
1744,Base-8d0ff77,1-0,0.0,656,471,618,7.6
1748,Base-8d0ff77,1/2-1/2,0.5,656,472,618,7.6
1746,Base-8d0ff77,0-1,1.0,657,472,618,7.8
1747,New-90ba5a4,0-1,0.0,657,472,619,7.6
1749,New-90ba5a4,1-0,1.0,658,472,619,7.7
1750,Base-8d0ff77,1-0,0.0,658,472,620,7.5
1753,New-90ba5a4,1-0,1.0,659,472,620,7.7
1751,New-90ba5a4,1/2-1/2,0.5,659,473,620,7.7
1752,Base-8d0ff77,1-0,0.0,659,473,621,7.5
1755,New-90ba5a4,1-0,1.0,660,473,621,7.7
1754,Base-8d0ff77,1/2-1/2,0.5,660,474,621,7.7
1758,Base-8d0ff77,1-0,0.0,660,474,622,7.5
1756,Base-8d0ff77,1-0,0.0,660,474,623,7.3
1757,New-90ba5a4,1-0,1.0,661,474,623,7.5
1759,New-90ba5a4,1-0,1.0,662,474,623,7.7
1760,Base-8d0ff77,1/2-1/2,0.5,662,475,623,7.7
1761,New-90ba5a4,0-1,0.0,662,475,624,7.5
1763,New-90ba5a4,0-1,0.0,662,475,625,7.3
1762,Base-8d0ff77,0-1,1.0,663,475,625,7.5
1765,New-90ba5a4,1-0,1.0,664,475,625,7.7
1764,Base-8d0ff77,1-0,0.0,664,475,626,7.5
1766,Base-8d0ff77,1-0,0.0,664,475,627,7.3
1769,New-90ba5a4,1/2-1/2,0.5,664,476,627,7.3
1767,New-90ba5a4,1-0,1.0,665,476,627,7.5
1770,Base-8d0ff77,1/2-1/2,0.5,665,477,627,7.5
1768,Base-8d0ff77,0-1,1.0,666,477,627,7.7
1773,New-90ba5a4,1-0,1.0,667,477,627,7.8
1772,Base-8d0ff77,1/2-1/2,0.5,667,478,627,7.8
1771,New-90ba5a4,1/2-1/2,0.5,667,479,627,7.8
1776,Base-8d0ff77,1-0,0.0,667,479,628,7.6
1774,Base-8d0ff77,1-0,0.0,667,479,629,7.4
1778,Base-8d0ff77,0-1,1.0,668,479,629,7.6
1779,New-90ba5a4,0-1,0.0,668,479,630,7.4
1777,New-90ba5a4,1/2-1/2,0.5,668,480,630,7.4
1775,New-90ba5a4,1/2-1/2,0.5,668,481,630,7.4
1781,New-90ba5a4,1/2-1/2,0.5,668,482,630,7.4
1780,Base-8d0ff77,1-0,0.0,668,482,631,7.2
1782,Base-8d0ff77,1/2-1/2,0.5,668,483,631,7.2
1787,New-90ba5a4,1/2-1/2,0.5,668,484,631,7.2
1783,New-90ba5a4,0-1,0.0,668,484,632,7.0
1786,Base-8d0ff77,0-1,1.0,669,484,632,7.2
1785,New-90ba5a4,0-1,0.0,669,484,633,7.0
1788,Base-8d0ff77,1/2-1/2,0.5,669,485,633,7.0
1784,Base-8d0ff77,1-0,0.0,669,485,634,6.8
1791,New-90ba5a4,1/2-1/2,0.5,669,486,634,6.8
1790,Base-8d0ff77,0-1,1.0,670,486,634,7.0
1789,New-90ba5a4,1/2-1/2,0.5,670,487,634,7.0
1792,Base-8d0ff77,0-1,1.0,671,487,634,7.2
1794,Base-8d0ff77,0-1,1.0,672,487,634,7.4
1795,New-90ba5a4,1-0,1.0,673,487,634,7.6
1793,New-90ba5a4,1-0,1.0,674,487,634,7.7
1796,Base-8d0ff77,0-1,1.0,675,487,634,7.9
1798,Base-8d0ff77,1/2-1/2,0.5,675,488,634,7.9
1797,New-90ba5a4,0-1,0.0,675,488,635,7.7
1799,New-90ba5a4,1/2-1/2,0.5,675,489,635,7.7
1801,New-90ba5a4,1/2-1/2,0.5,675,490,635,7.7
1800,Base-8d0ff77,0-1,1.0,676,490,635,7.9
1802,Base-8d0ff77,0-1,1.0,677,490,635,8.1
1804,Base-8d0ff77,0-1,1.0,678,490,635,8.3
1803,New-90ba5a4,0-1,0.0,678,490,636,8.1
1805,New-90ba5a4,1/2-1/2,0.5,678,491,636,8.1
1806,Base-8d0ff77,0-1,1.0,679,491,636,8.3
1808,Base-8d0ff77,0-1,1.0,680,491,636,8.5
1807,New-90ba5a4,1/2-1/2,0.5,680,492,636,8.5
1810,Base-8d0ff77,1-0,0.0,680,492,637,8.3
1812,Base-8d0ff77,1/2-1/2,0.5,680,493,637,8.3
1809,New-90ba5a4,1-0,1.0,681,493,637,8.4
1811,New-90ba5a4,1-0,1.0,682,493,637,8.6
1813,New-90ba5a4,1-0,1.0,683,493,637,8.8
1815,New-90ba5a4,1/2-1/2,0.5,683,494,637,8.8
1816,Base-8d0ff77,1/2-1/2,0.5,683,495,637,8.8
1814,Base-8d0ff77,1-0,0.0,683,495,638,8.6
1817,New-90ba5a4,0-1,0.0,683,495,639,8.4
1818,Base-8d0ff77,1-0,0.0,683,495,640,8.2
1826,Base-8d0ff77,1/2-1/2,0.5,683,496,640,8.2
1819,New-90ba5a4,0-1,0.0,683,496,641,8.0
1821,New-90ba5a4,1-0,1.0,684,496,641,8.2
1825,New-90ba5a4,1/2-1/2,0.5,684,497,641,8.2
1822,Base-8d0ff77,1/2-1/2,0.5,684,498,641,8.2
1820,Base-8d0ff77,1/2-1/2,0.5,684,499,641,8.2
1823,New-90ba5a4,0-1,0.0,684,499,642,8.0
1824,Base-8d0ff77,1-0,0.0,684,499,643,7.8
1827,New-90ba5a4,1-0,1.0,685,499,643,8.0
1828,Base-8d0ff77,0-1,1.0,686,499,643,8.2
1831,New-90ba5a4,1/2-1/2,0.5,686,500,643,8.2
1830,Base-8d0ff77,0-1,1.0,687,500,643,8.4
1829,New-90ba5a4,1/2-1/2,0.5,687,501,643,8.4
1833,New-90ba5a4,0-1,0.0,687,501,644,8.2
1834,Base-8d0ff77,1-0,0.0,687,501,645,8.0
1832,Base-8d0ff77,1-0,0.0,687,501,646,7.8
1836,Base-8d0ff77,0-1,1.0,688,501,646,8.0
1835,New-90ba5a4,1/2-1/2,0.5,688,502,646,7.9
1837,New-90ba5a4,1/2-1/2,0.5,688,503,646,7.9
1838,Base-8d0ff77,0-1,1.0,689,503,646,8.1
1840,Base-8d0ff77,0-1,1.0,690,503,646,8.3
1839,New-90ba5a4,1-0,1.0,691,503,646,8.5
1841,New-90ba5a4,0-1,0.0,691,503,647,8.3
1843,New-90ba5a4,0-1,0.0,691,503,648,8.1
1842,Base-8d0ff77,1/2-1/2,0.5,691,504,648,8.1
1845,New-90ba5a4,0-1,0.0,691,504,649,7.9
1844,Base-8d0ff77,1-0,0.0,691,504,650,7.7
1846,Base-8d0ff77,0-1,1.0,692,504,650,7.9
1849,New-90ba5a4,1/2-1/2,0.5,692,505,650,7.9
1847,New-90ba5a4,0-1,0.0,692,505,651,7.7
1848,Base-8d0ff77,0-1,1.0,693,505,651,7.9
1850,Base-8d0ff77,1-0,0.0,693,505,652,7.7
1851,New-90ba5a4,1-0,1.0,694,505,652,7.9
1859,New-90ba5a4,1/2-1/2,0.5,694,506,652,7.9
1853,New-90ba5a4,1-0,1.0,695,506,652,8.1
1852,Base-8d0ff77,1/2-1/2,0.5,695,507,652,8.1
1856,Base-8d0ff77,1-0,0.0,695,507,653,7.9
1855,New-90ba5a4,0-1,0.0,695,507,654,7.7
1854,Base-8d0ff77,1/2-1/2,0.5,695,508,654,7.7
1858,Base-8d0ff77,0-1,1.0,696,508,654,7.9
1857,New-90ba5a4,0-1,0.0,696,508,655,7.7
1861,New-90ba5a4,1-0,1.0,697,508,655,7.8
1860,Base-8d0ff77,0-1,1.0,698,508,655,8.0
1862,Base-8d0ff77,0-1,1.0,699,508,655,8.2
1865,New-90ba5a4,1-0,1.0,700,508,655,8.4
1864,Base-8d0ff77,1-0,0.0,700,508,656,8.2
1863,New-90ba5a4,0-1,0.0,700,508,657,8.0
1871,New-90ba5a4,1/2-1/2,0.5,700,509,657,8.0
1868,Base-8d0ff77,1/2-1/2,0.5,700,510,657,8.0
1872,Base-8d0ff77,1/2-1/2,0.5,700,511,657,8.0
1867,New-90ba5a4,1-0,1.0,701,511,657,8.2
1866,Base-8d0ff77,1/2-1/2,0.5,701,512,657,8.2
1869,New-90ba5a4,0-1,0.0,701,512,658,8.0
1870,Base-8d0ff77,1-0,0.0,701,512,659,7.8
1874,Base-8d0ff77,1/2-1/2,0.5,701,513,659,7.8
1873,New-90ba5a4,0-1,0.0,701,513,660,7.6
1878,Base-8d0ff77,1/2-1/2,0.5,701,514,660,7.6
1877,New-90ba5a4,0-1,0.0,701,514,661,7.4
1876,Base-8d0ff77,1-0,0.0,701,514,662,7.2
1875,New-90ba5a4,1/2-1/2,0.5,701,515,662,7.2
1879,New-90ba5a4,0-1,0.0,701,515,663,7.0
1880,Base-8d0ff77,0-1,1.0,702,515,663,7.2
1882,Base-8d0ff77,0-1,1.0,703,515,663,7.4
1884,Base-8d0ff77,1-0,0.0,703,515,664,7.2
1881,New-90ba5a4,1/2-1/2,0.5,703,516,664,7.2
1886,Base-8d0ff77,1-0,0.0,703,516,665,7.0
1885,New-90ba5a4,0-1,0.0,703,516,666,6.8
1883,New-90ba5a4,1/2-1/2,0.5,703,517,666,6.8
1887,New-90ba5a4,1-0,1.0,704,517,666,7.0
1888,Base-8d0ff77,1-0,0.0,704,517,667,6.8
1889,New-90ba5a4,1-0,1.0,705,517,667,7.0
1890,Base-8d0ff77,1/2-1/2,0.5,705,518,667,7.0
1892,Base-8d0ff77,1-0,0.0,705,518,668,6.8
1896,Base-8d0ff77,1/2-1/2,0.5,705,519,668,6.8
1891,New-90ba5a4,1/2-1/2,0.5,705,520,668,6.8
1894,Base-8d0ff77,1-0,0.0,705,520,669,6.6
1893,New-90ba5a4,0-1,0.0,705,520,670,6.4
1895,New-90ba5a4,1-0,1.0,706,520,670,6.6
1897,New-90ba5a4,0-1,0.0,706,520,671,6.4
1899,New-90ba5a4,1-0,1.0,707,520,671,6.6
1898,Base-8d0ff77,1-0,0.0,707,520,672,6.4
1901,New-90ba5a4,0-1,0.0,707,520,673,6.2
1905,New-90ba5a4,1/2-1/2,0.5,707,521,673,6.2
1900,Base-8d0ff77,1-0,0.0,707,521,674,6.0
1903,New-90ba5a4,1-0,1.0,708,521,674,6.2
1904,Base-8d0ff77,1-0,0.0,708,521,675,6.0
1902,Base-8d0ff77,1/2-1/2,0.5,708,522,675,6.0
1907,New-90ba5a4,1-0,1.0,709,522,675,6.2
1906,Base-8d0ff77,0-1,1.0,710,522,675,6.4
1909,New-90ba5a4,0-1,0.0,710,522,676,6.2
1908,Base-8d0ff77,0-1,1.0,711,522,676,6.4
1912,Base-8d0ff77,0-1,1.0,712,522,676,6.5
1910,Base-8d0ff77,1-0,0.0,712,522,677,6.4
1911,New-90ba5a4,0-1,0.0,712,522,678,6.2
1914,Base-8d0ff77,1-0,0.0,712,522,679,6.0
1915,New-90ba5a4,1/2-1/2,0.5,712,523,679,6.0
1913,New-90ba5a4,1-0,1.0,713,523,679,6.2
1916,Base-8d0ff77,0-1,1.0,714,523,679,6.3
1917,New-90ba5a4,1-0,1.0,715,523,679,6.5
1919,New-90ba5a4,1-0,1.0,716,523,679,6.7
1921,New-90ba5a4,1/2-1/2,0.5,716,524,679,6.7
1918,Base-8d0ff77,1-0,0.0,716,524,680,6.5
1920,Base-8d0ff77,0-1,1.0,717,524,680,6.7
1922,Base-8d0ff77,1-0,0.0,717,524,681,6.5
1923,New-90ba5a4,0-1,0.0,717,524,682,6.3
1924,Base-8d0ff77,0-1,1.0,718,524,682,6.5
1927,New-90ba5a4,0-1,0.0,718,524,683,6.3
1925,New-90ba5a4,1/2-1/2,0.5,718,525,683,6.3
1928,Base-8d0ff77,1-0,0.0,718,525,684,6.1
1930,Base-8d0ff77,1/2-1/2,0.5,718,526,684,6.1
1926,Base-8d0ff77,0-1,1.0,719,526,684,6.3
1929,New-90ba5a4,0-1,0.0,719,526,685,6.1
1931,New-90ba5a4,1-0,1.0,720,526,685,6.3
1932,Base-8d0ff77,0-1,1.0,721,526,685,6.5
1935,New-90ba5a4,1/2-1/2,0.5,721,527,685,6.5
1934,Base-8d0ff77,0-1,1.0,722,527,685,6.6
1933,New-90ba5a4,1/2-1/2,0.5,722,528,685,6.6
1939,New-90ba5a4,0-1,0.0,722,528,686,6.5
1938,Base-8d0ff77,1/2-1/2,0.5,722,529,686,6.5
1936,Base-8d0ff77,1/2-1/2,0.5,722,530,686,6.5
1937,New-90ba5a4,1/2-1/2,0.5,722,531,686,6.5
1940,Base-8d0ff77,0-1,1.0,723,531,686,6.6
1941,New-90ba5a4,0-1,0.0,723,531,687,6.4
1942,Base-8d0ff77,1-0,0.0,723,531,688,6.3
1944,Base-8d0ff77,1/2-1/2,0.5,723,532,688,6.3
1943,New-90ba5a4,0-1,0.0,723,532,689,6.1
1948,Base-8d0ff77,1-0,0.0,723,532,690,5.9
1946,Base-8d0ff77,0-1,1.0,724,532,690,6.1
1947,New-90ba5a4,1-0,1.0,725,532,690,6.2
1945,New-90ba5a4,1-0,1.0,726,532,690,6.4
1949,New-90ba5a4,0-1,0.0,726,532,691,6.2
1950,Base-8d0ff77,0-1,1.0,727,532,691,6.4
1951,New-90ba5a4,1-0,1.0,728,532,691,6.6
1954,Base-8d0ff77,1-0,0.0,728,532,692,6.4
1953,New-90ba5a4,0-1,0.0,728,532,693,6.2
1956,Base-8d0ff77,1/2-1/2,0.5,728,533,693,6.2
1952,Base-8d0ff77,1/2-1/2,0.5,728,534,693,6.2
1955,New-90ba5a4,1-0,1.0,729,534,693,6.4
1959,New-90ba5a4,1/2-1/2,0.5,729,535,693,6.4
1957,New-90ba5a4,1-0,1.0,730,535,693,6.6
1958,Base-8d0ff77,0-1,1.0,731,535,693,6.7
1960,Base-8d0ff77,1/2-1/2,0.5,731,536,693,6.7
1965,New-90ba5a4,1-0,1.0,732,536,693,6.9
1967,New-90ba5a4,1/2-1/2,0.5,732,537,693,6.9
1961,New-90ba5a4,1/2-1/2,0.5,732,538,693,6.9
1963,New-90ba5a4,1-0,1.0,733,538,693,7.1
1964,Base-8d0ff77,0-1,1.0,734,538,693,7.3
1962,Base-8d0ff77,1/2-1/2,0.5,734,539,693,7.2
1966,Base-8d0ff77,0-1,1.0,735,539,693,7.4
1969,New-90ba5a4,1-0,1.0,736,539,693,7.6
1968,Base-8d0ff77,1-0,0.0,736,539,694,7.4
1970,Base-8d0ff77,1-0,0.0,736,539,695,7.2
1971,New-90ba5a4,1/2-1/2,0.5,736,540,695,7.2
1972,Base-8d0ff77,0-1,1.0,737,540,695,7.4
1976,Base-8d0ff77,1-0,0.0,737,540,696,7.2
1975,New-90ba5a4,1-0,1.0,738,540,696,7.4
1974,Base-8d0ff77,0-1,1.0,739,540,696,7.6
1973,New-90ba5a4,0-1,0.0,739,540,697,7.4
1980,Base-8d0ff77,0-1,1.0,740,540,697,7.6
1977,New-90ba5a4,1/2-1/2,0.5,740,541,697,7.6
1978,Base-8d0ff77,1/2-1/2,0.5,740,542,697,7.6
1979,New-90ba5a4,1/2-1/2,0.5,740,543,697,7.5
1982,Base-8d0ff77,0-1,1.0,741,543,697,7.7
1981,New-90ba5a4,0-1,0.0,741,543,698,7.5
1983,New-90ba5a4,1-0,1.0,742,543,698,7.7
1986,Base-8d0ff77,1/2-1/2,0.5,742,544,698,7.7
1984,Base-8d0ff77,1-0,0.0,742,544,699,7.5
1985,New-90ba5a4,1-0,1.0,743,544,699,7.7
1987,New-90ba5a4,1-0,1.0,744,544,699,7.9
1988,Base-8d0ff77,1-0,0.0,744,544,700,7.7
1989,New-90ba5a4,0-1,0.0,744,544,701,7.5
1991,New-90ba5a4,1-0,1.0,745,544,701,7.7
1994,Base-8d0ff77,1/2-1/2,0.5,745,545,701,7.7
1992,Base-8d0ff77,1-0,0.0,745,545,702,7.5
1990,Base-8d0ff77,1/2-1/2,0.5,745,546,702,7.5
1993,New-90ba5a4,1-0,1.0,746,546,702,7.7
1996,Base-8d0ff77,0-1,1.0,747,546,702,7.8
1999,New-90ba5a4,1/2-1/2,0.5,747,547,702,7.8
1998,Base-8d0ff77,1-0,0.0,747,547,703,7.7
1997,New-90ba5a4,1/2-1/2,0.5,747,548,703,7.7
1995,New-90ba5a4,1/2-1/2,0.5,747,549,703,7.6
2003,New-90ba5a4,0-1,0.0,747,549,704,7.5
2001,New-90ba5a4,1/2-1/2,0.5,747,550,704,7.5
2000,Base-8d0ff77,0-1,1.0,748,550,704,7.6
2002,Base-8d0ff77,1-0,0.0,748,550,705,7.5
2004,Base-8d0ff77,0-1,1.0,749,550,705,7.6
2005,New-90ba5a4,0-1,0.0,749,550,706,7.5
2006,Base-8d0ff77,1/2-1/2,0.5,749,551,706,7.4
2007,New-90ba5a4,0-1,0.0,749,551,707,7.3
2010,Base-8d0ff77,1-0,0.0,749,551,708,7.1
2008,Base-8d0ff77,1-0,0.0,749,551,709,6.9
2009,New-90ba5a4,0-1,0.0,749,551,710,6.7
2014,Base-8d0ff77,1-0,0.0,749,551,711,6.6
2013,New-90ba5a4,1-0,1.0,750,551,711,6.7
2012,Base-8d0ff77,1/2-1/2,0.5,750,552,711,6.7
2011,New-90ba5a4,1-0,1.0,751,552,711,6.9
2015,New-90ba5a4,1-0,1.0,752,552,711,7.1
2020,Base-8d0ff77,1/2-1/2,0.5,752,553,711,7.1
2016,Base-8d0ff77,1-0,0.0,752,553,712,6.9
2018,Base-8d0ff77,1-0,0.0,752,553,713,6.7
2019,New-90ba5a4,1-0,1.0,753,553,713,6.9
2021,New-90ba5a4,0-1,0.0,753,553,714,6.7
2017,New-90ba5a4,0-1,0.0,753,553,715,6.5
2022,Base-8d0ff77,1-0,0.0,753,553,716,6.4
2024,Base-8d0ff77,1/2-1/2,0.5,753,554,716,6.4
2023,New-90ba5a4,0-1,0.0,753,554,717,6.2
2025,New-90ba5a4,1-0,1.0,754,554,717,6.3
2026,Base-8d0ff77,1-0,0.0,754,554,718,6.2
2028,Base-8d0ff77,0-1,1.0,755,554,718,6.3
2030,Base-8d0ff77,0-1,1.0,756,554,718,6.5
2029,New-90ba5a4,0-1,0.0,756,554,719,6.3
2033,New-90ba5a4,1/2-1/2,0.5,756,555,719,6.3
2027,New-90ba5a4,1/2-1/2,0.5,756,556,719,6.3
2032,Base-8d0ff77,1/2-1/2,0.5,756,557,719,6.3
2037,New-90ba5a4,1/2-1/2,0.5,756,558,719,6.3
2031,New-90ba5a4,1/2-1/2,0.5,756,559,719,6.3
2035,New-90ba5a4,1/2-1/2,0.5,756,560,719,6.3
2034,Base-8d0ff77,0-1,1.0,757,560,719,6.5
2036,Base-8d0ff77,1/2-1/2,0.5,757,561,719,6.5
2039,New-90ba5a4,1-0,1.0,758,561,719,6.6
2038,Base-8d0ff77,1/2-1/2,0.5,758,562,719,6.6
2041,New-90ba5a4,0-1,0.0,758,562,720,6.5
2040,Base-8d0ff77,1-0,0.0,758,562,721,6.3
2042,Base-8d0ff77,1-0,0.0,758,562,722,6.1
2043,New-90ba5a4,1-0,1.0,759,562,722,6.3
2044,Base-8d0ff77,1-0,0.0,759,562,723,6.1
2046,Base-8d0ff77,1/2-1/2,0.5,759,563,723,6.1
2047,New-90ba5a4,1/2-1/2,0.5,759,564,723,6.1
2045,New-90ba5a4,1-0,1.0,760,564,723,6.3
2048,Base-8d0ff77,1/2-1/2,0.5,760,565,723,6.3
2051,New-90ba5a4,1-0,1.0,761,565,723,6.4
2049,New-90ba5a4,1-0,1.0,762,565,723,6.6
2050,Base-8d0ff77,0-1,1.0,763,565,723,6.8
2052,Base-8d0ff77,0-1,1.0,764,565,723,6.9
2053,New-90ba5a4,1-0,1.0,765,565,723,7.1
2056,Base-8d0ff77,1-0,0.0,765,565,724,6.9
2055,New-90ba5a4,1-0,1.0,766,565,724,7.1
2054,Base-8d0ff77,0-1,1.0,767,565,724,7.3
2059,New-90ba5a4,1/2-1/2,0.5,767,566,724,7.3
2058,Base-8d0ff77,1/2-1/2,0.5,767,567,724,7.3
2057,New-90ba5a4,1/2-1/2,0.5,767,568,724,7.3
2060,Base-8d0ff77,0-1,1.0,768,568,724,7.4
2061,New-90ba5a4,1-0,1.0,769,568,724,7.6
2063,New-90ba5a4,1/2-1/2,0.5,769,569,724,7.6
2065,New-90ba5a4,1/2-1/2,0.5,769,570,724,7.6
2062,Base-8d0ff77,0-1,1.0,770,570,724,7.7
2070,Base-8d0ff77,1/2-1/2,0.5,770,571,724,7.7
2066,Base-8d0ff77,0-1,1.0,771,571,724,7.9
2064,Base-8d0ff77,0-1,1.0,772,571,724,8.1
2068,Base-8d0ff77,0-1,1.0,773,571,724,8.2
2071,New-90ba5a4,0-1,0.0,773,571,725,8.1
2072,Base-8d0ff77,1-0,0.0,773,571,726,7.9
2067,New-90ba5a4,1-0,1.0,774,571,726,8.1
2069,New-90ba5a4,0-1,0.0,774,571,727,7.9
2075,New-90ba5a4,1-0,1.0,775,571,727,8.0
2079,New-90ba5a4,1/2-1/2,0.5,775,572,727,8.0
2073,New-90ba5a4,1/2-1/2,0.5,775,573,727,8.0
2074,Base-8d0ff77,1-0,0.0,775,573,728,7.9
2076,Base-8d0ff77,0-1,1.0,776,573,728,8.0
2081,New-90ba5a4,1/2-1/2,0.5,776,574,728,8.0
2078,Base-8d0ff77,0-1,1.0,777,574,728,8.2
2077,New-90ba5a4,0-1,0.0,777,574,729,8.0
2084,Base-8d0ff77,0-1,1.0,778,574,729,8.2
2080,Base-8d0ff77,0-1,1.0,779,574,729,8.3
2085,New-90ba5a4,1/2-1/2,0.5,779,575,729,8.3
2088,Base-8d0ff77,1/2-1/2,0.5,779,576,729,8.3
2083,New-90ba5a4,1-0,1.0,780,576,729,8.5
2082,Base-8d0ff77,0-1,1.0,781,576,729,8.7
2087,New-90ba5a4,1-0,1.0,782,576,729,8.8
2089,New-90ba5a4,1-0,1.0,783,576,729,9.0
2086,Base-8d0ff77,0-1,1.0,784,576,729,9.1
2097,New-90ba5a4,1/2-1/2,0.5,784,577,729,9.1
2094,Base-8d0ff77,1-0,0.0,784,577,730,9.0
2092,Base-8d0ff77,1-0,0.0,784,577,731,8.8
2091,New-90ba5a4,1-0,1.0,785,577,731,9.0
2090,Base-8d0ff77,1/2-1/2,0.5,785,578,731,9.0
2093,New-90ba5a4,1-0,1.0,786,578,731,9.1
2095,New-90ba5a4,1/2-1/2,0.5,786,579,731,9.1
2098,Base-8d0ff77,1-0,0.0,786,579,732,8.9
2096,Base-8d0ff77,1/2-1/2,0.5,786,580,732,8.9
2100,Base-8d0ff77,1/2-1/2,0.5,786,581,732,8.9
2103,New-90ba5a4,1-0,1.0,787,581,732,9.1
2099,New-90ba5a4,1/2-1/2,0.5,787,582,732,9.1
2102,Base-8d0ff77,0-1,1.0,788,582,732,9.3
2101,New-90ba5a4,1-0,1.0,789,582,732,9.4
2104,Base-8d0ff77,0-1,1.0,790,582,732,9.6
2106,Base-8d0ff77,0-1,1.0,791,582,732,9.7
2108,Base-8d0ff77,1-0,0.0,791,582,733,9.6
2107,New-90ba5a4,1/2-1/2,0.5,791,583,733,9.6
2105,New-90ba5a4,0-1,0.0,791,583,734,9.4
2109,New-90ba5a4,0-1,0.0,791,583,735,9.2
2111,New-90ba5a4,0-1,0.0,791,583,736,9.1
2110,Base-8d0ff77,1-0,0.0,791,583,737,8.9
2115,New-90ba5a4,1/2-1/2,0.5,791,584,737,8.9
2114,Base-8d0ff77,1-0,0.0,791,584,738,8.7
2116,Base-8d0ff77,1/2-1/2,0.5,791,585,738,8.7
2113,New-90ba5a4,1-0,1.0,792,585,738,8.9
2112,Base-8d0ff77,0-1,1.0,793,585,738,9.0
2117,New-90ba5a4,0-1,0.0,793,585,739,8.9
2119,New-90ba5a4,1/2-1/2,0.5,793,586,739,8.9
2118,Base-8d0ff77,1/2-1/2,0.5,793,587,739,8.9
2120,Base-8d0ff77,1/2-1/2,0.5,793,588,739,8.9
2121,New-90ba5a4,1/2-1/2,0.5,793,589,739,8.8
2123,New-90ba5a4,1/2-1/2,0.5,793,590,739,8.8
2125,New-90ba5a4,1-0,1.0,794,590,739,9.0
2122,Base-8d0ff77,0-1,1.0,795,590,739,9.2
2124,Base-8d0ff77,0-1,1.0,796,590,739,9.3
2126,Base-8d0ff77,1/2-1/2,0.5,796,591,739,9.3
2128,Base-8d0ff77,1-0,0.0,796,591,740,9.1
2129,New-90ba5a4,1/2-1/2,0.5,796,592,740,9.1
2130,Base-8d0ff77,0-1,1.0,797,592,740,9.3
2127,New-90ba5a4,1/2-1/2,0.5,797,593,740,9.3
2131,New-90ba5a4,1/2-1/2,0.5,797,594,740,9.3
2132,Base-8d0ff77,0-1,1.0,798,594,740,9.5
2133,New-90ba5a4,1-0,1.0,799,594,740,9.6
2139,New-90ba5a4,1/2-1/2,0.5,799,595,740,9.6
2134,Base-8d0ff77,0-1,1.0,800,595,740,9.8
2135,New-90ba5a4,1/2-1/2,0.5,800,596,740,9.8
2136,Base-8d0ff77,0-1,1.0,801,596,740,9.9
2137,New-90ba5a4,1-0,1.0,802,596,740,10.1
2138,Base-8d0ff77,1-0,0.0,802,596,741,9.9
2140,Base-8d0ff77,0-1,1.0,803,596,741,10.1
2141,New-90ba5a4,1/2-1/2,0.5,803,597,741,10.1
2142,Base-8d0ff77,1-0,0.0,803,597,742,9.9
2143,New-90ba5a4,0-1,0.0,803,597,743,9.7
2145,New-90ba5a4,0-1,0.0,803,597,744,9.6
2146,Base-8d0ff77,0-1,1.0,804,597,744,9.7
2147,New-90ba5a4,1-0,1.0,805,597,744,9.9
2148,Base-8d0ff77,0-1,1.0,806,597,744,10.0
2144,Base-8d0ff77,1-0,0.0,806,597,745,9.9
2149,New-90ba5a4,1-0,1.0,807,597,745,10.0
2154,Base-8d0ff77,1/2-1/2,0.5,807,598,745,10.0
2150,Base-8d0ff77,0-1,1.0,808,598,745,10.2
2151,New-90ba5a4,1-0,1.0,809,598,745,10.3
2152,Base-8d0ff77,1/2-1/2,0.5,809,599,745,10.3
2153,New-90ba5a4,1-0,1.0,810,599,745,10.5
2155,New-90ba5a4,0-1,0.0,810,599,746,10.3
2157,New-90ba5a4,0-1,0.0,810,599,747,10.2
2156,Base-8d0ff77,1-0,0.0,810,599,748,10.0
2158,Base-8d0ff77,0-1,1.0,811,599,748,10.1
2160,Base-8d0ff77,0-1,1.0,812,599,748,10.3
2162,Base-8d0ff77,1/2-1/2,0.5,812,600,748,10.3
2161,New-90ba5a4,1/2-1/2,0.5,812,601,748,10.3
2159,New-90ba5a4,0-1,0.0,812,601,749,10.1
2163,New-90ba5a4,0-1,0.0,812,601,750,10.0
2166,Base-8d0ff77,0-1,1.0,813,601,750,10.1
2164,Base-8d0ff77,0-1,1.0,814,601,750,10.3
2167,New-90ba5a4,1-0,1.0,815,601,750,10.4
2165,New-90ba5a4,0-1,0.0,815,601,751,10.3
2168,Base-8d0ff77,1-0,0.0,815,601,752,10.1
2170,Base-8d0ff77,1-0,0.0,815,601,753,9.9
2169,New-90ba5a4,1-0,1.0,816,601,753,10.1
2171,New-90ba5a4,1/2-1/2,0.5,816,602,753,10.1
2175,New-90ba5a4,0-1,0.0,816,602,754,9.9
2174,Base-8d0ff77,1-0,0.0,816,602,755,9.8
2172,Base-8d0ff77,1/2-1/2,0.5,816,603,755,9.8
2176,Base-8d0ff77,1-0,0.0,816,603,756,9.6
2177,New-90ba5a4,1/2-1/2,0.5,816,604,756,9.6
2178,Base-8d0ff77,1/2-1/2,0.5,816,605,756,9.6
2173,New-90ba5a4,1/2-1/2,0.5,816,606,756,9.6
2180,Base-8d0ff77,1-0,0.0,816,606,757,9.4
2179,New-90ba5a4,0-1,0.0,816,606,758,9.2
2181,New-90ba5a4,1/2-1/2,0.5,816,607,758,9.2
2184,Base-8d0ff77,0-1,1.0,817,607,758,9.4
2183,New-90ba5a4,0-1,0.0,817,607,759,9.2
2187,New-90ba5a4,1/2-1/2,0.5,817,608,759,9.2
2188,Base-8d0ff77,1/2-1/2,0.5,817,609,759,9.2
2186,Base-8d0ff77,1-0,0.0,817,609,760,9.1
2185,New-90ba5a4,1/2-1/2,0.5,817,610,760,9.1
2189,New-90ba5a4,1-0,1.0,818,610,760,9.2
2182,Base-8d0ff77,1/2-1/2,0.5,818,611,760,9.2
2190,Base-8d0ff77,1/2-1/2,0.5,818,612,760,9.2
2194,Base-8d0ff77,0-1,1.0,819,612,760,9.4
2193,New-90ba5a4,1-0,1.0,820,612,760,9.5
2192,Base-8d0ff77,1/2-1/2,0.5,820,613,760,9.5
2197,New-90ba5a4,1/2-1/2,0.5,820,614,760,9.5
2191,New-90ba5a4,1-0,1.0,821,614,760,9.7
2195,New-90ba5a4,0-1,0.0,821,614,761,9.5
2196,Base-8d0ff77,1/2-1/2,0.5,821,615,761,9.5
2199,New-90ba5a4,0-1,0.0,821,615,762,9.3
2201,New-90ba5a4,1-0,1.0,822,615,762,9.5
2202,Base-8d0ff77,1-0,0.0,822,615,763,9.3
2203,New-90ba5a4,1/2-1/2,0.5,822,616,763,9.3
2198,Base-8d0ff77,0-1,1.0,823,616,763,9.5
2200,Base-8d0ff77,0-1,1.0,824,616,763,9.6
2205,New-90ba5a4,1/2-1/2,0.5,824,617,763,9.6
2204,Base-8d0ff77,0-1,1.0,825,617,763,9.8
2206,Base-8d0ff77,1-0,0.0,825,617,764,9.6
2207,New-90ba5a4,0-1,0.0,825,617,765,9.4
2208,Base-8d0ff77,1-0,0.0,825,617,766,9.3
2209,New-90ba5a4,0-1,0.0,825,617,767,9.1
2211,New-90ba5a4,1-0,1.0,826,617,767,9.3
2212,Base-8d0ff77,1-0,0.0,826,617,768,9.1
2210,Base-8d0ff77,0-1,1.0,827,617,768,9.3
2213,New-90ba5a4,0-1,0.0,827,617,769,9.1
2215,New-90ba5a4,0-1,0.0,827,617,770,8.9
2214,Base-8d0ff77,0-1,1.0,828,617,770,9.1
2217,New-90ba5a4,0-1,0.0,828,617,771,8.9
2218,Base-8d0ff77,0-1,1.0,829,617,771,9.1
2216,Base-8d0ff77,1/2-1/2,0.5,829,618,771,9.1
2223,New-90ba5a4,1/2-1/2,0.5,829,619,771,9.1
2219,New-90ba5a4,0-1,0.0,829,619,772,8.9
2220,Base-8d0ff77,1/2-1/2,0.5,829,620,772,8.9
2226,Base-8d0ff77,0-1,1.0,830,620,772,9.1
2222,Base-8d0ff77,1/2-1/2,0.5,830,621,772,9.1
2221,New-90ba5a4,0-1,0.0,830,621,773,8.9
2224,Base-8d0ff77,1-0,0.0,830,621,774,8.7
2228,Base-8d0ff77,1-0,0.0,830,621,775,8.6
2225,New-90ba5a4,0-1,0.0,830,621,776,8.4
2227,New-90ba5a4,1/2-1/2,0.5,830,622,776,8.4
2230,Base-8d0ff77,0-1,1.0,831,622,776,8.6
2229,New-90ba5a4,0-1,0.0,831,622,777,8.4
2231,New-90ba5a4,0-1,0.0,831,622,778,8.3
2233,New-90ba5a4,1-0,1.0,832,622,778,8.4
2236,Base-8d0ff77,0-1,1.0,833,622,778,8.6
2234,Base-8d0ff77,0-1,1.0,834,622,778,8.7
2232,Base-8d0ff77,1/2-1/2,0.5,834,623,778,8.7
2235,New-90ba5a4,1/2-1/2,0.5,834,624,778,8.7
2239,New-90ba5a4,1/2-1/2,0.5,834,625,778,8.7
2237,New-90ba5a4,1-0,1.0,835,625,778,8.9
2238,Base-8d0ff77,1-0,0.0,835,625,779,8.7
2242,Base-8d0ff77,0-1,1.0,836,625,779,8.8
2243,New-90ba5a4,1/2-1/2,0.5,836,626,779,8.8
2240,Base-8d0ff77,1-0,0.0,836,626,780,8.7
2241,New-90ba5a4,0-1,0.0,836,626,781,8.5
2244,Base-8d0ff77,0-1,1.0,837,626,781,8.7
2249,New-90ba5a4,1/2-1/2,0.5,837,627,781,8.7
2247,New-90ba5a4,1-0,1.0,838,627,781,8.8
2246,Base-8d0ff77,0-1,1.0,839,627,781,9.0
2248,Base-8d0ff77,1/2-1/2,0.5,839,628,781,9.0
2245,New-90ba5a4,1/2-1/2,0.5,839,629,781,9.0
2251,New-90ba5a4,1-0,1.0,840,629,781,9.1
2250,Base-8d0ff77,1-0,0.0,840,629,782,9.0
2252,Base-8d0ff77,1-0,0.0,840,629,783,8.8
2253,New-90ba5a4,0-1,0.0,840,629,784,8.6
2255,New-90ba5a4,0-1,0.0,840,629,785,8.5
2254,Base-8d0ff77,0-1,1.0,841,629,785,8.6
2256,Base-8d0ff77,1-0,0.0,841,629,786,8.5
2257,New-90ba5a4,1/2-1/2,0.5,841,630,786,8.5
2259,New-90ba5a4,1/2-1/2,0.5,841,631,786,8.5
2260,Base-8d0ff77,0-1,1.0,842,631,786,8.6
2258,Base-8d0ff77,0-1,1.0,843,631,786,8.8
2261,New-90ba5a4,1-0,1.0,844,631,786,8.9
2265,New-90ba5a4,1-0,1.0,845,631,786,9.1
2262,Base-8d0ff77,1/2-1/2,0.5,845,632,786,9.1
2263,New-90ba5a4,0-1,0.0,845,632,787,8.9
2264,Base-8d0ff77,1-0,0.0,845,632,788,8.7
2266,Base-8d0ff77,1-0,0.0,845,632,789,8.6
2267,New-90ba5a4,0-1,0.0,845,632,790,8.4
2268,Base-8d0ff77,1/2-1/2,0.5,845,633,790,8.4
2269,New-90ba5a4,1-0,1.0,846,633,790,8.6
2270,Base-8d0ff77,1/2-1/2,0.5,846,634,790,8.6
2272,Base-8d0ff77,1-0,0.0,846,634,791,8.4
2273,New-90ba5a4,0-1,0.0,846,634,792,8.3
2274,Base-8d0ff77,0-1,1.0,847,634,792,8.4
2271,New-90ba5a4,0-1,0.0,847,634,793,8.3
2275,New-90ba5a4,0-1,0.0,847,634,794,8.1
2277,New-90ba5a4,0-1,0.0,847,634,795,7.9
2276,Base-8d0ff77,0-1,1.0,848,634,795,8.1
2278,Base-8d0ff77,1-0,0.0,848,634,796,7.9
2279,New-90ba5a4,1/2-1/2,0.5,848,635,796,7.9
2282,Base-8d0ff77,1-0,0.0,848,635,797,7.8
2280,Base-8d0ff77,1-0,0.0,848,635,798,7.6
2281,New-90ba5a4,0-1,0.0,848,635,799,7.5
2283,New-90ba5a4,0-1,0.0,848,635,800,7.3
2284,Base-8d0ff77,0-1,1.0,849,635,800,7.5
2286,Base-8d0ff77,1/2-1/2,0.5,849,636,800,7.5
2288,Base-8d0ff77,0-1,1.0,850,636,800,7.6
2285,New-90ba5a4,1-0,1.0,851,636,800,7.7
2287,New-90ba5a4,0-1,0.0,851,636,801,7.6
2289,New-90ba5a4,1-0,1.0,852,636,801,7.7
2291,New-90ba5a4,1/2-1/2,0.5,852,637,801,7.7
2290,Base-8d0ff77,1-0,0.0,852,637,802,7.6
2296,Base-8d0ff77,1/2-1/2,0.5,852,638,802,7.6
2293,New-90ba5a4,0-1,0.0,852,638,803,7.4
2292,Base-8d0ff77,0-1,1.0,853,638,803,7.6
2297,New-90ba5a4,0-1,0.0,853,638,804,7.4
2294,Base-8d0ff77,1-0,0.0,853,638,805,7.3
2295,New-90ba5a4,1-0,1.0,854,638,805,7.4
2298,Base-8d0ff77,0-1,1.0,855,638,805,7.6
2300,Base-8d0ff77,1/2-1/2,0.5,855,639,805,7.6
2299,New-90ba5a4,1/2-1/2,0.5,855,640,805,7.6
2301,New-90ba5a4,1-0,1.0,856,640,805,7.7
2303,New-90ba5a4,1-0,1.0,857,640,805,7.8
2305,New-90ba5a4,1-0,1.0,858,640,805,8.0
2302,Base-8d0ff77,1-0,0.0,858,640,806,7.8
2304,Base-8d0ff77,1-0,0.0,858,640,807,7.7
2306,Base-8d0ff77,0-1,1.0,859,640,807,7.8
2307,New-90ba5a4,0-1,0.0,859,640,808,7.7
2308,Base-8d0ff77,0-1,1.0,860,640,808,7.8
2310,Base-8d0ff77,1/2-1/2,0.5,860,641,808,7.8
2311,New-90ba5a4,0-1,0.0,860,641,809,7.7
2314,Base-8d0ff77,1-0,0.0,860,641,810,7.5
2312,Base-8d0ff77,0-1,1.0,861,641,810,7.7
2309,New-90ba5a4,1/2-1/2,0.5,861,642,810,7.7
2313,New-90ba5a4,1-0,1.0,862,642,810,7.8
2316,Base-8d0ff77,0-1,1.0,863,642,810,8.0
2315,New-90ba5a4,0-1,0.0,863,642,811,7.8
2320,Base-8d0ff77,0-1,1.0,864,642,811,7.9
2322,Base-8d0ff77,1-0,0.0,864,642,812,7.8
2319,New-90ba5a4,1/2-1/2,0.5,864,643,812,7.8
2317,New-90ba5a4,0-1,0.0,864,643,813,7.6
2321,New-90ba5a4,1-0,1.0,865,643,813,7.8
2318,Base-8d0ff77,1-0,0.0,865,643,814,7.6
2323,New-90ba5a4,1-0,1.0,866,643,814,7.8
2324,Base-8d0ff77,1-0,0.0,866,643,815,7.6
2325,New-90ba5a4,0-1,0.0,866,643,816,7.5
2328,Base-8d0ff77,0-1,1.0,867,643,816,7.6
2326,Base-8d0ff77,1/2-1/2,0.5,867,644,816,7.6
2327,New-90ba5a4,0-1,0.0,867,644,817,7.5
2332,Base-8d0ff77,1/2-1/2,0.5,867,645,817,7.5
2329,New-90ba5a4,0-1,0.0,867,645,818,7.3
2331,New-90ba5a4,0-1,0.0,867,645,819,7.2
2330,Base-8d0ff77,0-1,1.0,868,645,819,7.3
2334,Base-8d0ff77,1/2-1/2,0.5,868,646,819,7.3
2337,New-90ba5a4,0-1,0.0,868,646,820,7.1
2335,New-90ba5a4,1-0,1.0,869,646,820,7.3
2336,Base-8d0ff77,0-1,1.0,870,646,820,7.4
2339,New-90ba5a4,0-1,0.0,870,646,821,7.3
2333,New-90ba5a4,1/2-1/2,0.5,870,647,821,7.3
2340,Base-8d0ff77,0-1,1.0,871,647,821,7.4
2338,Base-8d0ff77,1/2-1/2,0.5,871,648,821,7.4
2341,New-90ba5a4,0-1,0.0,871,648,822,7.3
2343,New-90ba5a4,1/2-1/2,0.5,871,649,822,7.3
2344,Base-8d0ff77,1-0,0.0,871,649,823,7.1
2342,Base-8d0ff77,0-1,1.0,872,649,823,7.3
2348,Base-8d0ff77,1/2-1/2,0.5,872,650,823,7.3
2345,New-90ba5a4,0-1,0.0,872,650,824,7.1
2346,Base-8d0ff77,1/2-1/2,0.5,872,651,824,7.1
2347,New-90ba5a4,0-1,0.0,872,651,825,7.0
2350,Base-8d0ff77,1/2-1/2,0.5,872,652,825,7.0
2349,New-90ba5a4,0-1,0.0,872,652,826,6.8
2351,New-90ba5a4,1-0,1.0,873,652,826,6.9
2357,New-90ba5a4,1/2-1/2,0.5,873,653,826,6.9
2356,Base-8d0ff77,1-0,0.0,873,653,827,6.8
2355,New-90ba5a4,1/2-1/2,0.5,873,654,827,6.8
2353,New-90ba5a4,0-1,0.0,873,654,828,6.6
2354,Base-8d0ff77,0-1,1.0,874,654,828,6.8
2352,Base-8d0ff77,1/2-1/2,0.5,874,655,828,6.8
2359,New-90ba5a4,1-0,1.0,875,655,828,6.9
2358,Base-8d0ff77,1-0,0.0,875,655,829,6.8
2361,New-90ba5a4,1-0,1.0,876,655,829,6.9
2363,New-90ba5a4,1/2-1/2,0.5,876,656,829,6.9
2362,Base-8d0ff77,1-0,0.0,876,656,830,6.8
2365,New-90ba5a4,1-0,1.0,877,656,830,6.9
2360,Base-8d0ff77,1-0,0.0,877,656,831,6.8
2364,Base-8d0ff77,0-1,1.0,878,656,831,6.9
2368,Base-8d0ff77,0-1,1.0,879,656,831,7.0
2367,New-90ba5a4,0-1,0.0,879,656,832,6.9
2366,Base-8d0ff77,1/2-1/2,0.5,879,657,832,6.9
2370,Base-8d0ff77,1/2-1/2,0.5,879,658,832,6.9
2369,New-90ba5a4,1/2-1/2,0.5,879,659,832,6.9
2373,New-90ba5a4,1-0,1.0,880,659,832,7.0
2371,New-90ba5a4,1/2-1/2,0.5,880,660,832,7.0
2372,Base-8d0ff77,1-0,0.0,880,660,833,6.9
2374,Base-8d0ff77,1-0,0.0,880,660,834,6.7
2375,New-90ba5a4,1-0,1.0,881,660,834,6.9
2376,Base-8d0ff77,1-0,0.0,881,660,835,6.7
2377,New-90ba5a4,1-0,1.0,882,660,835,6.9
2378,Base-8d0ff77,1-0,0.0,882,660,836,6.7
2380,Base-8d0ff77,1/2-1/2,0.5,882,661,836,6.7
2379,New-90ba5a4,1-0,1.0,883,661,836,6.9
2381,New-90ba5a4,1-0,1.0,884,661,836,7.0
2382,Base-8d0ff77,0-1,1.0,885,661,836,7.1
2383,New-90ba5a4,1-0,1.0,886,661,836,7.3
2384,Base-8d0ff77,0-1,1.0,887,661,836,7.4
2385,New-90ba5a4,1-0,1.0,888,661,836,7.6
2389,New-90ba5a4,1-0,1.0,889,661,836,7.7
2386,Base-8d0ff77,1-0,0.0,889,661,837,7.6
2387,New-90ba5a4,1-0,1.0,890,661,837,7.7
2388,Base-8d0ff77,1-0,0.0,890,661,838,7.6
2391,New-90ba5a4,1/2-1/2,0.5,890,662,838,7.6
2390,Base-8d0ff77,1-0,0.0,890,662,839,7.4
2392,Base-8d0ff77,1-0,0.0,890,662,840,7.3
2393,New-90ba5a4,1-0,1.0,891,662,840,7.4
2396,Base-8d0ff77,0-1,1.0,892,662,840,7.5
2394,Base-8d0ff77,1-0,0.0,892,662,841,7.4
2395,New-90ba5a4,0-1,0.0,892,662,842,7.3
2397,New-90ba5a4,1-0,1.0,893,662,842,7.4
2398,Base-8d0ff77,0-1,1.0,894,662,842,7.5
2399,New-90ba5a4,0-1,0.0,894,662,843,7.4
2400,Base-8d0ff77,1-0,0.0,894,662,844,7.2
2403,New-90ba5a4,0-1,0.0,894,662,845,7.1
2401,New-90ba5a4,0-1,0.0,894,662,846,6.9
2402,Base-8d0ff77,1-0,0.0,894,662,847,6.8
2404,Base-8d0ff77,1-0,0.0,894,662,848,6.6
2408,Base-8d0ff77,1-0,0.0,894,662,849,6.5
2405,New-90ba5a4,1-0,1.0,895,662,849,6.6
2407,New-90ba5a4,1/2-1/2,0.5,895,663,849,6.6
2406,Base-8d0ff77,1/2-1/2,0.5,895,664,849,6.6
2409,New-90ba5a4,0-1,0.0,895,664,850,6.5
2410,Base-8d0ff77,0-1,1.0,896,664,850,6.6
2412,Base-8d0ff77,1-0,0.0,896,664,851,6.5
2414,Base-8d0ff77,0-1,1.0,897,664,851,6.6
2411,New-90ba5a4,0-1,0.0,897,664,852,6.5
2413,New-90ba5a4,1-0,1.0,898,664,852,6.6
2417,New-90ba5a4,0-1,0.0,898,664,853,6.5
2415,New-90ba5a4,1/2-1/2,0.5,898,665,853,6.5
2416,Base-8d0ff77,1-0,0.0,898,665,854,6.3
2418,Base-8d0ff77,1/2-1/2,0.5,898,666,854,6.3
2419,New-90ba5a4,1-0,1.0,899,666,854,6.5
2421,New-90ba5a4,1/2-1/2,0.5,899,667,854,6.5
2420,Base-8d0ff77,0-1,1.0,900,667,854,6.6
2422,Base-8d0ff77,1/2-1/2,0.5,900,668,854,6.6
2424,Base-8d0ff77,0-1,1.0,901,668,854,6.7
2425,New-90ba5a4,0-1,0.0,901,668,855,6.6
2426,Base-8d0ff77,1/2-1/2,0.5,901,669,855,6.6
2423,New-90ba5a4,1/2-1/2,0.5,901,670,855,6.6
2427,New-90ba5a4,0-1,0.0,901,670,856,6.4
2428,Base-8d0ff77,1-0,0.0,901,670,857,6.3
2430,Base-8d0ff77,0-1,1.0,902,670,857,6.4
2429,New-90ba5a4,1/2-1/2,0.5,902,671,857,6.4
2431,New-90ba5a4,1-0,1.0,903,671,857,6.6
2432,Base-8d0ff77,1/2-1/2,0.5,903,672,857,6.6
2433,New-90ba5a4,1/2-1/2,0.5,903,673,857,6.6
2434,Base-8d0ff77,0-1,1.0,904,673,857,6.7
2435,New-90ba5a4,1-0,1.0,905,673,857,6.8
2436,Base-8d0ff77,1-0,0.0,905,673,858,6.7
2438,Base-8d0ff77,0-1,1.0,906,673,858,6.8
2442,Base-8d0ff77,1/2-1/2,0.5,906,674,858,6.8
2437,New-90ba5a4,1-0,1.0,907,674,858,7.0
2439,New-90ba5a4,1-0,1.0,908,674,858,7.1
2440,Base-8d0ff77,1/2-1/2,0.5,908,675,858,7.1
2443,New-90ba5a4,0-1,0.0,908,675,859,7.0
2441,New-90ba5a4,0-1,0.0,908,675,860,6.8
2444,Base-8d0ff77,0-1,1.0,909,675,860,7.0
2446,Base-8d0ff77,1-0,0.0,909,675,861,6.8
2445,New-90ba5a4,1-0,1.0,910,675,861,7.0
2447,New-90ba5a4,1/2-1/2,0.5,910,676,861,7.0
2449,New-90ba5a4,1-0,1.0,911,676,861,7.1
2448,Base-8d0ff77,1-0,0.0,911,676,862,7.0
2452,Base-8d0ff77,1-0,0.0,911,676,863,6.8
2451,New-90ba5a4,1/2-1/2,0.5,911,677,863,6.8
2453,New-90ba5a4,1-0,1.0,912,677,863,6.9
2450,Base-8d0ff77,1/2-1/2,0.5,912,678,863,6.9
2454,Base-8d0ff77,1/2-1/2,0.5,912,679,863,6.9
2456,Base-8d0ff77,1/2-1/2,0.5,912,680,863,6.9
2457,New-90ba5a4,1/2-1/2,0.5,912,681,863,6.9
2455,New-90ba5a4,1-0,1.0,913,681,863,7.1
2461,New-90ba5a4,1-0,1.0,914,681,863,7.2
2458,Base-8d0ff77,0-1,1.0,915,681,863,7.3
2463,New-90ba5a4,1-0,1.0,916,681,863,7.5
2460,Base-8d0ff77,1-0,0.0,916,681,864,7.3
2459,New-90ba5a4,0-1,0.0,916,681,865,7.2
2465,New-90ba5a4,1-0,1.0,917,681,865,7.3
2464,Base-8d0ff77,1-0,0.0,917,681,866,7.2
2462,Base-8d0ff77,1-0,0.0,917,681,867,7.0
2470,Base-8d0ff77,1-0,0.0,917,681,868,6.9
2469,New-90ba5a4,1/2-1/2,0.5,917,682,868,6.9
2468,Base-8d0ff77,1-0,0.0,917,682,869,6.8
2467,New-90ba5a4,0-1,0.0,917,682,870,6.6
2472,Base-8d0ff77,0-1,1.0,918,682,870,6.8
2471,New-90ba5a4,1-0,1.0,919,682,870,6.9
2473,New-90ba5a4,0-1,0.0,919,682,871,6.7
2466,Base-8d0ff77,0-1,1.0,920,682,871,6.9
2474,Base-8d0ff77,0-1,1.0,921,682,871,7.0
2478,Base-8d0ff77,1-0,0.0,921,682,872,6.9
2482,Base-8d0ff77,1-0,0.0,921,682,873,6.7
2477,New-90ba5a4,1-0,1.0,922,682,873,6.9
2479,New-90ba5a4,0-1,0.0,922,682,874,6.7
2481,New-90ba5a4,1-0,1.0,923,682,874,6.9
2480,Base-8d0ff77,0-1,1.0,924,682,874,7.0
2475,New-90ba5a4,0-1,0.0,924,682,875,6.9
2476,Base-8d0ff77,1/2-1/2,0.5,924,683,875,6.9
2484,Base-8d0ff77,0-1,1.0,925,683,875,7.0
2489,New-90ba5a4,1-0,1.0,926,683,875,7.1
2485,New-90ba5a4,1/2-1/2,0.5,926,684,875,7.1
2483,New-90ba5a4,0-1,0.0,926,684,876,7.0
2487,New-90ba5a4,0-1,0.0,926,684,877,6.8
2486,Base-8d0ff77,1-0,0.0,926,684,878,6.7
2488,Base-8d0ff77,0-1,1.0,927,684,878,6.8
2490,Base-8d0ff77,1/2-1/2,0.5,927,685,878,6.8
2495,New-90ba5a4,0-1,0.0,927,685,879,6.7
2494,Base-8d0ff77,1-0,0.0,927,685,880,6.6
2498,Base-8d0ff77,1-0,0.0,927,685,881,6.4
2491,New-90ba5a4,1-0,1.0,928,685,881,6.5
2493,New-90ba5a4,1-0,1.0,929,685,881,6.7
2492,Base-8d0ff77,0-1,1.0,930,685,881,6.8
2497,New-90ba5a4,1-0,1.0,931,685,881,7.0
2496,Base-8d0ff77,1-0,0.0,931,685,882,6.8
2504,Base-8d0ff77,1/2-1/2,0.5,931,686,882,6.8
2501,New-90ba5a4,1-0,1.0,932,686,882,6.9
2502,Base-8d0ff77,1/2-1/2,0.5,932,687,882,6.9
2500,Base-8d0ff77,1-0,0.0,932,687,883,6.8
2506,Base-8d0ff77,1/2-1/2,0.5,932,688,883,6.8
2503,New-90ba5a4,0-1,0.0,932,688,884,6.7
2505,New-90ba5a4,0-1,0.0,932,688,885,6.5
2499,New-90ba5a4,1/2-1/2,0.5,932,689,885,6.5
2508,Base-8d0ff77,1/2-1/2,0.5,932,690,885,6.5
2507,New-90ba5a4,1/2-1/2,0.5,932,691,885,6.5
2509,New-90ba5a4,1/2-1/2,0.5,932,692,885,6.5
2515,New-90ba5a4,0-1,0.0,932,692,886,6.4
2513,New-90ba5a4,1-0,1.0,933,692,886,6.5
2510,Base-8d0ff77,1/2-1/2,0.5,933,693,886,6.5
2514,Base-8d0ff77,0-1,1.0,934,693,886,6.6
2512,Base-8d0ff77,1/2-1/2,0.5,934,694,886,6.6
2511,New-90ba5a4,1/2-1/2,0.5,934,695,886,6.6
2518,Base-8d0ff77,1/2-1/2,0.5,934,696,886,6.6
2516,Base-8d0ff77,1-0,0.0,934,696,887,6.5
2517,New-90ba5a4,1-0,1.0,935,696,887,6.6
2520,Base-8d0ff77,1/2-1/2,0.5,935,697,887,6.6
2522,Base-8d0ff77,0-1,1.0,936,697,887,6.8
2519,New-90ba5a4,1/2-1/2,0.5,936,698,887,6.8
2521,New-90ba5a4,0-1,0.0,936,698,888,6.6
2523,New-90ba5a4,1-0,1.0,937,698,888,6.7
2524,Base-8d0ff77,0-1,1.0,938,698,888,6.9
2525,New-90ba5a4,0-1,0.0,938,698,889,6.7
2526,Base-8d0ff77,0-1,1.0,939,698,889,6.9
2527,New-90ba5a4,1-0,1.0,940,698,889,7.0
2529,New-90ba5a4,0-1,0.0,940,698,890,6.9
2531,New-90ba5a4,1-0,1.0,941,698,890,7.0
2530,Base-8d0ff77,0-1,1.0,942,698,890,7.1
2528,Base-8d0ff77,1/2-1/2,0.5,942,699,890,7.1
2532,Base-8d0ff77,1-0,0.0,942,699,891,7.0
2533,New-90ba5a4,1/2-1/2,0.5,942,700,891,7.0
2535,New-90ba5a4,1-0,1.0,943,700,891,7.1
2534,Base-8d0ff77,0-1,1.0,944,700,891,7.3
2536,Base-8d0ff77,1/2-1/2,0.5,944,701,891,7.3
2537,New-90ba5a4,1-0,1.0,945,701,891,7.4
2538,Base-8d0ff77,1-0,0.0,945,701,892,7.3
2541,New-90ba5a4,0-1,0.0,945,701,893,7.1
2542,Base-8d0ff77,0-1,1.0,946,701,893,7.3
2540,Base-8d0ff77,1-0,0.0,946,701,894,7.1
2545,New-90ba5a4,1-0,1.0,947,701,894,7.2
2539,New-90ba5a4,1/2-1/2,0.5,947,702,894,7.2
2543,New-90ba5a4,1/2-1/2,0.5,947,703,894,7.2
2544,Base-8d0ff77,1-0,0.0,947,703,895,7.1
2548,Base-8d0ff77,1/2-1/2,0.5,947,704,895,7.1
2549,New-90ba5a4,1/2-1/2,0.5,947,705,895,7.1
2546,Base-8d0ff77,0-1,1.0,948,705,895,7.2
2551,New-90ba5a4,1/2-1/2,0.5,948,706,895,7.2
2547,New-90ba5a4,0-1,0.0,948,706,896,7.1
2550,Base-8d0ff77,1/2-1/2,0.5,948,707,896,7.1
2554,Base-8d0ff77,1-0,0.0,948,707,897,6.9
2552,Base-8d0ff77,0-1,1.0,949,707,897,7.1
2555,New-90ba5a4,0-1,0.0,949,707,898,6.9
2556,Base-8d0ff77,1-0,0.0,949,707,899,6.8
2553,New-90ba5a4,1-0,1.0,950,707,899,6.9
2558,Base-8d0ff77,0-1,1.0,951,707,899,7.1
2557,New-90ba5a4,1-0,1.0,952,707,899,7.2
2560,Base-8d0ff77,1-0,0.0,952,707,900,7.1
2559,New-90ba5a4,0-1,0.0,952,707,901,6.9
2562,Base-8d0ff77,1/2-1/2,0.5,952,708,901,6.9
2564,Base-8d0ff77,1-0,0.0,952,708,902,6.8
2563,New-90ba5a4,0-1,0.0,952,708,903,6.6
2565,New-90ba5a4,0-1,0.0,952,708,904,6.5
2566,Base-8d0ff77,0-1,1.0,953,708,904,6.6
2561,New-90ba5a4,0-1,0.0,953,708,905,6.5
2569,New-90ba5a4,0-1,0.0,953,708,906,6.4
2567,New-90ba5a4,1/2-1/2,0.5,953,709,906,6.4
2568,Base-8d0ff77,0-1,1.0,954,709,906,6.5
2570,Base-8d0ff77,0-1,1.0,955,709,906,6.6
2571,New-90ba5a4,1-0,1.0,956,709,906,6.8
2574,Base-8d0ff77,0-1,1.0,957,709,906,6.9
2572,Base-8d0ff77,0-1,1.0,958,709,906,7.0
2575,New-90ba5a4,1-0,1.0,959,709,906,7.2
2576,Base-8d0ff77,0-1,1.0,960,709,906,7.3
2577,New-90ba5a4,1-0,1.0,961,709,906,7.4
2578,Base-8d0ff77,1-0,0.0,961,709,907,7.3
2573,New-90ba5a4,1/2-1/2,0.5,961,710,907,7.3
2579,New-90ba5a4,0-1,0.0,961,710,908,7.1
2581,New-90ba5a4,0-1,0.0,961,710,909,7.0
2582,Base-8d0ff77,0-1,1.0,962,710,909,7.1
2584,Base-8d0ff77,0-1,1.0,963,710,909,7.3
2583,New-90ba5a4,1/2-1/2,0.5,963,711,909,7.3
2580,Base-8d0ff77,1/2-1/2,0.5,963,712,909,7.3
2587,New-90ba5a4,1/2-1/2,0.5,963,713,909,7.3
2585,New-90ba5a4,1/2-1/2,0.5,963,714,909,7.3
2586,Base-8d0ff77,0-1,1.0,964,714,909,7.4
2589,New-90ba5a4,0-1,0.0,964,714,910,7.3
2590,Base-8d0ff77,1-0,0.0,964,714,911,7.1
2592,Base-8d0ff77,1/2-1/2,0.5,964,715,911,7.1
2588,Base-8d0ff77,1-0,0.0,964,715,912,7.0
2594,Base-8d0ff77,1-0,0.0,964,715,913,6.8
2593,New-90ba5a4,1/2-1/2,0.5,964,716,913,6.8
2591,New-90ba5a4,1-0,1.0,965,716,913,7.0
2595,New-90ba5a4,0-1,0.0,965,716,914,6.8
2597,New-90ba5a4,1-0,1.0,966,716,914,7.0
2602,Base-8d0ff77,1-0,0.0,966,716,915,6.8
2596,Base-8d0ff77,0-1,1.0,967,716,915,7.0
2598,Base-8d0ff77,0-1,1.0,968,716,915,7.1
2599,New-90ba5a4,1-0,1.0,969,716,915,7.2
2601,New-90ba5a4,1-0,1.0,970,716,915,7.3
2606,Base-8d0ff77,0-1,1.0,971,716,915,7.5
2600,Base-8d0ff77,0-1,1.0,972,716,915,7.6
2607,New-90ba5a4,1/2-1/2,0.5,972,717,915,7.6
2603,New-90ba5a4,0-1,0.0,972,717,916,7.5
2604,Base-8d0ff77,0-1,1.0,973,717,916,7.6
2605,New-90ba5a4,1-0,1.0,974,717,916,7.7
2609,New-90ba5a4,1/2-1/2,0.5,974,718,916,7.7
2608,Base-8d0ff77,0-1,1.0,975,718,916,7.9
2614,Base-8d0ff77,1-0,0.0,975,718,917,7.7
2616,Base-8d0ff77,1/2-1/2,0.5,975,719,917,7.7
2611,New-90ba5a4,1/2-1/2,0.5,975,720,917,7.7
2613,New-90ba5a4,1-0,1.0,976,720,917,7.8
2610,Base-8d0ff77,0-1,1.0,977,720,917,8.0
2612,Base-8d0ff77,0-1,1.0,978,720,917,8.1
2617,New-90ba5a4,0-1,0.0,978,720,918,8.0
2615,New-90ba5a4,0-1,0.0,978,720,919,7.8
2618,Base-8d0ff77,0-1,1.0,979,720,919,8.0
2619,New-90ba5a4,1-0,1.0,980,720,919,8.1
2621,New-90ba5a4,1-0,1.0,981,720,919,8.2
2622,Base-8d0ff77,1-0,0.0,981,720,920,8.1
2625,New-90ba5a4,1/2-1/2,0.5,981,721,920,8.1
2620,Base-8d0ff77,0-1,1.0,982,721,920,8.2
2623,New-90ba5a4,0-1,0.0,982,721,921,8.1
2624,Base-8d0ff77,1-0,0.0,982,721,922,7.9
2626,Base-8d0ff77,1/2-1/2,0.5,982,722,922,7.9
2627,New-90ba5a4,1/2-1/2,0.5,982,723,922,7.9
2634,Base-8d0ff77,1/2-1/2,0.5,982,724,922,7.9
2630,Base-8d0ff77,1-0,0.0,982,724,923,7.8
2628,Base-8d0ff77,1/2-1/2,0.5,982,725,923,7.8
2631,New-90ba5a4,1-0,1.0,983,725,923,7.9
2629,New-90ba5a4,1-0,1.0,984,725,923,8.1
2632,Base-8d0ff77,1-0,0.0,984,725,924,7.9
2633,New-90ba5a4,1/2-1/2,0.5,984,726,924,7.9
2635,New-90ba5a4,0-1,0.0,984,726,925,7.8
2636,Base-8d0ff77,0-1,1.0,985,726,925,7.9
2640,Base-8d0ff77,0-1,1.0,986,726,925,8.0
2638,Base-8d0ff77,1/2-1/2,0.5,986,727,925,8.0
2639,New-90ba5a4,1-0,1.0,987,727,925,8.2
2643,New-90ba5a4,1/2-1/2,0.5,987,728,925,8.2
2637,New-90ba5a4,1/2-1/2,0.5,987,729,925,8.2
2641,New-90ba5a4,1-0,1.0,988,729,925,8.3
2642,Base-8d0ff77,0-1,1.0,989,729,925,8.4
2646,Base-8d0ff77,1-0,0.0,989,729,926,8.3
2647,New-90ba5a4,0-1,0.0,989,729,927,8.1
2648,Base-8d0ff77,0-1,1.0,990,729,927,8.3
2649,New-90ba5a4,1-0,1.0,991,729,927,8.4
2645,New-90ba5a4,0-1,0.0,991,729,928,8.3
2644,Base-8d0ff77,1-0,0.0,991,729,929,8.1
2654,Base-8d0ff77,1/2-1/2,0.5,991,730,929,8.1
2657,New-90ba5a4,1/2-1/2,0.5,991,731,929,8.1
2651,New-90ba5a4,1/2-1/2,0.5,991,732,929,8.1
2655,New-90ba5a4,1-0,1.0,992,732,929,8.3
2650,Base-8d0ff77,0-1,1.0,993,732,929,8.4
2653,New-90ba5a4,1/2-1/2,0.5,993,733,929,8.4
2656,Base-8d0ff77,1-0,0.0,993,733,930,8.2
2658,Base-8d0ff77,1-0,0.0,993,733,931,8.1
2652,Base-8d0ff77,1/2-1/2,0.5,993,734,931,8.1
2659,New-90ba5a4,0-1,0.0,993,734,932,8.0
2660,Base-8d0ff77,0-1,1.0,994,734,932,8.1
2663,New-90ba5a4,1-0,1.0,995,734,932,8.2
2662,Base-8d0ff77,1/2-1/2,0.5,995,735,932,8.2
2664,Base-8d0ff77,1-0,0.0,995,735,933,8.1
2661,New-90ba5a4,1-0,1.0,996,735,933,8.2
2665,New-90ba5a4,1/2-1/2,0.5,996,736,933,8.2
2666,Base-8d0ff77,0-1,1.0,997,736,933,8.3
2671,New-90ba5a4,0-1,0.0,997,736,934,8.2
2668,Base-8d0ff77,1/2-1/2,0.5,997,737,934,8.2
2667,New-90ba5a4,1-0,1.0,998,737,934,8.3
2669,New-90ba5a4,1-0,1.0,999,737,934,8.5
2670,Base-8d0ff77,1-0,0.0,999,737,935,8.3
2672,Base-8d0ff77,0-1,1.0,1000,737,935,8.5
2675,New-90ba5a4,1-0,1.0,1001,737,935,8.6
2674,Base-8d0ff77,1-0,0.0,1001,737,936,8.4
2673,New-90ba5a4,1/2-1/2,0.5,1001,738,936,8.4
2677,New-90ba5a4,1-0,1.0,1002,738,936,8.6
2679,New-90ba5a4,0-1,0.0,1002,738,937,8.4
2678,Base-8d0ff77,1-0,0.0,1002,738,938,8.3
2680,Base-8d0ff77,1-0,0.0,1002,738,939,8.2
2681,New-90ba5a4,1-0,1.0,1003,738,939,8.3
2676,Base-8d0ff77,1/2-1/2,0.5,1003,739,939,8.3
2683,New-90ba5a4,0-1,0.0,1003,739,940,8.2
2682,Base-8d0ff77,1-0,0.0,1003,739,941,8.0
2684,Base-8d0ff77,1-0,0.0,1003,739,942,7.9
2686,Base-8d0ff77,1-0,0.0,1003,739,943,7.8
2685,New-90ba5a4,1-0,1.0,1004,739,943,7.9
2688,Base-8d0ff77,0-1,1.0,1005,739,943,8.0
2692,Base-8d0ff77,1/2-1/2,0.5,1005,740,943,8.0
2689,New-90ba5a4,0-1,0.0,1005,740,944,7.9
2690,Base-8d0ff77,1-0,0.0,1005,740,945,7.8
2693,New-90ba5a4,0-1,0.0,1005,740,946,7.6
2691,New-90ba5a4,1/2-1/2,0.5,1005,741,946,7.6
2694,Base-8d0ff77,1-0,0.0,1005,741,947,7.5
2687,New-90ba5a4,0-1,0.0,1005,741,948,7.4
2695,New-90ba5a4,1-0,1.0,1006,741,948,7.5
2698,Base-8d0ff77,1-0,0.0,1006,741,949,7.3
2696,Base-8d0ff77,0-1,1.0,1007,741,949,7.5
2699,New-90ba5a4,1-0,1.0,1008,741,949,7.6
2700,Base-8d0ff77,0-1,1.0,1009,741,949,7.7
2697,New-90ba5a4,1/2-1/2,0.5,1009,742,949,7.7
2702,Base-8d0ff77,1-0,0.0,1009,742,950,7.6
2701,New-90ba5a4,1/2-1/2,0.5,1009,743,950,7.6
2703,New-90ba5a4,0-1,0.0,1009,743,951,7.5
2709,New-90ba5a4,1/2-1/2,0.5,1009,744,951,7.5
2704,Base-8d0ff77,1-0,0.0,1009,744,952,7.3
2705,New-90ba5a4,1-0,1.0,1010,744,952,7.4
2707,New-90ba5a4,1-0,1.0,1011,744,952,7.6
2708,Base-8d0ff77,1-0,0.0,1011,744,953,7.4
2711,New-90ba5a4,1/2-1/2,0.5,1011,745,953,7.4
2706,Base-8d0ff77,1/2-1/2,0.5,1011,746,953,7.4
2714,Base-8d0ff77,1/2-1/2,0.5,1011,747,953,7.4
2710,Base-8d0ff77,1-0,0.0,1011,747,954,7.3
2712,Base-8d0ff77,1-0,0.0,1011,747,955,7.2
2715,New-90ba5a4,1-0,1.0,1012,747,955,7.3
2713,New-90ba5a4,0-1,0.0,1012,747,956,7.2
2716,Base-8d0ff77,1-0,0.0,1012,747,957,7.0
2718,Base-8d0ff77,1-0,0.0,1012,747,958,6.9
2719,New-90ba5a4,0-1,0.0,1012,747,959,6.8
2717,New-90ba5a4,1/2-1/2,0.5,1012,748,959,6.8
2720,Base-8d0ff77,0-1,1.0,1013,748,959,6.9
2722,Base-8d0ff77,1/2-1/2,0.5,1013,749,959,6.9
2724,Base-8d0ff77,1-0,0.0,1013,749,960,6.8
2723,New-90ba5a4,1/2-1/2,0.5,1013,750,960,6.8
2721,New-90ba5a4,1/2-1/2,0.5,1013,751,960,6.8
2725,New-90ba5a4,0-1,0.0,1013,751,961,6.6
2727,New-90ba5a4,1/2-1/2,0.5,1013,752,961,6.6
2726,Base-8d0ff77,0-1,1.0,1014,752,961,6.8
2728,Base-8d0ff77,1-0,0.0,1014,752,962,6.6
2732,Base-8d0ff77,1-0,0.0,1014,752,963,6.5
2729,New-90ba5a4,1/2-1/2,0.5,1014,753,963,6.5
2731,New-90ba5a4,1-0,1.0,1015,753,963,6.6
2730,Base-8d0ff77,1/2-1/2,0.5,1015,754,963,6.6
2737,New-90ba5a4,1-0,1.0,1016,754,963,6.7
2733,New-90ba5a4,0-1,0.0,1016,754,964,6.6
2735,New-90ba5a4,0-1,0.0,1016,754,965,6.5
2734,Base-8d0ff77,1-0,0.0,1016,754,966,6.4
2736,Base-8d0ff77,1-0,0.0,1016,754,967,6.2
2738,Base-8d0ff77,1/2-1/2,0.5,1016,755,967,6.2
2740,Base-8d0ff77,0-1,1.0,1017,755,967,6.3
2739,New-90ba5a4,1/2-1/2,0.5,1017,756,967,6.3
2741,New-90ba5a4,0-1,0.0,1017,756,968,6.2
2743,New-90ba5a4,0-1,0.0,1017,756,969,6.1
2744,Base-8d0ff77,0-1,1.0,1018,756,969,6.2
2742,Base-8d0ff77,0-1,1.0,1019,756,969,6.3
2745,New-90ba5a4,1-0,1.0,1020,756,969,6.5
2748,Base-8d0ff77,0-1,1.0,1021,756,969,6.6
2746,Base-8d0ff77,0-1,1.0,1022,756,969,6.7
2747,New-90ba5a4,1/2-1/2,0.5,1022,757,969,6.7
2750,Base-8d0ff77,1/2-1/2,0.5,1022,758,969,6.7
2749,New-90ba5a4,1-0,1.0,1023,758,969,6.8
2751,New-90ba5a4,1-0,1.0,1024,758,969,6.9
2753,New-90ba5a4,1-0,1.0,1025,758,969,7.1
2752,Base-8d0ff77,1/2-1/2,0.5,1025,759,969,7.1
2754,Base-8d0ff77,0-1,1.0,1026,759,969,7.2
2755,New-90ba5a4,1-0,1.0,1027,759,969,7.3
2756,Base-8d0ff77,0-1,1.0,1028,759,969,7.4
2758,Base-8d0ff77,0-1,1.0,1029,759,969,7.6
2757,New-90ba5a4,0-1,0.0,1029,759,970,7.4
2759,New-90ba5a4,1-0,1.0,1030,759,970,7.6
2761,New-90ba5a4,1-0,1.0,1031,759,970,7.7
2760,Base-8d0ff77,1/2-1/2,0.5,1031,760,970,7.7
2763,New-90ba5a4,0-1,0.0,1031,760,971,7.5
2767,New-90ba5a4,1-0,1.0,1032,760,971,7.7
2768,Base-8d0ff77,1/2-1/2,0.5,1032,761,971,7.7
2764,Base-8d0ff77,1-0,0.0,1032,761,972,7.5
2762,Base-8d0ff77,1/2-1/2,0.5,1032,762,972,7.5
2765,New-90ba5a4,1/2-1/2,0.5,1032,763,972,7.5
2766,Base-8d0ff77,1-0,0.0,1032,763,973,7.4
2769,New-90ba5a4,0-1,0.0,1032,763,974,7.3
2775,New-90ba5a4,1/2-1/2,0.5,1032,764,974,7.3
2770,Base-8d0ff77,1-0,0.0,1032,764,975,7.1
2771,New-90ba5a4,1-0,1.0,1033,764,975,7.3
2774,Base-8d0ff77,1-0,0.0,1033,764,976,7.1
2773,New-90ba5a4,0-1,0.0,1033,764,977,7.0
2776,Base-8d0ff77,0-1,1.0,1034,764,977,7.1
2772,Base-8d0ff77,0-1,1.0,1035,764,977,7.3
2777,New-90ba5a4,1-0,1.0,1036,764,977,7.4
2778,Base-8d0ff77,0-1,1.0,1037,764,977,7.5
2781,New-90ba5a4,1-0,1.0,1038,764,977,7.6
2783,New-90ba5a4,1/2-1/2,0.5,1038,765,977,7.6
2785,New-90ba5a4,1/2-1/2,0.5,1038,766,977,7.6
2780,Base-8d0ff77,1-0,0.0,1038,766,978,7.5
2782,Base-8d0ff77,0-1,1.0,1039,766,978,7.6
2779,New-90ba5a4,1/2-1/2,0.5,1039,767,978,7.6
2784,Base-8d0ff77,0-1,1.0,1040,767,978,7.7
2786,Base-8d0ff77,0-1,1.0,1041,767,978,7.9
2787,New-90ba5a4,0-1,0.0,1041,767,979,7.7
2788,Base-8d0ff77,0-1,1.0,1042,767,979,7.9
2789,New-90ba5a4,0-1,0.0,1042,767,980,7.7
2791,New-90ba5a4,1/2-1/2,0.5,1042,768,980,7.7
2790,Base-8d0ff77,1/2-1/2,0.5,1042,769,980,7.7
2793,New-90ba5a4,1/2-1/2,0.5,1042,770,980,7.7
2794,Base-8d0ff77,0-1,1.0,1043,770,980,7.8
2795,New-90ba5a4,0-1,0.0,1043,770,981,7.7
2792,Base-8d0ff77,1/2-1/2,0.5,1043,771,981,7.7
2803,New-90ba5a4,1/2-1/2,0.5,1043,772,981,7.7
2796,Base-8d0ff77,1/2-1/2,0.5,1043,773,981,7.7
2798,Base-8d0ff77,0-1,1.0,1044,773,981,7.8
2799,New-90ba5a4,1-0,1.0,1045,773,981,7.9
2800,Base-8d0ff77,0-1,1.0,1046,773,981,8.1
2797,New-90ba5a4,1/2-1/2,0.5,1046,774,981,8.1
2802,Base-8d0ff77,1-0,0.0,1046,774,982,7.9
2801,New-90ba5a4,1-0,1.0,1047,774,982,8.1
2804,Base-8d0ff77,1-0,0.0,1047,774,983,7.9
2805,New-90ba5a4,0-1,0.0,1047,774,984,7.8
2806,Base-8d0ff77,1-0,0.0,1047,774,985,7.7
2807,New-90ba5a4,0-1,0.0,1047,774,986,7.6
2808,Base-8d0ff77,1-0,0.0,1047,774,987,7.4
2809,New-90ba5a4,1-0,1.0,1048,774,987,7.5
2810,Base-8d0ff77,1-0,0.0,1048,774,988,7.4
2811,New-90ba5a4,0-1,0.0,1048,774,989,7.3
2816,Base-8d0ff77,1-0,0.0,1048,774,990,7.2
2813,New-90ba5a4,1-0,1.0,1049,774,990,7.3
2812,Base-8d0ff77,1-0,0.0,1049,774,991,7.2
2814,Base-8d0ff77,1-0,0.0,1049,774,992,7.0
2815,New-90ba5a4,0-1,0.0,1049,774,993,6.9
2818,Base-8d0ff77,1-0,0.0,1049,774,994,6.8
2820,Base-8d0ff77,1-0,0.0,1049,774,995,6.7
2817,New-90ba5a4,1/2-1/2,0.5,1049,775,995,6.7
2819,New-90ba5a4,1-0,1.0,1050,775,995,6.8
2825,New-90ba5a4,1/2-1/2,0.5,1050,776,995,6.8
2822,Base-8d0ff77,1/2-1/2,0.5,1050,777,995,6.8
2823,New-90ba5a4,1-0,1.0,1051,777,995,6.9
2824,Base-8d0ff77,1-0,0.0,1051,777,996,6.8
2821,New-90ba5a4,1/2-1/2,0.5,1051,778,996,6.8
2826,Base-8d0ff77,1/2-1/2,0.5,1051,779,996,6.8
2828,Base-8d0ff77,0-1,1.0,1052,779,996,6.9
2830,Base-8d0ff77,0-1,1.0,1053,779,996,7.0
2827,New-90ba5a4,0-1,0.0,1053,779,997,6.9
2829,New-90ba5a4,0-1,0.0,1053,779,998,6.8
2831,New-90ba5a4,0-1,0.0,1053,779,999,6.6
2834,Base-8d0ff77,1-0,0.0,1053,779,1000,6.5
2832,Base-8d0ff77,1/2-1/2,0.5,1053,780,1000,6.5
2835,New-90ba5a4,0-1,0.0,1053,780,1001,6.4
2833,New-90ba5a4,1-0,1.0,1054,780,1001,6.5
2837,New-90ba5a4,1-0,1.0,1055,780,1001,6.6
2836,Base-8d0ff77,0-1,1.0,1056,780,1001,6.7
2839,New-90ba5a4,1-0,1.0,1057,780,1001,6.9
2838,Base-8d0ff77,1/2-1/2,0.5,1057,781,1001,6.9
2843,New-90ba5a4,0-1,0.0,1057,781,1002,6.7
2842,Base-8d0ff77,1-0,0.0,1057,781,1003,6.6
2840,Base-8d0ff77,1-0,0.0,1057,781,1004,6.5
2841,New-90ba5a4,0-1,0.0,1057,781,1005,6.4
2846,Base-8d0ff77,1-0,0.0,1057,781,1006,6.2
2844,Base-8d0ff77,1/2-1/2,0.5,1057,782,1006,6.2
2845,New-90ba5a4,1-0,1.0,1058,782,1006,6.3
2848,Base-8d0ff77,1-0,0.0,1058,782,1007,6.2
2849,New-90ba5a4,0-1,0.0,1058,782,1008,6.1
2847,New-90ba5a4,1/2-1/2,0.5,1058,783,1008,6.1
2851,New-90ba5a4,1/2-1/2,0.5,1058,784,1008,6.1
2852,Base-8d0ff77,1/2-1/2,0.5,1058,785,1008,6.1
2854,Base-8d0ff77,1/2-1/2,0.5,1058,786,1008,6.1
2853,New-90ba5a4,1-0,1.0,1059,786,1008,6.2
2850,Base-8d0ff77,1/2-1/2,0.5,1059,787,1008,6.2
2857,New-90ba5a4,0-1,0.0,1059,787,1009,6.1
2855,New-90ba5a4,1-0,1.0,1060,787,1009,6.2
2858,Base-8d0ff77,0-1,1.0,1061,787,1009,6.3
2856,Base-8d0ff77,1-0,0.0,1061,787,1010,6.2
2862,Base-8d0ff77,1-0,0.0,1061,787,1011,6.1
2860,Base-8d0ff77,0-1,1.0,1062,787,1011,6.2
2861,New-90ba5a4,0-1,0.0,1062,787,1012,6.1
2863,New-90ba5a4,1-0,1.0,1063,787,1012,6.2
2864,Base-8d0ff77,0-1,1.0,1064,787,1012,6.3
2865,New-90ba5a4,1-0,1.0,1065,787,1012,6.4
2859,New-90ba5a4,1/2-1/2,0.5,1065,788,1012,6.4
2866,Base-8d0ff77,1/2-1/2,0.5,1065,789,1012,6.4
2867,New-90ba5a4,1-0,1.0,1066,789,1012,6.5
2870,Base-8d0ff77,0-1,1.0,1067,789,1012,6.7
2868,Base-8d0ff77,1/2-1/2,0.5,1067,790,1012,6.7
2869,New-90ba5a4,0-1,0.0,1067,790,1013,6.5
2874,Base-8d0ff77,0-1,1.0,1068,790,1013,6.7
2871,New-90ba5a4,0-1,0.0,1068,790,1014,6.5
2873,New-90ba5a4,0-1,0.0,1068,790,1015,6.4
2872,Base-8d0ff77,1/2-1/2,0.5,1068,791,1015,6.4
2875,New-90ba5a4,0-1,0.0,1068,791,1016,6.3
2877,New-90ba5a4,1-0,1.0,1069,791,1016,6.4
2878,Base-8d0ff77,1/2-1/2,0.5,1069,792,1016,6.4
2880,Base-8d0ff77,1/2-1/2,0.5,1069,793,1016,6.4
2876,Base-8d0ff77,1/2-1/2,0.5,1069,794,1016,6.4
2881,New-90ba5a4,0-1,0.0,1069,794,1017,6.3
2879,New-90ba5a4,1-0,1.0,1070,794,1017,6.4
2884,Base-8d0ff77,0-1,1.0,1071,794,1017,6.5
2883,New-90ba5a4,0-1,0.0,1071,794,1018,6.4
2882,Base-8d0ff77,0-1,1.0,1072,794,1018,6.5
2886,Base-8d0ff77,1/2-1/2,0.5,1072,795,1018,6.5
2887,New-90ba5a4,1-0,1.0,1073,795,1018,6.6
2892,Base-8d0ff77,1/2-1/2,0.5,1073,796,1018,6.6
2885,New-90ba5a4,0-1,0.0,1073,796,1019,6.5
2888,Base-8d0ff77,1-0,0.0,1073,796,1020,6.4
2889,New-90ba5a4,1-0,1.0,1074,796,1020,6.5
2890,Base-8d0ff77,0-1,1.0,1075,796,1020,6.6
2891,New-90ba5a4,1-0,1.0,1076,796,1020,6.7
2897,New-90ba5a4,1/2-1/2,0.5,1076,797,1020,6.7
2893,New-90ba5a4,1/2-1/2,0.5,1076,798,1020,6.7
2894,Base-8d0ff77,0-1,1.0,1077,798,1020,6.8
2895,New-90ba5a4,1/2-1/2,0.5,1077,799,1020,6.8
2896,Base-8d0ff77,1-0,0.0,1077,799,1021,6.7
2898,Base-8d0ff77,1-0,0.0,1077,799,1022,6.6
2899,New-90ba5a4,0-1,0.0,1077,799,1023,6.5
2900,Base-8d0ff77,0-1,1.0,1078,799,1023,6.6
2902,Base-8d0ff77,0-1,1.0,1079,799,1023,6.7
2901,New-90ba5a4,1-0,1.0,1080,799,1023,6.8
2904,Base-8d0ff77,0-1,1.0,1081,799,1023,6.9
2905,New-90ba5a4,0-1,0.0,1081,799,1024,6.8
2903,New-90ba5a4,0-1,0.0,1081,799,1025,6.7
2907,New-90ba5a4,1-0,1.0,1082,799,1025,6.8
2906,Base-8d0ff77,0-1,1.0,1083,799,1025,6.9
2910,Base-8d0ff77,0-1,1.0,1084,799,1025,7.1
2908,Base-8d0ff77,1/2-1/2,0.5,1084,800,1025,7.0
2909,New-90ba5a4,0-1,0.0,1084,800,1026,6.9
2911,New-90ba5a4,1-0,1.0,1085,800,1026,7.0
2916,Base-8d0ff77,1/2-1/2,0.5,1085,801,1026,7.0
2913,New-90ba5a4,1/2-1/2,0.5,1085,802,1026,7.0
2912,Base-8d0ff77,0-1,1.0,1086,802,1026,7.2
2914,Base-8d0ff77,1-0,0.0,1086,802,1027,7.0
2915,New-90ba5a4,1-0,1.0,1087,802,1027,7.1
2920,Base-8d0ff77,1/2-1/2,0.5,1087,803,1027,7.1
2919,New-90ba5a4,0-1,0.0,1087,803,1028,7.0
2917,New-90ba5a4,1-0,1.0,1088,803,1028,7.1
2918,Base-8d0ff77,1/2-1/2,0.5,1088,804,1028,7.1
2921,New-90ba5a4,0-1,0.0,1088,804,1029,7.0
2922,Base-8d0ff77,1-0,0.0,1088,804,1030,6.9
2925,New-90ba5a4,1-0,1.0,1089,804,1030,7.0
2927,New-90ba5a4,1-0,1.0,1090,804,1030,7.1
2924,Base-8d0ff77,1-0,0.0,1090,804,1031,7.0
2926,Base-8d0ff77,0-1,1.0,1091,804,1031,7.1
2928,Base-8d0ff77,1/2-1/2,0.5,1091,805,1031,7.1
2923,New-90ba5a4,1-0,1.0,1092,805,1031,7.2
2930,Base-8d0ff77,1-0,0.0,1092,805,1032,7.1
2929,New-90ba5a4,1-0,1.0,1093,805,1032,7.2
2933,New-90ba5a4,1/2-1/2,0.5,1093,806,1032,7.2
2931,New-90ba5a4,1-0,1.0,1094,806,1032,7.3
2934,Base-8d0ff77,1-0,0.0,1094,806,1033,7.2
2935,New-90ba5a4,1-0,1.0,1095,806,1033,7.3
2932,Base-8d0ff77,1/2-1/2,0.5,1095,807,1033,7.3
2937,New-90ba5a4,0-1,0.0,1095,807,1034,7.2
2936,Base-8d0ff77,1-0,0.0,1095,807,1035,7.1
2938,Base-8d0ff77,0-1,1.0,1096,807,1035,7.2
2939,New-90ba5a4,1-0,1.0,1097,807,1035,7.3
2940,Base-8d0ff77,1/2-1/2,0.5,1097,808,1035,7.3
2941,New-90ba5a4,1/2-1/2,0.5,1097,809,1035,7.3
2942,Base-8d0ff77,1-0,0.0,1097,809,1036,7.2
2944,Base-8d0ff77,1-0,0.0,1097,809,1037,7.1
2943,New-90ba5a4,1-0,1.0,1098,809,1037,7.2
2945,New-90ba5a4,1-0,1.0,1099,809,1037,7.3
2946,Base-8d0ff77,0-1,1.0,1100,809,1037,7.4
2947,New-90ba5a4,1/2-1/2,0.5,1100,810,1037,7.4
2948,Base-8d0ff77,0-1,1.0,1101,810,1037,7.5
2952,Base-8d0ff77,0-1,1.0,1102,810,1037,7.7
2951,New-90ba5a4,1-0,1.0,1103,810,1037,7.8
2949,New-90ba5a4,1-0,1.0,1104,810,1037,7.9
2950,Base-8d0ff77,1/2-1/2,0.5,1104,811,1037,7.9
2953,New-90ba5a4,1-0,1.0,1105,811,1037,8.0
2955,New-90ba5a4,1/2-1/2,0.5,1105,812,1037,8.0
2954,Base-8d0ff77,0-1,1.0,1106,812,1037,8.1
2956,Base-8d0ff77,1/2-1/2,0.5,1106,813,1037,8.1
2958,Base-8d0ff77,1/2-1/2,0.5,1106,814,1037,8.1
2957,New-90ba5a4,0-1,0.0,1106,814,1038,8.0
2959,New-90ba5a4,0-1,0.0,1106,814,1039,7.9
2962,Base-8d0ff77,0-1,1.0,1107,814,1039,8.0
2960,Base-8d0ff77,1-0,0.0,1107,814,1040,7.9
2961,New-90ba5a4,1-0,1.0,1108,814,1040,8.0
2963,New-90ba5a4,0-1,0.0,1108,814,1041,7.9
2965,New-90ba5a4,1-0,1.0,1109,814,1041,8.0
2967,New-90ba5a4,0-1,0.0,1109,814,1042,7.9
2966,Base-8d0ff77,1/2-1/2,0.5,1109,815,1042,7.8
2970,Base-8d0ff77,0-1,1.0,1110,815,1042,8.0
2969,New-90ba5a4,1-0,1.0,1111,815,1042,8.1
2964,Base-8d0ff77,0-1,1.0,1112,815,1042,8.2
2968,Base-8d0ff77,0-1,1.0,1113,815,1042,8.3
2971,New-90ba5a4,0-1,0.0,1113,815,1043,8.2
2975,New-90ba5a4,1-0,1.0,1114,815,1043,8.3
2972,Base-8d0ff77,0-1,1.0,1115,815,1043,8.4
2974,Base-8d0ff77,0-1,1.0,1116,815,1043,8.5
2973,New-90ba5a4,1-0,1.0,1117,815,1043,8.6
2976,Base-8d0ff77,1/2-1/2,0.5,1117,816,1043,8.6
2977,New-90ba5a4,1-0,1.0,1118,816,1043,8.8
2985,New-90ba5a4,0-1,0.0,1118,816,1044,8.6
2984,Base-8d0ff77,1/2-1/2,0.5,1118,817,1044,8.6
2980,Base-8d0ff77,1-0,0.0,1118,817,1045,8.5
2981,New-90ba5a4,1-0,1.0,1119,817,1045,8.6
2978,Base-8d0ff77,1-0,0.0,1119,817,1046,8.5
2983,New-90ba5a4,0-1,0.0,1119,817,1047,8.4
2982,Base-8d0ff77,0-1,1.0,1120,817,1047,8.5
2979,New-90ba5a4,1/2-1/2,0.5,1120,818,1047,8.5
2987,New-90ba5a4,1-0,1.0,1121,818,1047,8.6
2993,New-90ba5a4,0-1,0.0,1121,818,1048,8.5
2988,Base-8d0ff77,0-1,1.0,1122,818,1048,8.6
2990,Base-8d0ff77,0-1,1.0,1123,818,1048,8.7
2991,New-90ba5a4,1-0,1.0,1124,818,1048,8.8
2986,Base-8d0ff77,0-1,1.0,1125,818,1048,8.9
2989,New-90ba5a4,0-1,0.0,1125,818,1049,8.8
2992,Base-8d0ff77,1/2-1/2,0.5,1125,819,1049,8.8
2995,New-90ba5a4,0-1,0.0,1125,819,1050,8.7
2997,New-90ba5a4,0-1,0.0,1125,819,1051,8.6
2994,Base-8d0ff77,0-1,1.0,1126,819,1051,8.7
2996,Base-8d0ff77,0-1,1.0,1127,819,1051,8.8
3000,Base-8d0ff77,0-1,1.0,1128,819,1051,8.9
2998,Base-8d0ff77,0-1,1.0,1129,819,1051,9.0
2999,New-90ba5a4,1/2-1/2,0.5,1129,820,1051,9.0
3001,New-90ba5a4,1-0,1.0,1130,820,1051,9.1
3006,Base-8d0ff77,1-0,0.0,1130,820,1052,9.0
3002,Base-8d0ff77,1/2-1/2,0.5,1130,821,1052,9.0
3003,New-90ba5a4,1-0,1.0,1131,821,1052,9.1
3004,Base-8d0ff77,1-0,0.0,1131,821,1053,9.0
3005,New-90ba5a4,1-0,1.0,1132,821,1053,9.1
3007,New-90ba5a4,0-1,0.0,1132,821,1054,9.0
3009,New-90ba5a4,1/2-1/2,0.5,1132,822,1054,9.0
3008,Base-8d0ff77,1-0,0.0,1132,822,1055,8.9
3010,Base-8d0ff77,1-0,0.0,1132,822,1056,8.8
3011,New-90ba5a4,1-0,1.0,1133,822,1056,8.9
3012,Base-8d0ff77,1/2-1/2,0.5,1133,823,1056,8.9
3015,New-90ba5a4,1-0,1.0,1134,823,1056,9.0
3014,Base-8d0ff77,1-0,0.0,1134,823,1057,8.9
3016,Base-8d0ff77,0-1,1.0,1135,823,1057,9.0
3013,New-90ba5a4,1/2-1/2,0.5,1135,824,1057,9.0
3017,New-90ba5a4,1-0,1.0,1136,824,1057,9.1
3018,Base-8d0ff77,1-0,0.0,1136,824,1058,9.0
3019,New-90ba5a4,0-1,0.0,1136,824,1059,8.9
3020,Base-8d0ff77,0-1,1.0,1137,824,1059,9.0
3024,Base-8d0ff77,0-1,1.0,1138,824,1059,9.1
3025,New-90ba5a4,0-1,0.0,1138,824,1060,9.0
3021,New-90ba5a4,1-0,1.0,1139,824,1060,9.1
3023,New-90ba5a4,1/2-1/2,0.5,1139,825,1060,9.1
3022,Base-8d0ff77,1/2-1/2,0.5,1139,826,1060,9.1
3026,Base-8d0ff77,0-1,1.0,1140,826,1060,9.2
3027,New-90ba5a4,1-0,1.0,1141,826,1060,9.3
3028,Base-8d0ff77,0-1,1.0,1142,826,1060,9.4
3029,New-90ba5a4,0-1,0.0,1142,826,1061,9.3
3031,New-90ba5a4,1-0,1.0,1143,826,1061,9.4
3032,Base-8d0ff77,0-1,1.0,1144,826,1061,9.5
3033,New-90ba5a4,1/2-1/2,0.5,1144,827,1061,9.5
3030,Base-8d0ff77,0-1,1.0,1145,827,1061,9.6
3036,Base-8d0ff77,1-0,0.0,1145,827,1062,9.5
3034,Base-8d0ff77,0-1,1.0,1146,827,1062,9.6
3035,New-90ba5a4,1/2-1/2,0.5,1146,828,1062,9.6
3037,New-90ba5a4,1-0,1.0,1147,828,1062,9.7
3039,New-90ba5a4,1/2-1/2,0.5,1147,829,1062,9.7
3042,Base-8d0ff77,1/2-1/2,0.5,1147,830,1062,9.7
3038,Base-8d0ff77,1/2-1/2,0.5,1147,831,1062,9.7
3041,New-90ba5a4,1/2-1/2,0.5,1147,832,1062,9.7
3040,Base-8d0ff77,1/2-1/2,0.5,1147,833,1062,9.7
3043,New-90ba5a4,1/2-1/2,0.5,1147,834,1062,9.7
3045,New-90ba5a4,1-0,1.0,1148,834,1062,9.8
3044,Base-8d0ff77,1-0,0.0,1148,834,1063,9.7
3048,Base-8d0ff77,1/2-1/2,0.5,1148,835,1063,9.7
3049,New-90ba5a4,1/2-1/2,0.5,1148,836,1063,9.7
3047,New-90ba5a4,1-0,1.0,1149,836,1063,9.8
3046,Base-8d0ff77,1/2-1/2,0.5,1149,837,1063,9.8
3050,Base-8d0ff77,1-0,0.0,1149,837,1064,9.7
3051,New-90ba5a4,0-1,0.0,1149,837,1065,9.6
3052,Base-8d0ff77,1/2-1/2,0.5,1149,838,1065,9.6
3053,New-90ba5a4,0-1,0.0,1149,838,1066,9.4
3054,Base-8d0ff77,0-1,1.0,1150,838,1066,9.6
3056,Base-8d0ff77,0-1,1.0,1151,838,1066,9.7
3057,New-90ba5a4,1-0,1.0,1152,838,1066,9.8
3058,Base-8d0ff77,1-0,0.0,1152,838,1067,9.7
3055,New-90ba5a4,1/2-1/2,0.5,1152,839,1067,9.7
3059,New-90ba5a4,1/2-1/2,0.5,1152,840,1067,9.7
3060,Base-8d0ff77,0-1,1.0,1153,840,1067,9.8
3061,New-90ba5a4,1-0,1.0,1154,840,1067,9.9
3063,New-90ba5a4,0-1,0.0,1154,840,1068,9.8
3064,Base-8d0ff77,1-0,0.0,1154,840,1069,9.6
3062,Base-8d0ff77,0-1,1.0,1155,840,1069,9.8
3065,New-90ba5a4,0-1,0.0,1155,840,1070,9.6
3068,Base-8d0ff77,0-1,1.0,1156,840,1070,9.7
3067,New-90ba5a4,0-1,0.0,1156,840,1071,9.6
3066,Base-8d0ff77,0-1,1.0,1157,840,1071,9.7
3069,New-90ba5a4,1/2-1/2,0.5,1157,841,1071,9.7
3070,Base-8d0ff77,1/2-1/2,0.5,1157,842,1071,9.7
3077,New-90ba5a4,1-0,1.0,1158,842,1071,9.8
3072,Base-8d0ff77,1-0,0.0,1158,842,1072,9.7
3071,New-90ba5a4,1/2-1/2,0.5,1158,843,1072,9.7
3073,New-90ba5a4,1/2-1/2,0.5,1158,844,1072,9.7
3075,New-90ba5a4,1-0,1.0,1159,844,1072,9.8
3074,Base-8d0ff77,0-1,1.0,1160,844,1072,9.9
3076,Base-8d0ff77,1-0,0.0,1160,844,1073,9.8
3078,Base-8d0ff77,0-1,1.0,1161,844,1073,9.9
3079,New-90ba5a4,1-0,1.0,1162,844,1073,10.0
3080,Base-8d0ff77,1/2-1/2,0.5,1162,845,1073,10.0
3082,Base-8d0ff77,1/2-1/2,0.5,1162,846,1073,10.0
3085,New-90ba5a4,0-1,0.0,1162,846,1074,9.9
3083,New-90ba5a4,1/2-1/2,0.5,1162,847,1074,9.9
3084,Base-8d0ff77,0-1,1.0,1163,847,1074,10.0
3086,Base-8d0ff77,0-1,1.0,1164,847,1074,10.1
3081,New-90ba5a4,1/2-1/2,0.5,1164,848,1074,10.1
3090,Base-8d0ff77,1-0,0.0,1164,848,1075,10.0
3087,New-90ba5a4,1/2-1/2,0.5,1164,849,1075,10.0
3089,New-90ba5a4,1/2-1/2,0.5,1164,850,1075,10.0
3092,Base-8d0ff77,1/2-1/2,0.5,1164,851,1075,10.0
3088,Base-8d0ff77,0-1,1.0,1165,851,1075,10.1
3091,New-90ba5a4,1-0,1.0,1166,851,1075,10.2
3094,Base-8d0ff77,1-0,0.0,1166,851,1076,10.1
3093,New-90ba5a4,1/2-1/2,0.5,1166,852,1076,10.1
3096,Base-8d0ff77,0-1,1.0,1167,852,1076,10.2
3095,New-90ba5a4,0-1,0.0,1167,852,1077,10.1
3097,New-90ba5a4,1/2-1/2,0.5,1167,853,1077,10.1
3098,Base-8d0ff77,0-1,1.0,1168,853,1077,10.2
3100,Base-8d0ff77,1-0,0.0,1168,853,1078,10.1
3104,Base-8d0ff77,1/2-1/2,0.5,1168,854,1078,10.1
3102,Base-8d0ff77,1/2-1/2,0.5,1168,855,1078,10.1
3099,New-90ba5a4,1/2-1/2,0.5,1168,856,1078,10.1
3101,New-90ba5a4,0-1,0.0,1168,856,1079,10.0
3103,New-90ba5a4,1-0,1.0,1169,856,1079,10.1
3105,New-90ba5a4,1-0,1.0,1170,856,1079,10.2
3106,Base-8d0ff77,1/2-1/2,0.5,1170,857,1079,10.2
3109,New-90ba5a4,1-0,1.0,1171,857,1079,10.3
3110,Base-8d0ff77,0-1,1.0,1172,857,1079,10.4
3108,Base-8d0ff77,1/2-1/2,0.5,1172,858,1079,10.4
3107,New-90ba5a4,1/2-1/2,0.5,1172,859,1079,10.4
3111,New-90ba5a4,0-1,0.0,1172,859,1080,10.3
3112,Base-8d0ff77,0-1,1.0,1173,859,1080,10.4
3113,New-90ba5a4,1/2-1/2,0.5,1173,860,1080,10.4
3116,Base-8d0ff77,0-1,1.0,1174,860,1080,10.5
3114,Base-8d0ff77,1/2-1/2,0.5,1174,861,1080,10.5
3115,New-90ba5a4,1-0,1.0,1175,861,1080,10.6
3117,New-90ba5a4,0-1,0.0,1175,861,1081,10.5
3118,Base-8d0ff77,1-0,0.0,1175,861,1082,10.4
3119,New-90ba5a4,1-0,1.0,1176,861,1082,10.5
3123,New-90ba5a4,1-0,1.0,1177,861,1082,10.6
3120,Base-8d0ff77,1/2-1/2,0.5,1177,862,1082,10.6
3121,New-90ba5a4,1/2-1/2,0.5,1177,863,1082,10.6
3125,New-90ba5a4,1-0,1.0,1178,863,1082,10.7
3122,Base-8d0ff77,0-1,1.0,1179,863,1082,10.8
3124,Base-8d0ff77,1-0,0.0,1179,863,1083,10.7
3126,Base-8d0ff77,1-0,0.0,1179,863,1084,10.6
3127,New-90ba5a4,1-0,1.0,1180,863,1084,10.7
3128,Base-8d0ff77,1-0,0.0,1180,863,1085,10.6
3130,Base-8d0ff77,1-0,0.0,1180,863,1086,10.4
3132,Base-8d0ff77,1-0,0.0,1180,863,1087,10.3
3129,New-90ba5a4,1-0,1.0,1181,863,1087,10.4
3131,New-90ba5a4,1-0,1.0,1182,863,1087,10.5
3137,New-90ba5a4,1/2-1/2,0.5,1182,864,1087,10.5
3133,New-90ba5a4,1/2-1/2,0.5,1182,865,1087,10.5
3135,New-90ba5a4,0-1,0.0,1182,865,1088,10.4
3136,Base-8d0ff77,1/2-1/2,0.5,1182,866,1088,10.4
3134,Base-8d0ff77,0-1,1.0,1183,866,1088,10.5
3138,Base-8d0ff77,0-1,1.0,1184,866,1088,10.6
3142,Base-8d0ff77,1/2-1/2,0.5,1184,867,1088,10.6
3139,New-90ba5a4,0-1,0.0,1184,867,1089,10.5
3141,New-90ba5a4,0-1,0.0,1184,867,1090,10.4
3140,Base-8d0ff77,1/2-1/2,0.5,1184,868,1090,10.4
3143,New-90ba5a4,0-1,0.0,1184,868,1091,10.3
3144,Base-8d0ff77,0-1,1.0,1185,868,1091,10.4
3145,New-90ba5a4,1-0,1.0,1186,868,1091,10.5
3150,Base-8d0ff77,1/2-1/2,0.5,1186,869,1091,10.5
3149,New-90ba5a4,1-0,1.0,1187,869,1091,10.6
3147,New-90ba5a4,0-1,0.0,1187,869,1092,10.5
3148,Base-8d0ff77,1/2-1/2,0.5,1187,870,1092,10.5
3146,Base-8d0ff77,1/2-1/2,0.5,1187,871,1092,10.5
3151,New-90ba5a4,0-1,0.0,1187,871,1093,10.4
3153,New-90ba5a4,0-1,0.0,1187,871,1094,10.3
3155,New-90ba5a4,1-0,1.0,1188,871,1094,10.4
3154,Base-8d0ff77,1/2-1/2,0.5,1188,872,1094,10.4
3152,Base-8d0ff77,1-0,0.0,1188,872,1095,10.2
3158,Base-8d0ff77,0-1,1.0,1189,872,1095,10.4
3156,Base-8d0ff77,0-1,1.0,1190,872,1095,10.5
3157,New-90ba5a4,1-0,1.0,1191,872,1095,10.6
3159,New-90ba5a4,1-0,1.0,1192,872,1095,10.7
3163,New-90ba5a4,0-1,0.0,1192,872,1096,10.6
3162,Base-8d0ff77,1/2-1/2,0.5,1192,873,1096,10.6
3161,New-90ba5a4,1/2-1/2,0.5,1192,874,1096,10.6
3160,Base-8d0ff77,1/2-1/2,0.5,1192,875,1096,10.5
3164,Base-8d0ff77,1-0,0.0,1192,875,1097,10.4
3165,New-90ba5a4,1-0,1.0,1193,875,1097,10.5
3166,Base-8d0ff77,0-1,1.0,1194,875,1097,10.6
3168,Base-8d0ff77,1/2-1/2,0.5,1194,876,1097,10.6
3169,New-90ba5a4,1/2-1/2,0.5,1194,877,1097,10.6
3171,New-90ba5a4,0-1,0.0,1194,877,1098,10.5
3170,Base-8d0ff77,0-1,1.0,1195,877,1098,10.6
3167,New-90ba5a4,1/2-1/2,0.5,1195,878,1098,10.6
3172,Base-8d0ff77,0-1,1.0,1196,878,1098,10.7
3173,New-90ba5a4,1-0,1.0,1197,878,1098,10.8
3174,Base-8d0ff77,0-1,1.0,1198,878,1098,10.9
3176,Base-8d0ff77,1-0,0.0,1198,878,1099,10.8
3175,New-90ba5a4,1-0,1.0,1199,878,1099,10.9
3178,Base-8d0ff77,1-0,0.0,1199,878,1100,10.8
3177,New-90ba5a4,0-1,0.0,1199,878,1101,10.7
3179,New-90ba5a4,0-1,0.0,1199,878,1102,10.6
3181,New-90ba5a4,1-0,1.0,1200,878,1102,10.7
3182,Base-8d0ff77,1-0,0.0,1200,878,1103,10.6
3180,Base-8d0ff77,1-0,0.0,1200,878,1104,10.5
3183,New-90ba5a4,0-1,0.0,1200,878,1105,10.4
3184,Base-8d0ff77,1-0,0.0,1200,878,1106,10.3
3185,New-90ba5a4,0-1,0.0,1200,878,1107,10.1
3187,New-90ba5a4,1-0,1.0,1201,878,1107,10.3
3186,Base-8d0ff77,1-0,0.0,1201,878,1108,10.1
3189,New-90ba5a4,0-1,0.0,1201,878,1109,10.0
3191,New-90ba5a4,1-0,1.0,1202,878,1109,10.1
3188,Base-8d0ff77,1/2-1/2,0.5,1202,879,1109,10.1
3192,Base-8d0ff77,1/2-1/2,0.5,1202,880,1109,10.1
3190,Base-8d0ff77,0-1,1.0,1203,880,1109,10.2
3193,New-90ba5a4,0-1,0.0,1203,880,1110,10.1
3194,Base-8d0ff77,0-1,1.0,1204,880,1110,10.2
3195,New-90ba5a4,1-0,1.0,1205,880,1110,10.3
3198,Base-8d0ff77,1-0,0.0,1205,880,1111,10.2
3197,New-90ba5a4,1/2-1/2,0.5,1205,881,1111,10.2
3196,Base-8d0ff77,1/2-1/2,0.5,1205,882,1111,10.2
3200,Base-8d0ff77,0-1,1.0,1206,882,1111,10.3
3201,New-90ba5a4,1-0,1.0,1207,882,1111,10.4
3199,New-90ba5a4,1/2-1/2,0.5,1207,883,1111,10.4
3203,New-90ba5a4,1-0,1.0,1208,883,1111,10.5
3202,Base-8d0ff77,0-1,1.0,1209,883,1111,10.6
3206,Base-8d0ff77,1/2-1/2,0.5,1209,884,1111,10.6
3205,New-90ba5a4,0-1,0.0,1209,884,1112,10.5
3204,Base-8d0ff77,1/2-1/2,0.5,1209,885,1112,10.5
3210,Base-8d0ff77,1/2-1/2,0.5,1209,886,1112,10.5
3207,New-90ba5a4,1-0,1.0,1210,886,1112,10.6
3208,Base-8d0ff77,1/2-1/2,0.5,1210,887,1112,10.6
3209,New-90ba5a4,1-0,1.0,1211,887,1112,10.7
3211,New-90ba5a4,1/2-1/2,0.5,1211,888,1112,10.7
3212,Base-8d0ff77,1/2-1/2,0.5,1211,889,1112,10.7
3214,Base-8d0ff77,0-1,1.0,1212,889,1112,10.8
3213,New-90ba5a4,1-0,1.0,1213,889,1112,10.9
3216,Base-8d0ff77,1-0,0.0,1213,889,1113,10.8
3218,Base-8d0ff77,1/2-1/2,0.5,1213,890,1113,10.8
3215,New-90ba5a4,1-0,1.0,1214,890,1113,10.9
3217,New-90ba5a4,1-0,1.0,1215,890,1113,11.0
3219,New-90ba5a4,1-0,1.0,1216,890,1113,11.1
3220,Base-8d0ff77,1/2-1/2,0.5,1216,891,1113,11.1
3222,Base-8d0ff77,1/2-1/2,0.5,1216,892,1113,11.1
3221,New-90ba5a4,1-0,1.0,1217,892,1113,11.2
3228,Base-8d0ff77,1-0,0.0,1217,892,1114,11.1
3223,New-90ba5a4,1/2-1/2,0.5,1217,893,1114,11.1
3226,Base-8d0ff77,0-1,1.0,1218,893,1114,11.2
3224,Base-8d0ff77,0-1,1.0,1219,893,1114,11.3
3225,New-90ba5a4,1-0,1.0,1220,893,1114,11.4
3229,New-90ba5a4,1-0,1.0,1221,893,1114,11.5
3227,New-90ba5a4,1-0,1.0,1222,893,1114,11.6
3231,New-90ba5a4,1/2-1/2,0.5,1222,894,1114,11.6
3232,Base-8d0ff77,1/2-1/2,0.5,1222,895,1114,11.6
3235,New-90ba5a4,1-0,1.0,1223,895,1114,11.7
3236,Base-8d0ff77,1-0,0.0,1223,895,1115,11.6
3234,Base-8d0ff77,1-0,0.0,1223,895,1116,11.5
3230,Base-8d0ff77,1/2-1/2,0.5,1223,896,1116,11.5
3233,New-90ba5a4,1-0,1.0,1224,896,1116,11.6
3237,New-90ba5a4,0-1,0.0,1224,896,1117,11.5
3238,Base-8d0ff77,1-0,0.0,1224,896,1118,11.4
3240,Base-8d0ff77,0-1,1.0,1225,896,1118,11.5
3242,Base-8d0ff77,1/2-1/2,0.5,1225,897,1118,11.5
3244,Base-8d0ff77,1-0,0.0,1225,897,1119,11.4
3239,New-90ba5a4,1/2-1/2,0.5,1225,898,1119,11.4
3241,New-90ba5a4,1/2-1/2,0.5,1225,899,1119,11.4
3245,New-90ba5a4,1-0,1.0,1226,899,1119,11.5
3243,New-90ba5a4,1-0,1.0,1227,899,1119,11.6
3246,Base-8d0ff77,0-1,1.0,1228,899,1119,11.7
3248,Base-8d0ff77,1-0,0.0,1228,899,1120,11.6
3249,New-90ba5a4,1/2-1/2,0.5,1228,900,1120,11.6
3247,New-90ba5a4,0-1,0.0,1228,900,1121,11.4
3250,Base-8d0ff77,0-1,1.0,1229,900,1121,11.5
3251,New-90ba5a4,1-0,1.0,1230,900,1121,11.7
3252,Base-8d0ff77,1-0,0.0,1230,900,1122,11.5
3254,Base-8d0ff77,1/2-1/2,0.5,1230,901,1122,11.5
3253,New-90ba5a4,1-0,1.0,1231,901,1122,11.6
3255,New-90ba5a4,1-0,1.0,1232,901,1122,11.7
3256,Base-8d0ff77,1-0,0.0,1232,901,1123,11.6
3260,Base-8d0ff77,1/2-1/2,0.5,1232,902,1123,11.6
3261,New-90ba5a4,1-0,1.0,1233,902,1123,11.7
3258,Base-8d0ff77,1-0,0.0,1233,902,1124,11.6
3262,Base-8d0ff77,1-0,0.0,1233,902,1125,11.5
3259,New-90ba5a4,1/2-1/2,0.5,1233,903,1125,11.5
3257,New-90ba5a4,0-1,0.0,1233,903,1126,11.4
3265,New-90ba5a4,1/2-1/2,0.5,1233,904,1126,11.4
3267,New-90ba5a4,1/2-1/2,0.5,1233,905,1126,11.4
3263,New-90ba5a4,1-0,1.0,1234,905,1126,11.5
3269,New-90ba5a4,0-1,0.0,1234,905,1127,11.4
3268,Base-8d0ff77,0-1,1.0,1235,905,1127,11.5
3264,Base-8d0ff77,1-0,0.0,1235,905,1128,11.4
3266,Base-8d0ff77,1/2-1/2,0.5,1235,906,1128,11.4
3272,Base-8d0ff77,1/2-1/2,0.5,1235,907,1128,11.4
3271,New-90ba5a4,1-0,1.0,1236,907,1128,11.5
3270,Base-8d0ff77,0-1,1.0,1237,907,1128,11.6
3273,New-90ba5a4,1/2-1/2,0.5,1237,908,1128,11.6
3274,Base-8d0ff77,1/2-1/2,0.5,1237,909,1128,11.6
3275,New-90ba5a4,0-1,0.0,1237,909,1129,11.5
3276,Base-8d0ff77,1-0,0.0,1237,909,1130,11.4
3277,New-90ba5a4,1-0,1.0,1238,909,1130,11.5
3278,Base-8d0ff77,1/2-1/2,0.5,1238,910,1130,11.5
3279,New-90ba5a4,0-1,0.0,1238,910,1131,11.3
3281,New-90ba5a4,1-0,1.0,1239,910,1131,11.4
3283,New-90ba5a4,1/2-1/2,0.5,1239,911,1131,11.4
3280,Base-8d0ff77,1-0,0.0,1239,911,1132,11.3
3282,Base-8d0ff77,0-1,1.0,1240,911,1132,11.4
3285,New-90ba5a4,1/2-1/2,0.5,1240,912,1132,11.4
3287,New-90ba5a4,1/2-1/2,0.5,1240,913,1132,11.4
3284,Base-8d0ff77,0-1,1.0,1241,913,1132,11.5
3286,Base-8d0ff77,1-0,0.0,1241,913,1133,11.4
3290,Base-8d0ff77,1-0,0.0,1241,913,1134,11.3
3288,Base-8d0ff77,0-1,1.0,1242,913,1134,11.4
3291,New-90ba5a4,0-1,0.0,1242,913,1135,11.3
3293,New-90ba5a4,1-0,1.0,1243,913,1135,11.4
3292,Base-8d0ff77,0-1,1.0,1244,913,1135,11.5
3289,New-90ba5a4,1/2-1/2,0.5,1244,914,1135,11.5
3294,Base-8d0ff77,1-0,0.0,1244,914,1136,11.4
3300,Base-8d0ff77,1-0,0.0,1244,914,1137,11.3
3296,Base-8d0ff77,1/2-1/2,0.5,1244,915,1137,11.3
3298,Base-8d0ff77,1/2-1/2,0.5,1244,916,1137,11.3
3295,New-90ba5a4,1/2-1/2,0.5,1244,917,1137,11.3
3297,New-90ba5a4,1/2-1/2,0.5,1244,918,1137,11.3
3299,New-90ba5a4,1-0,1.0,1245,918,1137,11.4
3305,New-90ba5a4,1/2-1/2,0.5,1245,919,1137,11.4
3302,Base-8d0ff77,1-0,0.0,1245,919,1138,11.3
3301,New-90ba5a4,0-1,0.0,1245,919,1139,11.2
3306,Base-8d0ff77,0-1,1.0,1246,919,1139,11.3
3304,Base-8d0ff77,0-1,1.0,1247,919,1139,11.4
3307,New-90ba5a4,1/2-1/2,0.5,1247,920,1139,11.4
3303,New-90ba5a4,1/2-1/2,0.5,1247,921,1139,11.4
3311,New-90ba5a4,0-1,0.0,1247,921,1140,11.2
3309,New-90ba5a4,1-0,1.0,1248,921,1140,11.3
3308,Base-8d0ff77,1/2-1/2,0.5,1248,922,1140,11.3
3313,New-90ba5a4,1/2-1/2,0.5,1248,923,1140,11.3
3310,Base-8d0ff77,0-1,1.0,1249,923,1140,11.4
3314,Base-8d0ff77,1-0,0.0,1249,923,1141,11.3
3315,New-90ba5a4,1-0,1.0,1250,923,1141,11.4
3312,Base-8d0ff77,0-1,1.0,1251,923,1141,11.5
3316,Base-8d0ff77,0-1,1.0,1252,923,1141,11.6
3320,Base-8d0ff77,1/2-1/2,0.5,1252,924,1141,11.6
3321,New-90ba5a4,0-1,0.0,1252,924,1142,11.5
3322,Base-8d0ff77,1/2-1/2,0.5,1252,925,1142,11.5
3317,New-90ba5a4,1/2-1/2,0.5,1252,926,1142,11.5
3319,New-90ba5a4,0-1,0.0,1252,926,1143,11.4
3318,Base-8d0ff77,1/2-1/2,0.5,1252,927,1143,11.4
3323,New-90ba5a4,1-0,1.0,1253,927,1143,11.5
3327,New-90ba5a4,0-1,0.0,1253,927,1144,11.4
3326,Base-8d0ff77,0-1,1.0,1254,927,1144,11.5
3324,Base-8d0ff77,1/2-1/2,0.5,1254,928,1144,11.5
3329,New-90ba5a4,0-1,0.0,1254,928,1145,11.4
3328,Base-8d0ff77,1-0,0.0,1254,928,1146,11.3
3325,New-90ba5a4,0-1,0.0,1254,928,1147,11.2
3331,New-90ba5a4,0-1,0.0,1254,928,1148,11.1
3330,Base-8d0ff77,1-0,0.0,1254,928,1149,11.0
3332,Base-8d0ff77,1-0,0.0,1254,928,1150,10.8
3334,Base-8d0ff77,0-1,1.0,1255,928,1150,10.9
3336,Base-8d0ff77,1-0,0.0,1255,928,1151,10.8
3335,New-90ba5a4,1/2-1/2,0.5,1255,929,1151,10.8
3337,New-90ba5a4,0-1,0.0,1255,929,1152,10.7
3333,New-90ba5a4,0-1,0.0,1255,929,1153,10.6
3338,Base-8d0ff77,1-0,0.0,1255,929,1154,10.5
3339,New-90ba5a4,0-1,0.0,1255,929,1155,10.4
3341,New-90ba5a4,1-0,1.0,1256,929,1155,10.5
3343,New-90ba5a4,1-0,1.0,1257,929,1155,10.6
3340,Base-8d0ff77,1/2-1/2,0.5,1257,930,1155,10.6
3342,Base-8d0ff77,0-1,1.0,1258,930,1155,10.7
3345,New-90ba5a4,1-0,1.0,1259,930,1155,10.8
3344,Base-8d0ff77,0-1,1.0,1260,930,1155,10.9
3347,New-90ba5a4,0-1,0.0,1260,930,1156,10.8
3346,Base-8d0ff77,0-1,1.0,1261,930,1156,10.9
3348,Base-8d0ff77,0-1,1.0,1262,930,1156,11.0
3351,New-90ba5a4,0-1,0.0,1262,930,1157,10.9
3349,New-90ba5a4,0-1,0.0,1262,930,1158,10.8
3353,New-90ba5a4,0-1,0.0,1262,930,1159,10.7
3354,Base-8d0ff77,1/2-1/2,0.5,1262,931,1159,10.7
3350,Base-8d0ff77,1/2-1/2,0.5,1262,932,1159,10.7
3352,Base-8d0ff77,1/2-1/2,0.5,1262,933,1159,10.7
3355,New-90ba5a4,1-0,1.0,1263,933,1159,10.8
3357,New-90ba5a4,1-0,1.0,1264,933,1159,10.9
3356,Base-8d0ff77,0-1,1.0,1265,933,1159,11.0
3359,New-90ba5a4,0-1,0.0,1265,933,1160,10.9
3360,Base-8d0ff77,0-1,1.0,1266,933,1160,11.0
3362,Base-8d0ff77,1-0,0.0,1266,933,1161,10.9
3358,Base-8d0ff77,0-1,1.0,1267,933,1161,11.0
3361,New-90ba5a4,1/2-1/2,0.5,1267,934,1161,11.0
3363,New-90ba5a4,0-1,0.0,1267,934,1162,10.9
3364,Base-8d0ff77,1-0,0.0,1267,934,1163,10.7
3366,Base-8d0ff77,0-1,1.0,1268,934,1163,10.8
3365,New-90ba5a4,0-1,0.0,1268,934,1164,10.7
3371,New-90ba5a4,0-1,0.0,1268,934,1165,10.6
3367,New-90ba5a4,0-1,0.0,1268,934,1166,10.5
3369,New-90ba5a4,0-1,0.0,1268,934,1167,10.4
3368,Base-8d0ff77,1-0,0.0,1268,934,1168,10.3
3370,Base-8d0ff77,0-1,1.0,1269,934,1168,10.4
3372,Base-8d0ff77,1-0,0.0,1269,934,1169,10.3
3373,New-90ba5a4,1-0,1.0,1270,934,1169,10.4
3375,New-90ba5a4,0-1,0.0,1270,934,1170,10.3
3374,Base-8d0ff77,0-1,1.0,1271,934,1170,10.4
3380,Base-8d0ff77,1/2-1/2,0.5,1271,935,1170,10.4
3377,New-90ba5a4,1-0,1.0,1272,935,1170,10.5
3378,Base-8d0ff77,1-0,0.0,1272,935,1171,10.4
3376,Base-8d0ff77,1-0,0.0,1272,935,1172,10.3
3381,New-90ba5a4,0-1,0.0,1272,935,1173,10.2
3379,New-90ba5a4,1-0,1.0,1273,935,1173,10.3
3383,New-90ba5a4,1-0,1.0,1274,935,1173,10.4
3386,Base-8d0ff77,1/2-1/2,0.5,1274,936,1173,10.4
3382,Base-8d0ff77,1/2-1/2,0.5,1274,937,1173,10.4
3384,Base-8d0ff77,0-1,1.0,1275,937,1173,10.5
3388,Base-8d0ff77,1-0,0.0,1275,937,1174,10.4
3387,New-90ba5a4,0-1,0.0,1275,937,1175,10.3
3389,New-90ba5a4,1-0,1.0,1276,937,1175,10.4
3385,New-90ba5a4,1/2-1/2,0.5,1276,938,1175,10.4
3391,New-90ba5a4,1-0,1.0,1277,938,1175,10.5
3395,New-90ba5a4,0-1,0.0,1277,938,1176,10.4
3390,Base-8d0ff77,0-1,1.0,1278,938,1176,10.5
3392,Base-8d0ff77,0-1,1.0,1279,938,1176,10.6
3393,New-90ba5a4,1-0,1.0,1280,938,1176,10.6
3394,Base-8d0ff77,1-0,0.0,1280,938,1177,10.5
3401,New-90ba5a4,1/2-1/2,0.5,1280,939,1177,10.5
3396,Base-8d0ff77,0-1,1.0,1281,939,1177,10.6
3397,New-90ba5a4,1/2-1/2,0.5,1281,940,1177,10.6
3403,New-90ba5a4,1/2-1/2,0.5,1281,941,1177,10.6
3399,New-90ba5a4,1/2-1/2,0.5,1281,942,1177,10.6
3402,Base-8d0ff77,0-1,1.0,1282,942,1177,10.7
3398,Base-8d0ff77,1-0,0.0,1282,942,1178,10.6
3400,Base-8d0ff77,1/2-1/2,0.5,1282,943,1178,10.6
3404,Base-8d0ff77,1/2-1/2,0.5,1282,944,1178,10.6
3406,Base-8d0ff77,0-1,1.0,1283,944,1178,10.7
3408,Base-8d0ff77,1-0,0.0,1283,944,1179,10.6
3407,New-90ba5a4,0-1,0.0,1283,944,1180,10.5
3405,New-90ba5a4,1/2-1/2,0.5,1283,945,1180,10.5
3411,New-90ba5a4,1-0,1.0,1284,945,1180,10.6
3409,New-90ba5a4,1-0,1.0,1285,945,1180,10.7
3410,Base-8d0ff77,0-1,1.0,1286,945,1180,10.8
3413,New-90ba5a4,1-0,1.0,1287,945,1180,10.9
3412,Base-8d0ff77,1/2-1/2,0.5,1287,946,1180,10.9
3417,New-90ba5a4,1-0,1.0,1288,946,1180,11.0
3416,Base-8d0ff77,0-1,1.0,1289,946,1180,11.1
3415,New-90ba5a4,0-1,0.0,1289,946,1181,11.0
3414,Base-8d0ff77,0-1,1.0,1290,946,1181,11.1
3418,Base-8d0ff77,1-0,0.0,1290,946,1182,11.0
3419,New-90ba5a4,1-0,1.0,1291,946,1182,11.1
3420,Base-8d0ff77,0-1,1.0,1292,946,1182,11.2
3421,New-90ba5a4,1/2-1/2,0.5,1292,947,1182,11.2
3422,Base-8d0ff77,1-0,0.0,1292,947,1183,11.1
3423,New-90ba5a4,1-0,1.0,1293,947,1183,11.2
3426,Base-8d0ff77,1/2-1/2,0.5,1293,948,1183,11.2
3425,New-90ba5a4,1-0,1.0,1294,948,1183,11.3
3424,Base-8d0ff77,1-0,0.0,1294,948,1184,11.2
3428,Base-8d0ff77,1-0,0.0,1294,948,1185,11.1
3427,New-90ba5a4,0-1,0.0,1294,948,1186,10.9
3429,New-90ba5a4,1-0,1.0,1295,948,1186,11.0
3430,Base-8d0ff77,0-1,1.0,1296,948,1186,11.1
3432,Base-8d0ff77,1-0,0.0,1296,948,1187,11.0
3431,New-90ba5a4,1-0,1.0,1297,948,1187,11.1
3434,Base-8d0ff77,0-1,1.0,1298,948,1187,11.2
3436,Base-8d0ff77,0-1,1.0,1299,948,1187,11.3
3433,New-90ba5a4,1/2-1/2,0.5,1299,949,1187,11.3
3437,New-90ba5a4,0-1,0.0,1299,949,1188,11.2
3435,New-90ba5a4,1/2-1/2,0.5,1299,950,1188,11.2
3438,Base-8d0ff77,1/2-1/2,0.5,1299,951,1188,11.2
3439,New-90ba5a4,1/2-1/2,0.5,1299,952,1188,11.2
3440,Base-8d0ff77,1-0,0.0,1299,952,1189,11.1
3442,Base-8d0ff77,0-1,1.0,1300,952,1189,11.2
3441,New-90ba5a4,1/2-1/2,0.5,1300,953,1189,11.2
3444,Base-8d0ff77,0-1,1.0,1301,953,1189,11.3
3447,New-90ba5a4,1-0,1.0,1302,953,1189,11.4
3445,New-90ba5a4,0-1,0.0,1302,953,1190,11.3
3443,New-90ba5a4,0-1,0.0,1302,953,1191,11.2
3448,Base-8d0ff77,0-1,1.0,1303,953,1191,11.3
3446,Base-8d0ff77,1/2-1/2,0.5,1303,954,1191,11.3
3453,New-90ba5a4,1/2-1/2,0.5,1303,955,1191,11.3
3450,Base-8d0ff77,1/2-1/2,0.5,1303,956,1191,11.3
3451,New-90ba5a4,1-0,1.0,1304,956,1191,11.4
3449,New-90ba5a4,1-0,1.0,1305,956,1191,11.5
3452,Base-8d0ff77,1-0,0.0,1305,956,1192,11.4
3456,Base-8d0ff77,1/2-1/2,0.5,1305,957,1192,11.4
3455,New-90ba5a4,0-1,0.0,1305,957,1193,11.3
3454,Base-8d0ff77,0-1,1.0,1306,957,1193,11.4
3458,Base-8d0ff77,1-0,0.0,1306,957,1194,11.3
3457,New-90ba5a4,1-0,1.0,1307,957,1194,11.4
3459,New-90ba5a4,0-1,0.0,1307,957,1195,11.3
3460,Base-8d0ff77,1-0,0.0,1307,957,1196,11.1
3465,New-90ba5a4,1/2-1/2,0.5,1307,958,1196,11.1
3461,New-90ba5a4,1-0,1.0,1308,958,1196,11.2
3463,New-90ba5a4,0-1,0.0,1308,958,1197,11.1
3462,Base-8d0ff77,0-1,1.0,1309,958,1197,11.2
3466,Base-8d0ff77,0-1,1.0,1310,958,1197,11.3
3464,Base-8d0ff77,1-0,0.0,1310,958,1198,11.2
3467,New-90ba5a4,0-1,0.0,1310,958,1199,11.1
3468,Base-8d0ff77,1/2-1/2,0.5,1310,959,1199,11.1
3469,New-90ba5a4,1-0,1.0,1311,959,1199,11.2
3471,New-90ba5a4,1-0,1.0,1312,959,1199,11.3
3470,Base-8d0ff77,1-0,0.0,1312,959,1200,11.2
3474,Base-8d0ff77,0-1,1.0,1313,959,1200,11.3
3475,New-90ba5a4,1-0,1.0,1314,959,1200,11.4
3472,Base-8d0ff77,1-0,0.0,1314,959,1201,11.3
3476,Base-8d0ff77,1-0,0.0,1314,959,1202,11.2
3478,Base-8d0ff77,1/2-1/2,0.5,1314,960,1202,11.2
3477,New-90ba5a4,1/2-1/2,0.5,1314,961,1202,11.2
3473,New-90ba5a4,1/2-1/2,0.5,1314,962,1202,11.2
3479,New-90ba5a4,0-1,0.0,1314,962,1203,11.1
3480,Base-8d0ff77,0-1,1.0,1315,962,1203,11.2
3481,New-90ba5a4,0-1,0.0,1315,962,1204,11.1
3482,Base-8d0ff77,1-0,0.0,1315,962,1205,11.0
3483,New-90ba5a4,0-1,0.0,1315,962,1206,10.9
3485,New-90ba5a4,1/2-1/2,0.5,1315,963,1206,10.9
3484,Base-8d0ff77,0-1,1.0,1316,963,1206,11.0
3488,Base-8d0ff77,0-1,1.0,1317,963,1206,11.1
3486,Base-8d0ff77,1-0,0.0,1317,963,1207,11.0
3487,New-90ba5a4,1-0,1.0,1318,963,1207,11.1
3489,New-90ba5a4,1-0,1.0,1319,963,1207,11.2
3492,Base-8d0ff77,1-0,0.0,1319,963,1208,11.1
3490,Base-8d0ff77,0-1,1.0,1320,963,1208,11.2
3491,New-90ba5a4,1/2-1/2,0.5,1320,964,1208,11.1
3493,New-90ba5a4,1/2-1/2,0.5,1320,965,1208,11.1
3498,Base-8d0ff77,1/2-1/2,0.5,1320,966,1208,11.1
3495,New-90ba5a4,1-0,1.0,1321,966,1208,11.2
3494,Base-8d0ff77,1-0,0.0,1321,966,1209,11.1
3497,New-90ba5a4,0-1,0.0,1321,966,1210,11.0
3500,Base-8d0ff77,1/2-1/2,0.5,1321,967,1210,11.0
3496,Base-8d0ff77,0-1,1.0,1322,967,1210,11.1
3503,New-90ba5a4,1-0,1.0,1323,967,1210,11.2
3506,Base-8d0ff77,1/2-1/2,0.5,1323,968,1210,11.2
3499,New-90ba5a4,0-1,0.0,1323,968,1211,11.1
3501,New-90ba5a4,1-0,1.0,1324,968,1211,11.2
3502,Base-8d0ff77,0-1,1.0,1325,968,1211,11.3
3505,New-90ba5a4,0-1,0.0,1325,968,1212,11.2
3507,New-90ba5a4,1/2-1/2,0.5,1325,969,1212,11.2
3504,Base-8d0ff77,1/2-1/2,0.5,1325,970,1212,11.2
3508,Base-8d0ff77,1/2-1/2,0.5,1325,971,1212,11.2
3511,New-90ba5a4,0-1,0.0,1325,971,1213,11.1
3510,Base-8d0ff77,0-1,1.0,1326,971,1213,11.2
3509,New-90ba5a4,1-0,1.0,1327,971,1213,11.3
3512,Base-8d0ff77,0-1,1.0,1328,971,1213,11.4
3513,New-90ba5a4,1-0,1.0,1329,971,1213,11.5
3514,Base-8d0ff77,1/2-1/2,0.5,1329,972,1213,11.5
3515,New-90ba5a4,1-0,1.0,1330,972,1213,11.6
3518,Base-8d0ff77,1-0,0.0,1330,972,1214,11.5
3516,Base-8d0ff77,0-1,1.0,1331,972,1214,11.6
3517,New-90ba5a4,1/2-1/2,0.5,1331,973,1214,11.6
3519,New-90ba5a4,1-0,1.0,1332,973,1214,11.7
3520,Base-8d0ff77,1-0,0.0,1332,973,1215,11.6
3522,Base-8d0ff77,0-1,1.0,1333,973,1215,11.6
3523,New-90ba5a4,1-0,1.0,1334,973,1215,11.7
3525,New-90ba5a4,1-0,1.0,1335,973,1215,11.8
3521,New-90ba5a4,0-1,0.0,1335,973,1216,11.7
3526,Base-8d0ff77,1/2-1/2,0.5,1335,974,1216,11.7
3524,Base-8d0ff77,1/2-1/2,0.5,1335,975,1216,11.7
3528,Base-8d0ff77,0-1,1.0,1336,975,1216,11.8
3530,Base-8d0ff77,1-0,0.0,1336,975,1217,11.7
3527,New-90ba5a4,1-0,1.0,1337,975,1217,11.8
3529,New-90ba5a4,1-0,1.0,1338,975,1217,11.9
3534,Base-8d0ff77,0-1,1.0,1339,975,1217,12.0
3532,Base-8d0ff77,1/2-1/2,0.5,1339,976,1217,12.0
3531,New-90ba5a4,1-0,1.0,1340,976,1217,12.1
3535,New-90ba5a4,0-1,0.0,1340,976,1218,12.0
3533,New-90ba5a4,0-1,0.0,1340,976,1219,11.9
3537,New-90ba5a4,0-1,0.0,1340,976,1220,11.8
3536,Base-8d0ff77,0-1,1.0,1341,976,1220,11.9
3538,Base-8d0ff77,0-1,1.0,1342,976,1220,12.0
3540,Base-8d0ff77,1/2-1/2,0.5,1342,977,1220,12.0
3539,New-90ba5a4,1/2-1/2,0.5,1342,978,1220,12.0
3541,New-90ba5a4,1-0,1.0,1343,978,1220,12.1
3544,Base-8d0ff77,1/2-1/2,0.5,1343,979,1220,12.1
3542,Base-8d0ff77,1-0,0.0,1343,979,1221,12.0
3543,New-90ba5a4,1-0,1.0,1344,979,1221,12.1
3545,New-90ba5a4,1-0,1.0,1345,979,1221,12.2
3552,Base-8d0ff77,1/2-1/2,0.5,1345,980,1221,12.2
3550,Base-8d0ff77,1/2-1/2,0.5,1345,981,1221,12.2
3547,New-90ba5a4,1/2-1/2,0.5,1345,982,1221,12.1
3548,Base-8d0ff77,1-0,0.0,1345,982,1222,12.0
3553,New-90ba5a4,0-1,0.0,1345,982,1223,11.9
3546,Base-8d0ff77,1/2-1/2,0.5,1345,983,1223,11.9
3549,New-90ba5a4,1/2-1/2,0.5,1345,984,1223,11.9
3551,New-90ba5a4,0-1,0.0,1345,984,1224,11.8
3558,Base-8d0ff77,1-0,0.0,1345,984,1225,11.7
3557,New-90ba5a4,1-0,1.0,1346,984,1225,11.8
3554,Base-8d0ff77,1/2-1/2,0.5,1346,985,1225,11.8
3560,Base-8d0ff77,0-1,1.0,1347,985,1225,11.9
3556,Base-8d0ff77,0-1,1.0,1348,985,1225,12.0
3559,New-90ba5a4,0-1,0.0,1348,985,1226,11.9
3555,New-90ba5a4,1-0,1.0,1349,985,1226,12.0
3566,Base-8d0ff77,0-1,1.0,1350,985,1226,12.1
3562,Base-8d0ff77,1/2-1/2,0.5,1350,986,1226,12.1
3563,New-90ba5a4,1-0,1.0,1351,986,1226,12.2
3561,New-90ba5a4,0-1,0.0,1351,986,1227,12.1
3564,Base-8d0ff77,1/2-1/2,0.5,1351,987,1227,12.1
3565,New-90ba5a4,1-0,1.0,1352,987,1227,12.2
3567,New-90ba5a4,0-1,0.0,1352,987,1228,12.1
3568,Base-8d0ff77,1/2-1/2,0.5,1352,988,1228,12.1
3569,New-90ba5a4,0-1,0.0,1352,988,1229,12.0
3572,Base-8d0ff77,0-1,1.0,1353,988,1229,12.1
3573,New-90ba5a4,1/2-1/2,0.5,1353,989,1229,12.1
3570,Base-8d0ff77,0-1,1.0,1354,989,1229,12.2
3571,New-90ba5a4,0-1,0.0,1354,989,1230,12.1
3575,New-90ba5a4,0-1,0.0,1354,989,1231,12.0
3574,Base-8d0ff77,1-0,0.0,1354,989,1232,11.9
3576,Base-8d0ff77,0-1,1.0,1355,989,1232,12.0
3577,New-90ba5a4,1/2-1/2,0.5,1355,990,1232,12.0
3578,Base-8d0ff77,1/2-1/2,0.5,1355,991,1232,11.9
3581,New-90ba5a4,1-0,1.0,1356,991,1232,12.0
3579,New-90ba5a4,1-0,1.0,1357,991,1232,12.1
3582,Base-8d0ff77,1-0,0.0,1357,991,1233,12.0
3580,Base-8d0ff77,1/2-1/2,0.5,1357,992,1233,12.0
3583,New-90ba5a4,1-0,1.0,1358,992,1233,12.1
3584,Base-8d0ff77,1-0,0.0,1358,992,1234,12.0
3585,New-90ba5a4,1-0,1.0,1359,992,1234,12.1
3592,Base-8d0ff77,1/2-1/2,0.5,1359,993,1234,12.1
3590,Base-8d0ff77,0-1,1.0,1360,993,1234,12.2
3588,Base-8d0ff77,0-1,1.0,1361,993,1234,12.3
3587,New-90ba5a4,0-1,0.0,1361,993,1235,12.2
3589,New-90ba5a4,1-0,1.0,1362,993,1235,12.3
3593,New-90ba5a4,1-0,1.0,1363,993,1235,12.4
3586,Base-8d0ff77,1/2-1/2,0.5,1363,994,1235,12.4
3591,New-90ba5a4,0-1,0.0,1363,994,1236,12.3
3594,Base-8d0ff77,1/2-1/2,0.5,1363,995,1236,12.3
3597,New-90ba5a4,1/2-1/2,0.5,1363,996,1236,12.3
3596,Base-8d0ff77,0-1,1.0,1364,996,1236,12.4
3595,New-90ba5a4,1/2-1/2,0.5,1364,997,1236,12.4
3598,Base-8d0ff77,0-1,1.0,1365,997,1236,12.5
3602,Base-8d0ff77,1-0,0.0,1365,997,1237,12.4
3600,Base-8d0ff77,1/2-1/2,0.5,1365,998,1237,12.4
3603,New-90ba5a4,1-0,1.0,1366,998,1237,12.5
3599,New-90ba5a4,1/2-1/2,0.5,1366,999,1237,12.4
3607,New-90ba5a4,1/2-1/2,0.5,1366,1000,1237,12.4
3601,New-90ba5a4,1/2-1/2,0.5,1366,1001,1237,12.4
3605,New-90ba5a4,1-0,1.0,1367,1001,1237,12.5
3604,Base-8d0ff77,1/2-1/2,0.5,1367,1002,1237,12.5
3606,Base-8d0ff77,0-1,1.0,1368,1002,1237,12.6
3609,New-90ba5a4,1-0,1.0,1369,1002,1237,12.7
3608,Base-8d0ff77,1/2-1/2,0.5,1369,1003,1237,12.7
3612,Base-8d0ff77,0-1,1.0,1370,1003,1237,12.8
3611,New-90ba5a4,1-0,1.0,1371,1003,1237,12.9
3610,Base-8d0ff77,1/2-1/2,0.5,1371,1004,1237,12.9
3613,New-90ba5a4,1/2-1/2,0.5,1371,1005,1237,12.9
3615,New-90ba5a4,1-0,1.0,1372,1005,1237,13.0
3614,Base-8d0ff77,1/2-1/2,0.5,1372,1006,1237,13.0
3618,Base-8d0ff77,1/2-1/2,0.5,1372,1007,1237,13.0
3616,Base-8d0ff77,0-1,1.0,1373,1007,1237,13.1
3617,New-90ba5a4,1/2-1/2,0.5,1373,1008,1237,13.1
3619,New-90ba5a4,1/2-1/2,0.5,1373,1009,1237,13.1
3620,Base-8d0ff77,0-1,1.0,1374,1009,1237,13.2
3622,Base-8d0ff77,0-1,1.0,1375,1009,1237,13.2
3623,New-90ba5a4,1-0,1.0,1376,1009,1237,13.3
3621,New-90ba5a4,0-1,0.0,1376,1009,1238,13.2
3625,New-90ba5a4,0-1,0.0,1376,1009,1239,13.1
3624,Base-8d0ff77,1-0,0.0,1376,1009,1240,13.0
3626,Base-8d0ff77,1-0,0.0,1376,1009,1241,12.9
3627,New-90ba5a4,1/2-1/2,0.5,1376,1010,1241,12.9
3632,Base-8d0ff77,1/2-1/2,0.5,1376,1011,1241,12.9
3628,Base-8d0ff77,1/2-1/2,0.5,1376,1012,1241,12.9
3629,New-90ba5a4,0-1,0.0,1376,1012,1242,12.8
3630,Base-8d0ff77,0-1,1.0,1377,1012,1242,12.9
3631,New-90ba5a4,0-1,0.0,1377,1012,1243,12.8
3633,New-90ba5a4,1/2-1/2,0.5,1377,1013,1243,12.8
3635,New-90ba5a4,0-1,0.0,1377,1013,1244,12.7
3634,Base-8d0ff77,0-1,1.0,1378,1013,1244,12.8
3637,New-90ba5a4,0-1,0.0,1378,1013,1245,12.7
3640,Base-8d0ff77,1/2-1/2,0.5,1378,1014,1245,12.7
3636,Base-8d0ff77,1/2-1/2,0.5,1378,1015,1245,12.7
3638,Base-8d0ff77,0-1,1.0,1379,1015,1245,12.8
3639,New-90ba5a4,1-0,1.0,1380,1015,1245,12.9
3641,New-90ba5a4,1-0,1.0,1381,1015,1245,13.0
3643,New-90ba5a4,1-0,1.0,1382,1015,1245,13.1
3642,Base-8d0ff77,0-1,1.0,1383,1015,1245,13.2
3649,New-90ba5a4,1/2-1/2,0.5,1383,1016,1245,13.2
3646,Base-8d0ff77,1-0,0.0,1383,1016,1246,13.1
3644,Base-8d0ff77,1-0,0.0,1383,1016,1247,13.0
3648,Base-8d0ff77,0-1,1.0,1384,1016,1247,13.1
3647,New-90ba5a4,1/2-1/2,0.5,1384,1017,1247,13.1
3645,New-90ba5a4,1-0,1.0,1385,1017,1247,13.1
3651,New-90ba5a4,1-0,1.0,1386,1017,1247,13.2
3650,Base-8d0ff77,0-1,1.0,1387,1017,1247,13.3
3652,Base-8d0ff77,0-1,1.0,1388,1017,1247,13.4
3657,New-90ba5a4,1-0,1.0,1389,1017,1247,13.5
3653,New-90ba5a4,1/2-1/2,0.5,1389,1018,1247,13.5
3655,New-90ba5a4,0-1,0.0,1389,1018,1248,13.4
3656,Base-8d0ff77,0-1,1.0,1390,1018,1248,13.5
3654,Base-8d0ff77,1/2-1/2,0.5,1390,1019,1248,13.5
3658,Base-8d0ff77,0-1,1.0,1391,1019,1248,13.6
3659,New-90ba5a4,0-1,0.0,1391,1019,1249,13.5
3660,Base-8d0ff77,0-1,1.0,1392,1019,1249,13.6
3661,New-90ba5a4,1-0,1.0,1393,1019,1249,13.7
3662,Base-8d0ff77,1-0,0.0,1393,1019,1250,13.6
3665,New-90ba5a4,1-0,1.0,1394,1019,1250,13.7
3663,New-90ba5a4,0-1,0.0,1394,1019,1251,13.6
3666,Base-8d0ff77,0-1,1.0,1395,1019,1251,13.7
3664,Base-8d0ff77,0-1,1.0,1396,1019,1251,13.7
3669,New-90ba5a4,0-1,0.0,1396,1019,1252,13.7
3668,Base-8d0ff77,0-1,1.0,1397,1019,1252,13.7
3667,New-90ba5a4,1/2-1/2,0.5,1397,1020,1252,13.7
3671,New-90ba5a4,1-0,1.0,1398,1020,1252,13.8
3670,Base-8d0ff77,1/2-1/2,0.5,1398,1021,1252,13.8
3672,Base-8d0ff77,0-1,1.0,1399,1021,1252,13.9
3674,Base-8d0ff77,1/2-1/2,0.5,1399,1022,1252,13.9
3673,New-90ba5a4,0-1,0.0,1399,1022,1253,13.8
3675,New-90ba5a4,0-1,0.0,1399,1022,1254,13.7
3676,Base-8d0ff77,0-1,1.0,1400,1022,1254,13.8
3677,New-90ba5a4,1/2-1/2,0.5,1400,1023,1254,13.8
3678,Base-8d0ff77,1-0,0.0,1400,1023,1255,13.7
3680,Base-8d0ff77,1/2-1/2,0.5,1400,1024,1255,13.7
3679,New-90ba5a4,0-1,0.0,1400,1024,1256,13.6
3682,Base-8d0ff77,0-1,1.0,1401,1024,1256,13.7
3681,New-90ba5a4,1-0,1.0,1402,1024,1256,13.8
3687,New-90ba5a4,0-1,0.0,1402,1024,1257,13.7
3683,New-90ba5a4,1-0,1.0,1403,1024,1257,13.8
3684,Base-8d0ff77,0-1,1.0,1404,1024,1257,13.9
3688,Base-8d0ff77,1-0,0.0,1404,1024,1258,13.8
3685,New-90ba5a4,1-0,1.0,1405,1024,1258,13.9
3686,Base-8d0ff77,0-1,1.0,1406,1024,1258,14.0
3691,New-90ba5a4,1/2-1/2,0.5,1406,1025,1258,13.9
3690,Base-8d0ff77,1-0,0.0,1406,1025,1259,13.8
3689,New-90ba5a4,1-0,1.0,1407,1025,1259,13.9
3692,Base-8d0ff77,1/2-1/2,0.5,1407,1026,1259,13.9
3693,New-90ba5a4,1/2-1/2,0.5,1407,1027,1259,13.9
3694,Base-8d0ff77,1-0,0.0,1407,1027,1260,13.8
3695,New-90ba5a4,1-0,1.0,1408,1027,1260,13.9
3696,Base-8d0ff77,1/2-1/2,0.5,1408,1028,1260,13.9
3697,New-90ba5a4,1-0,1.0,1409,1028,1260,14.0
3699,New-90ba5a4,1-0,1.0,1410,1028,1260,14.1
3698,Base-8d0ff77,0-1,1.0,1411,1028,1260,14.2
3700,Base-8d0ff77,0-1,1.0,1412,1028,1260,14.3
3701,New-90ba5a4,1-0,1.0,1413,1028,1260,14.4
3704,Base-8d0ff77,1-0,0.0,1413,1028,1261,14.3
3703,New-90ba5a4,1-0,1.0,1414,1028,1261,14.4
3702,Base-8d0ff77,0-1,1.0,1415,1028,1261,14.5
3706,Base-8d0ff77,1/2-1/2,0.5,1415,1029,1261,14.4
3705,New-90ba5a4,1-0,1.0,1416,1029,1261,14.5
3707,New-90ba5a4,1-0,1.0,1417,1029,1261,14.6
3714,Base-8d0ff77,0-1,1.0,1418,1029,1261,14.7
3709,New-90ba5a4,0-1,0.0,1418,1029,1262,14.6
3711,New-90ba5a4,1-0,1.0,1419,1029,1262,14.7
3713,New-90ba5a4,0-1,0.0,1419,1029,1263,14.6
3710,Base-8d0ff77,1/2-1/2,0.5,1419,1030,1263,14.6
3708,Base-8d0ff77,1-0,0.0,1419,1030,1264,14.5
3712,Base-8d0ff77,1/2-1/2,0.5,1419,1031,1264,14.5
3718,Base-8d0ff77,1/2-1/2,0.5,1419,1032,1264,14.5
3716,Base-8d0ff77,1/2-1/2,0.5,1419,1033,1264,14.5
3717,New-90ba5a4,0-1,0.0,1419,1033,1265,14.4
3715,New-90ba5a4,1-0,1.0,1420,1033,1265,14.5
3721,New-90ba5a4,1-0,1.0,1421,1033,1265,14.6
3720,Base-8d0ff77,1-0,0.0,1421,1033,1266,14.5
3719,New-90ba5a4,1/2-1/2,0.5,1421,1034,1266,14.5
3722,Base-8d0ff77,0-1,1.0,1422,1034,1266,14.6
3723,New-90ba5a4,1/2-1/2,0.5,1422,1035,1266,14.6
3725,New-90ba5a4,1-0,1.0,1423,1035,1266,14.7
3727,New-90ba5a4,0-1,0.0,1423,1035,1267,14.6
3724,Base-8d0ff77,1-0,0.0,1423,1035,1268,14.5
3728,Base-8d0ff77,0-1,1.0,1424,1035,1268,14.6
3726,Base-8d0ff77,1-0,0.0,1424,1035,1269,14.5
3729,New-90ba5a4,1-0,1.0,1425,1035,1269,14.5
3730,Base-8d0ff77,0-1,1.0,1426,1035,1269,14.6
3731,New-90ba5a4,0-1,0.0,1426,1035,1270,14.5
3732,Base-8d0ff77,1-0,0.0,1426,1035,1271,14.4
3735,New-90ba5a4,0-1,0.0,1426,1035,1272,14.3
3736,Base-8d0ff77,1-0,0.0,1426,1035,1273,14.2
3733,New-90ba5a4,0-1,0.0,1426,1035,1274,14.1
3737,New-90ba5a4,0-1,0.0,1426,1035,1275,14.1
3738,Base-8d0ff77,0-1,1.0,1427,1035,1275,14.1
3734,Base-8d0ff77,1-0,0.0,1427,1035,1276,14.0
3739,New-90ba5a4,1-0,1.0,1428,1035,1276,14.1
3742,Base-8d0ff77,0-1,1.0,1429,1035,1276,14.2
3740,Base-8d0ff77,0-1,1.0,1430,1035,1276,14.3
3745,New-90ba5a4,1-0,1.0,1431,1035,1276,14.4
3741,New-90ba5a4,0-1,0.0,1431,1035,1277,14.3
3743,New-90ba5a4,1-0,1.0,1432,1035,1277,14.4
3747,New-90ba5a4,1-0,1.0,1433,1035,1277,14.5
3744,Base-8d0ff77,1/2-1/2,0.5,1433,1036,1277,14.5
3746,Base-8d0ff77,1-0,0.0,1433,1036,1278,14.4
3752,Base-8d0ff77,1/2-1/2,0.5,1433,1037,1278,14.4
3748,Base-8d0ff77,1-0,0.0,1433,1037,1279,14.3
3749,New-90ba5a4,0-1,0.0,1433,1037,1280,14.2
3750,Base-8d0ff77,0-1,1.0,1434,1037,1280,14.3
3751,New-90ba5a4,0-1,0.0,1434,1037,1281,14.2
3754,Base-8d0ff77,1-0,0.0,1434,1037,1282,14.1
3753,New-90ba5a4,0-1,0.0,1434,1037,1283,14.0
3757,New-90ba5a4,1-0,1.0,1435,1037,1283,14.1
3755,New-90ba5a4,0-1,0.0,1435,1037,1284,14.0
3756,Base-8d0ff77,0-1,1.0,1436,1037,1284,14.1
3759,New-90ba5a4,0-1,0.0,1436,1037,1285,14.0
3758,Base-8d0ff77,1-0,0.0,1436,1037,1286,13.9
3760,Base-8d0ff77,1-0,0.0,1436,1037,1287,13.8
3761,New-90ba5a4,1-0,1.0,1437,1037,1287,13.9
3762,Base-8d0ff77,0-1,1.0,1438,1037,1287,14.0
3763,New-90ba5a4,1-0,1.0,1439,1037,1287,14.0
3764,Base-8d0ff77,1-0,0.0,1439,1037,1288,13.9
3767,New-90ba5a4,1-0,1.0,1440,1037,1288,14.0
3765,New-90ba5a4,0-1,0.0,1440,1037,1289,13.9
3766,Base-8d0ff77,1-0,0.0,1440,1037,1290,13.8
3769,New-90ba5a4,1-0,1.0,1441,1037,1290,13.9
3770,Base-8d0ff77,1/2-1/2,0.5,1441,1038,1290,13.9
3768,Base-8d0ff77,1/2-1/2,0.5,1441,1039,1290,13.9
3773,New-90ba5a4,1-0,1.0,1442,1039,1290,14.0
3772,Base-8d0ff77,1-0,0.0,1442,1039,1291,13.9
3771,New-90ba5a4,1-0,1.0,1443,1039,1291,14.0
3774,Base-8d0ff77,0-1,1.0,1444,1039,1291,14.1
3775,New-90ba5a4,1/2-1/2,0.5,1444,1040,1291,14.1
3776,Base-8d0ff77,1-0,0.0,1444,1040,1292,14.0
3778,Base-8d0ff77,1-0,0.0,1444,1040,1293,13.9
3777,New-90ba5a4,0-1,0.0,1444,1040,1294,13.8
3780,Base-8d0ff77,1/2-1/2,0.5,1444,1041,1294,13.8
3781,New-90ba5a4,0-1,0.0,1444,1041,1295,13.7
3779,New-90ba5a4,0-1,0.0,1444,1041,1296,13.6
3782,Base-8d0ff77,1/2-1/2,0.5,1444,1042,1296,13.6
3784,Base-8d0ff77,1/2-1/2,0.5,1444,1043,1296,13.6
3783,New-90ba5a4,1/2-1/2,0.5,1444,1044,1296,13.6
3786,Base-8d0ff77,1/2-1/2,0.5,1444,1045,1296,13.6
3787,New-90ba5a4,1-0,1.0,1445,1045,1296,13.7
3788,Base-8d0ff77,0-1,1.0,1446,1045,1296,13.8
3789,New-90ba5a4,1-0,1.0,1447,1045,1296,13.9
3785,New-90ba5a4,0-1,0.0,1447,1045,1297,13.8
3790,Base-8d0ff77,1-0,0.0,1447,1045,1298,13.7
3791,New-90ba5a4,1/2-1/2,0.5,1447,1046,1298,13.7
3792,Base-8d0ff77,1-0,0.0,1447,1046,1299,13.6
3793,New-90ba5a4,1/2-1/2,0.5,1447,1047,1299,13.6
3794,Base-8d0ff77,1-0,0.0,1447,1047,1300,13.5
3795,New-90ba5a4,1-0,1.0,1448,1047,1300,13.6
3796,Base-8d0ff77,1-0,0.0,1448,1047,1301,13.5
3798,Base-8d0ff77,0-1,1.0,1449,1047,1301,13.5
3797,New-90ba5a4,1-0,1.0,1450,1047,1301,13.6
3799,New-90ba5a4,0-1,0.0,1450,1047,1302,13.5
3801,New-90ba5a4,0-1,0.0,1450,1047,1303,13.4
3800,Base-8d0ff77,0-1,1.0,1451,1047,1303,13.5
3802,Base-8d0ff77,0-1,1.0,1452,1047,1303,13.6
3806,Base-8d0ff77,0-1,1.0,1453,1047,1303,13.7
3804,Base-8d0ff77,1-0,0.0,1453,1047,1304,13.6
3808,Base-8d0ff77,1/2-1/2,0.5,1453,1048,1304,13.6
3807,New-90ba5a4,1-0,1.0,1454,1048,1304,13.7
3805,New-90ba5a4,0-1,0.0,1454,1048,1305,13.6
3803,New-90ba5a4,0-1,0.0,1454,1048,1306,13.5
3809,New-90ba5a4,0-1,0.0,1454,1048,1307,13.4
3810,Base-8d0ff77,1-0,0.0,1454,1048,1308,13.3
3812,Base-8d0ff77,0-1,1.0,1455,1048,1308,13.4
3811,New-90ba5a4,1-0,1.0,1456,1048,1308,13.5
3815,New-90ba5a4,1-0,1.0,1457,1048,1308,13.6
3816,Base-8d0ff77,0-1,1.0,1458,1048,1308,13.7
3814,Base-8d0ff77,1-0,0.0,1458,1048,1309,13.6
3813,New-90ba5a4,1-0,1.0,1459,1048,1309,13.7
3817,New-90ba5a4,0-1,0.0,1459,1048,1310,13.6
3820,Base-8d0ff77,0-1,1.0,1460,1048,1310,13.7
3818,Base-8d0ff77,1-0,0.0,1460,1048,1311,13.6
3822,Base-8d0ff77,0-1,1.0,1461,1048,1311,13.6
3823,New-90ba5a4,1-0,1.0,1462,1048,1311,13.7
3824,Base-8d0ff77,1/2-1/2,0.5,1462,1049,1311,13.7
3821,New-90ba5a4,0-1,0.0,1462,1049,1312,13.6
3819,New-90ba5a4,0-1,0.0,1462,1049,1313,13.5
3825,New-90ba5a4,0-1,0.0,1462,1049,1314,13.4
3826,Base-8d0ff77,0-1,1.0,1463,1049,1314,13.5
3827,New-90ba5a4,1-0,1.0,1464,1049,1314,13.6
3828,Base-8d0ff77,1-0,0.0,1464,1049,1315,13.5
3829,New-90ba5a4,1-0,1.0,1465,1049,1315,13.6
3830,Base-8d0ff77,1-0,0.0,1465,1049,1316,13.5
3831,New-90ba5a4,1/2-1/2,0.5,1465,1050,1316,13.5
3832,Base-8d0ff77,0-1,1.0,1466,1050,1316,13.6
3833,New-90ba5a4,1-0,1.0,1467,1050,1316,13.7
3835,New-90ba5a4,1-0,1.0,1468,1050,1316,13.8
3836,Base-8d0ff77,0-1,1.0,1469,1050,1316,13.9
3838,Base-8d0ff77,1/2-1/2,0.5,1469,1051,1316,13.9
3834,Base-8d0ff77,1/2-1/2,0.5,1469,1052,1316,13.9
3837,New-90ba5a4,0-1,0.0,1469,1052,1317,13.8
3839,New-90ba5a4,0-1,0.0,1469,1052,1318,13.7
3841,New-90ba5a4,1-0,1.0,1470,1052,1318,13.8
3842,Base-8d0ff77,1/2-1/2,0.5,1470,1053,1318,13.8
3840,Base-8d0ff77,1-0,0.0,1470,1053,1319,13.7
3845,New-90ba5a4,0-1,0.0,1470,1053,1320,13.6
3844,Base-8d0ff77,0-1,1.0,1471,1053,1320,13.7
3846,Base-8d0ff77,1/2-1/2,0.5,1471,1054,1320,13.7
3843,New-90ba5a4,0-1,0.0,1471,1054,1321,13.6
3848,Base-8d0ff77,0-1,1.0,1472,1054,1321,13.6
3849,New-90ba5a4,0-1,0.0,1472,1054,1322,13.6
3847,New-90ba5a4,1/2-1/2,0.5,1472,1055,1322,13.5
3850,Base-8d0ff77,1-0,0.0,1472,1055,1323,13.5
3854,Base-8d0ff77,1/2-1/2,0.5,1472,1056,1323,13.4
3853,New-90ba5a4,1-0,1.0,1473,1056,1323,13.5
3851,New-90ba5a4,1/2-1/2,0.5,1473,1057,1323,13.5
3852,Base-8d0ff77,0-1,1.0,1474,1057,1323,13.6
3855,New-90ba5a4,0-1,0.0,1474,1057,1324,13.5
3857,New-90ba5a4,1-0,1.0,1475,1057,1324,13.6
3856,Base-8d0ff77,0-1,1.0,1476,1057,1324,13.7
3858,Base-8d0ff77,0-1,1.0,1477,1057,1324,13.8
3859,New-90ba5a4,1/2-1/2,0.5,1477,1058,1324,13.8
3860,Base-8d0ff77,0-1,1.0,1478,1058,1324,13.9
3862,Base-8d0ff77,0-1,1.0,1479,1058,1324,14.0
3861,New-90ba5a4,0-1,0.0,1479,1058,1325,13.9
3864,Base-8d0ff77,1/2-1/2,0.5,1479,1059,1325,13.9
3863,New-90ba5a4,1-0,1.0,1480,1059,1325,13.9
3868,Base-8d0ff77,0-1,1.0,1481,1059,1325,14.0
3865,New-90ba5a4,1/2-1/2,0.5,1481,1060,1325,14.0
3866,Base-8d0ff77,1-0,0.0,1481,1060,1326,13.9
3869,New-90ba5a4,1-0,1.0,1482,1060,1326,14.0
3867,New-90ba5a4,1-0,1.0,1483,1060,1326,14.1
3870,Base-8d0ff77,1-0,0.0,1483,1060,1327,14.0
3871,New-90ba5a4,1-0,1.0,1484,1060,1327,14.1
3872,Base-8d0ff77,1/2-1/2,0.5,1484,1061,1327,14.1
3873,New-90ba5a4,1-0,1.0,1485,1061,1327,14.2
3875,New-90ba5a4,1-0,1.0,1486,1061,1327,14.3
3874,Base-8d0ff77,1-0,0.0,1486,1061,1328,14.2
3876,Base-8d0ff77,1-0,0.0,1486,1061,1329,14.1
3878,Base-8d0ff77,1/2-1/2,0.5,1486,1062,1329,14.1
3879,New-90ba5a4,1-0,1.0,1487,1062,1329,14.2
3877,New-90ba5a4,1/2-1/2,0.5,1487,1063,1329,14.2
3880,Base-8d0ff77,1/2-1/2,0.5,1487,1064,1329,14.2
3881,New-90ba5a4,0-1,0.0,1487,1064,1330,14.1
3882,Base-8d0ff77,1-0,0.0,1487,1064,1331,14.0
3883,New-90ba5a4,1-0,1.0,1488,1064,1331,14.1
3884,Base-8d0ff77,1-0,0.0,1488,1064,1332,14.0
3885,New-90ba5a4,0-1,0.0,1488,1064,1333,13.9
3886,Base-8d0ff77,0-1,1.0,1489,1064,1333,14.0
3891,New-90ba5a4,1-0,1.0,1490,1064,1333,14.0
3889,New-90ba5a4,1/2-1/2,0.5,1490,1065,1333,14.0
3892,Base-8d0ff77,1-0,0.0,1490,1065,1334,13.9
3887,New-90ba5a4,1/2-1/2,0.5,1490,1066,1334,13.9
3888,Base-8d0ff77,1-0,0.0,1490,1066,1335,13.8
3890,Base-8d0ff77,1-0,0.0,1490,1066,1336,13.8
3893,New-90ba5a4,1-0,1.0,1491,1066,1336,13.8
3894,Base-8d0ff77,1-0,0.0,1491,1066,1337,13.7
3895,New-90ba5a4,1-0,1.0,1492,1066,1337,13.8
3900,Base-8d0ff77,0-1,1.0,1493,1066,1337,13.9
3898,Base-8d0ff77,1/2-1/2,0.5,1493,1067,1337,13.9
3896,Base-8d0ff77,1-0,0.0,1493,1067,1338,13.8
3899,New-90ba5a4,1-0,1.0,1494,1067,1338,13.9
3897,New-90ba5a4,0-1,0.0,1494,1067,1339,13.8
3902,Base-8d0ff77,0-1,1.0,1495,1067,1339,13.9
3906,Base-8d0ff77,1/2-1/2,0.5,1495,1068,1339,13.9
3908,Base-8d0ff77,1-0,0.0,1495,1068,1340,13.8
3903,New-90ba5a4,0-1,0.0,1495,1068,1341,13.7
3904,Base-8d0ff77,0-1,1.0,1496,1068,1341,13.8
3905,New-90ba5a4,1-0,1.0,1497,1068,1341,13.9
3907,New-90ba5a4,1-0,1.0,1498,1068,1341,14.0
3901,New-90ba5a4,1/2-1/2,0.5,1498,1069,1341,14.0
3910,Base-8d0ff77,1/2-1/2,0.5,1498,1070,1341,14.0
3909,New-90ba5a4,1-0,1.0,1499,1070,1341,14.0
3911,New-90ba5a4,1-0,1.0,1500,1070,1341,14.1
3916,Base-8d0ff77,1-0,0.0,1500,1070,1342,14.0
3913,New-90ba5a4,1-0,1.0,1501,1070,1342,14.1
3914,Base-8d0ff77,1/2-1/2,0.5,1501,1071,1342,14.1
3915,New-90ba5a4,0-1,0.0,1501,1071,1343,14.0
3912,Base-8d0ff77,1-0,0.0,1501,1071,1344,13.9
3919,New-90ba5a4,0-1,0.0,1501,1071,1345,13.8
3917,New-90ba5a4,1/2-1/2,0.5,1501,1072,1345,13.8
3918,Base-8d0ff77,1-0,0.0,1501,1072,1346,13.7
3921,New-90ba5a4,1/2-1/2,0.5,1501,1073,1346,13.7
3920,Base-8d0ff77,1-0,0.0,1501,1073,1347,13.7
3922,Base-8d0ff77,1-0,0.0,1501,1073,1348,13.6
3924,Base-8d0ff77,1-0,0.0,1501,1073,1349,13.5
3923,New-90ba5a4,1-0,1.0,1502,1073,1349,13.6
3926,Base-8d0ff77,1/2-1/2,0.5,1502,1074,1349,13.6
3927,New-90ba5a4,1/2-1/2,0.5,1502,1075,1349,13.5
3925,New-90ba5a4,1-0,1.0,1503,1075,1349,13.6
3929,New-90ba5a4,0-1,0.0,1503,1075,1350,13.5
3928,Base-8d0ff77,0-1,1.0,1504,1075,1350,13.6
3930,Base-8d0ff77,0-1,1.0,1505,1075,1350,13.7
3933,New-90ba5a4,0-1,0.0,1505,1075,1351,13.6
3931,New-90ba5a4,1-0,1.0,1506,1075,1351,13.7
3932,Base-8d0ff77,1/2-1/2,0.5,1506,1076,1351,13.7
3934,Base-8d0ff77,1-0,0.0,1506,1076,1352,13.6
3937,New-90ba5a4,1/2-1/2,0.5,1506,1077,1352,13.6
3935,New-90ba5a4,1-0,1.0,1507,1077,1352,13.7
3938,Base-8d0ff77,1-0,0.0,1507,1077,1353,13.6
3943,New-90ba5a4,1/2-1/2,0.5,1507,1078,1353,13.6
3940,Base-8d0ff77,1/2-1/2,0.5,1507,1079,1353,13.6
3936,Base-8d0ff77,0-1,1.0,1508,1079,1353,13.7
3939,New-90ba5a4,1-0,1.0,1509,1079,1353,13.8
3941,New-90ba5a4,1-0,1.0,1510,1079,1353,13.8
3942,Base-8d0ff77,1/2-1/2,0.5,1510,1080,1353,13.8
3945,New-90ba5a4,1/2-1/2,0.5,1510,1081,1353,13.8
3944,Base-8d0ff77,1/2-1/2,0.5,1510,1082,1353,13.8
3947,New-90ba5a4,1-0,1.0,1511,1082,1353,13.9
3950,Base-8d0ff77,1/2-1/2,0.5,1511,1083,1353,13.9
3946,Base-8d0ff77,1/2-1/2,0.5,1511,1084,1353,13.9
3948,Base-8d0ff77,1-0,0.0,1511,1084,1354,13.8
3949,New-90ba5a4,1/2-1/2,0.5,1511,1085,1354,13.8
3951,New-90ba5a4,1-0,1.0,1512,1085,1354,13.9
3955,New-90ba5a4,0-1,0.0,1512,1085,1355,13.8
3952,Base-8d0ff77,1-0,0.0,1512,1085,1356,13.7
3954,Base-8d0ff77,0-1,1.0,1513,1085,1356,13.8
3953,New-90ba5a4,0-1,0.0,1513,1085,1357,13.7
3957,New-90ba5a4,0-1,0.0,1513,1085,1358,13.6
3958,Base-8d0ff77,0-1,1.0,1514,1085,1358,13.7
3956,Base-8d0ff77,1-0,0.0,1514,1085,1359,13.6
3961,New-90ba5a4,1/2-1/2,0.5,1514,1086,1359,13.6
3959,New-90ba5a4,1-0,1.0,1515,1086,1359,13.7
3963,New-90ba5a4,1/2-1/2,0.5,1515,1087,1359,13.7
3964,Base-8d0ff77,1-0,0.0,1515,1087,1360,13.6
3962,Base-8d0ff77,1/2-1/2,0.5,1515,1088,1360,13.6
3960,Base-8d0ff77,0-1,1.0,1516,1088,1360,13.7
3966,Base-8d0ff77,0-1,1.0,1517,1088,1360,13.8
3968,Base-8d0ff77,1-0,0.0,1517,1088,1361,13.7
3967,New-90ba5a4,0-1,0.0,1517,1088,1362,13.6
3965,New-90ba5a4,1-0,1.0,1518,1088,1362,13.7
3969,New-90ba5a4,1-0,1.0,1519,1088,1362,13.8
3973,New-90ba5a4,1/2-1/2,0.5,1519,1089,1362,13.7
3971,New-90ba5a4,1-0,1.0,1520,1089,1362,13.8
3970,Base-8d0ff77,1/2-1/2,0.5,1520,1090,1362,13.8
3972,Base-8d0ff77,1-0,0.0,1520,1090,1363,13.7
3975,New-90ba5a4,1-0,1.0,1521,1090,1363,13.8
3974,Base-8d0ff77,1/2-1/2,0.5,1521,1091,1363,13.8
3977,New-90ba5a4,1/2-1/2,0.5,1521,1092,1363,13.8
3976,Base-8d0ff77,1/2-1/2,0.5,1521,1093,1363,13.8
3979,New-90ba5a4,1/2-1/2,0.5,1521,1094,1363,13.8
3978,Base-8d0ff77,1/2-1/2,0.5,1521,1095,1363,13.8
3980,Base-8d0ff77,1-0,0.0,1521,1095,1364,13.7
3981,New-90ba5a4,1/2-1/2,0.5,1521,1096,1364,13.7
3983,New-90ba5a4,0-1,0.0,1521,1096,1365,13.6
3982,Base-8d0ff77,0-1,1.0,1522,1096,1365,13.7
3985,New-90ba5a4,1/2-1/2,0.5,1522,1097,1365,13.7
3984,Base-8d0ff77,0-1,1.0,1523,1097,1365,13.8
3986,Base-8d0ff77,0-1,1.0,1524,1097,1365,13.9
3988,Base-8d0ff77,1/2-1/2,0.5,1524,1098,1365,13.9
3990,Base-8d0ff77,1/2-1/2,0.5,1524,1099,1365,13.9
3987,New-90ba5a4,1/2-1/2,0.5,1524,1100,1365,13.9
3989,New-90ba5a4,0-1,0.0,1524,1100,1366,13.8
3995,New-90ba5a4,1/2-1/2,0.5,1524,1101,1366,13.8
3991,New-90ba5a4,0-1,0.0,1524,1101,1367,13.7
3993,New-90ba5a4,0-1,0.0,1524,1101,1368,13.6
3992,Base-8d0ff77,0-1,1.0,1525,1101,1368,13.7
3994,Base-8d0ff77,1-0,0.0,1525,1101,1369,13.6
3997,New-90ba5a4,1-0,1.0,1526,1101,1369,13.7
4003,New-90ba5a4,1-0,1.0,1527,1101,1369,13.7
4000,Base-8d0ff77,0-1,1.0,1528,1101,1369,13.8
3998,Base-8d0ff77,1-0,0.0,1528,1101,1370,13.7
3996,Base-8d0ff77,0-1,1.0,1529,1101,1370,13.8
4002,Base-8d0ff77,1-0,0.0,1529,1101,1371,13.7
3999,New-90ba5a4,1-0,1.0,1530,1101,1371,13.8
4001,New-90ba5a4,0-1,0.0,1530,1101,1372,13.7
4006,Base-8d0ff77,1/2-1/2,0.5,1530,1102,1372,13.7
4005,New-90ba5a4,1-0,1.0,1531,1102,1372,13.8
4004,Base-8d0ff77,0-1,1.0,1532,1102,1372,13.9
4007,New-90ba5a4,1-0,1.0,1533,1102,1372,14.0
4009,New-90ba5a4,1/2-1/2,0.5,1533,1103,1372,14.0
4008,Base-8d0ff77,0-1,1.0,1534,1103,1372,14.0
4010,Base-8d0ff77,1-0,0.0,1534,1103,1373,14.0
4012,Base-8d0ff77,1/2-1/2,0.5,1534,1104,1373,14.0
4011,New-90ba5a4,1/2-1/2,0.5,1534,1105,1373,13.9
4014,Base-8d0ff77,1-0,0.0,1534,1105,1374,13.9
4016,Base-8d0ff77,1-0,0.0,1534,1105,1375,13.8
4017,New-90ba5a4,0-1,0.0,1534,1105,1376,13.7
4015,New-90ba5a4,1-0,1.0,1535,1105,1376,13.8
4013,New-90ba5a4,0-1,0.0,1535,1105,1377,13.7
4018,Base-8d0ff77,1/2-1/2,0.5,1535,1106,1377,13.7
4019,New-90ba5a4,1-0,1.0,1536,1106,1377,13.8
4021,New-90ba5a4,0-1,0.0,1536,1106,1378,13.7
4023,New-90ba5a4,1-0,1.0,1537,1106,1378,13.7
4020,Base-8d0ff77,0-1,1.0,1538,1106,1378,13.8
4025,New-90ba5a4,1-0,1.0,1539,1106,1378,13.9
4024,Base-8d0ff77,1-0,0.0,1539,1106,1379,13.8
4027,New-90ba5a4,0-1,0.0,1539,1106,1380,13.7
4026,Base-8d0ff77,1/2-1/2,0.5,1539,1107,1380,13.7
4028,Base-8d0ff77,0-1,1.0,1540,1107,1380,13.8
4022,Base-8d0ff77,1/2-1/2,0.5,1540,1108,1380,13.8
4031,New-90ba5a4,1-0,1.0,1541,1108,1380,13.9
4030,Base-8d0ff77,1-0,0.0,1541,1108,1381,13.8
4032,Base-8d0ff77,1-0,0.0,1541,1108,1382,13.7
4029,New-90ba5a4,0-1,0.0,1541,1108,1383,13.6
4034,Base-8d0ff77,0-1,1.0,1542,1108,1383,13.7
4033,New-90ba5a4,1/2-1/2,0.5,1542,1109,1383,13.7
4035,New-90ba5a4,1-0,1.0,1543,1109,1383,13.8
4036,Base-8d0ff77,0-1,1.0,1544,1109,1383,13.9
4038,Base-8d0ff77,1/2-1/2,0.5,1544,1110,1383,13.9
4039,New-90ba5a4,1/2-1/2,0.5,1544,1111,1383,13.9
4037,New-90ba5a4,1/2-1/2,0.5,1544,1112,1383,13.9
4040,Base-8d0ff77,0-1,1.0,1545,1112,1383,13.9
4044,Base-8d0ff77,1-0,0.0,1545,1112,1384,13.8
4043,New-90ba5a4,1-0,1.0,1546,1112,1384,13.9
4042,Base-8d0ff77,0-1,1.0,1547,1112,1384,14.0
4041,New-90ba5a4,1-0,1.0,1548,1112,1384,14.1
4046,Base-8d0ff77,1/2-1/2,0.5,1548,1113,1384,14.1
4048,Base-8d0ff77,1-0,0.0,1548,1113,1385,14.0
4051,New-90ba5a4,0-1,0.0,1548,1113,1386,13.9
4045,New-90ba5a4,1-0,1.0,1549,1113,1386,14.0
4047,New-90ba5a4,1-0,1.0,1550,1113,1386,14.1
4050,Base-8d0ff77,1/2-1/2,0.5,1550,1114,1386,14.1
4049,New-90ba5a4,0-1,0.0,1550,1114,1387,14.0
4052,Base-8d0ff77,0-1,1.0,1551,1114,1387,14.1
4055,New-90ba5a4,1-0,1.0,1552,1114,1387,14.2
4058,Base-8d0ff77,1/2-1/2,0.5,1552,1115,1387,14.1
4054,Base-8d0ff77,1-0,0.0,1552,1115,1388,14.1
4053,New-90ba5a4,1-0,1.0,1553,1115,1388,14.1
4056,Base-8d0ff77,0-1,1.0,1554,1115,1388,14.2
4057,New-90ba5a4,0-1,0.0,1554,1115,1389,14.1
4062,Base-8d0ff77,1-0,0.0,1554,1115,1390,14.0
4060,Base-8d0ff77,1/2-1/2,0.5,1554,1116,1390,14.0
4059,New-90ba5a4,1/2-1/2,0.5,1554,1117,1390,14.0
4061,New-90ba5a4,1-0,1.0,1555,1117,1390,14.1
4064,Base-8d0ff77,1-0,0.0,1555,1117,1391,14.0
4066,Base-8d0ff77,0-1,1.0,1556,1117,1391,14.1
4065,New-90ba5a4,0-1,0.0,1556,1117,1392,14.0
4063,New-90ba5a4,1-0,1.0,1557,1117,1392,14.1
4067,New-90ba5a4,1-0,1.0,1558,1117,1392,14.2
4068,Base-8d0ff77,1-0,0.0,1558,1117,1393,14.1
4069,New-90ba5a4,1-0,1.0,1559,1117,1393,14.2
4071,New-90ba5a4,1-0,1.0,1560,1117,1393,14.3
4070,Base-8d0ff77,1/2-1/2,0.5,1560,1118,1393,14.3
4073,New-90ba5a4,0-1,0.0,1560,1118,1394,14.2
4072,Base-8d0ff77,1/2-1/2,0.5,1560,1119,1394,14.2
4074,Base-8d0ff77,1-0,0.0,1560,1119,1395,14.1
4075,New-90ba5a4,1/2-1/2,0.5,1560,1120,1395,14.1
4076,Base-8d0ff77,0-1,1.0,1561,1120,1395,14.2
4077,New-90ba5a4,1-0,1.0,1562,1120,1395,14.2
4080,Base-8d0ff77,0-1,1.0,1563,1120,1395,14.3
4079,New-90ba5a4,0-1,0.0,1563,1120,1396,14.2
4078,Base-8d0ff77,0-1,1.0,1564,1120,1396,14.3
4085,New-90ba5a4,1/2-1/2,0.5,1564,1121,1396,14.3
4082,Base-8d0ff77,1-0,0.0,1564,1121,1397,14.2
4081,New-90ba5a4,1-0,1.0,1565,1121,1397,14.3
4083,New-90ba5a4,1-0,1.0,1566,1121,1397,14.4
4084,Base-8d0ff77,1-0,0.0,1566,1121,1398,14.3
4088,Base-8d0ff77,1-0,0.0,1566,1121,1399,14.2
4089,New-90ba5a4,1-0,1.0,1567,1121,1399,14.3
4091,New-90ba5a4,1-0,1.0,1568,1121,1399,14.4
4087,New-90ba5a4,0-1,0.0,1568,1121,1400,14.3
4092,Base-8d0ff77,1-0,0.0,1568,1121,1401,14.2
4093,New-90ba5a4,1/2-1/2,0.5,1568,1122,1401,14.2
4090,Base-8d0ff77,1-0,0.0,1568,1122,1402,14.1
4086,Base-8d0ff77,1/2-1/2,0.5,1568,1123,1402,14.1
4094,Base-8d0ff77,1/2-1/2,0.5,1568,1124,1402,14.1
4096,Base-8d0ff77,1/2-1/2,0.5,1568,1125,1402,14.1
4097,New-90ba5a4,0-1,0.0,1568,1125,1403,14.0
4099,New-90ba5a4,0-1,0.0,1568,1125,1404,13.9
4095,New-90ba5a4,1-0,1.0,1569,1125,1404,14.0
4098,Base-8d0ff77,0-1,1.0,1570,1125,1404,14.1
4100,Base-8d0ff77,0-1,1.0,1571,1125,1404,14.2
4101,New-90ba5a4,1-0,1.0,1572,1125,1404,14.2
4102,Base-8d0ff77,1/2-1/2,0.5,1572,1126,1404,14.2
4103,New-90ba5a4,0-1,0.0,1572,1126,1405,14.1
4106,Base-8d0ff77,1-0,0.0,1572,1126,1406,14.1
4107,New-90ba5a4,0-1,0.0,1572,1126,1407,14.0
4105,New-90ba5a4,1/2-1/2,0.5,1572,1127,1407,14.0
4104,Base-8d0ff77,1/2-1/2,0.5,1572,1128,1407,14.0
4109,New-90ba5a4,0-1,0.0,1572,1128,1408,13.9
4108,Base-8d0ff77,1/2-1/2,0.5,1572,1129,1408,13.9
4110,Base-8d0ff77,0-1,1.0,1573,1129,1408,14.0
4111,New-90ba5a4,1-0,1.0,1574,1129,1408,14.0
4114,Base-8d0ff77,1-0,0.0,1574,1129,1409,13.9
4115,New-90ba5a4,0-1,0.0,1574,1129,1410,13.9
4117,New-90ba5a4,1-0,1.0,1575,1129,1410,13.9
4112,Base-8d0ff77,1-0,0.0,1575,1129,1411,13.9
4113,New-90ba5a4,1-0,1.0,1576,1129,1411,13.9
4119,New-90ba5a4,1-0,1.0,1577,1129,1411,14.0
4118,Base-8d0ff77,0-1,1.0,1578,1129,1411,14.1
4116,Base-8d0ff77,1-0,0.0,1578,1129,1412,14.0
4124,Base-8d0ff77,0-1,1.0,1579,1129,1412,14.1
4120,Base-8d0ff77,1-0,0.0,1579,1129,1413,14.0
4123,New-90ba5a4,0-1,0.0,1579,1129,1414,13.9
4121,New-90ba5a4,1-0,1.0,1580,1129,1414,14.0
4127,New-90ba5a4,1/2-1/2,0.5,1580,1130,1414,14.0
4122,Base-8d0ff77,1-0,0.0,1580,1130,1415,13.9
4125,New-90ba5a4,1-0,1.0,1581,1130,1415,14.0
4126,Base-8d0ff77,1-0,0.0,1581,1130,1416,13.9
4130,Base-8d0ff77,0-1,1.0,1582,1130,1416,14.0
4129,New-90ba5a4,0-1,0.0,1582,1130,1417,13.9
4128,Base-8d0ff77,1/2-1/2,0.5,1582,1131,1417,13.9
4131,New-90ba5a4,1/2-1/2,0.5,1582,1132,1417,13.9
4132,Base-8d0ff77,0-1,1.0,1583,1132,1417,14.0
4133,New-90ba5a4,0-1,0.0,1583,1132,1418,13.9
4134,Base-8d0ff77,1-0,0.0,1583,1132,1419,13.8
4136,Base-8d0ff77,0-1,1.0,1584,1132,1419,13.9
4135,New-90ba5a4,0-1,0.0,1584,1132,1420,13.8
4139,New-90ba5a4,0-1,0.0,1584,1132,1421,13.7
4138,Base-8d0ff77,1/2-1/2,0.5,1584,1133,1421,13.7
4141,New-90ba5a4,1-0,1.0,1585,1133,1421,13.8
4137,New-90ba5a4,1/2-1/2,0.5,1585,1134,1421,13.8
4143,New-90ba5a4,1-0,1.0,1586,1134,1421,13.9
4140,Base-8d0ff77,1/2-1/2,0.5,1586,1135,1421,13.8
4142,Base-8d0ff77,1-0,0.0,1586,1135,1422,13.8
4144,Base-8d0ff77,0-1,1.0,1587,1135,1422,13.8
4145,New-90ba5a4,0-1,0.0,1587,1135,1423,13.8
4148,Base-8d0ff77,1-0,0.0,1587,1135,1424,13.7
4146,Base-8d0ff77,0-1,1.0,1588,1135,1424,13.7
4147,New-90ba5a4,1-0,1.0,1589,1135,1424,13.8
4149,New-90ba5a4,0-1,0.0,1589,1135,1425,13.7
4151,New-90ba5a4,0-1,0.0,1589,1135,1426,13.7
4150,Base-8d0ff77,1-0,0.0,1589,1135,1427,13.6
4152,Base-8d0ff77,1/2-1/2,0.5,1589,1136,1427,13.6
4154,Base-8d0ff77,1-0,0.0,1589,1136,1428,13.5
4153,New-90ba5a4,1/2-1/2,0.5,1589,1137,1428,13.5
4155,New-90ba5a4,0-1,0.0,1589,1137,1429,13.4
4156,Base-8d0ff77,0-1,1.0,1590,1137,1429,13.5
4158,Base-8d0ff77,1-0,0.0,1590,1137,1430,13.4
4157,New-90ba5a4,1-0,1.0,1591,1137,1430,13.5
4159,New-90ba5a4,1/2-1/2,0.5,1591,1138,1430,13.5
4160,Base-8d0ff77,0-1,1.0,1592,1138,1430,13.5
4163,New-90ba5a4,0-1,0.0,1592,1138,1431,13.4
4161,New-90ba5a4,0-1,0.0,1592,1138,1432,13.4
4162,Base-8d0ff77,0-1,1.0,1593,1138,1432,13.4
4164,Base-8d0ff77,1-0,0.0,1593,1138,1433,13.4
4166,Base-8d0ff77,1-0,0.0,1593,1138,1434,13.3
4165,New-90ba5a4,1-0,1.0,1594,1138,1434,13.4
4167,New-90ba5a4,0-1,0.0,1594,1138,1435,13.3
4168,Base-8d0ff77,1-0,0.0,1594,1138,1436,13.2
4170,Base-8d0ff77,0-1,1.0,1595,1138,1436,13.3
4169,New-90ba5a4,0-1,0.0,1595,1138,1437,13.2
4171,New-90ba5a4,1-0,1.0,1596,1138,1437,13.3
4174,Base-8d0ff77,1-0,0.0,1596,1138,1438,13.2
4172,Base-8d0ff77,1-0,0.0,1596,1138,1439,13.1
4175,New-90ba5a4,1-0,1.0,1597,1138,1439,13.2
4173,New-90ba5a4,0-1,0.0,1597,1138,1440,13.1
4180,Base-8d0ff77,1-0,0.0,1597,1138,1441,13.0
4176,Base-8d0ff77,1-0,0.0,1597,1138,1442,12.9
4178,Base-8d0ff77,1-0,0.0,1597,1138,1443,12.8
4177,New-90ba5a4,1-0,1.0,1598,1138,1443,12.9
4179,New-90ba5a4,1-0,1.0,1599,1138,1443,13.0
4182,Base-8d0ff77,1-0,0.0,1599,1138,1444,12.9
4183,New-90ba5a4,0-1,0.0,1599,1138,1445,12.8
4181,New-90ba5a4,0-1,0.0,1599,1138,1446,12.7
4185,New-90ba5a4,1/2-1/2,0.5,1599,1139,1446,12.7
4186,Base-8d0ff77,1-0,0.0,1599,1139,1447,12.6
4187,New-90ba5a4,1/2-1/2,0.5,1599,1140,1447,12.6
4189,New-90ba5a4,1-0,1.0,1600,1140,1447,12.7
4188,Base-8d0ff77,0-1,1.0,1601,1140,1447,12.8
4190,Base-8d0ff77,1/2-1/2,0.5,1601,1141,1447,12.8
4184,Base-8d0ff77,0-1,1.0,1602,1141,1447,12.9
4193,New-90ba5a4,1-0,1.0,1603,1141,1447,12.9
4191,New-90ba5a4,1-0,1.0,1604,1141,1447,13.0
4192,Base-8d0ff77,0-1,1.0,1605,1141,1447,13.1
4196,Base-8d0ff77,1-0,0.0,1605,1141,1448,13.0
4194,Base-8d0ff77,0-1,1.0,1606,1141,1448,13.1
4197,New-90ba5a4,1-0,1.0,1607,1141,1448,13.2
4195,New-90ba5a4,1-0,1.0,1608,1141,1448,13.3
4198,Base-8d0ff77,0-1,1.0,1609,1141,1448,13.3
4199,New-90ba5a4,0-1,0.0,1609,1141,1449,13.2
4202,Base-8d0ff77,0-1,1.0,1610,1141,1449,13.3
4206,Base-8d0ff77,1-0,0.0,1610,1141,1450,13.2
4203,New-90ba5a4,1-0,1.0,1611,1141,1450,13.3
4201,New-90ba5a4,0-1,0.0,1611,1141,1451,13.2
4200,Base-8d0ff77,1/2-1/2,0.5,1611,1142,1451,13.2
4205,New-90ba5a4,1-0,1.0,1612,1142,1451,13.3
4204,Base-8d0ff77,1-0,0.0,1612,1142,1452,13.2
4207,New-90ba5a4,1-0,1.0,1613,1142,1452,13.3
4208,Base-8d0ff77,1-0,0.0,1613,1142,1453,13.2
4212,Base-8d0ff77,1/2-1/2,0.5,1613,1143,1453,13.2
4211,New-90ba5a4,0-1,0.0,1613,1143,1454,13.1
4209,New-90ba5a4,1-0,1.0,1614,1143,1454,13.2
4210,Base-8d0ff77,0-1,1.0,1615,1143,1454,13.3
4213,New-90ba5a4,1-0,1.0,1616,1143,1454,13.4
4214,Base-8d0ff77,1/2-1/2,0.5,1616,1144,1454,13.4
4215,New-90ba5a4,1/2-1/2,0.5,1616,1145,1454,13.4
4216,Base-8d0ff77,0-1,1.0,1617,1145,1454,13.4
4217,New-90ba5a4,1/2-1/2,0.5,1617,1146,1454,13.4
4218,Base-8d0ff77,1-0,0.0,1617,1146,1455,13.4
4219,New-90ba5a4,1/2-1/2,0.5,1617,1147,1455,13.3
4222,Base-8d0ff77,1-0,0.0,1617,1147,1456,13.3
4220,Base-8d0ff77,1-0,0.0,1617,1147,1457,13.2
4221,New-90ba5a4,1-0,1.0,1618,1147,1457,13.3
4223,New-90ba5a4,1-0,1.0,1619,1147,1457,13.3
4224,Base-8d0ff77,1-0,0.0,1619,1147,1458,13.2
4225,New-90ba5a4,1-0,1.0,1620,1147,1458,13.3
4226,Base-8d0ff77,1-0,0.0,1620,1147,1459,13.2
4228,Base-8d0ff77,1-0,0.0,1620,1147,1460,13.2
4227,New-90ba5a4,1-0,1.0,1621,1147,1460,13.2
4231,New-90ba5a4,0-1,0.0,1621,1147,1461,13.2
4230,Base-8d0ff77,1-0,0.0,1621,1147,1462,13.1
4234,Base-8d0ff77,1-0,0.0,1621,1147,1463,13.0
4233,New-90ba5a4,1-0,1.0,1622,1147,1463,13.1
4229,New-90ba5a4,0-1,0.0,1622,1147,1464,13.0
4232,Base-8d0ff77,1/2-1/2,0.5,1622,1148,1464,13.0
4235,New-90ba5a4,0-1,0.0,1622,1148,1465,12.9
4236,Base-8d0ff77,0-1,1.0,1623,1148,1465,13.0
4240,Base-8d0ff77,1-0,0.0,1623,1148,1466,12.9
4237,New-90ba5a4,0-1,0.0,1623,1148,1467,12.8
4242,Base-8d0ff77,1/2-1/2,0.5,1623,1149,1467,12.8
4239,New-90ba5a4,0-1,0.0,1623,1149,1468,12.7
4238,Base-8d0ff77,1/2-1/2,0.5,1623,1150,1468,12.7
4241,New-90ba5a4,1/2-1/2,0.5,1623,1151,1468,12.7
4243,New-90ba5a4,1/2-1/2,0.5,1623,1152,1468,12.7
4247,New-90ba5a4,1/2-1/2,0.5,1623,1153,1468,12.7
4244,Base-8d0ff77,0-1,1.0,1624,1153,1468,12.8
4246,Base-8d0ff77,1-0,0.0,1624,1153,1469,12.7
4245,New-90ba5a4,1-0,1.0,1625,1153,1469,12.8
4248,Base-8d0ff77,1/2-1/2,0.5,1625,1154,1469,12.8
4251,New-90ba5a4,0-1,0.0,1625,1154,1470,12.7
4250,Base-8d0ff77,1-0,0.0,1625,1154,1471,12.6
4249,New-90ba5a4,0-1,0.0,1625,1154,1472,12.5
4253,New-90ba5a4,0-1,0.0,1625,1154,1473,12.4
4254,Base-8d0ff77,1-0,0.0,1625,1154,1474,12.3
4258,Base-8d0ff77,1/2-1/2,0.5,1625,1155,1474,12.3
4255,New-90ba5a4,1-0,1.0,1626,1155,1474,12.4
4252,Base-8d0ff77,1/2-1/2,0.5,1626,1156,1474,12.4
4256,Base-8d0ff77,1/2-1/2,0.5,1626,1157,1474,12.4
4257,New-90ba5a4,1/2-1/2,0.5,1626,1158,1474,12.4
4259,New-90ba5a4,1/2-1/2,0.5,1626,1159,1474,12.4
4260,Base-8d0ff77,1/2-1/2,0.5,1626,1160,1474,12.4
4262,Base-8d0ff77,0-1,1.0,1627,1160,1474,12.5
4261,New-90ba5a4,1-0,1.0,1628,1160,1474,12.6
4263,New-90ba5a4,0-1,0.0,1628,1160,1475,12.5
4265,New-90ba5a4,1-0,1.0,1629,1160,1475,12.6
4267,New-90ba5a4,1/2-1/2,0.5,1629,1161,1475,12.6
4264,Base-8d0ff77,1/2-1/2,0.5,1629,1162,1475,12.5
4268,Base-8d0ff77,1/2-1/2,0.5,1629,1163,1475,12.5
4266,Base-8d0ff77,1/2-1/2,0.5,1629,1164,1475,12.5
4269,New-90ba5a4,0-1,0.0,1629,1164,1476,12.5
4271,New-90ba5a4,1-0,1.0,1630,1164,1476,12.5
4273,New-90ba5a4,1-0,1.0,1631,1164,1476,12.6
4274,Base-8d0ff77,0-1,1.0,1632,1164,1476,12.7
4272,Base-8d0ff77,1-0,0.0,1632,1164,1477,12.6
4270,Base-8d0ff77,1/2-1/2,0.5,1632,1165,1477,12.6
4275,New-90ba5a4,1-0,1.0,1633,1165,1477,12.7
4278,Base-8d0ff77,1/2-1/2,0.5,1633,1166,1477,12.7
4276,Base-8d0ff77,1/2-1/2,0.5,1633,1167,1477,12.7
4277,New-90ba5a4,0-1,0.0,1633,1167,1478,12.6
4280,Base-8d0ff77,1-0,0.0,1633,1167,1479,12.5
4279,New-90ba5a4,0-1,0.0,1633,1167,1480,12.4
4281,New-90ba5a4,1-0,1.0,1634,1167,1480,12.5
4282,Base-8d0ff77,0-1,1.0,1635,1167,1480,12.6
4283,New-90ba5a4,0-1,0.0,1635,1167,1481,12.5
4286,Base-8d0ff77,1/2-1/2,0.5,1635,1168,1481,12.5
4284,Base-8d0ff77,0-1,1.0,1636,1168,1481,12.6
4288,Base-8d0ff77,1/2-1/2,0.5,1636,1169,1481,12.6
4287,New-90ba5a4,1-0,1.0,1637,1169,1481,12.6
4285,New-90ba5a4,0-1,0.0,1637,1169,1482,12.6
4293,New-90ba5a4,1-0,1.0,1638,1169,1482,12.6
4290,Base-8d0ff77,1/2-1/2,0.5,1638,1170,1482,12.6
4289,New-90ba5a4,1/2-1/2,0.5,1638,1171,1482,12.6
4292,Base-8d0ff77,1-0,0.0,1638,1171,1483,12.6
4291,New-90ba5a4,1-0,1.0,1639,1171,1483,12.6
4296,Base-8d0ff77,1/2-1/2,0.5,1639,1172,1483,12.6
4295,New-90ba5a4,1/2-1/2,0.5,1639,1173,1483,12.6
4294,Base-8d0ff77,1-0,0.0,1639,1173,1484,12.5
4299,New-90ba5a4,1-0,1.0,1640,1173,1484,12.6
4302,Base-8d0ff77,1/2-1/2,0.5,1640,1174,1484,12.6
4301,New-90ba5a4,1/2-1/2,0.5,1640,1175,1484,12.6
4297,New-90ba5a4,1-0,1.0,1641,1175,1484,12.7
4298,Base-8d0ff77,1-0,0.0,1641,1175,1485,12.6
4300,Base-8d0ff77,1/2-1/2,0.5,1641,1176,1485,12.6
4303,New-90ba5a4,1-0,1.0,1642,1176,1485,12.7
4305,New-90ba5a4,1/2-1/2,0.5,1642,1177,1485,12.7
4304,Base-8d0ff77,0-1,1.0,1643,1177,1485,12.8
4308,Base-8d0ff77,0-1,1.0,1644,1177,1485,12.8
4307,New-90ba5a4,0-1,0.0,1644,1177,1486,12.8
4306,Base-8d0ff77,1-0,0.0,1644,1177,1487,12.7
4310,Base-8d0ff77,1-0,0.0,1644,1177,1488,12.6
4311,New-90ba5a4,1-0,1.0,1645,1177,1488,12.7
4309,New-90ba5a4,1/2-1/2,0.5,1645,1178,1488,12.7
4314,Base-8d0ff77,1-0,0.0,1645,1178,1489,12.6
4313,New-90ba5a4,1-0,1.0,1646,1178,1489,12.7
4315,New-90ba5a4,1-0,1.0,1647,1178,1489,12.7
4312,Base-8d0ff77,0-1,1.0,1648,1178,1489,12.8
4316,Base-8d0ff77,1-0,0.0,1648,1178,1490,12.7
4320,Base-8d0ff77,0-1,1.0,1649,1178,1490,12.8
4317,New-90ba5a4,0-1,0.0,1649,1178,1491,12.7
4318,Base-8d0ff77,0-1,1.0,1650,1178,1491,12.8
4319,New-90ba5a4,1/2-1/2,0.5,1650,1179,1491,12.8
4321,New-90ba5a4,1/2-1/2,0.5,1650,1180,1491,12.8
4323,New-90ba5a4,1/2-1/2,0.5,1650,1181,1491,12.8
4322,Base-8d0ff77,1-0,0.0,1650,1181,1492,12.7
4324,Base-8d0ff77,0-1,1.0,1651,1181,1492,12.8
4326,Base-8d0ff77,0-1,1.0,1652,1181,1492,12.9
4325,New-90ba5a4,0-1,0.0,1652,1181,1493,12.8
4327,New-90ba5a4,0-1,0.0,1652,1181,1494,12.7
4332,Base-8d0ff77,1-0,0.0,1652,1181,1495,12.6
4331,New-90ba5a4,0-1,0.0,1652,1181,1496,12.5
4328,Base-8d0ff77,1-0,0.0,1652,1181,1497,12.4
4329,New-90ba5a4,0-1,0.0,1652,1181,1498,12.4
4330,Base-8d0ff77,0-1,1.0,1653,1181,1498,12.4
4336,Base-8d0ff77,0-1,1.0,1654,1181,1498,12.5
4334,Base-8d0ff77,0-1,1.0,1655,1181,1498,12.6
4338,Base-8d0ff77,0-1,1.0,1656,1181,1498,12.7
4333,New-90ba5a4,0-1,0.0,1656,1181,1499,12.6
4335,New-90ba5a4,0-1,0.0,1656,1181,1500,12.5
4337,New-90ba5a4,0-1,0.0,1656,1181,1501,12.4
4339,New-90ba5a4,1-0,1.0,1657,1181,1501,12.5
4340,Base-8d0ff77,1-0,0.0,1657,1181,1502,12.4
4343,New-90ba5a4,1/2-1/2,0.5,1657,1182,1502,12.4
4342,Base-8d0ff77,1-0,0.0,1657,1182,1503,12.3
4341,New-90ba5a4,1-0,1.0,1658,1182,1503,12.4
4348,Base-8d0ff77,1-0,0.0,1658,1182,1504,12.3
4346,Base-8d0ff77,0-1,1.0,1659,1182,1504,12.4
4344,Base-8d0ff77,1/2-1/2,0.5,1659,1183,1504,12.4
4349,New-90ba5a4,1-0,1.0,1660,1183,1504,12.5
4350,Base-8d0ff77,1/2-1/2,0.5,1660,1184,1504,12.5
4351,New-90ba5a4,0-1,0.0,1660,1184,1505,12.4
4345,New-90ba5a4,1/2-1/2,0.5,1660,1185,1505,12.4
4347,New-90ba5a4,0-1,0.0,1660,1185,1506,12.3
4352,Base-8d0ff77,0-1,1.0,1661,1185,1506,12.4
4353,New-90ba5a4,0-1,0.0,1661,1185,1507,12.3
4354,Base-8d0ff77,0-1,1.0,1662,1185,1507,12.4
4360,Base-8d0ff77,1/2-1/2,0.5,1662,1186,1507,12.4
4355,New-90ba5a4,1-0,1.0,1663,1186,1507,12.4
4359,New-90ba5a4,1-0,1.0,1664,1186,1507,12.5
4358,Base-8d0ff77,1-0,0.0,1664,1186,1508,12.4
4356,Base-8d0ff77,0-1,1.0,1665,1186,1508,12.5
4357,New-90ba5a4,1-0,1.0,1666,1186,1508,12.6
4362,Base-8d0ff77,0-1,1.0,1667,1186,1508,12.7
4363,New-90ba5a4,1-0,1.0,1668,1186,1508,12.7
4364,Base-8d0ff77,1/2-1/2,0.5,1668,1187,1508,12.7
4361,New-90ba5a4,1/2-1/2,0.5,1668,1188,1508,12.7
4366,Base-8d0ff77,1-0,0.0,1668,1188,1509,12.7
4368,Base-8d0ff77,1/2-1/2,0.5,1668,1189,1509,12.7
4365,New-90ba5a4,1-0,1.0,1669,1189,1509,12.7
4367,New-90ba5a4,1-0,1.0,1670,1189,1509,12.8
4371,New-90ba5a4,0-1,0.0,1670,1189,1510,12.7
4369,New-90ba5a4,0-1,0.0,1670,1189,1511,12.6
4370,Base-8d0ff77,0-1,1.0,1671,1189,1511,12.7
4373,New-90ba5a4,1-0,1.0,1672,1189,1511,12.8
4372,Base-8d0ff77,1-0,0.0,1672,1189,1512,12.7
4375,New-90ba5a4,1-0,1.0,1673,1189,1512,12.8
4374,Base-8d0ff77,1/2-1/2,0.5,1673,1190,1512,12.8
4376,Base-8d0ff77,1-0,0.0,1673,1190,1513,12.7
4377,New-90ba5a4,1-0,1.0,1674,1190,1513,12.8
4378,Base-8d0ff77,0-1,1.0,1675,1190,1513,12.9
4380,Base-8d0ff77,0-1,1.0,1676,1190,1513,12.9
4379,New-90ba5a4,1/2-1/2,0.5,1676,1191,1513,12.9
4385,New-90ba5a4,0-1,0.0,1676,1191,1514,12.9
4381,New-90ba5a4,1/2-1/2,0.5,1676,1192,1514,12.9
4384,Base-8d0ff77,1-0,0.0,1676,1192,1515,12.8
4383,New-90ba5a4,1-0,1.0,1677,1192,1515,12.8
4382,Base-8d0ff77,1-0,0.0,1677,1192,1516,12.8
4386,Base-8d0ff77,0-1,1.0,1678,1192,1516,12.8
4389,New-90ba5a4,1/2-1/2,0.5,1678,1193,1516,12.8
4387,New-90ba5a4,1/2-1/2,0.5,1678,1194,1516,12.8
4388,Base-8d0ff77,1-0,0.0,1678,1194,1517,12.8
4391,New-90ba5a4,1-0,1.0,1679,1194,1517,12.8
4390,Base-8d0ff77,1-0,0.0,1679,1194,1518,12.7
4393,New-90ba5a4,0-1,0.0,1679,1194,1519,12.7
4394,Base-8d0ff77,0-1,1.0,1680,1194,1519,12.7
4392,Base-8d0ff77,1/2-1/2,0.5,1680,1195,1519,12.7
4395,New-90ba5a4,1-0,1.0,1681,1195,1519,12.8
4397,New-90ba5a4,1-0,1.0,1682,1195,1519,12.9
4396,Base-8d0ff77,1-0,0.0,1682,1195,1520,12.8
4400,Base-8d0ff77,1/2-1/2,0.5,1682,1196,1520,12.8
4398,Base-8d0ff77,0-1,1.0,1683,1196,1520,12.9
4399,New-90ba5a4,1/2-1/2,0.5,1683,1197,1520,12.9
4401,New-90ba5a4,1-0,1.0,1684,1197,1520,13.0
4402,Base-8d0ff77,1/2-1/2,0.5,1684,1198,1520,12.9
4403,New-90ba5a4,1-0,1.0,1685,1198,1520,13.0
4405,New-90ba5a4,1-0,1.0,1686,1198,1520,13.1
4404,Base-8d0ff77,1-0,0.0,1686,1198,1521,13.0
4408,Base-8d0ff77,1-0,0.0,1686,1198,1522,12.9
4406,Base-8d0ff77,1-0,0.0,1686,1198,1523,12.9
4409,New-90ba5a4,1-0,1.0,1687,1198,1523,12.9
4407,New-90ba5a4,1-0,1.0,1688,1198,1523,13.0
4411,New-90ba5a4,1-0,1.0,1689,1198,1523,13.1
4415,New-90ba5a4,0-1,0.0,1689,1198,1524,13.0
4410,Base-8d0ff77,0-1,1.0,1690,1198,1524,13.1
4414,Base-8d0ff77,1/2-1/2,0.5,1690,1199,1524,13.1
4412,Base-8d0ff77,1-0,0.0,1690,1199,1525,13.0
4413,New-90ba5a4,0-1,0.0,1690,1199,1526,12.9
4416,Base-8d0ff77,1-0,0.0,1690,1199,1527,12.8
4417,New-90ba5a4,0-1,0.0,1690,1199,1528,12.7
4420,Base-8d0ff77,1/2-1/2,0.5,1690,1200,1528,12.7
4418,Base-8d0ff77,0-1,1.0,1691,1200,1528,12.8
4423,New-90ba5a4,0-1,0.0,1691,1200,1529,12.7
4419,New-90ba5a4,0-1,0.0,1691,1200,1530,12.7
4422,Base-8d0ff77,1-0,0.0,1691,1200,1531,12.6
4424,Base-8d0ff77,1/2-1/2,0.5,1691,1201,1531,12.6
4425,New-90ba5a4,0-1,0.0,1691,1201,1532,12.5
4421,New-90ba5a4,1/2-1/2,0.5,1691,1202,1532,12.5
4426,Base-8d0ff77,0-1,1.0,1692,1202,1532,12.6
4427,New-90ba5a4,0-1,0.0,1692,1202,1533,12.5
4429,New-90ba5a4,1-0,1.0,1693,1202,1533,12.6
4430,Base-8d0ff77,0-1,1.0,1694,1202,1533,12.6
4432,Base-8d0ff77,1-0,0.0,1694,1202,1534,12.6
4428,Base-8d0ff77,0-1,1.0,1695,1202,1534,12.6
4431,New-90ba5a4,0-1,0.0,1695,1202,1535,12.5
4433,New-90ba5a4,1-0,1.0,1696,1202,1535,12.6
4434,Base-8d0ff77,0-1,1.0,1697,1202,1535,12.7
4438,Base-8d0ff77,1/2-1/2,0.5,1697,1203,1535,12.7
4436,Base-8d0ff77,0-1,1.0,1698,1203,1535,12.8
4435,New-90ba5a4,0-1,0.0,1698,1203,1536,12.7
4437,New-90ba5a4,1-0,1.0,1699,1203,1536,12.8
4439,New-90ba5a4,0-1,0.0,1699,1203,1537,12.7
4440,Base-8d0ff77,1-0,0.0,1699,1203,1538,12.6
4441,New-90ba5a4,0-1,0.0,1699,1203,1539,12.5
4442,Base-8d0ff77,0-1,1.0,1700,1203,1539,12.6
4443,New-90ba5a4,1-0,1.0,1701,1203,1539,12.7
4446,Base-8d0ff77,0-1,1.0,1702,1203,1539,12.7
4445,New-90ba5a4,1-0,1.0,1703,1203,1539,12.8
4448,Base-8d0ff77,1/2-1/2,0.5,1703,1204,1539,12.8
4444,Base-8d0ff77,1/2-1/2,0.5,1703,1205,1539,12.8
4447,New-90ba5a4,0-1,0.0,1703,1205,1540,12.7
4449,New-90ba5a4,0-1,0.0,1703,1205,1541,12.7
4450,Base-8d0ff77,1/2-1/2,0.5,1703,1206,1541,12.7
4451,New-90ba5a4,0-1,0.0,1703,1206,1542,12.6
4452,Base-8d0ff77,0-1,1.0,1704,1206,1542,12.6
4454,Base-8d0ff77,1/2-1/2,0.5,1704,1207,1542,12.6
4453,New-90ba5a4,0-1,0.0,1704,1207,1543,12.6
4455,New-90ba5a4,1-0,1.0,1705,1207,1543,12.6
4456,Base-8d0ff77,1/2-1/2,0.5,1705,1208,1543,12.6
4457,New-90ba5a4,0-1,0.0,1705,1208,1544,12.6
4459,New-90ba5a4,1/2-1/2,0.5,1705,1209,1544,12.6
4463,New-90ba5a4,1/2-1/2,0.5,1705,1210,1544,12.6
4460,Base-8d0ff77,1-0,0.0,1705,1210,1545,12.5
4458,Base-8d0ff77,1-0,0.0,1705,1210,1546,12.4
4461,New-90ba5a4,1-0,1.0,1706,1210,1546,12.5
4464,Base-8d0ff77,1-0,0.0,1706,1210,1547,12.4
4465,New-90ba5a4,1-0,1.0,1707,1210,1547,12.5
4462,Base-8d0ff77,1/2-1/2,0.5,1707,1211,1547,12.5
4466,Base-8d0ff77,0-1,1.0,1708,1211,1547,12.5
4470,Base-8d0ff77,0-1,1.0,1709,1211,1547,12.6
4469,New-90ba5a4,0-1,0.0,1709,1211,1548,12.5
4468,Base-8d0ff77,0-1,1.0,1710,1211,1548,12.6
4467,New-90ba5a4,0-1,0.0,1710,1211,1549,12.5
4474,Base-8d0ff77,1-0,0.0,1710,1211,1550,12.4
4473,New-90ba5a4,1/2-1/2,0.5,1710,1212,1550,12.4
4475,New-90ba5a4,0-1,0.0,1710,1212,1551,12.4
4472,Base-8d0ff77,1/2-1/2,0.5,1710,1213,1551,12.4
4471,New-90ba5a4,1/2-1/2,0.5,1710,1214,1551,12.3
4477,New-90ba5a4,1-0,1.0,1711,1214,1551,12.4
4476,Base-8d0ff77,1-0,0.0,1711,1214,1552,12.3
4478,Base-8d0ff77,0-1,1.0,1712,1214,1552,12.4
4480,Base-8d0ff77,1-0,0.0,1712,1214,1553,12.3
4479,New-90ba5a4,1-0,1.0,1713,1214,1553,12.4
4481,New-90ba5a4,1/2-1/2,0.5,1713,1215,1553,12.4
4482,Base-8d0ff77,1/2-1/2,0.5,1713,1216,1553,12.4
4484,Base-8d0ff77,1/2-1/2,0.5,1713,1217,1553,12.4
4486,Base-8d0ff77,1-0,0.0,1713,1217,1554,12.3
4483,New-90ba5a4,0-1,0.0,1713,1217,1555,12.2
4487,New-90ba5a4,0-1,0.0,1713,1217,1556,12.2
4485,New-90ba5a4,1/2-1/2,0.5,1713,1218,1556,12.2
4489,New-90ba5a4,1-0,1.0,1714,1218,1556,12.2
4491,New-90ba5a4,0-1,0.0,1714,1218,1557,12.2
4488,Base-8d0ff77,1/2-1/2,0.5,1714,1219,1557,12.2
4490,Base-8d0ff77,1-0,0.0,1714,1219,1558,12.1
4493,New-90ba5a4,1/2-1/2,0.5,1714,1220,1558,12.1
4492,Base-8d0ff77,1/2-1/2,0.5,1714,1221,1558,12.1
4494,Base-8d0ff77,1-0,0.0,1714,1221,1559,12.0
4495,New-90ba5a4,1/2-1/2,0.5,1714,1222,1559,12.0
4496,Base-8d0ff77,0-1,1.0,1715,1222,1559,12.1
4498,Base-8d0ff77,1/2-1/2,0.5,1715,1223,1559,12.1
4497,New-90ba5a4,1/2-1/2,0.5,1715,1224,1559,12.1
4499,New-90ba5a4,1-0,1.0,1716,1224,1559,12.1
4501,New-90ba5a4,1-0,1.0,1717,1224,1559,12.2
4502,Base-8d0ff77,1/2-1/2,0.5,1717,1225,1559,12.2
4500,Base-8d0ff77,1/2-1/2,0.5,1717,1226,1559,12.2
4503,New-90ba5a4,1/2-1/2,0.5,1717,1227,1559,12.2
4505,New-90ba5a4,1-0,1.0,1718,1227,1559,12.3
4504,Base-8d0ff77,1-0,0.0,1718,1227,1560,12.2
4508,Base-8d0ff77,1-0,0.0,1718,1227,1561,12.1
4506,Base-8d0ff77,1/2-1/2,0.5,1718,1228,1561,12.1
4509,New-90ba5a4,1-0,1.0,1719,1228,1561,12.2
4507,New-90ba5a4,1-0,1.0,1720,1228,1561,12.3
4511,New-90ba5a4,0-1,0.0,1720,1228,1562,12.2
4513,New-90ba5a4,1/2-1/2,0.5,1720,1229,1562,12.2
4512,Base-8d0ff77,0-1,1.0,1721,1229,1562,12.2
4510,Base-8d0ff77,1-0,0.0,1721,1229,1563,12.2
4517,New-90ba5a4,1-0,1.0,1722,1229,1563,12.2
4516,Base-8d0ff77,1-0,0.0,1722,1229,1564,12.2
4515,New-90ba5a4,0-1,0.0,1722,1229,1565,12.1
4514,Base-8d0ff77,0-1,1.0,1723,1229,1565,12.2
4519,New-90ba5a4,0-1,0.0,1723,1229,1566,12.1
4518,Base-8d0ff77,1/2-1/2,0.5,1723,1230,1566,12.1
4520,Base-8d0ff77,1/2-1/2,0.5,1723,1231,1566,12.1
4521,New-90ba5a4,1-0,1.0,1724,1231,1566,12.1
4522,Base-8d0ff77,0-1,1.0,1725,1231,1566,12.2
4523,New-90ba5a4,1/2-1/2,0.5,1725,1232,1566,12.2
4527,New-90ba5a4,1-0,1.0,1726,1232,1566,12.3
4524,Base-8d0ff77,1-0,0.0,1726,1232,1567,12.2
4525,New-90ba5a4,0-1,0.0,1726,1232,1568,12.1
4526,Base-8d0ff77,1-0,0.0,1726,1232,1569,12.1
4532,Base-8d0ff77,1/2-1/2,0.5,1726,1233,1569,12.1
4530,Base-8d0ff77,1/2-1/2,0.5,1726,1234,1569,12.0
4528,Base-8d0ff77,0-1,1.0,1727,1234,1569,12.1
4529,New-90ba5a4,1-0,1.0,1728,1234,1569,12.2
4531,New-90ba5a4,0-1,0.0,1728,1234,1570,12.1
4533,New-90ba5a4,1-0,1.0,1729,1234,1570,12.2
4535,New-90ba5a4,1/2-1/2,0.5,1729,1235,1570,12.2
4534,Base-8d0ff77,1-0,0.0,1729,1235,1571,12.1
4537,New-90ba5a4,0-1,0.0,1729,1235,1572,12.0
4536,Base-8d0ff77,1-0,0.0,1729,1235,1573,12.0
4538,Base-8d0ff77,1/2-1/2,0.5,1729,1236,1573,11.9
4539,New-90ba5a4,1-0,1.0,1730,1236,1573,12.0
4540,Base-8d0ff77,1-0,0.0,1730,1236,1574,11.9
4541,New-90ba5a4,1-0,1.0,1731,1236,1574,12.0
4542,Base-8d0ff77,1-0,0.0,1731,1236,1575,11.9
4543,New-90ba5a4,1-0,1.0,1732,1236,1575,12.0
4545,New-90ba5a4,1/2-1/2,0.5,1732,1237,1575,12.0
4547,New-90ba5a4,1/2-1/2,0.5,1732,1238,1575,12.0
4544,Base-8d0ff77,1-0,0.0,1732,1238,1576,11.9
4549,New-90ba5a4,1/2-1/2,0.5,1732,1239,1576,11.9
4548,Base-8d0ff77,0-1,1.0,1733,1239,1576,12.0
4550,Base-8d0ff77,1-0,0.0,1733,1239,1577,11.9
4546,Base-8d0ff77,1/2-1/2,0.5,1733,1240,1577,11.9
4552,Base-8d0ff77,1-0,0.0,1733,1240,1578,11.8
4551,New-90ba5a4,1-0,1.0,1734,1240,1578,11.9
4555,New-90ba5a4,1/2-1/2,0.5,1734,1241,1578,11.9
4557,New-90ba5a4,1-0,1.0,1735,1241,1578,12.0
4554,Base-8d0ff77,0-1,1.0,1736,1241,1578,12.1
4553,New-90ba5a4,1-0,1.0,1737,1241,1578,12.1
4558,Base-8d0ff77,1-0,0.0,1737,1241,1579,12.1
4556,Base-8d0ff77,0-1,1.0,1738,1241,1579,12.1
4561,New-90ba5a4,1-0,1.0,1739,1241,1579,12.2
4559,New-90ba5a4,1-0,1.0,1740,1241,1579,12.3
4562,Base-8d0ff77,1-0,0.0,1740,1241,1580,12.2
4564,Base-8d0ff77,1/2-1/2,0.5,1740,1242,1580,12.2
4560,Base-8d0ff77,1-0,0.0,1740,1242,1581,12.1
4563,New-90ba5a4,1-0,1.0,1741,1242,1581,12.2
4569,New-90ba5a4,1/2-1/2,0.5,1741,1243,1581,12.2
4568,Base-8d0ff77,1/2-1/2,0.5,1741,1244,1581,12.2
4567,New-90ba5a4,1-0,1.0,1742,1244,1581,12.3
4566,Base-8d0ff77,0-1,1.0,1743,1244,1581,12.3
4565,New-90ba5a4,1-0,1.0,1744,1244,1581,12.4
4572,Base-8d0ff77,0-1,1.0,1745,1244,1581,12.5
4570,Base-8d0ff77,1-0,0.0,1745,1244,1582,12.4
4574,Base-8d0ff77,1/2-1/2,0.5,1745,1245,1582,12.4
4573,New-90ba5a4,0-1,0.0,1745,1245,1583,12.3
4571,New-90ba5a4,0-1,0.0,1745,1245,1584,12.2
4575,New-90ba5a4,1-0,1.0,1746,1245,1584,12.3
4578,Base-8d0ff77,0-1,1.0,1747,1245,1584,12.4
4576,Base-8d0ff77,1-0,0.0,1747,1245,1585,12.3
4577,New-90ba5a4,1/2-1/2,0.5,1747,1246,1585,12.3
4581,New-90ba5a4,0-1,0.0,1747,1246,1586,12.2
4580,Base-8d0ff77,1-0,0.0,1747,1246,1587,12.1
4579,New-90ba5a4,1-0,1.0,1748,1246,1587,12.2
4583,New-90ba5a4,1/2-1/2,0.5,1748,1247,1587,12.2
4582,Base-8d0ff77,1-0,0.0,1748,1247,1588,12.1
4585,New-90ba5a4,0-1,0.0,1748,1247,1589,12.1
4586,Base-8d0ff77,0-1,1.0,1749,1247,1589,12.1
4584,Base-8d0ff77,0-1,1.0,1750,1247,1589,12.2
4590,Base-8d0ff77,1/2-1/2,0.5,1750,1248,1589,12.2
4589,New-90ba5a4,1-0,1.0,1751,1248,1589,12.3
4588,Base-8d0ff77,1-0,0.0,1751,1248,1590,12.2
4587,New-90ba5a4,1/2-1/2,0.5,1751,1249,1590,12.2
4592,Base-8d0ff77,0-1,1.0,1752,1249,1590,12.3
4591,New-90ba5a4,1/2-1/2,0.5,1752,1250,1590,12.3
4594,Base-8d0ff77,1-0,0.0,1752,1250,1591,12.2
4593,New-90ba5a4,1/2-1/2,0.5,1752,1251,1591,12.2
4596,Base-8d0ff77,1/2-1/2,0.5,1752,1252,1591,12.2
4595,New-90ba5a4,1-0,1.0,1753,1252,1591,12.3
4598,Base-8d0ff77,1-0,0.0,1753,1252,1592,12.2
4597,New-90ba5a4,0-1,0.0,1753,1252,1593,12.1
4599,New-90ba5a4,1/2-1/2,0.5,1753,1253,1593,12.1
4600,Base-8d0ff77,1/2-1/2,0.5,1753,1254,1593,12.1
4602,Base-8d0ff77,1-0,0.0,1753,1254,1594,12.0
4601,New-90ba5a4,1-0,1.0,1754,1254,1594,12.1
4603,New-90ba5a4,1-0,1.0,1755,1254,1594,12.2
4604,Base-8d0ff77,0-1,1.0,1756,1254,1594,12.2
4605,New-90ba5a4,0-1,0.0,1756,1254,1595,12.2
4606,Base-8d0ff77,1-0,0.0,1756,1254,1596,12.1
4607,New-90ba5a4,1/2-1/2,0.5,1756,1255,1596,12.1
4608,Base-8d0ff77,1/2-1/2,0.5,1756,1256,1596,12.1
4610,Base-8d0ff77,1/2-1/2,0.5,1756,1257,1596,12.1
4611,New-90ba5a4,1/2-1/2,0.5,1756,1258,1596,12.1
4609,New-90ba5a4,0-1,0.0,1756,1258,1597,12.0
4613,New-90ba5a4,0-1,0.0,1756,1258,1598,11.9
4612,Base-8d0ff77,1-0,0.0,1756,1258,1599,11.8
4615,New-90ba5a4,1-0,1.0,1757,1258,1599,11.9
4614,Base-8d0ff77,1/2-1/2,0.5,1757,1259,1599,11.9
4617,New-90ba5a4,1/2-1/2,0.5,1757,1260,1599,11.9
4616,Base-8d0ff77,1-0,0.0,1757,1260,1600,11.8
4619,New-90ba5a4,1-0,1.0,1758,1260,1600,11.9
4620,Base-8d0ff77,1-0,0.0,1758,1260,1601,11.8
4618,Base-8d0ff77,0-1,1.0,1759,1260,1601,11.9
4624,Base-8d0ff77,1-0,0.0,1759,1260,1602,11.8
4621,New-90ba5a4,1/2-1/2,0.5,1759,1261,1602,11.8
4623,New-90ba5a4,0-1,0.0,1759,1261,1603,11.7
4625,New-90ba5a4,0-1,0.0,1759,1261,1604,11.7
4622,Base-8d0ff77,1-0,0.0,1759,1261,1605,11.6
4627,New-90ba5a4,0-1,0.0,1759,1261,1606,11.5
4626,Base-8d0ff77,1-0,0.0,1759,1261,1607,11.4
4628,Base-8d0ff77,0-1,1.0,1760,1261,1607,11.5
4629,New-90ba5a4,1-0,1.0,1761,1261,1607,11.6
4630,Base-8d0ff77,1-0,0.0,1761,1261,1608,11.5
4631,New-90ba5a4,0-1,0.0,1761,1261,1609,11.4
4635,New-90ba5a4,0-1,0.0,1761,1261,1610,11.3
4633,New-90ba5a4,1/2-1/2,0.5,1761,1262,1610,11.3
4632,Base-8d0ff77,1/2-1/2,0.5,1761,1263,1610,11.3
4636,Base-8d0ff77,1-0,0.0,1761,1263,1611,11.2
4634,Base-8d0ff77,1-0,0.0,1761,1263,1612,11.2
4637,New-90ba5a4,0-1,0.0,1761,1263,1613,11.1
4638,Base-8d0ff77,0-1,1.0,1762,1263,1613,11.2
4641,New-90ba5a4,0-1,0.0,1762,1263,1614,11.1
4642,Base-8d0ff77,0-1,1.0,1763,1263,1614,11.2
4639,New-90ba5a4,0-1,0.0,1763,1263,1615,11.1
4643,New-90ba5a4,1-0,1.0,1764,1263,1615,11.2
4640,Base-8d0ff77,0-1,1.0,1765,1263,1615,11.2
4644,Base-8d0ff77,1/2-1/2,0.5,1765,1264,1615,11.2
4649,New-90ba5a4,1/2-1/2,0.5,1765,1265,1615,11.2
4646,Base-8d0ff77,1/2-1/2,0.5,1765,1266,1615,11.2
4645,New-90ba5a4,1/2-1/2,0.5,1765,1267,1615,11.2
4647,New-90ba5a4,1-0,1.0,1766,1267,1615,11.3
4648,Base-8d0ff77,0-1,1.0,1767,1267,1615,11.4
4651,New-90ba5a4,1/2-1/2,0.5,1767,1268,1615,11.4
4652,Base-8d0ff77,1-0,0.0,1767,1268,1616,11.3
4653,New-90ba5a4,1-0,1.0,1768,1268,1616,11.4
4650,Base-8d0ff77,1-0,0.0,1768,1268,1617,11.3
4654,Base-8d0ff77,1-0,0.0,1768,1268,1618,11.2
4655,New-90ba5a4,0-1,0.0,1768,1268,1619,11.1
4656,Base-8d0ff77,0-1,1.0,1769,1268,1619,11.2
4658,Base-8d0ff77,0-1,1.0,1770,1268,1619,11.3
4657,New-90ba5a4,0-1,0.0,1770,1268,1620,11.2
4661,New-90ba5a4,1/2-1/2,0.5,1770,1269,1620,11.2
4660,Base-8d0ff77,0-1,1.0,1771,1269,1620,11.3
4664,Base-8d0ff77,0-1,1.0,1772,1269,1620,11.3
4659,New-90ba5a4,0-1,0.0,1772,1269,1621,11.3
4665,New-90ba5a4,1/2-1/2,0.5,1772,1270,1621,11.3
4662,Base-8d0ff77,1-0,0.0,1772,1270,1622,11.2
4663,New-90ba5a4,0-1,0.0,1772,1270,1623,11.1
4666,Base-8d0ff77,0-1,1.0,1773,1270,1623,11.2
4670,Base-8d0ff77,1/2-1/2,0.5,1773,1271,1623,11.2
4667,New-90ba5a4,0-1,0.0,1773,1271,1624,11.1
4668,Base-8d0ff77,1/2-1/2,0.5,1773,1272,1624,11.1
4671,New-90ba5a4,1-0,1.0,1774,1272,1624,11.2
4669,New-90ba5a4,1-0,1.0,1775,1272,1624,11.2
4672,Base-8d0ff77,1-0,0.0,1775,1272,1625,11.2
4673,New-90ba5a4,0-1,0.0,1775,1272,1626,11.1
4674,Base-8d0ff77,0-1,1.0,1776,1272,1626,11.2
4676,Base-8d0ff77,1/2-1/2,0.5,1776,1273,1626,11.2
4678,Base-8d0ff77,1-0,0.0,1776,1273,1627,11.1
4675,New-90ba5a4,1/2-1/2,0.5,1776,1274,1627,11.1
4677,New-90ba5a4,1-0,1.0,1777,1274,1627,11.1
4681,New-90ba5a4,1-0,1.0,1778,1274,1627,11.2
4682,Base-8d0ff77,1/2-1/2,0.5,1778,1275,1627,11.2
4680,Base-8d0ff77,0-1,1.0,1779,1275,1627,11.3
4679,New-90ba5a4,1/2-1/2,0.5,1779,1276,1627,11.3
4686,Base-8d0ff77,0-1,1.0,1780,1276,1627,11.4
4683,New-90ba5a4,1/2-1/2,0.5,1780,1277,1627,11.4
4684,Base-8d0ff77,0-1,1.0,1781,1277,1627,11.4
4685,New-90ba5a4,0-1,0.0,1781,1277,1628,11.3
4688,Base-8d0ff77,1/2-1/2,0.5,1781,1278,1628,11.3
4687,New-90ba5a4,1-0,1.0,1782,1278,1628,11.4
4689,New-90ba5a4,1-0,1.0,1783,1278,1628,11.5
4693,New-90ba5a4,0-1,0.0,1783,1278,1629,11.4
4690,Base-8d0ff77,0-1,1.0,1784,1278,1629,11.5
4696,Base-8d0ff77,1-0,0.0,1784,1278,1630,11.4
4691,New-90ba5a4,1-0,1.0,1785,1278,1630,11.5
4694,Base-8d0ff77,1-0,0.0,1785,1278,1631,11.4
4695,New-90ba5a4,0-1,0.0,1785,1278,1632,11.3
4692,Base-8d0ff77,1/2-1/2,0.5,1785,1279,1632,11.3
4698,Base-8d0ff77,0-1,1.0,1786,1279,1632,11.4
4701,New-90ba5a4,1-0,1.0,1787,1279,1632,11.5
4697,New-90ba5a4,0-1,0.0,1787,1279,1633,11.4
4704,Base-8d0ff77,1/2-1/2,0.5,1787,1280,1633,11.4
4699,New-90ba5a4,1-0,1.0,1788,1280,1633,11.5
4702,Base-8d0ff77,0-1,1.0,1789,1280,1633,11.5
4700,Base-8d0ff77,1/2-1/2,0.5,1789,1281,1633,11.5
4703,New-90ba5a4,0-1,0.0,1789,1281,1634,11.5
4705,New-90ba5a4,1/2-1/2,0.5,1789,1282,1634,11.4
4707,New-90ba5a4,1-0,1.0,1790,1282,1634,11.5
4708,Base-8d0ff77,1/2-1/2,0.5,1790,1283,1634,11.5
4706,Base-8d0ff77,1/2-1/2,0.5,1790,1284,1634,11.5
4709,New-90ba5a4,1-0,1.0,1791,1284,1634,11.6
4710,Base-8d0ff77,0-1,1.0,1792,1284,1634,11.7
4713,New-90ba5a4,1/2-1/2,0.5,1792,1285,1634,11.7
4711,New-90ba5a4,1-0,1.0,1793,1285,1634,11.7
4712,Base-8d0ff77,1-0,0.0,1793,1285,1635,11.7
4716,Base-8d0ff77,1/2-1/2,0.5,1793,1286,1635,11.6
4717,New-90ba5a4,0-1,0.0,1793,1286,1636,11.6
4720,Base-8d0ff77,1/2-1/2,0.5,1793,1287,1636,11.6
4714,Base-8d0ff77,0-1,1.0,1794,1287,1636,11.6
4718,Base-8d0ff77,1-0,0.0,1794,1287,1637,11.6
4715,New-90ba5a4,1/2-1/2,0.5,1794,1288,1637,11.6
4719,New-90ba5a4,0-1,0.0,1794,1288,1638,11.5
4723,New-90ba5a4,0-1,0.0,1794,1288,1639,11.4
4721,New-90ba5a4,1/2-1/2,0.5,1794,1289,1639,11.4
4724,Base-8d0ff77,1-0,0.0,1794,1289,1640,11.3
4727,New-90ba5a4,0-1,0.0,1794,1289,1641,11.3
4725,New-90ba5a4,1-0,1.0,1795,1289,1641,11.3
4726,Base-8d0ff77,0-1,1.0,1796,1289,1641,11.4
4722,Base-8d0ff77,1/2-1/2,0.5,1796,1290,1641,11.4
4732,Base-8d0ff77,1/2-1/2,0.5,1796,1291,1641,11.4
4728,Base-8d0ff77,1-0,0.0,1796,1291,1642,11.3
4729,New-90ba5a4,1/2-1/2,0.5,1796,1292,1642,11.3
4730,Base-8d0ff77,1/2-1/2,0.5,1796,1293,1642,11.3
4731,New-90ba5a4,0-1,0.0,1796,1293,1643,11.2
4733,New-90ba5a4,1/2-1/2,0.5,1796,1294,1643,11.2
4735,New-90ba5a4,1-0,1.0,1797,1294,1643,11.3
4736,Base-8d0ff77,1/2-1/2,0.5,1797,1295,1643,11.3
4734,Base-8d0ff77,1-0,0.0,1797,1295,1644,11.2
4737,New-90ba5a4,1-0,1.0,1798,1295,1644,11.3
4740,Base-8d0ff77,0-1,1.0,1799,1295,1644,11.4
4744,Base-8d0ff77,1-0,0.0,1799,1295,1645,11.3
4738,Base-8d0ff77,0-1,1.0,1800,1295,1645,11.4
4743,New-90ba5a4,0-1,0.0,1800,1295,1646,11.3
4739,New-90ba5a4,1-0,1.0,1801,1295,1646,11.4
4742,Base-8d0ff77,1/2-1/2,0.5,1801,1296,1646,11.4
4745,New-90ba5a4,1/2-1/2,0.5,1801,1297,1646,11.4
4741,New-90ba5a4,1/2-1/2,0.5,1801,1298,1646,11.4
4746,Base-8d0ff77,1-0,0.0,1801,1298,1647,11.3
4747,New-90ba5a4,0-1,0.0,1801,1298,1648,11.2
4748,Base-8d0ff77,1-0,0.0,1801,1298,1649,11.1
4750,Base-8d0ff77,1/2-1/2,0.5,1801,1299,1649,11.1
4753,New-90ba5a4,1/2-1/2,0.5,1801,1300,1649,11.1
4754,Base-8d0ff77,0-1,1.0,1802,1300,1649,11.2
4749,New-90ba5a4,1-0,1.0,1803,1300,1649,11.3
4752,Base-8d0ff77,0-1,1.0,1804,1300,1649,11.3
4751,New-90ba5a4,1-0,1.0,1805,1300,1649,11.4
4756,Base-8d0ff77,1-0,0.0,1805,1300,1650,11.3
4755,New-90ba5a4,0-1,0.0,1805,1300,1651,11.3
4757,New-90ba5a4,1-0,1.0,1806,1300,1651,11.3
4758,Base-8d0ff77,0-1,1.0,1807,1300,1651,11.4
4760,Base-8d0ff77,1/2-1/2,0.5,1807,1301,1651,11.4
4759,New-90ba5a4,0-1,0.0,1807,1301,1652,11.3
4761,New-90ba5a4,0-1,0.0,1807,1301,1653,11.2
4763,New-90ba5a4,1-0,1.0,1808,1301,1653,11.3
4762,Base-8d0ff77,1-0,0.0,1808,1301,1654,11.2
4766,Base-8d0ff77,0-1,1.0,1809,1301,1654,11.3
4764,Base-8d0ff77,1/2-1/2,0.5,1809,1302,1654,11.3
4768,Base-8d0ff77,1-0,0.0,1809,1302,1655,11.2
4765,New-90ba5a4,1-0,1.0,1810,1302,1655,11.3
4767,New-90ba5a4,1/2-1/2,0.5,1810,1303,1655,11.3
4769,New-90ba5a4,1-0,1.0,1811,1303,1655,11.4
4771,New-90ba5a4,0-1,0.0,1811,1303,1656,11.3
4770,Base-8d0ff77,1-0,0.0,1811,1303,1657,11.2
4776,Base-8d0ff77,1/2-1/2,0.5,1811,1304,1657,11.2
4774,Base-8d0ff77,1/2-1/2,0.5,1811,1305,1657,11.2
4772,Base-8d0ff77,1/2-1/2,0.5,1811,1306,1657,11.2
4773,New-90ba5a4,1-0,1.0,1812,1306,1657,11.3
4780,Base-8d0ff77,1/2-1/2,0.5,1812,1307,1657,11.3
4775,New-90ba5a4,1/2-1/2,0.5,1812,1308,1657,11.3
4781,New-90ba5a4,1/2-1/2,0.5,1812,1309,1657,11.3
4777,New-90ba5a4,1-0,1.0,1813,1309,1657,11.3
4779,New-90ba5a4,1-0,1.0,1814,1309,1657,11.4
4778,Base-8d0ff77,1/2-1/2,0.5,1814,1310,1657,11.4
4782,Base-8d0ff77,1-0,0.0,1814,1310,1658,11.3
4784,Base-8d0ff77,0-1,1.0,1815,1310,1658,11.4
4783,New-90ba5a4,0-1,0.0,1815,1310,1659,11.3
4785,New-90ba5a4,1-0,1.0,1816,1310,1659,11.4
4787,New-90ba5a4,0-1,0.0,1816,1310,1660,11.3
4786,Base-8d0ff77,1-0,0.0,1816,1310,1661,11.3
4789,New-90ba5a4,0-1,0.0,1816,1310,1662,11.2
4788,Base-8d0ff77,0-1,1.0,1817,1310,1662,11.2
4790,Base-8d0ff77,1/2-1/2,0.5,1817,1311,1662,11.2
4795,New-90ba5a4,0-1,0.0,1817,1311,1663,11.2
4791,New-90ba5a4,1/2-1/2,0.5,1817,1312,1663,11.2
4794,Base-8d0ff77,1-0,0.0,1817,1312,1664,11.1
4796,Base-8d0ff77,1-0,0.0,1817,1312,1665,11.0
4793,New-90ba5a4,1/2-1/2,0.5,1817,1313,1665,11.0
4792,Base-8d0ff77,1/2-1/2,0.5,1817,1314,1665,11.0
4797,New-90ba5a4,1-0,1.0,1818,1314,1665,11.1
4801,New-90ba5a4,0-1,0.0,1818,1314,1666,11.0
4800,Base-8d0ff77,0-1,1.0,1819,1314,1666,11.1
4803,New-90ba5a4,0-1,0.0,1819,1314,1667,11.0
4799,New-90ba5a4,0-1,0.0,1819,1314,1668,10.9
4798,Base-8d0ff77,1-0,0.0,1819,1314,1669,10.9
4805,New-90ba5a4,0-1,0.0,1819,1314,1670,10.8
4804,Base-8d0ff77,0-1,1.0,1820,1314,1670,10.9
4802,Base-8d0ff77,1/2-1/2,0.5,1820,1315,1670,10.8
4806,Base-8d0ff77,1-0,0.0,1820,1315,1671,10.8
4809,New-90ba5a4,0-1,0.0,1820,1315,1672,10.7
4811,New-90ba5a4,0-1,0.0,1820,1315,1673,10.6
4807,New-90ba5a4,0-1,0.0,1820,1315,1674,10.6
4808,Base-8d0ff77,0-1,1.0,1821,1315,1674,10.6
4810,Base-8d0ff77,1-0,0.0,1821,1315,1675,10.5
4812,Base-8d0ff77,0-1,1.0,1822,1315,1675,10.6
4815,New-90ba5a4,0-1,0.0,1822,1315,1676,10.5
4813,New-90ba5a4,1/2-1/2,0.5,1822,1316,1676,10.5
4818,Base-8d0ff77,0-1,1.0,1823,1316,1676,10.6
4819,New-90ba5a4,1-0,1.0,1824,1316,1676,10.7
4814,Base-8d0ff77,1-0,0.0,1824,1316,1677,10.6
4816,Base-8d0ff77,0-1,1.0,1825,1316,1677,10.7
4817,New-90ba5a4,0-1,0.0,1825,1316,1678,10.6
4820,Base-8d0ff77,1/2-1/2,0.5,1825,1317,1678,10.6
4824,Base-8d0ff77,1-0,0.0,1825,1317,1679,10.5
4821,New-90ba5a4,0-1,0.0,1825,1317,1680,10.5
4822,Base-8d0ff77,1/2-1/2,0.5,1825,1318,1680,10.4
4825,New-90ba5a4,1-0,1.0,1826,1318,1680,10.5
4827,New-90ba5a4,1-0,1.0,1827,1318,1680,10.6
4823,New-90ba5a4,0-1,0.0,1827,1318,1681,10.5
4828,Base-8d0ff77,1-0,0.0,1827,1318,1682,10.4
4826,Base-8d0ff77,1/2-1/2,0.5,1827,1319,1682,10.4
4829,New-90ba5a4,0-1,0.0,1827,1319,1683,10.4
4831,New-90ba5a4,1/2-1/2,0.5,1827,1320,1683,10.4
4830,Base-8d0ff77,1-0,0.0,1827,1320,1684,10.3
4833,New-90ba5a4,1-0,1.0,1828,1320,1684,10.4
4832,Base-8d0ff77,0-1,1.0,1829,1320,1684,10.4
4834,Base-8d0ff77,0-1,1.0,1830,1320,1684,10.5
4835,New-90ba5a4,0-1,0.0,1830,1320,1685,10.4
4836,Base-8d0ff77,1-0,0.0,1830,1320,1686,10.3
4837,New-90ba5a4,1-0,1.0,1831,1320,1686,10.4
4842,Base-8d0ff77,1/2-1/2,0.5,1831,1321,1686,10.4
4838,Base-8d0ff77,0-1,1.0,1832,1321,1686,10.5
4840,Base-8d0ff77,0-1,1.0,1833,1321,1686,10.6
4841,New-90ba5a4,1/2-1/2,0.5,1833,1322,1686,10.6
4839,New-90ba5a4,0-1,0.0,1833,1322,1687,10.5
4844,Base-8d0ff77,1/2-1/2,0.5,1833,1323,1687,10.5
4843,New-90ba5a4,1-0,1.0,1834,1323,1687,10.5
4848,Base-8d0ff77,1/2-1/2,0.5,1834,1324,1687,10.5
4845,New-90ba5a4,1-0,1.0,1835,1324,1687,10.6
4846,Base-8d0ff77,1/2-1/2,0.5,1835,1325,1687,10.6
4850,Base-8d0ff77,1/2-1/2,0.5,1835,1326,1687,10.6
4847,New-90ba5a4,0-1,0.0,1835,1326,1688,10.5
4849,New-90ba5a4,1-0,1.0,1836,1326,1688,10.6
4851,New-90ba5a4,0-1,0.0,1836,1326,1689,10.5
4855,New-90ba5a4,0-1,0.0,1836,1326,1690,10.5
4852,Base-8d0ff77,0-1,1.0,1837,1326,1690,10.5
4854,Base-8d0ff77,1-0,0.0,1837,1326,1691,10.5
4853,New-90ba5a4,0-1,0.0,1837,1326,1692,10.4
4856,Base-8d0ff77,0-1,1.0,1838,1326,1692,10.4
4857,New-90ba5a4,1-0,1.0,1839,1326,1692,10.5
4858,Base-8d0ff77,0-1,1.0,1840,1326,1692,10.6
4859,New-90ba5a4,1/2-1/2,0.5,1840,1327,1692,10.6
4860,Base-8d0ff77,0-1,1.0,1841,1327,1692,10.7
4861,New-90ba5a4,0-1,0.0,1841,1327,1693,10.6
4863,New-90ba5a4,0-1,0.0,1841,1327,1694,10.5
4862,Base-8d0ff77,1-0,0.0,1841,1327,1695,10.4
4864,Base-8d0ff77,1-0,0.0,1841,1327,1696,10.4
4865,New-90ba5a4,1-0,1.0,1842,1327,1696,10.4
4867,New-90ba5a4,1-0,1.0,1843,1327,1696,10.5
4866,Base-8d0ff77,0-1,1.0,1844,1327,1696,10.6
4869,New-90ba5a4,1/2-1/2,0.5,1844,1328,1696,10.6
4874,Base-8d0ff77,0-1,1.0,1845,1328,1696,10.6
4868,Base-8d0ff77,1/2-1/2,0.5,1845,1329,1696,10.6
4870,Base-8d0ff77,1/2-1/2,0.5,1845,1330,1696,10.6
4873,New-90ba5a4,1-0,1.0,1846,1330,1696,10.7
4875,New-90ba5a4,0-1,0.0,1846,1330,1697,10.6
4872,Base-8d0ff77,1-0,0.0,1846,1330,1698,10.6
4871,New-90ba5a4,1/2-1/2,0.5,1846,1331,1698,10.6
4876,Base-8d0ff77,1-0,0.0,1846,1331,1699,10.5
4877,New-90ba5a4,1/2-1/2,0.5,1846,1332,1699,10.5
4878,Base-8d0ff77,1-0,0.0,1846,1332,1700,10.4
4879,New-90ba5a4,1/2-1/2,0.5,1846,1333,1700,10.4
4882,Base-8d0ff77,1/2-1/2,0.5,1846,1334,1700,10.4
4881,New-90ba5a4,1-0,1.0,1847,1334,1700,10.5
4884,Base-8d0ff77,0-1,1.0,1848,1334,1700,10.5
4883,New-90ba5a4,1-0,1.0,1849,1334,1700,10.6
4880,Base-8d0ff77,1-0,0.0,1849,1334,1701,10.5
4885,New-90ba5a4,1-0,1.0,1850,1334,1701,10.6
4886,Base-8d0ff77,0-1,1.0,1851,1334,1701,10.7
4888,Base-8d0ff77,0-1,1.0,1852,1334,1701,10.7
4889,New-90ba5a4,0-1,0.0,1852,1334,1702,10.7
4887,New-90ba5a4,1/2-1/2,0.5,1852,1335,1702,10.7
4891,New-90ba5a4,0-1,0.0,1852,1335,1703,10.6
4890,Base-8d0ff77,1-0,0.0,1852,1335,1704,10.5
4894,Base-8d0ff77,1-0,0.0,1852,1335,1705,10.4
4892,Base-8d0ff77,1-0,0.0,1852,1335,1706,10.4
4893,New-90ba5a4,1/2-1/2,0.5,1852,1336,1706,10.4
4897,New-90ba5a4,0-1,0.0,1852,1336,1707,10.3
4898,Base-8d0ff77,1/2-1/2,0.5,1852,1337,1707,10.3
4895,New-90ba5a4,1-0,1.0,1853,1337,1707,10.4
4899,New-90ba5a4,1/2-1/2,0.5,1853,1338,1707,10.4
4896,Base-8d0ff77,0-1,1.0,1854,1338,1707,10.4
4900,Base-8d0ff77,1/2-1/2,0.5,1854,1339,1707,10.4
4901,New-90ba5a4,0-1,0.0,1854,1339,1708,10.4
4903,New-90ba5a4,0-1,0.0,1854,1339,1709,10.3
4902,Base-8d0ff77,0-1,1.0,1855,1339,1709,10.3
4906,Base-8d0ff77,1/2-1/2,0.5,1855,1340,1709,10.3
4907,New-90ba5a4,1/2-1/2,0.5,1855,1341,1709,10.3
4905,New-90ba5a4,0-1,0.0,1855,1341,1710,10.3
4904,Base-8d0ff77,1-0,0.0,1855,1341,1711,10.2
4909,New-90ba5a4,1/2-1/2,0.5,1855,1342,1711,10.2
4908,Base-8d0ff77,0-1,1.0,1856,1342,1711,10.3
4910,Base-8d0ff77,0-1,1.0,1857,1342,1711,10.3
4911,New-90ba5a4,0-1,0.0,1857,1342,1712,10.3
4912,Base-8d0ff77,0-1,1.0,1858,1342,1712,10.3
4915,New-90ba5a4,1/2-1/2,0.5,1858,1343,1712,10.3
4913,New-90ba5a4,1-0,1.0,1859,1343,1712,10.4
4916,Base-8d0ff77,1-0,0.0,1859,1343,1713,10.3
4917,New-90ba5a4,1-0,1.0,1860,1343,1713,10.4
4914,Base-8d0ff77,1/2-1/2,0.5,1860,1344,1713,10.4
4918,Base-8d0ff77,1-0,0.0,1860,1344,1714,10.3
4919,New-90ba5a4,1/2-1/2,0.5,1860,1345,1714,10.3
4923,New-90ba5a4,1/2-1/2,0.5,1860,1346,1714,10.3
4920,Base-8d0ff77,0-1,1.0,1861,1346,1714,10.4
4925,New-90ba5a4,1/2-1/2,0.5,1861,1347,1714,10.4
4922,Base-8d0ff77,0-1,1.0,1862,1347,1714,10.4
4924,Base-8d0ff77,0-1,1.0,1863,1347,1714,10.5
4921,New-90ba5a4,1-0,1.0,1864,1347,1714,10.6
4926,Base-8d0ff77,1-0,0.0,1864,1347,1715,10.5
4930,Base-8d0ff77,1/2-1/2,0.5,1864,1348,1715,10.5
4927,New-90ba5a4,1/2-1/2,0.5,1864,1349,1715,10.5
4928,Base-8d0ff77,1-0,0.0,1864,1349,1716,10.4
4931,New-90ba5a4,1-0,1.0,1865,1349,1716,10.5
4929,New-90ba5a4,1/2-1/2,0.5,1865,1350,1716,10.5
4932,Base-8d0ff77,1-0,0.0,1865,1350,1717,10.4
4933,New-90ba5a4,1/2-1/2,0.5,1865,1351,1717,10.4
4934,Base-8d0ff77,0-1,1.0,1866,1351,1717,10.5
4936,Base-8d0ff77,0-1,1.0,1867,1351,1717,10.6
4935,New-90ba5a4,0-1,0.0,1867,1351,1718,10.5
4938,Base-8d0ff77,0-1,1.0,1868,1351,1718,10.6
4937,New-90ba5a4,1-0,1.0,1869,1351,1718,10.6
4939,New-90ba5a4,1-0,1.0,1870,1351,1718,10.7
4940,Base-8d0ff77,1/2-1/2,0.5,1870,1352,1718,10.7
4941,New-90ba5a4,1-0,1.0,1871,1352,1718,10.8
4942,Base-8d0ff77,0-1,1.0,1872,1352,1718,10.8
4943,New-90ba5a4,0-1,0.0,1872,1352,1719,10.8
4946,Base-8d0ff77,1-0,0.0,1872,1352,1720,10.7
4944,Base-8d0ff77,1-0,0.0,1872,1352,1721,10.6
4945,New-90ba5a4,1-0,1.0,1873,1352,1721,10.7
4947,New-90ba5a4,1-0,1.0,1874,1352,1721,10.7
4948,Base-8d0ff77,1-0,0.0,1874,1352,1722,10.7
4951,New-90ba5a4,0-1,0.0,1874,1352,1723,10.6
4949,New-90ba5a4,1-0,1.0,1875,1352,1723,10.7
4950,Base-8d0ff77,1-0,0.0,1875,1352,1724,10.6
4952,Base-8d0ff77,1/2-1/2,0.5,1875,1353,1724,10.6
4953,New-90ba5a4,1-0,1.0,1876,1353,1724,10.7
4954,Base-8d0ff77,0-1,1.0,1877,1353,1724,10.7
4958,Base-8d0ff77,1-0,0.0,1877,1353,1725,10.7
4956,Base-8d0ff77,0-1,1.0,1878,1353,1725,10.7
4959,New-90ba5a4,1/2-1/2,0.5,1878,1354,1725,10.7
4955,New-90ba5a4,1-0,1.0,1879,1354,1725,10.8
4957,New-90ba5a4,0-1,0.0,1879,1354,1726,10.7
4960,Base-8d0ff77,1/2-1/2,0.5,1879,1355,1726,10.7
4961,New-90ba5a4,1/2-1/2,0.5,1879,1356,1726,10.7
4962,Base-8d0ff77,1/2-1/2,0.5,1879,1357,1726,10.7
4964,Base-8d0ff77,0-1,1.0,1880,1357,1726,10.8
4965,New-90ba5a4,0-1,0.0,1880,1357,1727,10.7
4963,New-90ba5a4,1-0,1.0,1881,1357,1727,10.8
4966,Base-8d0ff77,0-1,1.0,1882,1357,1727,10.8
4967,New-90ba5a4,1/2-1/2,0.5,1882,1358,1727,10.8
4970,Base-8d0ff77,1-0,0.0,1882,1358,1728,10.8
4968,Base-8d0ff77,1-0,0.0,1882,1358,1729,10.7
4969,New-90ba5a4,1-0,1.0,1883,1358,1729,10.8
4975,New-90ba5a4,0-1,0.0,1883,1358,1730,10.7
4972,Base-8d0ff77,0-1,1.0,1884,1358,1730,10.8
4971,New-90ba5a4,1-0,1.0,1885,1358,1730,10.8
4974,Base-8d0ff77,1/2-1/2,0.5,1885,1359,1730,10.8
4976,Base-8d0ff77,0-1,1.0,1886,1359,1730,10.9
4973,New-90ba5a4,1-0,1.0,1887,1359,1730,11.0
4978,Base-8d0ff77,0-1,1.0,1888,1359,1730,11.0
4977,New-90ba5a4,0-1,0.0,1888,1359,1731,11.0
4986,Base-8d0ff77,1/2-1/2,0.5,1888,1360,1731,11.0
4979,New-90ba5a4,0-1,0.0,1888,1360,1732,10.9
4982,Base-8d0ff77,1-0,0.0,1888,1360,1733,10.8
4980,Base-8d0ff77,0-1,1.0,1889,1360,1733,10.9
4981,New-90ba5a4,0-1,0.0,1889,1360,1734,10.8
4984,Base-8d0ff77,1-0,0.0,1889,1360,1735,10.7
4985,New-90ba5a4,1-0,1.0,1890,1360,1735,10.8
4983,New-90ba5a4,1/2-1/2,0.5,1890,1361,1735,10.8
4991,New-90ba5a4,1/2-1/2,0.5,1890,1362,1735,10.8
4990,Base-8d0ff77,0-1,1.0,1891,1362,1735,10.9
4987,New-90ba5a4,1-0,1.0,1892,1362,1735,10.9
4989,New-90ba5a4,1/2-1/2,0.5,1892,1363,1735,10.9
4988,Base-8d0ff77,0-1,1.0,1893,1363,1735,11.0
4992,Base-8d0ff77,1-0,0.0,1893,1363,1736,10.9
4994,Base-8d0ff77,1-0,0.0,1893,1363,1737,10.9
4993,New-90ba5a4,1-0,1.0,1894,1363,1737,10.9
4995,New-90ba5a4,1-0,1.0,1895,1363,1737,11.0
4997,New-90ba5a4,1-0,1.0,1896,1363,1737,11.1
5003,New-90ba5a4,1/2-1/2,0.5,1896,1364,1737,11.1
4996,Base-8d0ff77,1/2-1/2,0.5,1896,1365,1737,11.1
4998,Base-8d0ff77,1-0,0.0,1896,1365,1738,11.0
5000,Base-8d0ff77,0-1,1.0,1897,1365,1738,11.1
4999,New-90ba5a4,0-1,0.0,1897,1365,1739,11.0
5002,Base-8d0ff77,0-1,1.0,1898,1365,1739,11.0
5001,New-90ba5a4,0-1,0.0,1898,1365,1740,11.0
5004,Base-8d0ff77,1-0,0.0,1898,1365,1741,10.9
5006,Base-8d0ff77,1-0,0.0,1898,1365,1742,10.8
5005,New-90ba5a4,1/2-1/2,0.5,1898,1366,1742,10.8
5008,Base-8d0ff77,0-1,1.0,1899,1366,1742,10.9
5009,New-90ba5a4,0-1,0.0,1899,1366,1743,10.8
5010,Base-8d0ff77,1-0,0.0,1899,1366,1744,10.8
5007,New-90ba5a4,1/2-1/2,0.5,1899,1367,1744,10.8
5012,Base-8d0ff77,1/2-1/2,0.5,1899,1368,1744,10.8
5014,Base-8d0ff77,1-0,0.0,1899,1368,1745,10.7
5013,New-90ba5a4,1/2-1/2,0.5,1899,1369,1745,10.7
5011,New-90ba5a4,1-0,1.0,1900,1369,1745,10.7
5016,Base-8d0ff77,1/2-1/2,0.5,1900,1370,1745,10.7
5017,New-90ba5a4,0-1,0.0,1900,1370,1746,10.7
5019,New-90ba5a4,1-0,1.0,1901,1370,1746,10.7
5018,Base-8d0ff77,0-1,1.0,1902,1370,1746,10.8
5015,New-90ba5a4,1/2-1/2,0.5,1902,1371,1746,10.8
5022,Base-8d0ff77,0-1,1.0,1903,1371,1746,10.9
5020,Base-8d0ff77,1-0,0.0,1903,1371,1747,10.8
5023,New-90ba5a4,0-1,0.0,1903,1371,1748,10.7
5021,New-90ba5a4,1-0,1.0,1904,1371,1748,10.8
5025,New-90ba5a4,1/2-1/2,0.5,1904,1372,1748,10.8
5024,Base-8d0ff77,1-0,0.0,1904,1372,1749,10.7
5027,New-90ba5a4,1-0,1.0,1905,1372,1749,10.8
5026,Base-8d0ff77,1/2-1/2,0.5,1905,1373,1749,10.8
5029,New-90ba5a4,1-0,1.0,1906,1373,1749,10.9
5033,New-90ba5a4,1/2-1/2,0.5,1906,1374,1749,10.9
5028,Base-8d0ff77,0-1,1.0,1907,1374,1749,10.9
5032,Base-8d0ff77,1-0,0.0,1907,1374,1750,10.8
5031,New-90ba5a4,0-1,0.0,1907,1374,1751,10.8
5030,Base-8d0ff77,1/2-1/2,0.5,1907,1375,1751,10.8
5035,New-90ba5a4,0-1,0.0,1907,1375,1752,10.7
5034,Base-8d0ff77,0-1,1.0,1908,1375,1752,10.8
5040,Base-8d0ff77,1-0,0.0,1908,1375,1753,10.7
5038,Base-8d0ff77,1-0,0.0,1908,1375,1754,10.6
5039,New-90ba5a4,0-1,0.0,1908,1375,1755,10.6
5037,New-90ba5a4,1/2-1/2,0.5,1908,1376,1755,10.6
5041,New-90ba5a4,0-1,0.0,1908,1376,1756,10.5
5036,Base-8d0ff77,1/2-1/2,0.5,1908,1377,1756,10.5
5042,Base-8d0ff77,1/2-1/2,0.5,1908,1378,1756,10.5
5043,New-90ba5a4,0-1,0.0,1908,1378,1757,10.4
5045,New-90ba5a4,1-0,1.0,1909,1378,1757,10.5
5044,Base-8d0ff77,1-0,0.0,1909,1378,1758,10.4
5051,New-90ba5a4,1/2-1/2,0.5,1909,1379,1758,10.4
5048,Base-8d0ff77,0-1,1.0,1910,1379,1758,10.5
5046,Base-8d0ff77,0-1,1.0,1911,1379,1758,10.5
5047,New-90ba5a4,0-1,0.0,1911,1379,1759,10.5
5050,Base-8d0ff77,0-1,1.0,1912,1379,1759,10.5
5049,New-90ba5a4,0-1,0.0,1912,1379,1760,10.5
5053,New-90ba5a4,1/2-1/2,0.5,1912,1380,1760,10.5
5052,Base-8d0ff77,0-1,1.0,1913,1380,1760,10.5
5054,Base-8d0ff77,0-1,1.0,1914,1380,1760,10.6
5056,Base-8d0ff77,1/2-1/2,0.5,1914,1381,1760,10.6
5055,New-90ba5a4,1-0,1.0,1915,1381,1760,10.7
5057,New-90ba5a4,1-0,1.0,1916,1381,1760,10.7
5060,Base-8d0ff77,1/2-1/2,0.5,1916,1382,1760,10.7
5063,New-90ba5a4,1-0,1.0,1917,1382,1760,10.8
5059,New-90ba5a4,0-1,0.0,1917,1382,1761,10.7
5062,Base-8d0ff77,1-0,0.0,1917,1382,1762,10.6
5058,Base-8d0ff77,1-0,0.0,1917,1382,1763,10.6
5061,New-90ba5a4,1-0,1.0,1918,1382,1763,10.6
5064,Base-8d0ff77,1-0,0.0,1918,1382,1764,10.6
5065,New-90ba5a4,1-0,1.0,1919,1382,1764,10.6
5067,New-90ba5a4,0-1,0.0,1919,1382,1765,10.6
5066,Base-8d0ff77,1-0,0.0,1919,1382,1766,10.5
5068,Base-8d0ff77,1-0,0.0,1919,1382,1767,10.4
5070,Base-8d0ff77,1-0,0.0,1919,1382,1768,10.4
5075,New-90ba5a4,1-0,1.0,1920,1382,1768,10.4
5069,New-90ba5a4,1-0,1.0,1921,1382,1768,10.5
5071,New-90ba5a4,1-0,1.0,1922,1382,1768,10.6
5074,Base-8d0ff77,1-0,0.0,1922,1382,1769,10.5
5073,New-90ba5a4,1-0,1.0,1923,1382,1769,10.5
5076,Base-8d0ff77,1-0,0.0,1923,1382,1770,10.5
5072,Base-8d0ff77,1/2-1/2,0.5,1923,1383,1770,10.5
5080,Base-8d0ff77,1/2-1/2,0.5,1923,1384,1770,10.5
5078,Base-8d0ff77,1-0,0.0,1923,1384,1771,10.4
5077,New-90ba5a4,0-1,0.0,1923,1384,1772,10.3
5079,New-90ba5a4,1-0,1.0,1924,1384,1772,10.4
5081,New-90ba5a4,0-1,0.0,1924,1384,1773,10.3
5082,Base-8d0ff77,1-0,0.0,1924,1384,1774,10.3
5083,New-90ba5a4,1-0,1.0,1925,1384,1774,10.3
5085,New-90ba5a4,0-1,0.0,1925,1384,1775,10.3
5084,Base-8d0ff77,0-1,1.0,1926,1384,1775,10.3
5088,Base-8d0ff77,1-0,0.0,1926,1384,1776,10.2
5087,New-90ba5a4,1-0,1.0,1927,1384,1776,10.3
5086,Base-8d0ff77,0-1,1.0,1928,1384,1776,10.4
5089,New-90ba5a4,0-1,0.0,1928,1384,1777,10.3
5090,Base-8d0ff77,0-1,1.0,1929,1384,1777,10.4
5092,Base-8d0ff77,0-1,1.0,1930,1384,1777,10.4
5091,New-90ba5a4,0-1,0.0,1930,1384,1778,10.4
5094,Base-8d0ff77,0-1,1.0,1931,1384,1778,10.4
5093,New-90ba5a4,1/2-1/2,0.5,1931,1385,1778,10.4
5095,New-90ba5a4,0-1,0.0,1931,1385,1779,10.4
5096,Base-8d0ff77,1-0,0.0,1931,1385,1780,10.3
5097,New-90ba5a4,0-1,0.0,1931,1385,1781,10.2
5100,Base-8d0ff77,1-0,0.0,1931,1385,1782,10.2
5099,New-90ba5a4,1/2-1/2,0.5,1931,1386,1782,10.2
5102,Base-8d0ff77,1/2-1/2,0.5,1931,1387,1782,10.2
5098,Base-8d0ff77,1-0,0.0,1931,1387,1783,10.1
5103,New-90ba5a4,1-0,1.0,1932,1387,1783,10.1
5101,New-90ba5a4,1-0,1.0,1933,1387,1783,10.2
5104,Base-8d0ff77,1-0,0.0,1933,1387,1784,10.1
5105,New-90ba5a4,0-1,0.0,1933,1387,1785,10.1
5106,Base-8d0ff77,0-1,1.0,1934,1387,1785,10.1
5108,Base-8d0ff77,0-1,1.0,1935,1387,1785,10.2
5107,New-90ba5a4,1-0,1.0,1936,1387,1785,10.3
5110,Base-8d0ff77,0-1,1.0,1937,1387,1785,10.3
5111,New-90ba5a4,1-0,1.0,1938,1387,1785,10.4
5109,New-90ba5a4,1/2-1/2,0.5,1938,1388,1785,10.4
5113,New-90ba5a4,0-1,0.0,1938,1388,1786,10.3
5112,Base-8d0ff77,0-1,1.0,1939,1388,1786,10.4
5114,Base-8d0ff77,0-1,1.0,1940,1388,1786,10.5
5116,Base-8d0ff77,0-1,1.0,1941,1388,1786,10.5
5115,New-90ba5a4,0-1,0.0,1941,1388,1787,10.5
5119,New-90ba5a4,1-0,1.0,1942,1388,1787,10.5
5118,Base-8d0ff77,0-1,1.0,1943,1388,1787,10.6
5117,New-90ba5a4,1-0,1.0,1944,1388,1787,10.7
5121,New-90ba5a4,1-0,1.0,1945,1388,1787,10.7
5122,Base-8d0ff77,1/2-1/2,0.5,1945,1389,1787,10.7
5120,Base-8d0ff77,1/2-1/2,0.5,1945,1390,1787,10.7
5123,New-90ba5a4,1/2-1/2,0.5,1945,1391,1787,10.7
5124,Base-8d0ff77,1-0,0.0,1945,1391,1788,10.6
5127,New-90ba5a4,1-0,1.0,1946,1391,1788,10.7
5130,Base-8d0ff77,1-0,0.0,1946,1391,1789,10.6
5125,New-90ba5a4,0-1,0.0,1946,1391,1790,10.6
5131,New-90ba5a4,1/2-1/2,0.5,1946,1392,1790,10.6
5126,Base-8d0ff77,0-1,1.0,1947,1392,1790,10.6
5128,Base-8d0ff77,1/2-1/2,0.5,1947,1393,1790,10.6
5129,New-90ba5a4,0-1,0.0,1947,1393,1791,10.6
5132,Base-8d0ff77,1-0,0.0,1947,1393,1792,10.5
5135,New-90ba5a4,1/2-1/2,0.5,1947,1394,1792,10.5
5133,New-90ba5a4,1-0,1.0,1948,1394,1792,10.6
5136,Base-8d0ff77,1/2-1/2,0.5,1948,1395,1792,10.6
5134,Base-8d0ff77,0-1,1.0,1949,1395,1792,10.6
5137,New-90ba5a4,1-0,1.0,1950,1395,1792,10.7
5139,New-90ba5a4,0-1,0.0,1950,1395,1793,10.6
5145,New-90ba5a4,1/2-1/2,0.5,1950,1396,1793,10.6
5141,New-90ba5a4,0-1,0.0,1950,1396,1794,10.5
5140,Base-8d0ff77,0-1,1.0,1951,1396,1794,10.6
5138,Base-8d0ff77,1/2-1/2,0.5,1951,1397,1794,10.6
5144,Base-8d0ff77,1-0,0.0,1951,1397,1795,10.5
5142,Base-8d0ff77,1-0,0.0,1951,1397,1796,10.5
5143,New-90ba5a4,1-0,1.0,1952,1397,1796,10.5
5147,New-90ba5a4,0-1,0.0,1952,1397,1797,10.5
5148,Base-8d0ff77,1/2-1/2,0.5,1952,1398,1797,10.5
5152,Base-8d0ff77,1/2-1/2,0.5,1952,1399,1797,10.5
5146,Base-8d0ff77,1-0,0.0,1952,1399,1798,10.4
5149,New-90ba5a4,0-1,0.0,1952,1399,1799,10.3
5154,Base-8d0ff77,1/2-1/2,0.5,1952,1400,1799,10.3
5150,Base-8d0ff77,0-1,1.0,1953,1400,1799,10.4
5153,New-90ba5a4,1-0,1.0,1954,1400,1799,10.5
5151,New-90ba5a4,1/2-1/2,0.5,1954,1401,1799,10.5
5155,New-90ba5a4,0-1,0.0,1954,1401,1800,10.4
5156,Base-8d0ff77,0-1,1.0,1955,1401,1800,10.4
5157,New-90ba5a4,0-1,0.0,1955,1401,1801,10.4
5159,New-90ba5a4,1/2-1/2,0.5,1955,1402,1801,10.4
5158,Base-8d0ff77,1/2-1/2,0.5,1955,1403,1801,10.4
5161,New-90ba5a4,1-0,1.0,1956,1403,1801,10.4
5160,Base-8d0ff77,1-0,0.0,1956,1403,1802,10.4
5162,Base-8d0ff77,0-1,1.0,1957,1403,1802,10.4
5163,New-90ba5a4,0-1,0.0,1957,1403,1803,10.4
5164,Base-8d0ff77,0-1,1.0,1958,1403,1803,10.4
5165,New-90ba5a4,1-0,1.0,1959,1403,1803,10.5
5166,Base-8d0ff77,1-0,0.0,1959,1403,1804,10.4
5171,New-90ba5a4,1/2-1/2,0.5,1959,1404,1804,10.4
5167,New-90ba5a4,1-0,1.0,1960,1404,1804,10.5
5168,Base-8d0ff77,0-1,1.0,1961,1404,1804,10.6
5169,New-90ba5a4,0-1,0.0,1961,1404,1805,10.5
5170,Base-8d0ff77,1-0,0.0,1961,1404,1806,10.4
5172,Base-8d0ff77,1/2-1/2,0.5,1961,1405,1806,10.4
5174,Base-8d0ff77,1-0,0.0,1961,1405,1807,10.3
5173,New-90ba5a4,1/2-1/2,0.5,1961,1406,1807,10.3
5177,New-90ba5a4,1-0,1.0,1962,1406,1807,10.4
5176,Base-8d0ff77,1/2-1/2,0.5,1962,1407,1807,10.4
5175,New-90ba5a4,1/2-1/2,0.5,1962,1408,1807,10.4
5179,New-90ba5a4,1-0,1.0,1963,1408,1807,10.5
5178,Base-8d0ff77,0-1,1.0,1964,1408,1807,10.5
5180,Base-8d0ff77,1-0,0.0,1964,1408,1808,10.5
5184,Base-8d0ff77,0-1,1.0,1965,1408,1808,10.5
5182,Base-8d0ff77,0-1,1.0,1966,1408,1808,10.6
5188,Base-8d0ff77,1/2-1/2,0.5,1966,1409,1808,10.6
5181,New-90ba5a4,1-0,1.0,1967,1409,1808,10.7
5185,New-90ba5a4,1/2-1/2,0.5,1967,1410,1808,10.7
5183,New-90ba5a4,0-1,0.0,1967,1410,1809,10.6
5186,Base-8d0ff77,1-0,0.0,1967,1410,1810,10.5
5187,New-90ba5a4,1-0,1.0,1968,1410,1810,10.6
5191,New-90ba5a4,1-0,1.0,1969,1410,1810,10.6
5189,New-90ba5a4,1-0,1.0,1970,1410,1810,10.7
5190,Base-8d0ff77,0-1,1.0,1971,1410,1810,10.8
5192,Base-8d0ff77,1/2-1/2,0.5,1971,1411,1810,10.8
5194,Base-8d0ff77,1-0,0.0,1971,1411,1811,10.7
5195,New-90ba5a4,0-1,0.0,1971,1411,1812,10.6
5193,New-90ba5a4,1/2-1/2,0.5,1971,1412,1812,10.6
5196,Base-8d0ff77,0-1,1.0,1972,1412,1812,10.7
5199,New-90ba5a4,0-1,0.0,1972,1412,1813,10.6
5197,New-90ba5a4,0-1,0.0,1972,1412,1814,10.6
5198,Base-8d0ff77,0-1,1.0,1973,1412,1814,10.6
5200,Base-8d0ff77,1-0,0.0,1973,1412,1815,10.6
5202,Base-8d0ff77,1-0,0.0,1973,1412,1816,10.5
5201,New-90ba5a4,0-1,0.0,1973,1412,1817,10.4
5203,New-90ba5a4,0-1,0.0,1973,1412,1818,10.4
5205,New-90ba5a4,1-0,1.0,1974,1412,1818,10.4
5204,Base-8d0ff77,0-1,1.0,1975,1412,1818,10.5
5207,New-90ba5a4,1-0,1.0,1976,1412,1818,10.5
5208,Base-8d0ff77,1-0,0.0,1976,1412,1819,10.5
5209,New-90ba5a4,1/2-1/2,0.5,1976,1413,1819,10.5
5206,Base-8d0ff77,1-0,0.0,1976,1413,1820,10.4
5210,Base-8d0ff77,0-1,1.0,1977,1413,1820,10.5
5214,Base-8d0ff77,1-0,0.0,1977,1413,1821,10.4
5211,New-90ba5a4,1-0,1.0,1978,1413,1821,10.5
5212,Base-8d0ff77,1-0,0.0,1978,1413,1822,10.4
5213,New-90ba5a4,1/2-1/2,0.5,1978,1414,1822,10.4
5215,New-90ba5a4,1-0,1.0,1979,1414,1822,10.5
5216,Base-8d0ff77,1-0,0.0,1979,1414,1823,10.4
5218,Base-8d0ff77,1-0,0.0,1979,1414,1824,10.3
5217,New-90ba5a4,1-0,1.0,1980,1414,1824,10.4
5223,New-90ba5a4,1-0,1.0,1981,1414,1824,10.5
5219,New-90ba5a4,1-0,1.0,1982,1414,1824,10.5
5221,New-90ba5a4,1/2-1/2,0.5,1982,1415,1824,10.5
5220,Base-8d0ff77,0-1,1.0,1983,1415,1824,10.6
5226,Base-8d0ff77,1/2-1/2,0.5,1983,1416,1824,10.6
5222,Base-8d0ff77,1/2-1/2,0.5,1983,1417,1824,10.6
5224,Base-8d0ff77,0-1,1.0,1984,1417,1824,10.6
5227,New-90ba5a4,1-0,1.0,1985,1417,1824,10.7
5225,New-90ba5a4,0-1,0.0,1985,1417,1825,10.6
5229,New-90ba5a4,1-0,1.0,1986,1417,1825,10.7
5230,Base-8d0ff77,1/2-1/2,0.5,1986,1418,1825,10.7
5233,New-90ba5a4,1/2-1/2,0.5,1986,1419,1825,10.7
5231,New-90ba5a4,0-1,0.0,1986,1419,1826,10.6
5228,Base-8d0ff77,1/2-1/2,0.5,1986,1420,1826,10.6
5232,Base-8d0ff77,0-1,1.0,1987,1420,1826,10.7
5235,New-90ba5a4,1-0,1.0,1988,1420,1826,10.8
5234,Base-8d0ff77,1-0,0.0,1988,1420,1827,10.7
5237,New-90ba5a4,0-1,0.0,1988,1420,1828,10.6
5238,Base-8d0ff77,1-0,0.0,1988,1420,1829,10.6
5236,Base-8d0ff77,0-1,1.0,1989,1420,1829,10.6
5240,Base-8d0ff77,1-0,0.0,1989,1420,1830,10.5
5239,New-90ba5a4,1-0,1.0,1990,1420,1830,10.6
5243,New-90ba5a4,1-0,1.0,1991,1420,1830,10.7
5244,Base-8d0ff77,0-1,1.0,1992,1420,1830,10.7
5245,New-90ba5a4,1-0,1.0,1993,1420,1830,10.8
5242,Base-8d0ff77,1/2-1/2,0.5,1993,1421,1830,10.8
5241,New-90ba5a4,1/2-1/2,0.5,1993,1422,1830,10.8
5246,Base-8d0ff77,1-0,0.0,1993,1422,1831,10.7
5247,New-90ba5a4,1-0,1.0,1994,1422,1831,10.8
5248,Base-8d0ff77,0-1,1.0,1995,1422,1831,10.9
5249,New-90ba5a4,0-1,0.0,1995,1422,1832,10.8
5250,Base-8d0ff77,0-1,1.0,1996,1422,1832,10.9
5252,Base-8d0ff77,0-1,1.0,1997,1422,1832,10.9
5253,New-90ba5a4,1-0,1.0,1998,1422,1832,11.0
5254,Base-8d0ff77,1/2-1/2,0.5,1998,1423,1832,11.0
5255,New-90ba5a4,1/2-1/2,0.5,1998,1424,1832,11.0
5251,New-90ba5a4,1/2-1/2,0.5,1998,1425,1832,11.0
5256,Base-8d0ff77,1-0,0.0,1998,1425,1833,10.9
5259,New-90ba5a4,1/2-1/2,0.5,1998,1426,1833,10.9
5257,New-90ba5a4,0-1,0.0,1998,1426,1834,10.8
5260,Base-8d0ff77,0-1,1.0,1999,1426,1834,10.9
5258,Base-8d0ff77,0-1,1.0,2000,1426,1834,11.0
5265,New-90ba5a4,1/2-1/2,0.5,2000,1427,1834,11.0
5261,New-90ba5a4,0-1,0.0,2000,1427,1835,10.9
5263,New-90ba5a4,1/2-1/2,0.5,2000,1428,1835,10.9
5262,Base-8d0ff77,1/2-1/2,0.5,2000,1429,1835,10.9
5264,Base-8d0ff77,0-1,1.0,2001,1429,1835,11.0
5269,New-90ba5a4,1-0,1.0,2002,1429,1835,11.0
5266,Base-8d0ff77,1/2-1/2,0.5,2002,1430,1835,11.0
5267,New-90ba5a4,0-1,0.0,2002,1430,1836,11.0
5268,Base-8d0ff77,1/2-1/2,0.5,2002,1431,1836,10.9
5271,New-90ba5a4,1-0,1.0,2003,1431,1836,11.0
5270,Base-8d0ff77,1/2-1/2,0.5,2003,1432,1836,11.0
5273,New-90ba5a4,1/2-1/2,0.5,2003,1433,1836,11.0
5272,Base-8d0ff77,1/2-1/2,0.5,2003,1434,1836,11.0
5274,Base-8d0ff77,0-1,1.0,2004,1434,1836,11.1
5276,Base-8d0ff77,0-1,1.0,2005,1434,1836,11.1
5277,New-90ba5a4,0-1,0.0,2005,1434,1837,11.1
5278,Base-8d0ff77,0-1,1.0,2006,1434,1837,11.1
5275,New-90ba5a4,1/2-1/2,0.5,2006,1435,1837,11.1
5279,New-90ba5a4,1/2-1/2,0.5,2006,1436,1837,11.1
5282,Base-8d0ff77,1/2-1/2,0.5,2006,1437,1837,11.1
5280,Base-8d0ff77,0-1,1.0,2007,1437,1837,11.2
5281,New-90ba5a4,1-0,1.0,2008,1437,1837,11.3
5285,New-90ba5a4,0-1,0.0,2008,1437,1838,11.2
5284,Base-8d0ff77,0-1,1.0,2009,1437,1838,11.2
5283,New-90ba5a4,1/2-1/2,0.5,2009,1438,1838,11.2
5288,Base-8d0ff77,1-0,0.0,2009,1438,1839,11.2
5287,New-90ba5a4,1/2-1/2,0.5,2009,1439,1839,11.2
5290,Base-8d0ff77,0-1,1.0,2010,1439,1839,11.2
5286,Base-8d0ff77,1/2-1/2,0.5,2010,1440,1839,11.2
5289,New-90ba5a4,0-1,0.0,2010,1440,1840,11.2
5291,New-90ba5a4,1-0,1.0,2011,1440,1840,11.2
5292,Base-8d0ff77,1/2-1/2,0.5,2011,1441,1840,11.2
5294,Base-8d0ff77,1-0,0.0,2011,1441,1841,11.2
5293,New-90ba5a4,0-1,0.0,2011,1441,1842,11.1
5298,Base-8d0ff77,0-1,1.0,2012,1441,1842,11.2
5302,Base-8d0ff77,1/2-1/2,0.5,2012,1442,1842,11.2
5296,Base-8d0ff77,1/2-1/2,0.5,2012,1443,1842,11.2
5297,New-90ba5a4,1-0,1.0,2013,1443,1842,11.2
5295,New-90ba5a4,1/2-1/2,0.5,2013,1444,1842,11.2
5300,Base-8d0ff77,0-1,1.0,2014,1444,1842,11.3
5299,New-90ba5a4,1-0,1.0,2015,1444,1842,11.3
5301,New-90ba5a4,0-1,0.0,2015,1444,1843,11.3
5303,New-90ba5a4,1-0,1.0,2016,1444,1843,11.3
5304,Base-8d0ff77,1/2-1/2,0.5,2016,1445,1843,11.3
5305,New-90ba5a4,0-1,0.0,2016,1445,1844,11.3
5308,Base-8d0ff77,0-1,1.0,2017,1445,1844,11.3
5306,Base-8d0ff77,0-1,1.0,2018,1445,1844,11.4
5307,New-90ba5a4,1/2-1/2,0.5,2018,1446,1844,11.4
5309,New-90ba5a4,1/2-1/2,0.5,2018,1447,1844,11.4
5311,New-90ba5a4,1-0,1.0,2019,1447,1844,11.5
5310,Base-8d0ff77,1-0,0.0,2019,1447,1845,11.4
5313,New-90ba5a4,1-0,1.0,2020,1447,1845,11.5
5315,New-90ba5a4,0-1,0.0,2020,1447,1846,11.4
5312,Base-8d0ff77,1-0,0.0,2020,1447,1847,11.3
5314,Base-8d0ff77,0-1,1.0,2021,1447,1847,11.4
5317,New-90ba5a4,1-0,1.0,2022,1447,1847,11.4
5316,Base-8d0ff77,1/2-1/2,0.5,2022,1448,1847,11.4
5318,Base-8d0ff77,1-0,0.0,2022,1448,1848,11.4
5320,Base-8d0ff77,1/2-1/2,0.5,2022,1449,1848,11.4
5319,New-90ba5a4,1-0,1.0,2023,1449,1848,11.4
5321,New-90ba5a4,0-1,0.0,2023,1449,1849,11.4
5323,New-90ba5a4,1-0,1.0,2024,1449,1849,11.4
5324,Base-8d0ff77,1-0,0.0,2024,1449,1850,11.4
5322,Base-8d0ff77,1-0,0.0,2024,1449,1851,11.3
5325,New-90ba5a4,0-1,0.0,2024,1449,1852,11.2
5329,New-90ba5a4,1/2-1/2,0.5,2024,1450,1852,11.2
5326,Base-8d0ff77,1-0,0.0,2024,1450,1853,11.2
5328,Base-8d0ff77,1-0,0.0,2024,1450,1854,11.1
5327,New-90ba5a4,1-0,1.0,2025,1450,1854,11.2
5330,Base-8d0ff77,0-1,1.0,2026,1450,1854,11.2
5331,New-90ba5a4,1/2-1/2,0.5,2026,1451,1854,11.2
5332,Base-8d0ff77,1-0,0.0,2026,1451,1855,11.1
5335,New-90ba5a4,1-0,1.0,2027,1451,1855,11.2
5333,New-90ba5a4,1-0,1.0,2028,1451,1855,11.3
5334,Base-8d0ff77,1-0,0.0,2028,1451,1856,11.2
5336,Base-8d0ff77,1/2-1/2,0.5,2028,1452,1856,11.2
5337,New-90ba5a4,0-1,0.0,2028,1452,1857,11.1
5338,Base-8d0ff77,1-0,0.0,2028,1452,1858,11.1
5339,New-90ba5a4,1-0,1.0,2029,1452,1858,11.1
5340,Base-8d0ff77,1-0,0.0,2029,1452,1859,11.1
5341,New-90ba5a4,1-0,1.0,2030,1452,1859,11.1
5343,New-90ba5a4,1/2-1/2,0.5,2030,1453,1859,11.1
5342,Base-8d0ff77,1-0,0.0,2030,1453,1860,11.1
5346,Base-8d0ff77,1/2-1/2,0.5,2030,1454,1860,11.1
5345,New-90ba5a4,1-0,1.0,2031,1454,1860,11.1
5344,Base-8d0ff77,0-1,1.0,2032,1454,1860,11.2
5348,Base-8d0ff77,0-1,1.0,2033,1454,1860,11.2
5350,Base-8d0ff77,0-1,1.0,2034,1454,1860,11.3
5347,New-90ba5a4,1/2-1/2,0.5,2034,1455,1860,11.3
5349,New-90ba5a4,1/2-1/2,0.5,2034,1456,1860,11.3
5351,New-90ba5a4,0-1,0.0,2034,1456,1861,11.2
5354,Base-8d0ff77,0-1,1.0,2035,1456,1861,11.3
5353,New-90ba5a4,1-0,1.0,2036,1456,1861,11.4
5355,New-90ba5a4,1/2-1/2,0.5,2036,1457,1861,11.4
5352,Base-8d0ff77,1/2-1/2,0.5,2036,1458,1861,11.4
5357,New-90ba5a4,1-0,1.0,2037,1458,1861,11.4
5356,Base-8d0ff77,1-0,0.0,2037,1458,1862,11.4
5358,Base-8d0ff77,0-1,1.0,2038,1458,1862,11.4
5359,New-90ba5a4,1-0,1.0,2039,1458,1862,11.5
5361,New-90ba5a4,1-0,1.0,2040,1458,1862,11.5
5360,Base-8d0ff77,0-1,1.0,2041,1458,1862,11.6
5363,New-90ba5a4,1-0,1.0,2042,1458,1862,11.7
5362,Base-8d0ff77,1-0,0.0,2042,1458,1863,11.6
5367,New-90ba5a4,0-1,0.0,2042,1458,1864,11.5
5364,Base-8d0ff77,0-1,1.0,2043,1458,1864,11.6
5366,Base-8d0ff77,1/2-1/2,0.5,2043,1459,1864,11.6
5368,Base-8d0ff77,0-1,1.0,2044,1459,1864,11.7
5365,New-90ba5a4,1/2-1/2,0.5,2044,1460,1864,11.7
5369,New-90ba5a4,0-1,0.0,2044,1460,1865,11.6
5370,Base-8d0ff77,1-0,0.0,2044,1460,1866,11.5
5371,New-90ba5a4,1-0,1.0,2045,1460,1866,11.6
5373,New-90ba5a4,0-1,0.0,2045,1460,1867,11.5
5372,Base-8d0ff77,0-1,1.0,2046,1460,1867,11.6
5374,Base-8d0ff77,0-1,1.0,2047,1460,1867,11.6
5376,Base-8d0ff77,0-1,1.0,2048,1460,1867,11.7
5375,New-90ba5a4,1-0,1.0,2049,1460,1867,11.8
5379,New-90ba5a4,0-1,0.0,2049,1460,1868,11.7
5378,Base-8d0ff77,0-1,1.0,2050,1460,1868,11.8
5380,Base-8d0ff77,1/2-1/2,0.5,2050,1461,1868,11.8
5381,New-90ba5a4,0-1,0.0,2050,1461,1869,11.7
5382,Base-8d0ff77,1-0,0.0,2050,1461,1870,11.6
5377,New-90ba5a4,1/2-1/2,0.5,2050,1462,1870,11.6
5383,New-90ba5a4,0-1,0.0,2050,1462,1871,11.6
5385,New-90ba5a4,1/2-1/2,0.5,2050,1463,1871,11.6
5384,Base-8d0ff77,1-0,0.0,2050,1463,1872,11.5
5386,Base-8d0ff77,1-0,0.0,2050,1463,1873,11.4
5387,New-90ba5a4,1-0,1.0,2051,1463,1873,11.5
5388,Base-8d0ff77,1-0,0.0,2051,1463,1874,11.4
5389,New-90ba5a4,1-0,1.0,2052,1463,1874,11.5
5390,Base-8d0ff77,1-0,0.0,2052,1463,1875,11.4
5392,Base-8d0ff77,1-0,0.0,2052,1463,1876,11.3
5391,New-90ba5a4,1-0,1.0,2053,1463,1876,11.4
5393,New-90ba5a4,1-0,1.0,2054,1463,1876,11.5
5395,New-90ba5a4,1-0,1.0,2055,1463,1876,11.5
5394,Base-8d0ff77,1-0,0.0,2055,1463,1877,11.5
5396,Base-8d0ff77,1-0,0.0,2055,1463,1878,11.4
5400,Base-8d0ff77,1-0,0.0,2055,1463,1879,11.3
5401,New-90ba5a4,1/2-1/2,0.5,2055,1464,1879,11.3
5397,New-90ba5a4,1/2-1/2,0.5,2055,1465,1879,11.3
5399,New-90ba5a4,1/2-1/2,0.5,2055,1466,1879,11.3
5398,Base-8d0ff77,1-0,0.0,2055,1466,1880,11.3
5404,Base-8d0ff77,1-0,0.0,2055,1466,1881,11.2
5403,New-90ba5a4,0-1,0.0,2055,1466,1882,11.1
5402,Base-8d0ff77,1-0,0.0,2055,1466,1883,11.1
5405,New-90ba5a4,0-1,0.0,2055,1466,1884,11.0
5406,Base-8d0ff77,0-1,1.0,2056,1466,1884,11.1
5408,Base-8d0ff77,0-1,1.0,2057,1466,1884,11.1
5409,New-90ba5a4,1-0,1.0,2058,1466,1884,11.2
5411,New-90ba5a4,0-1,0.0,2058,1466,1885,11.1
5410,Base-8d0ff77,0-1,1.0,2059,1466,1885,11.2
5407,New-90ba5a4,1-0,1.0,2060,1466,1885,11.2
5414,Base-8d0ff77,1-0,0.0,2060,1466,1886,11.2
5412,Base-8d0ff77,1/2-1/2,0.5,2060,1467,1886,11.2
5413,New-90ba5a4,0-1,0.0,2060,1467,1887,11.1
5415,New-90ba5a4,0-1,0.0,2060,1467,1888,11.0
5417,New-90ba5a4,1/2-1/2,0.5,2060,1468,1888,11.0
5418,Base-8d0ff77,0-1,1.0,2061,1468,1888,11.1
5419,New-90ba5a4,1/2-1/2,0.5,2061,1469,1888,11.1
5420,Base-8d0ff77,1-0,0.0,2061,1469,1889,11.0
5422,Base-8d0ff77,1-0,0.0,2061,1469,1890,11.0
5416,Base-8d0ff77,1/2-1/2,0.5,2061,1470,1890,11.0
5423,New-90ba5a4,0-1,0.0,2061,1470,1891,10.9
5421,New-90ba5a4,1/2-1/2,0.5,2061,1471,1891,10.9
5426,Base-8d0ff77,1-0,0.0,2061,1471,1892,10.8
5425,New-90ba5a4,0-1,0.0,2061,1471,1893,10.8
5424,Base-8d0ff77,1/2-1/2,0.5,2061,1472,1893,10.8
5427,New-90ba5a4,0-1,0.0,2061,1472,1894,10.7
5430,Base-8d0ff77,1-0,0.0,2061,1472,1895,10.6
5429,New-90ba5a4,1-0,1.0,2062,1472,1895,10.7
5428,Base-8d0ff77,1-0,0.0,2062,1472,1896,10.6
5431,New-90ba5a4,1/2-1/2,0.5,2062,1473,1896,10.6
5432,Base-8d0ff77,1-0,0.0,2062,1473,1897,10.6
5433,New-90ba5a4,1-0,1.0,2063,1473,1897,10.6
5435,New-90ba5a4,1-0,1.0,2064,1473,1897,10.7
5434,Base-8d0ff77,0-1,1.0,2065,1473,1897,10.7
5437,New-90ba5a4,0-1,0.0,2065,1473,1898,10.7
5439,New-90ba5a4,0-1,0.0,2065,1473,1899,10.6
5443,New-90ba5a4,1-0,1.0,2066,1473,1899,10.7
5438,Base-8d0ff77,0-1,1.0,2067,1473,1899,10.7
5436,Base-8d0ff77,1/2-1/2,0.5,2067,1474,1899,10.7
5440,Base-8d0ff77,1/2-1/2,0.5,2067,1475,1899,10.7
5441,New-90ba5a4,1-0,1.0,2068,1475,1899,10.8
5442,Base-8d0ff77,1/2-1/2,0.5,2068,1476,1899,10.8
5446,Base-8d0ff77,0-1,1.0,2069,1476,1899,10.9
5444,Base-8d0ff77,1-0,0.0,2069,1476,1900,10.8
5448,Base-8d0ff77,1/2-1/2,0.5,2069,1477,1900,10.8
5445,New-90ba5a4,1-0,1.0,2070,1477,1900,10.8
5447,New-90ba5a4,1/2-1/2,0.5,2070,1478,1900,10.8
5452,Base-8d0ff77,1-0,0.0,2070,1478,1901,10.8
5449,New-90ba5a4,1-0,1.0,2071,1478,1901,10.8
5454,Base-8d0ff77,1/2-1/2,0.5,2071,1479,1901,10.8
5453,New-90ba5a4,1-0,1.0,2072,1479,1901,10.9
5450,Base-8d0ff77,1/2-1/2,0.5,2072,1480,1901,10.9
5455,New-90ba5a4,1-0,1.0,2073,1480,1901,11.0
5451,New-90ba5a4,1/2-1/2,0.5,2073,1481,1901,11.0
5456,Base-8d0ff77,1-0,0.0,2073,1481,1902,10.9
5460,Base-8d0ff77,1-0,0.0,2073,1481,1903,10.8
5457,New-90ba5a4,0-1,0.0,2073,1481,1904,10.8
5459,New-90ba5a4,0-1,0.0,2073,1481,1905,10.7
5463,New-90ba5a4,1-0,1.0,2074,1481,1905,10.8
5461,New-90ba5a4,0-1,0.0,2074,1481,1906,10.7
5462,Base-8d0ff77,0-1,1.0,2075,1481,1906,10.8
5458,Base-8d0ff77,1/2-1/2,0.5,2075,1482,1906,10.8
5468,Base-8d0ff77,1/2-1/2,0.5,2075,1483,1906,10.7
5465,New-90ba5a4,1/2-1/2,0.5,2075,1484,1906,10.7
5464,Base-8d0ff77,1-0,0.0,2075,1484,1907,10.7
5466,Base-8d0ff77,1-0,0.0,2075,1484,1908,10.6
5467,New-90ba5a4,1-0,1.0,2076,1484,1908,10.7
5471,New-90ba5a4,0-1,0.0,2076,1484,1909,10.6
5469,New-90ba5a4,0-1,0.0,2076,1484,1910,10.5
5472,Base-8d0ff77,1-0,0.0,2076,1484,1911,10.5
5473,New-90ba5a4,1-0,1.0,2077,1484,1911,10.5
5470,Base-8d0ff77,1-0,0.0,2077,1484,1912,10.5
5475,New-90ba5a4,1-0,1.0,2078,1484,1912,10.5
5474,Base-8d0ff77,0-1,1.0,2079,1484,1912,10.6
5476,Base-8d0ff77,0-1,1.0,2080,1484,1912,10.7
5477,New-90ba5a4,0-1,0.0,2080,1484,1913,10.6
5481,New-90ba5a4,1/2-1/2,0.5,2080,1485,1913,10.6
5478,Base-8d0ff77,0-1,1.0,2081,1485,1913,10.7
5480,Base-8d0ff77,1-0,0.0,2081,1485,1914,10.6
5483,New-90ba5a4,1/2-1/2,0.5,2081,1486,1914,10.6
5479,New-90ba5a4,0-1,0.0,2081,1486,1915,10.5
5482,Base-8d0ff77,1-0,0.0,2081,1486,1916,10.5
5488,Base-8d0ff77,1-0,0.0,2081,1486,1917,10.4
5486,Base-8d0ff77,0-1,1.0,2082,1486,1917,10.5
5484,Base-8d0ff77,1-0,0.0,2082,1486,1918,10.4
5485,New-90ba5a4,0-1,0.0,2082,1486,1919,10.3
5490,Base-8d0ff77,1/2-1/2,0.5,2082,1487,1919,10.3
5489,New-90ba5a4,1-0,1.0,2083,1487,1919,10.4
5491,New-90ba5a4,0-1,0.0,2083,1487,1920,10.3
5487,New-90ba5a4,0-1,0.0,2083,1487,1921,10.3
5493,New-90ba5a4,0-1,0.0,2083,1487,1922,10.2
5492,Base-8d0ff77,1/2-1/2,0.5,2083,1488,1922,10.2
5494,Base-8d0ff77,0-1,1.0,2084,1488,1922,10.2
5497,New-90ba5a4,1-0,1.0,2085,1488,1922,10.3
5498,Base-8d0ff77,1-0,0.0,2085,1488,1923,10.2
5496,Base-8d0ff77,0-1,1.0,2086,1488,1923,10.3
5495,New-90ba5a4,0-1,0.0,2086,1488,1924,10.2
5499,New-90ba5a4,0-1,0.0,2086,1488,1925,10.2
5504,Base-8d0ff77,1/2-1/2,0.5,2086,1489,1925,10.2
5500,Base-8d0ff77,1/2-1/2,0.5,2086,1490,1925,10.2
5501,New-90ba5a4,1-0,1.0,2087,1490,1925,10.2
5505,New-90ba5a4,1/2-1/2,0.5,2087,1491,1925,10.2
5503,New-90ba5a4,1-0,1.0,2088,1491,1925,10.3
5502,Base-8d0ff77,1/2-1/2,0.5,2088,1492,1925,10.3
5508,Base-8d0ff77,1/2-1/2,0.5,2088,1493,1925,10.3
5509,New-90ba5a4,1/2-1/2,0.5,2088,1494,1925,10.3
5506,Base-8d0ff77,0-1,1.0,2089,1494,1925,10.3
5507,New-90ba5a4,1-0,1.0,2090,1494,1925,10.4
5510,Base-8d0ff77,1/2-1/2,0.5,2090,1495,1925,10.4
5512,Base-8d0ff77,0-1,1.0,2091,1495,1925,10.5
5514,Base-8d0ff77,0-1,1.0,2092,1495,1925,10.5
5513,New-90ba5a4,1-0,1.0,2093,1495,1925,10.6
5516,Base-8d0ff77,1-0,0.0,2093,1495,1926,10.5
5515,New-90ba5a4,1/2-1/2,0.5,2093,1496,1926,10.5
5511,New-90ba5a4,1/2-1/2,0.5,2093,1497,1926,10.5
5517,New-90ba5a4,1-0,1.0,2094,1497,1926,10.6
5520,Base-8d0ff77,0-1,1.0,2095,1497,1926,10.6
5518,Base-8d0ff77,0-1,1.0,2096,1497,1926,10.7
5519,New-90ba5a4,1-0,1.0,2097,1497,1926,10.8
5521,New-90ba5a4,1/2-1/2,0.5,2097,1498,1926,10.8
5522,Base-8d0ff77,1-0,0.0,2097,1498,1927,10.7
5524,Base-8d0ff77,1/2-1/2,0.5,2097,1499,1927,10.7
5523,New-90ba5a4,1/2-1/2,0.5,2097,1500,1927,10.7
5525,New-90ba5a4,1-0,1.0,2098,1500,1927,10.8
5527,New-90ba5a4,0-1,0.0,2098,1500,1928,10.7
5526,Base-8d0ff77,1-0,0.0,2098,1500,1929,10.6
5530,Base-8d0ff77,0-1,1.0,2099,1500,1929,10.7
5529,New-90ba5a4,1-0,1.0,2100,1500,1929,10.7
5528,Base-8d0ff77,1/2-1/2,0.5,2100,1501,1929,10.7
5532,Base-8d0ff77,1/2-1/2,0.5,2100,1502,1929,10.7
5531,New-90ba5a4,0-1,0.0,2100,1502,1930,10.7
5533,New-90ba5a4,1/2-1/2,0.5,2100,1503,1930,10.7
5534,Base-8d0ff77,0-1,1.0,2101,1503,1930,10.7
5536,Base-8d0ff77,1-0,0.0,2101,1503,1931,10.7
5535,New-90ba5a4,0-1,0.0,2101,1503,1932,10.6
5537,New-90ba5a4,0-1,0.0,2101,1503,1933,10.5
5538,Base-8d0ff77,1-0,0.0,2101,1503,1934,10.5
5540,Base-8d0ff77,0-1,1.0,2102,1503,1934,10.5
5539,New-90ba5a4,1-0,1.0,2103,1503,1934,10.6
5542,Base-8d0ff77,1/2-1/2,0.5,2103,1504,1934,10.6
5541,New-90ba5a4,0-1,0.0,2103,1504,1935,10.5
5548,Base-8d0ff77,1/2-1/2,0.5,2103,1505,1935,10.5
5544,Base-8d0ff77,0-1,1.0,2104,1505,1935,10.6
5543,New-90ba5a4,1/2-1/2,0.5,2104,1506,1935,10.6
5545,New-90ba5a4,1/2-1/2,0.5,2104,1507,1935,10.6
5546,Base-8d0ff77,1/2-1/2,0.5,2104,1508,1935,10.6
5547,New-90ba5a4,1-0,1.0,2105,1508,1935,10.6
5549,New-90ba5a4,1/2-1/2,0.5,2105,1509,1935,10.6
5550,Base-8d0ff77,0-1,1.0,2106,1509,1935,10.7
5551,New-90ba5a4,0-1,0.0,2106,1509,1936,10.6
5555,New-90ba5a4,0-1,0.0,2106,1509,1937,10.6
5553,New-90ba5a4,1-0,1.0,2107,1509,1937,10.6
5557,New-90ba5a4,1-0,1.0,2108,1509,1937,10.7
5552,Base-8d0ff77,0-1,1.0,2109,1509,1937,10.8
5554,Base-8d0ff77,1/2-1/2,0.5,2109,1510,1937,10.8
5556,Base-8d0ff77,1-0,0.0,2109,1510,1938,10.7
5558,Base-8d0ff77,0-1,1.0,2110,1510,1938,10.8
5560,Base-8d0ff77,1-0,0.0,2110,1510,1939,10.7
5559,New-90ba5a4,0-1,0.0,2110,1510,1940,10.6
5561,New-90ba5a4,0-1,0.0,2110,1510,1941,10.6
5563,New-90ba5a4,1-0,1.0,2111,1510,1941,10.6
5562,Base-8d0ff77,1-0,0.0,2111,1510,1942,10.6
5567,New-90ba5a4,1-0,1.0,2112,1510,1942,10.6
5564,Base-8d0ff77,1-0,0.0,2112,1510,1943,10.6
5565,New-90ba5a4,1-0,1.0,2113,1510,1943,10.6
5566,Base-8d0ff77,0-1,1.0,2114,1510,1943,10.7
5569,New-90ba5a4,1/2-1/2,0.5,2114,1511,1943,10.7
5568,Base-8d0ff77,1-0,0.0,2114,1511,1944,10.6
5573,New-90ba5a4,1/2-1/2,0.5,2114,1512,1944,10.6
5570,Base-8d0ff77,0-1,1.0,2115,1512,1944,10.7
5574,Base-8d0ff77,1-0,0.0,2115,1512,1945,10.6
5575,New-90ba5a4,1/2-1/2,0.5,2115,1513,1945,10.6
5571,New-90ba5a4,1-0,1.0,2116,1513,1945,10.7
5572,Base-8d0ff77,1/2-1/2,0.5,2116,1514,1945,10.7
5577,New-90ba5a4,1/2-1/2,0.5,2116,1515,1945,10.7
5578,Base-8d0ff77,0-1,1.0,2117,1515,1945,10.7
5582,Base-8d0ff77,0-1,1.0,2118,1515,1945,10.8
5579,New-90ba5a4,1-0,1.0,2119,1515,1945,10.8
5580,Base-8d0ff77,0-1,1.0,2120,1515,1945,10.9
5583,New-90ba5a4,0-1,0.0,2120,1515,1946,10.8
5581,New-90ba5a4,0-1,0.0,2120,1515,1947,10.8
5576,Base-8d0ff77,1/2-1/2,0.5,2120,1516,1947,10.8
5584,Base-8d0ff77,0-1,1.0,2121,1516,1947,10.8
5585,New-90ba5a4,0-1,0.0,2121,1516,1948,10.8
5590,Base-8d0ff77,1/2-1/2,0.5,2121,1517,1948,10.8
5587,New-90ba5a4,1-0,1.0,2122,1517,1948,10.8
5588,Base-8d0ff77,1-0,0.0,2122,1517,1949,10.8
5589,New-90ba5a4,0-1,0.0,2122,1517,1950,10.7
5586,Base-8d0ff77,1-0,0.0,2122,1517,1951,10.6
5596,Base-8d0ff77,1/2-1/2,0.5,2122,1518,1951,10.6
5592,Base-8d0ff77,0-1,1.0,2123,1518,1951,10.7
5593,New-90ba5a4,1-0,1.0,2124,1518,1951,10.8
5591,New-90ba5a4,1-0,1.0,2125,1518,1951,10.8
5595,New-90ba5a4,1-0,1.0,2126,1518,1951,10.9
5594,Base-8d0ff77,0-1,1.0,2127,1518,1951,10.9
5598,Base-8d0ff77,1-0,0.0,2127,1518,1952,10.9
5597,New-90ba5a4,1-0,1.0,2128,1518,1952,10.9
5600,Base-8d0ff77,1/2-1/2,0.5,2128,1519,1952,10.9
5599,New-90ba5a4,0-1,0.0,2128,1519,1953,10.9
5603,New-90ba5a4,0-1,0.0,2128,1519,1954,10.8
5601,New-90ba5a4,0-1,0.0,2128,1519,1955,10.7
5604,Base-8d0ff77,1-0,0.0,2128,1519,1956,10.7
5608,Base-8d0ff77,1-0,0.0,2128,1519,1957,10.6
5605,New-90ba5a4,1/2-1/2,0.5,2128,1520,1957,10.6
5602,Base-8d0ff77,0-1,1.0,2129,1520,1957,10.7
5607,New-90ba5a4,0-1,0.0,2129,1520,1958,10.6
5610,Base-8d0ff77,0-1,1.0,2130,1520,1958,10.7
5606,Base-8d0ff77,1-0,0.0,2130,1520,1959,10.6
5612,Base-8d0ff77,1/2-1/2,0.5,2130,1521,1959,10.6
5609,New-90ba5a4,1/2-1/2,0.5,2130,1522,1959,10.6
5613,New-90ba5a4,1/2-1/2,0.5,2130,1523,1959,10.6
5611,New-90ba5a4,0-1,0.0,2130,1523,1960,10.5
5614,Base-8d0ff77,1-0,0.0,2130,1523,1961,10.5
5615,New-90ba5a4,1-0,1.0,2131,1523,1961,10.5
5616,Base-8d0ff77,0-1,1.0,2132,1523,1961,10.6
5617,New-90ba5a4,0-1,0.0,2132,1523,1962,10.5
5618,Base-8d0ff77,1-0,0.0,2132,1523,1963,10.5
5619,New-90ba5a4,1-0,1.0,2133,1523,1963,10.5
5621,New-90ba5a4,1/2-1/2,0.5,2133,1524,1963,10.5
5622,Base-8d0ff77,1-0,0.0,2133,1524,1964,10.4
5623,New-90ba5a4,0-1,0.0,2133,1524,1965,10.4
5624,Base-8d0ff77,1/2-1/2,0.5,2133,1525,1965,10.4
5620,Base-8d0ff77,1/2-1/2,0.5,2133,1526,1965,10.4
5626,Base-8d0ff77,1/2-1/2,0.5,2133,1527,1965,10.4
5628,Base-8d0ff77,1-0,0.0,2133,1527,1966,10.3
5625,New-90ba5a4,1/2-1/2,0.5,2133,1528,1966,10.3
5627,New-90ba5a4,1/2-1/2,0.5,2133,1529,1966,10.3
5630,Base-8d0ff77,1-0,0.0,2133,1529,1967,10.2
5629,New-90ba5a4,0-1,0.0,2133,1529,1968,10.2
5632,Base-8d0ff77,1/2-1/2,0.5,2133,1530,1968,10.2
5631,New-90ba5a4,1/2-1/2,0.5,2133,1531,1968,10.2
5634,Base-8d0ff77,1/2-1/2,0.5,2133,1532,1968,10.2
5633,New-90ba5a4,0-1,0.0,2133,1532,1969,10.1
5635,New-90ba5a4,0-1,0.0,2133,1532,1970,10.1
5637,New-90ba5a4,1/2-1/2,0.5,2133,1533,1970,10.1
5636,Base-8d0ff77,1-0,0.0,2133,1533,1971,10.0
5638,Base-8d0ff77,1-0,0.0,2133,1533,1972,9.9
5641,New-90ba5a4,1/2-1/2,0.5,2133,1534,1972,9.9
5639,New-90ba5a4,0-1,0.0,2133,1534,1973,9.9
5644,Base-8d0ff77,0-1,1.0,2134,1534,1973,9.9
5640,Base-8d0ff77,0-1,1.0,2135,1534,1973,10.0
5643,New-90ba5a4,0-1,0.0,2135,1534,1974,9.9
5642,Base-8d0ff77,1-0,0.0,2135,1534,1975,9.9
5645,New-90ba5a4,1-0,1.0,2136,1534,1975,9.9
5646,Base-8d0ff77,1-0,0.0,2136,1534,1976,9.8
5650,Base-8d0ff77,0-1,1.0,2137,1534,1976,9.9
5647,New-90ba5a4,0-1,0.0,2137,1534,1977,9.8
5648,Base-8d0ff77,1-0,0.0,2137,1534,1978,9.8
5649,New-90ba5a4,1-0,1.0,2138,1534,1978,9.8
5652,Base-8d0ff77,1-0,0.0,2138,1534,1979,9.8
5654,Base-8d0ff77,0-1,1.0,2139,1534,1979,9.8
5651,New-90ba5a4,1-0,1.0,2140,1534,1979,9.9
5653,New-90ba5a4,1-0,1.0,2141,1534,1979,10.0
5656,Base-8d0ff77,0-1,1.0,2142,1534,1979,10.0
5657,New-90ba5a4,0-1,0.0,2142,1534,1980,10.0
5658,Base-8d0ff77,0-1,1.0,2143,1534,1980,10.0
5655,New-90ba5a4,1-0,1.0,2144,1534,1980,10.1
5659,New-90ba5a4,1-0,1.0,2145,1534,1980,10.1
5661,New-90ba5a4,1/2-1/2,0.5,2145,1535,1980,10.1
5664,Base-8d0ff77,0-1,1.0,2146,1535,1980,10.2
5663,New-90ba5a4,1-0,1.0,2147,1535,1980,10.3
5660,Base-8d0ff77,0-1,1.0,2148,1535,1980,10.3
5662,Base-8d0ff77,0-1,1.0,2149,1535,1980,10.4
5666,Base-8d0ff77,0-1,1.0,2150,1535,1980,10.4
5665,New-90ba5a4,0-1,0.0,2150,1535,1981,10.4
5668,Base-8d0ff77,1-0,0.0,2150,1535,1982,10.3
5667,New-90ba5a4,1-0,1.0,2151,1535,1982,10.4
5669,New-90ba5a4,0-1,0.0,2151,1535,1983,10.3
5671,New-90ba5a4,1-0,1.0,2152,1535,1983,10.4
5670,Base-8d0ff77,1-0,0.0,2152,1535,1984,10.3
5672,Base-8d0ff77,0-1,1.0,2153,1535,1984,10.4
5674,Base-8d0ff77,1-0,0.0,2153,1535,1985,10.3
5673,New-90ba5a4,1-0,1.0,2154,1535,1985,10.4
5676,Base-8d0ff77,0-1,1.0,2155,1535,1985,10.4
5675,New-90ba5a4,1/2-1/2,0.5,2155,1536,1985,10.4
5679,New-90ba5a4,0-1,0.0,2155,1536,1986,10.3
5678,Base-8d0ff77,0-1,1.0,2156,1536,1986,10.4
5677,New-90ba5a4,1-0,1.0,2157,1536,1986,10.5
5680,Base-8d0ff77,0-1,1.0,2158,1536,1986,10.5
5684,Base-8d0ff77,0-1,1.0,2159,1536,1986,10.6
5681,New-90ba5a4,0-1,0.0,2159,1536,1987,10.5
5682,Base-8d0ff77,1-0,0.0,2159,1536,1988,10.5
5687,New-90ba5a4,1/2-1/2,0.5,2159,1537,1988,10.5
5686,Base-8d0ff77,0-1,1.0,2160,1537,1988,10.5
5683,New-90ba5a4,0-1,0.0,2160,1537,1989,10.5
5685,New-90ba5a4,1-0,1.0,2161,1537,1989,10.5
5688,Base-8d0ff77,0-1,1.0,2162,1537,1989,10.6
5689,New-90ba5a4,0-1,0.0,2162,1537,1990,10.5
5690,Base-8d0ff77,0-1,1.0,2163,1537,1990,10.6
5692,Base-8d0ff77,0-1,1.0,2164,1537,1990,10.6
5691,New-90ba5a4,1-0,1.0,2165,1537,1990,10.7
5693,New-90ba5a4,1/2-1/2,0.5,2165,1538,1990,10.7
5694,Base-8d0ff77,0-1,1.0,2166,1538,1990,10.7
5695,New-90ba5a4,0-1,0.0,2166,1538,1991,10.7
5696,Base-8d0ff77,1/2-1/2,0.5,2166,1539,1991,10.7
5698,Base-8d0ff77,1/2-1/2,0.5,2166,1540,1991,10.7
5697,New-90ba5a4,0-1,0.0,2166,1540,1992,10.6
5699,New-90ba5a4,0-1,0.0,2166,1540,1993,10.6
5701,New-90ba5a4,0-1,0.0,2166,1540,1994,10.5
5702,Base-8d0ff77,1-0,0.0,2166,1540,1995,10.4
5700,Base-8d0ff77,1-0,0.0,2166,1540,1996,10.4
5703,New-90ba5a4,1-0,1.0,2167,1540,1996,10.4
5704,Base-8d0ff77,0-1,1.0,2168,1540,1996,10.5
5708,Base-8d0ff77,1/2-1/2,0.5,2168,1541,1996,10.5
5705,New-90ba5a4,0-1,0.0,2168,1541,1997,10.4
5706,Base-8d0ff77,0-1,1.0,2169,1541,1997,10.5
5707,New-90ba5a4,0-1,0.0,2169,1541,1998,10.4
5709,New-90ba5a4,1-0,1.0,2170,1541,1998,10.5
5712,Base-8d0ff77,1-0,0.0,2170,1541,1999,10.4
5710,Base-8d0ff77,1/2-1/2,0.5,2170,1542,1999,10.4
5711,New-90ba5a4,0-1,0.0,2170,1542,2000,10.3
5713,New-90ba5a4,1-0,1.0,2171,1542,2000,10.4
5716,Base-8d0ff77,1-0,0.0,2171,1542,2001,10.3
5714,Base-8d0ff77,1/2-1/2,0.5,2171,1543,2001,10.3
5715,New-90ba5a4,1-0,1.0,2172,1543,2001,10.4
5717,New-90ba5a4,0-1,0.0,2172,1543,2002,10.3
5719,New-90ba5a4,1/2-1/2,0.5,2172,1544,2002,10.3
5718,Base-8d0ff77,1/2-1/2,0.5,2172,1545,2002,10.3
5722,Base-8d0ff77,1-0,0.0,2172,1545,2003,10.3
5720,Base-8d0ff77,1-0,0.0,2172,1545,2004,10.2
5721,New-90ba5a4,0-1,0.0,2172,1545,2005,10.1
5723,New-90ba5a4,1/2-1/2,0.5,2172,1546,2005,10.1
5730,Base-8d0ff77,1/2-1/2,0.5,2172,1547,2005,10.1
5725,New-90ba5a4,1-0,1.0,2173,1547,2005,10.2
5728,Base-8d0ff77,1/2-1/2,0.5,2173,1548,2005,10.2
5724,Base-8d0ff77,1/2-1/2,0.5,2173,1549,2005,10.2
5729,New-90ba5a4,1/2-1/2,0.5,2173,1550,2005,10.2
5726,Base-8d0ff77,0-1,1.0,2174,1550,2005,10.3
5727,New-90ba5a4,1-0,1.0,2175,1550,2005,10.3
5731,New-90ba5a4,0-1,0.0,2175,1550,2006,10.2
5733,New-90ba5a4,1-0,1.0,2176,1550,2006,10.3
5732,Base-8d0ff77,1/2-1/2,0.5,2176,1551,2006,10.3
5734,Base-8d0ff77,1/2-1/2,0.5,2176,1552,2006,10.3
5737,New-90ba5a4,1/2-1/2,0.5,2176,1553,2006,10.3
5735,New-90ba5a4,1-0,1.0,2177,1553,2006,10.4
5736,Base-8d0ff77,1-0,0.0,2177,1553,2007,10.3
5739,New-90ba5a4,1-0,1.0,2178,1553,2007,10.4
5740,Base-8d0ff77,1/2-1/2,0.5,2178,1554,2007,10.4
5738,Base-8d0ff77,0-1,1.0,2179,1554,2007,10.4
5741,New-90ba5a4,1/2-1/2,0.5,2179,1555,2007,10.4
5746,Base-8d0ff77,0-1,1.0,2180,1555,2007,10.5
5742,Base-8d0ff77,1-0,0.0,2180,1555,2008,10.4
5743,New-90ba5a4,0-1,0.0,2180,1555,2009,10.3
5745,New-90ba5a4,0-1,0.0,2180,1555,2010,10.3
5744,Base-8d0ff77,1-0,0.0,2180,1555,2011,10.2
5748,Base-8d0ff77,0-1,1.0,2181,1555,2011,10.3
5747,New-90ba5a4,1-0,1.0,2182,1555,2011,10.3
5752,Base-8d0ff77,1/2-1/2,0.5,2182,1556,2011,10.3
5750,Base-8d0ff77,0-1,1.0,2183,1556,2011,10.4
5751,New-90ba5a4,0-1,0.0,2183,1556,2012,10.3
5749,New-90ba5a4,0-1,0.0,2183,1556,2013,10.3
5753,New-90ba5a4,0-1,0.0,2183,1556,2014,10.2
5755,New-90ba5a4,1/2-1/2,0.5,2183,1557,2014,10.2
5754,Base-8d0ff77,0-1,1.0,2184,1557,2014,10.3
5756,Base-8d0ff77,0-1,1.0,2185,1557,2014,10.3
5757,New-90ba5a4,1-0,1.0,2186,1557,2014,10.4
5762,Base-8d0ff77,0-1,1.0,2187,1557,2014,10.4
5758,Base-8d0ff77,1-0,0.0,2187,1557,2015,10.4
5760,Base-8d0ff77,0-1,1.0,2188,1557,2015,10.4
5761,New-90ba5a4,1-0,1.0,2189,1557,2015,10.5
5764,Base-8d0ff77,1-0,0.0,2189,1557,2016,10.4
5763,New-90ba5a4,0-1,0.0,2189,1557,2017,10.4
5759,New-90ba5a4,1/2-1/2,0.5,2189,1558,2017,10.4
5766,Base-8d0ff77,1-0,0.0,2189,1558,2018,10.3
5765,New-90ba5a4,0-1,0.0,2189,1558,2019,10.2
5770,Base-8d0ff77,1/2-1/2,0.5,2189,1559,2019,10.2
5768,Base-8d0ff77,1/2-1/2,0.5,2189,1560,2019,10.2
5767,New-90ba5a4,0-1,0.0,2189,1560,2020,10.2
5769,New-90ba5a4,1-0,1.0,2190,1560,2020,10.2
5771,New-90ba5a4,1-0,1.0,2191,1560,2020,10.3
5775,New-90ba5a4,1/2-1/2,0.5,2191,1561,2020,10.3
5772,Base-8d0ff77,1-0,0.0,2191,1561,2021,10.2
5773,New-90ba5a4,1-0,1.0,2192,1561,2021,10.3
5774,Base-8d0ff77,1/2-1/2,0.5,2192,1562,2021,10.3
5776,Base-8d0ff77,0-1,1.0,2193,1562,2021,10.3
5780,Base-8d0ff77,1/2-1/2,0.5,2193,1563,2021,10.3
5777,New-90ba5a4,1/2-1/2,0.5,2193,1564,2021,10.3
5779,New-90ba5a4,0-1,0.0,2193,1564,2022,10.3
5778,Base-8d0ff77,0-1,1.0,2194,1564,2022,10.3
5781,New-90ba5a4,1/2-1/2,0.5,2194,1565,2022,10.3
5783,New-90ba5a4,1-0,1.0,2195,1565,2022,10.4
5782,Base-8d0ff77,1-0,0.0,2195,1565,2023,10.3
5785,New-90ba5a4,1-0,1.0,2196,1565,2023,10.4
5784,Base-8d0ff77,1-0,0.0,2196,1565,2024,10.3
5787,New-90ba5a4,0-1,0.0,2196,1565,2025,10.3
5790,Base-8d0ff77,1/2-1/2,0.5,2196,1566,2025,10.3
5788,Base-8d0ff77,0-1,1.0,2197,1566,2025,10.3
5786,Base-8d0ff77,1-0,0.0,2197,1566,2026,10.3
5789,New-90ba5a4,1-0,1.0,2198,1566,2026,10.3
5791,New-90ba5a4,0-1,0.0,2198,1566,2027,10.3
5793,New-90ba5a4,1-0,1.0,2199,1566,2027,10.3
5792,Base-8d0ff77,0-1,1.0,2200,1566,2027,10.4
5794,Base-8d0ff77,0-1,1.0,2201,1566,2027,10.4
5797,New-90ba5a4,1-0,1.0,2202,1566,2027,10.5
5796,Base-8d0ff77,0-1,1.0,2203,1566,2027,10.6
5795,New-90ba5a4,0-1,0.0,2203,1566,2028,10.5
5798,Base-8d0ff77,1-0,0.0,2203,1566,2029,10.4
5799,New-90ba5a4,0-1,0.0,2203,1566,2030,10.4
5800,Base-8d0ff77,1/2-1/2,0.5,2203,1567,2030,10.4
5801,New-90ba5a4,0-1,0.0,2203,1567,2031,10.3
5803,New-90ba5a4,1-0,1.0,2204,1567,2031,10.4
5802,Base-8d0ff77,0-1,1.0,2205,1567,2031,10.4
5806,Base-8d0ff77,1-0,0.0,2205,1567,2032,10.4
5805,New-90ba5a4,1/2-1/2,0.5,2205,1568,2032,10.4
5804,Base-8d0ff77,1-0,0.0,2205,1568,2033,10.3
5809,New-90ba5a4,1-0,1.0,2206,1568,2033,10.4
5807,New-90ba5a4,0-1,0.0,2206,1568,2034,10.3
5808,Base-8d0ff77,1-0,0.0,2206,1568,2035,10.2
5811,New-90ba5a4,1-0,1.0,2207,1568,2035,10.3
5812,Base-8d0ff77,0-1,1.0,2208,1568,2035,10.3
5814,Base-8d0ff77,1-0,0.0,2208,1568,2036,10.3
5810,Base-8d0ff77,1-0,0.0,2208,1568,2037,10.2
5813,New-90ba5a4,1-0,1.0,2209,1568,2037,10.3
5816,Base-8d0ff77,1-0,0.0,2209,1568,2038,10.2
5815,New-90ba5a4,1-0,1.0,2210,1568,2038,10.3
5817,New-90ba5a4,1-0,1.0,2211,1568,2038,10.3
5821,New-90ba5a4,1-0,1.0,2212,1568,2038,10.4
5820,Base-8d0ff77,1-0,0.0,2212,1568,2039,10.3
5822,Base-8d0ff77,1/2-1/2,0.5,2212,1569,2039,10.3
5819,New-90ba5a4,1-0,1.0,2213,1569,2039,10.4
5823,New-90ba5a4,1-0,1.0,2214,1569,2039,10.4
5824,Base-8d0ff77,0-1,1.0,2215,1569,2039,10.5
5818,Base-8d0ff77,1/2-1/2,0.5,2215,1570,2039,10.5
5825,New-90ba5a4,0-1,0.0,2215,1570,2040,10.4
5828,Base-8d0ff77,0-1,1.0,2216,1570,2040,10.5
5827,New-90ba5a4,0-1,0.0,2216,1570,2041,10.4
5829,New-90ba5a4,1-0,1.0,2217,1570,2041,10.5
5826,Base-8d0ff77,0-1,1.0,2218,1570,2041,10.6
5830,Base-8d0ff77,1/2-1/2,0.5,2218,1571,2041,10.6
5834,Base-8d0ff77,1/2-1/2,0.5,2218,1572,2041,10.5
5832,Base-8d0ff77,0-1,1.0,2219,1572,2041,10.6
5831,New-90ba5a4,1/2-1/2,0.5,2219,1573,2041,10.6
5837,New-90ba5a4,1/2-1/2,0.5,2219,1574,2041,10.6
5836,Base-8d0ff77,1-0,0.0,2219,1574,2042,10.5
5833,New-90ba5a4,1/2-1/2,0.5,2219,1575,2042,10.5
5838,Base-8d0ff77,0-1,1.0,2220,1575,2042,10.6
5843,New-90ba5a4,1-0,1.0,2221,1575,2042,10.7
5835,New-90ba5a4,1/2-1/2,0.5,2221,1576,2042,10.7
5840,Base-8d0ff77,1/2-1/2,0.5,2221,1577,2042,10.7
5841,New-90ba5a4,1-0,1.0,2222,1577,2042,10.7
5842,Base-8d0ff77,1-0,0.0,2222,1577,2043,10.6
5839,New-90ba5a4,1/2-1/2,0.5,2222,1578,2043,10.6
5845,New-90ba5a4,1/2-1/2,0.5,2222,1579,2043,10.6
5849,New-90ba5a4,0-1,0.0,2222,1579,2044,10.6
5844,Base-8d0ff77,1/2-1/2,0.5,2222,1580,2044,10.6
5847,New-90ba5a4,0-1,0.0,2222,1580,2045,10.5
5850,Base-8d0ff77,1-0,0.0,2222,1580,2046,10.5
5848,Base-8d0ff77,1-0,0.0,2222,1580,2047,10.4
5846,Base-8d0ff77,1-0,0.0,2222,1580,2048,10.3
5851,New-90ba5a4,1-0,1.0,2223,1580,2048,10.4
5852,Base-8d0ff77,0-1,1.0,2224,1580,2048,10.5
5853,New-90ba5a4,1/2-1/2,0.5,2224,1581,2048,10.5
5855,New-90ba5a4,1/2-1/2,0.5,2224,1582,2048,10.4
5854,Base-8d0ff77,0-1,1.0,2225,1582,2048,10.5
5858,Base-8d0ff77,1-0,0.0,2225,1582,2049,10.4
5856,Base-8d0ff77,1-0,0.0,2225,1582,2050,10.4
5860,Base-8d0ff77,1-0,0.0,2225,1582,2051,10.3
5857,New-90ba5a4,1-0,1.0,2226,1582,2051,10.4
5859,New-90ba5a4,1-0,1.0,2227,1582,2051,10.4
5861,New-90ba5a4,1-0,1.0,2228,1582,2051,10.5
5862,Base-8d0ff77,0-1,1.0,2229,1582,2051,10.6
5864,Base-8d0ff77,1-0,0.0,2229,1582,2052,10.5
5863,New-90ba5a4,1-0,1.0,2230,1582,2052,10.5
5865,New-90ba5a4,0-1,0.0,2230,1582,2053,10.5
5868,Base-8d0ff77,1-0,0.0,2230,1582,2054,10.4
5866,Base-8d0ff77,0-1,1.0,2231,1582,2054,10.5
5867,New-90ba5a4,1-0,1.0,2232,1582,2054,10.5
5869,New-90ba5a4,0-1,0.0,2232,1582,2055,10.5
5872,Base-8d0ff77,1/2-1/2,0.5,2232,1583,2055,10.5
5870,Base-8d0ff77,1/2-1/2,0.5,2232,1584,2055,10.5
5873,New-90ba5a4,1-0,1.0,2233,1584,2055,10.5
5871,New-90ba5a4,0-1,0.0,2233,1584,2056,10.5
5875,New-90ba5a4,1-0,1.0,2234,1584,2056,10.5
5874,Base-8d0ff77,1/2-1/2,0.5,2234,1585,2056,10.5
5876,Base-8d0ff77,1/2-1/2,0.5,2234,1586,2056,10.5
5879,New-90ba5a4,1/2-1/2,0.5,2234,1587,2056,10.5
5877,New-90ba5a4,1-0,1.0,2235,1587,2056,10.6
5878,Base-8d0ff77,0-1,1.0,2236,1587,2056,10.6
5882,Base-8d0ff77,1/2-1/2,0.5,2236,1588,2056,10.6
5880,Base-8d0ff77,1-0,0.0,2236,1588,2057,10.6
5884,Base-8d0ff77,1-0,0.0,2236,1588,2058,10.5
5883,New-90ba5a4,0-1,0.0,2236,1588,2059,10.5
5881,New-90ba5a4,0-1,0.0,2236,1588,2060,10.4
5885,New-90ba5a4,1/2-1/2,0.5,2236,1589,2060,10.4
5886,Base-8d0ff77,1-0,0.0,2236,1589,2061,10.3
5892,Base-8d0ff77,0-1,1.0,2237,1589,2061,10.4
5891,New-90ba5a4,0-1,0.0,2237,1589,2062,10.3
5887,New-90ba5a4,0-1,0.0,2237,1589,2063,10.3
5888,Base-8d0ff77,0-1,1.0,2238,1589,2063,10.3
5890,Base-8d0ff77,0-1,1.0,2239,1589,2063,10.4
5889,New-90ba5a4,0-1,0.0,2239,1589,2064,10.3
5894,Base-8d0ff77,1-0,0.0,2239,1589,2065,10.3
5900,Base-8d0ff77,1/2-1/2,0.5,2239,1590,2065,10.3
5899,New-90ba5a4,1-0,1.0,2240,1590,2065,10.3
5893,New-90ba5a4,0-1,0.0,2240,1590,2066,10.3
5896,Base-8d0ff77,1/2-1/2,0.5,2240,1591,2066,10.3
5897,New-90ba5a4,0-1,0.0,2240,1591,2067,10.2
5895,New-90ba5a4,1-0,1.0,2241,1591,2067,10.3
5902,Base-8d0ff77,1-0,0.0,2241,1591,2068,10.2
5898,Base-8d0ff77,0-1,1.0,2242,1591,2068,10.2
5901,New-90ba5a4,1-0,1.0,2243,1591,2068,10.3
5903,New-90ba5a4,1-0,1.0,2244,1591,2068,10.4
5904,Base-8d0ff77,1-0,0.0,2244,1591,2069,10.3
5906,Base-8d0ff77,0-1,1.0,2245,1591,2069,10.4
5907,New-90ba5a4,1-0,1.0,2246,1591,2069,10.4
5905,New-90ba5a4,1/2-1/2,0.5,2246,1592,2069,10.4
5908,Base-8d0ff77,0-1,1.0,2247,1592,2069,10.5
5909,New-90ba5a4,0-1,0.0,2247,1592,2070,10.4
5910,Base-8d0ff77,1-0,0.0,2247,1592,2071,10.3
5911,New-90ba5a4,1-0,1.0,2248,1592,2071,10.4
5916,Base-8d0ff77,1/2-1/2,0.5,2248,1593,2071,10.4
5915,New-90ba5a4,1/2-1/2,0.5,2248,1594,2071,10.4
5913,New-90ba5a4,0-1,0.0,2248,1594,2072,10.3
5912,Base-8d0ff77,0-1,1.0,2249,1594,2072,10.4
5914,Base-8d0ff77,0-1,1.0,2250,1594,2072,10.5
5917,New-90ba5a4,1-0,1.0,2251,1594,2072,10.5
5918,Base-8d0ff77,1/2-1/2,0.5,2251,1595,2072,10.5
5922,Base-8d0ff77,1-0,0.0,2251,1595,2073,10.5
5923,New-90ba5a4,0-1,0.0,2251,1595,2074,10.4
5921,New-90ba5a4,1-0,1.0,2252,1595,2074,10.4
5920,Base-8d0ff77,1/2-1/2,0.5,2252,1596,2074,10.4
5924,Base-8d0ff77,0-1,1.0,2253,1596,2074,10.5
5926,Base-8d0ff77,1/2-1/2,0.5,2253,1597,2074,10.5
5919,New-90ba5a4,1/2-1/2,0.5,2253,1598,2074,10.5
5925,New-90ba5a4,1-0,1.0,2254,1598,2074,10.6
5932,Base-8d0ff77,1/2-1/2,0.5,2254,1599,2074,10.6
5930,Base-8d0ff77,1-0,0.0,2254,1599,2075,10.5
5927,New-90ba5a4,1-0,1.0,2255,1599,2075,10.6
5929,New-90ba5a4,1-0,1.0,2256,1599,2075,10.6
5928,Base-8d0ff77,0-1,1.0,2257,1599,2075,10.7
5931,New-90ba5a4,1-0,1.0,2258,1599,2075,10.7
5933,New-90ba5a4,0-1,0.0,2258,1599,2076,10.7
5934,Base-8d0ff77,0-1,1.0,2259,1599,2076,10.7
5937,New-90ba5a4,0-1,0.0,2259,1599,2077,10.7
5935,New-90ba5a4,1-0,1.0,2260,1599,2077,10.7
5939,New-90ba5a4,0-1,0.0,2260,1599,2078,10.7
5938,Base-8d0ff77,1-0,0.0,2260,1599,2079,10.6
5940,Base-8d0ff77,1/2-1/2,0.5,2260,1600,2079,10.6
5936,Base-8d0ff77,1/2-1/2,0.5,2260,1601,2079,10.6
5942,Base-8d0ff77,0-1,1.0,2261,1601,2079,10.6
5941,New-90ba5a4,1-0,1.0,2262,1601,2079,10.7
5945,New-90ba5a4,1/2-1/2,0.5,2262,1602,2079,10.7
5944,Base-8d0ff77,1-0,0.0,2262,1602,2080,10.6
5943,New-90ba5a4,1/2-1/2,0.5,2262,1603,2080,10.6
5948,Base-8d0ff77,1/2-1/2,0.5,2262,1604,2080,10.6
5947,New-90ba5a4,1/2-1/2,0.5,2262,1605,2080,10.6
5954,Base-8d0ff77,1/2-1/2,0.5,2262,1606,2080,10.6
5946,Base-8d0ff77,1/2-1/2,0.5,2262,1607,2080,10.6
5949,New-90ba5a4,0-1,0.0,2262,1607,2081,10.6
5950,Base-8d0ff77,1/2-1/2,0.5,2262,1608,2081,10.6
5952,Base-8d0ff77,0-1,1.0,2263,1608,2081,10.6
5953,New-90ba5a4,1/2-1/2,0.5,2263,1609,2081,10.6
5955,New-90ba5a4,1-0,1.0,2264,1609,2081,10.7
5951,New-90ba5a4,1/2-1/2,0.5,2264,1610,2081,10.7
5957,New-90ba5a4,1-0,1.0,2265,1610,2081,10.7
5956,Base-8d0ff77,0-1,1.0,2266,1610,2081,10.8
5958,Base-8d0ff77,1-0,0.0,2266,1610,2082,10.7
5961,New-90ba5a4,0-1,0.0,2266,1610,2083,10.7
5960,Base-8d0ff77,1/2-1/2,0.5,2266,1611,2083,10.7
5959,New-90ba5a4,1-0,1.0,2267,1611,2083,10.7
5963,New-90ba5a4,0-1,0.0,2267,1611,2084,10.7
5962,Base-8d0ff77,0-1,1.0,2268,1611,2084,10.7
5965,New-90ba5a4,1-0,1.0,2269,1611,2084,10.8
5966,Base-8d0ff77,1/2-1/2,0.5,2269,1612,2084,10.8
5964,Base-8d0ff77,1/2-1/2,0.5,2269,1613,2084,10.8
5967,New-90ba5a4,0-1,0.0,2269,1613,2085,10.7
5969,New-90ba5a4,1-0,1.0,2270,1613,2085,10.8
5968,Base-8d0ff77,1-0,0.0,2270,1613,2086,10.7
5970,Base-8d0ff77,0-1,1.0,2271,1613,2086,10.8
5973,New-90ba5a4,1-0,1.0,2272,1613,2086,10.8
5971,New-90ba5a4,0-1,0.0,2272,1613,2087,10.8
5972,Base-8d0ff77,0-1,1.0,2273,1613,2087,10.8
5974,Base-8d0ff77,0-1,1.0,2274,1613,2087,10.9
5975,New-90ba5a4,1/2-1/2,0.5,2274,1614,2087,10.9
5976,Base-8d0ff77,1-0,0.0,2274,1614,2088,10.8
5983,New-90ba5a4,1/2-1/2,0.5,2274,1615,2088,10.8
5977,New-90ba5a4,1/2-1/2,0.5,2274,1616,2088,10.8
5978,Base-8d0ff77,1-0,0.0,2274,1616,2089,10.8
5979,New-90ba5a4,1-0,1.0,2275,1616,2089,10.8
5981,New-90ba5a4,1-0,1.0,2276,1616,2089,10.9
5980,Base-8d0ff77,0-1,1.0,2277,1616,2089,10.9
5982,Base-8d0ff77,0-1,1.0,2278,1616,2089,11.0
5984,Base-8d0ff77,1-0,0.0,2278,1616,2090,10.9
5986,Base-8d0ff77,1-0,0.0,2278,1616,2091,10.9
5987,New-90ba5a4,1-0,1.0,2279,1616,2091,10.9
5989,New-90ba5a4,1-0,1.0,2280,1616,2091,11.0
5985,New-90ba5a4,0-1,0.0,2280,1616,2092,10.9
5988,Base-8d0ff77,1-0,0.0,2280,1616,2093,10.9
5990,Base-8d0ff77,1/2-1/2,0.5,2280,1617,2093,10.9
5991,New-90ba5a4,0-1,0.0,2280,1617,2094,10.8
5994,Base-8d0ff77,1/2-1/2,0.5,2280,1618,2094,10.8
5992,Base-8d0ff77,1/2-1/2,0.5,2280,1619,2094,10.8
5995,New-90ba5a4,1-0,1.0,2281,1619,2094,10.8
5996,Base-8d0ff77,1-0,0.0,2281,1619,2095,10.8
5997,New-90ba5a4,0-1,0.0,2281,1619,2096,10.7
5999,New-90ba5a4,1/2-1/2,0.5,2281,1620,2096,10.7
5998,Base-8d0ff77,1-0,0.0,2281,1620,2097,10.7
5993,New-90ba5a4,1/2-1/2,0.5,2281,1621,2097,10.7
6000,Base-8d0ff77,0-1,1.0,2282,1621,2097,10.7
6001,New-90ba5a4,0-1,0.0,2282,1621,2098,10.7
6002,Base-8d0ff77,0-1,1.0,2283,1621,2098,10.7
6005,New-90ba5a4,0-1,0.0,2283,1621,2099,10.7
6004,Base-8d0ff77,1-0,0.0,2283,1621,2100,10.6
6003,New-90ba5a4,0-1,0.0,2283,1621,2101,10.5
6007,New-90ba5a4,1-0,1.0,2284,1621,2101,10.6
6006,Base-8d0ff77,0-1,1.0,2285,1621,2101,10.6
6009,New-90ba5a4,1-0,1.0,2286,1621,2101,10.7
6008,Base-8d0ff77,1/2-1/2,0.5,2286,1622,2101,10.7
6015,New-90ba5a4,1/2-1/2,0.5,2286,1623,2101,10.7
6013,New-90ba5a4,1-0,1.0,2287,1623,2101,10.8
6011,New-90ba5a4,0-1,0.0,2287,1623,2102,10.7
6014,Base-8d0ff77,1/2-1/2,0.5,2287,1624,2102,10.7
6012,Base-8d0ff77,0-1,1.0,2288,1624,2102,10.7
6010,Base-8d0ff77,1/2-1/2,0.5,2288,1625,2102,10.7
6016,Base-8d0ff77,0-1,1.0,2289,1625,2102,10.8
6023,New-90ba5a4,1/2-1/2,0.5,2289,1626,2102,10.8
6021,New-90ba5a4,0-1,0.0,2289,1626,2103,10.7
6019,New-90ba5a4,1/2-1/2,0.5,2289,1627,2103,10.7
6017,New-90ba5a4,0-1,0.0,2289,1627,2104,10.7
6018,Base-8d0ff77,0-1,1.0,2290,1627,2104,10.7
6020,Base-8d0ff77,1-0,0.0,2290,1627,2105,10.7
6022,Base-8d0ff77,1/2-1/2,0.5,2290,1628,2105,10.7
6029,New-90ba5a4,1/2-1/2,0.5,2290,1629,2105,10.7
6026,Base-8d0ff77,1-0,0.0,2290,1629,2106,10.6
6030,Base-8d0ff77,1/2-1/2,0.5,2290,1630,2106,10.6
6027,New-90ba5a4,0-1,0.0,2290,1630,2107,10.6
6024,Base-8d0ff77,0-1,1.0,2291,1630,2107,10.6
6025,New-90ba5a4,1-0,1.0,2292,1630,2107,10.7
6028,Base-8d0ff77,1-0,0.0,2292,1630,2108,10.6
6031,New-90ba5a4,0-1,0.0,2292,1630,2109,10.5
6032,Base-8d0ff77,0-1,1.0,2293,1630,2109,10.6
6033,New-90ba5a4,1-0,1.0,2294,1630,2109,10.7
6036,Base-8d0ff77,1-0,0.0,2294,1630,2110,10.6
6034,Base-8d0ff77,1-0,0.0,2294,1630,2111,10.5
6035,New-90ba5a4,1-0,1.0,2295,1630,2111,10.6
6037,New-90ba5a4,1/2-1/2,0.5,2295,1631,2111,10.6
6038,Base-8d0ff77,0-1,1.0,2296,1631,2111,10.6
6043,New-90ba5a4,0-1,0.0,2296,1631,2112,10.6
6040,Base-8d0ff77,1/2-1/2,0.5,2296,1632,2112,10.6
6039,New-90ba5a4,1-0,1.0,2297,1632,2112,10.6
6041,New-90ba5a4,0-1,0.0,2297,1632,2113,10.6
6044,Base-8d0ff77,1-0,0.0,2297,1632,2114,10.5
6042,Base-8d0ff77,0-1,1.0,2298,1632,2114,10.6
6045,New-90ba5a4,1-0,1.0,2299,1632,2114,10.6
6047,New-90ba5a4,0-1,0.0,2299,1632,2115,10.6
6046,Base-8d0ff77,0-1,1.0,2300,1632,2115,10.6
6048,Base-8d0ff77,0-1,1.0,2301,1632,2115,10.7
6049,New-90ba5a4,1/2-1/2,0.5,2301,1633,2115,10.7
6050,Base-8d0ff77,0-1,1.0,2302,1633,2115,10.7
6051,New-90ba5a4,1-0,1.0,2303,1633,2115,10.8
6052,Base-8d0ff77,1/2-1/2,0.5,2303,1634,2115,10.8
6054,Base-8d0ff77,1-0,0.0,2303,1634,2116,10.7
6053,New-90ba5a4,0-1,0.0,2303,1634,2117,10.7
6056,Base-8d0ff77,1-0,0.0,2303,1634,2118,10.6
6055,New-90ba5a4,0-1,0.0,2303,1634,2119,10.6
6057,New-90ba5a4,0-1,0.0,2303,1634,2120,10.5
6063,New-90ba5a4,0-1,0.0,2303,1634,2121,10.4
6058,Base-8d0ff77,0-1,1.0,2304,1634,2121,10.5
6059,New-90ba5a4,1-0,1.0,2305,1634,2121,10.6
6060,Base-8d0ff77,1/2-1/2,0.5,2305,1635,2121,10.6
6061,New-90ba5a4,0-1,0.0,2305,1635,2122,10.5
6064,Base-8d0ff77,0-1,1.0,2306,1635,2122,10.5
6062,Base-8d0ff77,1-0,0.0,2306,1635,2123,10.5
6065,New-90ba5a4,1-0,1.0,2307,1635,2123,10.5
6067,New-90ba5a4,1-0,1.0,2308,1635,2123,10.6
6066,Base-8d0ff77,0-1,1.0,2309,1635,2123,10.7
6069,New-90ba5a4,1/2-1/2,0.5,2309,1636,2123,10.7
6068,Base-8d0ff77,1-0,0.0,2309,1636,2124,10.6
6072,Base-8d0ff77,0-1,1.0,2310,1636,2124,10.6
6070,Base-8d0ff77,0-1,1.0,2311,1636,2124,10.7
6071,New-90ba5a4,1/2-1/2,0.5,2311,1637,2124,10.7
6073,New-90ba5a4,1-0,1.0,2312,1637,2124,10.8
6074,Base-8d0ff77,0-1,1.0,2313,1637,2124,10.8
6075,New-90ba5a4,1/2-1/2,0.5,2313,1638,2124,10.8
6078,Base-8d0ff77,1/2-1/2,0.5,2313,1639,2124,10.8
6076,Base-8d0ff77,0-1,1.0,2314,1639,2124,10.9
6077,New-90ba5a4,1-0,1.0,2315,1639,2124,10.9
6080,Base-8d0ff77,1-0,0.0,2315,1639,2125,10.9
6079,New-90ba5a4,1-0,1.0,2316,1639,2125,10.9
6081,New-90ba5a4,0-1,0.0,2316,1639,2126,10.9
6087,New-90ba5a4,1/2-1/2,0.5,2316,1640,2126,10.9
6082,Base-8d0ff77,1/2-1/2,0.5,2316,1641,2126,10.9
6086,Base-8d0ff77,1/2-1/2,0.5,2316,1642,2126,10.9
6083,New-90ba5a4,1/2-1/2,0.5,2316,1643,2126,10.9
6084,Base-8d0ff77,0-1,1.0,2317,1643,2126,10.9
6089,New-90ba5a4,1/2-1/2,0.5,2317,1644,2126,10.9
6085,New-90ba5a4,1-0,1.0,2318,1644,2126,11.0
6088,Base-8d0ff77,1-0,0.0,2318,1644,2127,10.9
6091,New-90ba5a4,1/2-1/2,0.5,2318,1645,2127,10.9
6090,Base-8d0ff77,1-0,0.0,2318,1645,2128,10.8
6092,Base-8d0ff77,1-0,0.0,2318,1645,2129,10.8
6093,New-90ba5a4,0-1,0.0,2318,1645,2130,10.7
6094,Base-8d0ff77,0-1,1.0,2319,1645,2130,10.8
6096,Base-8d0ff77,0-1,1.0,2320,1645,2130,10.8
6095,New-90ba5a4,0-1,0.0,2320,1645,2131,10.8
6097,New-90ba5a4,0-1,0.0,2320,1645,2132,10.7
6098,Base-8d0ff77,0-1,1.0,2321,1645,2132,10.8
6099,New-90ba5a4,1-0,1.0,2322,1645,2132,10.8
6101,New-90ba5a4,1/2-1/2,0.5,2322,1646,2132,10.8
6100,Base-8d0ff77,0-1,1.0,2323,1646,2132,10.9
6105,New-90ba5a4,1-0,1.0,2324,1646,2132,10.9
6102,Base-8d0ff77,0-1,1.0,2325,1646,2132,11.0
6104,Base-8d0ff77,1-0,0.0,2325,1646,2133,10.9
6103,New-90ba5a4,1/2-1/2,0.5,2325,1647,2133,10.9
6107,New-90ba5a4,0-1,0.0,2325,1647,2134,10.9
6110,Base-8d0ff77,1/2-1/2,0.5,2325,1648,2134,10.9
6109,New-90ba5a4,1/2-1/2,0.5,2325,1649,2134,10.9
6111,New-90ba5a4,0-1,0.0,2325,1649,2135,10.8
6108,Base-8d0ff77,0-1,1.0,2326,1649,2135,10.9
6106,Base-8d0ff77,1/2-1/2,0.5,2326,1650,2135,10.9
6112,Base-8d0ff77,0-1,1.0,2327,1650,2135,10.9
6113,New-90ba5a4,0-1,0.0,2327,1650,2136,10.9
6121,New-90ba5a4,1/2-1/2,0.5,2327,1651,2136,10.9
6114,Base-8d0ff77,0-1,1.0,2328,1651,2136,10.9
6115,New-90ba5a4,1/2-1/2,0.5,2328,1652,2136,10.9
6116,Base-8d0ff77,1-0,0.0,2328,1652,2137,10.9
6117,New-90ba5a4,1-0,1.0,2329,1652,2137,10.9
6119,New-90ba5a4,0-1,0.0,2329,1652,2138,10.8
6118,Base-8d0ff77,1/2-1/2,0.5,2329,1653,2138,10.8
6120,Base-8d0ff77,0-1,1.0,2330,1653,2138,10.9
6123,New-90ba5a4,1-0,1.0,2331,1653,2138,11.0
6122,Base-8d0ff77,0-1,1.0,2332,1653,2138,11.0
6129,New-90ba5a4,*,0.5,2332,1654,2138,11.0
6126,Base-8d0ff77,*,0.5,2332,1655,2138,11.0
6130,Base-8d0ff77,*,0.5,2332,1656,2138,11.0
6124,Base-8d0ff77,*,0.5,2332,1657,2138,11.0
6127,New-90ba5a4,*,0.5,2332,1658,2138,11.0
6125,New-90ba5a4,*,0.5,2332,1659,2138,11.0
6128,Base-8d0ff77,*,0.5,2332,1660,2138,11.0
